name,time,dev_eui,rssi,snr,f_cnt
device_uplink,1787608803000000000,70b3d57ed00778cc,-33,12.8,1816
device_uplink,1787608819000000000,70b3d57ed00778cc,-32,12.8,1817
device_uplink,1787608837000000000,70b3d57ed00778cc,-34,12.5,1818
device_uplink,1787608853000000000,70b3d57ed00778cc,-31,12,1819
device_uplink,1787608869000000000,70b3d57ed00778cc,-31,11,1820
device_uplink,1787608885000000000,70b3d57ed00778cc,-33,12.2,1821
device_uplink,1787608901000000000,70b3d57ed00778cc,-31,12.2,1822
device_uplink,1787608917000000000,70b3d57ed00778cc,-32,12.8,1823
device_uplink,1787608933000000000,70b3d57ed00778cc,-31,12.8,1824
device_uplink,1787608949000000000,70b3d57ed00778cc,-32,13.2,1825
device_uplink,1787608967000000000,70b3d57ed00778cc,-32,12.5,1826
device_uplink,1787608983000000000,70b3d57ed00778cc,-31,12.8,1827
device_uplink,1787608999000000000,70b3d57ed00778cc,-31,9,1828
device_uplink,1787609015000000000,70b3d57ed00778cc,-34,13,1829
device_uplink,1787609031000000000,70b3d57ed00778cc,-32,12.5,1830
device_uplink,1787609047000000000,70b3d57ed00778cc,-30,11.8,1831
device_uplink,1787609063000000000,70b3d57ed00778cc,-31,11.5,1832
device_uplink,1787609079000000000,70b3d57ed00778cc,-31,13,1833
device_uplink,1787609097000000000,70b3d57ed00778cc,-31,13,1834
device_uplink,1787609113000000000,70b3d57ed00778cc,-33,12,1835
device_uplink,1787609129000000000,70b3d57ed00778cc,-31,12.2,1836
device_uplink,1787609145000000000,70b3d57ed00778cc,-31,10,1837
device_uplink,1787609161000000000,70b3d57ed00778cc,-32,13,1838
device_uplink,1787609177000000000,70b3d57ed00778cc,-33,12.5,1839
device_uplink,1787609193000000000,70b3d57ed00778cc,-34,12.5,1840
device_uplink,1787609209000000000,70b3d57ed00778cc,-32,12.8,1841
device_uplink,1787609227000000000,70b3d57ed00778cc,-31,9.5,1842
device_uplink,1787609243000000000,70b3d57ed00778cc,-31,12.2,1843
device_uplink,1787609259000000000,70b3d57ed00778cc,-32,12.2,1844
device_uplink,1787609275000000000,70b3d57ed00778cc,-34,12.5,1845
device_uplink,1787609291000000000,70b3d57ed00778cc,-31,12.8,1846
device_uplink,1787609307000000000,70b3d57ed00778cc,-33,12.2,1847
device_uplink,1787609323000000000,70b3d57ed00778cc,-31,12.2,1848
device_uplink,1787609339000000000,70b3d57ed00778cc,-31,11.8,1849
device_uplink,1787609357000000000,70b3d57ed00778cc,-34,10,1850
device_uplink,1787609373000000000,70b3d57ed00778cc,-31,9.8,1851
device_uplink,1787609389000000000,70b3d57ed00778cc,-33,12.5,1852
device_uplink,1787609405000000000,70b3d57ed00778cc,-31,13.2,1853
device_uplink,1787609421000000000,70b3d57ed00778cc,-31,12.5,1854
device_uplink,1787609437000000000,70b3d57ed00778cc,-34,12.8,1855
device_uplink,1787609453000000000,70b3d57ed00778cc,-32,13.2,1856
device_uplink,1787609471000000000,70b3d57ed00778cc,-32,13.5,1857
device_uplink,1787609487000000000,70b3d57ed00778cc,-34,12.5,1858
device_uplink,1787609503000000000,70b3d57ed00778cc,-31,10.5,1859
device_uplink,1787609519000000000,70b3d57ed00778cc,-31,13,1860
device_uplink,1787609535000000000,70b3d57ed00778cc,-32,13.2,1861
device_uplink,1787609551000000000,70b3d57ed00778cc,-31,12.2,1862
device_uplink,1787609567000000000,70b3d57ed00778cc,-32,13,1863
device_uplink,1787609583000000000,70b3d57ed00778cc,-31,13.2,1864
device_uplink,1787609601000000000,70b3d57ed00778cc,-32,13,1865
device_uplink,1787609617000000000,70b3d57ed00778cc,-31,9,1866
device_uplink,1787609633000000000,70b3d57ed00778cc,-31,13,1867
device_uplink,1787609649000000000,70b3d57ed00778cc,-34,12.5,1868
device_uplink,1787609665000000000,70b3d57ed00778cc,-33,12.5,1869
device_uplink,1787609681000000000,70b3d57ed00778cc,-31,11.8,1870
device_uplink,1787609697000000000,70b3d57ed00778cc,-32,12.2,1871
device_uplink,1787609713000000000,70b3d57ed00778cc,-31,12,1872
device_uplink,1787609731000000000,70b3d57ed00778cc,-31,12.5,1873
device_uplink,1787609747000000000,70b3d57ed00778cc,-32,12.8,1874
device_uplink,1787609763000000000,70b3d57ed00778cc,-31,9.8,1875
device_uplink,1787609779000000000,70b3d57ed00778cc,-31,11.5,1876
device_uplink,1787609795000000000,70b3d57ed00778cc,-33,12.8,1877
device_uplink,1787609811000000000,70b3d57ed00778cc,-31,12.8,1878
device_uplink,1787609827000000000,70b3d57ed00778cc,-32,12.5,1879
device_uplink,1787609845000000000,70b3d57ed00778cc,-32,13,1880
device_uplink,1787609861000000000,70b3d57ed00778cc,-31,13,1881
device_uplink,1787609877000000000,70b3d57ed00778cc,-31,12.2,1882
device_uplink,1787609893000000000,70b3d57ed00778cc,-32,13,1883
device_uplink,1787609909000000000,70b3d57ed00778cc,-32,12.2,1884
device_uplink,1787609925000000000,70b3d57ed00778cc,-31,12.5,1885
device_uplink,1787609941000000000,70b3d57ed00778cc,-34,12.5,1886
device_uplink,1787609957000000000,70b3d57ed00778cc,-31,10.2,1887
device_uplink,1787609975000000000,70b3d57ed00778cc,-32,12.8,1888
device_uplink,1787609991000000000,70b3d57ed00778cc,-31,12,1889
device_uplink,1787610007000000000,70b3d57ed00778cc,-32,12.8,1890
device_uplink,1787610023000000000,70b3d57ed00778cc,-34,12.5,1891
device_uplink,1787610039000000000,70b3d57ed00778cc,-33,13.2,1892
device_uplink,1787610055000000000,70b3d57ed00778cc,-35,11.5,1893
device_uplink,1787610071000000000,70b3d57ed00778cc,-33,11.2,1894
device_uplink,1787610089000000000,70b3d57ed00778cc,-36,10.5,1895
device_uplink,1787610105000000000,70b3d57ed00778cc,-30,11.5,1896
device_uplink,1787610121000000000,70b3d57ed00778cc,-32,13.2,1897
device_uplink,1787610137000000000,70b3d57ed00778cc,-30,12.2,1898
device_uplink,1787610153000000000,70b3d57ed00778cc,-29,13.5,1899
device_uplink,1787610169000000000,70b3d57ed00778cc,-30,11,1900
device_uplink,1787610185000000000,70b3d57ed00778cc,-30,12.5,1901
device_uplink,1787610201000000000,70b3d57ed00778cc,-29,8.8,1902
device_uplink,1787610219000000000,70b3d57ed00778cc,-30,12.2,1903
device_uplink,1787610235000000000,70b3d57ed00778cc,-31,12.5,1904
device_uplink,1787610251000000000,70b3d57ed00778cc,-30,12.2,1905
device_uplink,1787610267000000000,70b3d57ed00778cc,-33,13,1906
device_uplink,1787610283000000000,70b3d57ed00778cc,-30,11.8,1907
device_uplink,1787610299000000000,70b3d57ed00778cc,-35,9.5,1908
device_uplink,1787610317000000000,70b3d57ed00778cc,-30,11.8,1909
device_uplink,1787610333000000000,70b3d57ed00778cc,-27,13.8,1910
device_uplink,1787610349000000000,70b3d57ed00778cc,-33,12.2,1911
device_uplink,1787610365000000000,70b3d57ed00778cc,-31,11.8,1912
device_uplink,1787610372000000000,70b3d57ed0077801,-25,13.5,0
device_uplink,1787610381000000000,70b3d57ed00778cc,-32,12.2,1913
device_uplink,1787610397000000000,70b3d57ed00778cc,-28,13.2,1914
device_uplink,1787610413000000000,70b3d57ed00778cc,-30,10.2,1915
device_uplink,1787610429000000000,70b3d57ed00778cc,-27,13.2,1916
device_uplink,1787610447000000000,70b3d57ed00778cc,-27,11.8,1917
device_uplink,1787610463000000000,70b3d57ed00778cc,-27,13.5,1918
device_uplink,1787610479000000000,70b3d57ed00778cc,-27,13.8,1919
device_uplink,1787610495000000000,70b3d57ed00778cc,-27,11.5,1920
device_uplink,1787610511000000000,70b3d57ed00778cc,-26,13.8,1921
device_uplink,1787610527000000000,70b3d57ed00778cc,-27,13.5,1922
device_uplink,1787610543000000000,70b3d57ed00778cc,-27,13.5,1923
device_uplink,1787610561000000000,70b3d57ed00778cc,-27,13.2,1924
device_uplink,1787610577000000000,70b3d57ed00778cc,-27,13.5,1925
device_uplink,1787610593000000000,70b3d57ed00778cc,-26,11.2,1926
device_uplink,1787610609000000000,70b3d57ed00778cc,-28,12.8,1927
device_uplink,1787610625000000000,70b3d57ed00778cc,-27,13.2,1928
device_uplink,1787610641000000000,70b3d57ed00778cc,-27,13.8,1929
device_uplink,1787610657000000000,70b3d57ed00778cc,-27,13.2,1930
device_uplink,1787610675000000000,70b3d57ed00778cc,-27,13.5,1931
device_uplink,1787610691000000000,70b3d57ed00778cc,-28,13.2,1932
device_uplink,1787610707000000000,70b3d57ed00778cc,-28,13.8,1933
device_uplink,1787610723000000000,70b3d57ed00778cc,-27,12.8,1934
device_uplink,1787610739000000000,70b3d57ed00778cc,-27,13.8,1935
device_uplink,1787610755000000000,70b3d57ed00778cc,-27,11,1936
device_uplink,1787610771000000000,70b3d57ed00778cc,-27,13.5,1937
device_uplink,1787610787000000000,70b3d57ed00778cc,-27,13.5,1938
device_uplink,1787610805000000000,70b3d57ed00778cc,-28,13.5,1939
device_uplink,1787610821000000000,70b3d57ed00778cc,-27,14,1940
device_uplink,1787610837000000000,70b3d57ed00778cc,-28,13.5,1941
device_uplink,1787610853000000000,70b3d57ed00778cc,-27,11.2,1942
device_uplink,1787610869000000000,70b3d57ed00778cc,-27,13,1943
device_uplink,1787610885000000000,70b3d57ed00778cc,-26,13.5,1944
device_uplink,1787610903000000000,70b3d57ed00778cc,-27,13,1945
device_uplink,1787610919000000000,70b3d57ed00778cc,-27,13.5,1946
device_uplink,1787610935000000000,70b3d57ed00778cc,-28,13.5,1947
device_uplink,1787610951000000000,70b3d57ed00778cc,-27,13.5,1948
device_uplink,1787610967000000000,70b3d57ed00778cc,-28,13.2,1949
device_uplink,1787610983000000000,70b3d57ed00778cc,-26,13.2,1950
device_uplink,1787610999000000000,70b3d57ed00778cc,-26,11.8,1951
device_uplink,1787611015000000000,70b3d57ed00778cc,-27,13.8,1952
device_uplink,1787611033000000000,70b3d57ed00778cc,-27,14,1953
device_uplink,1787611049000000000,70b3d57ed00778cc,-26,12.8,1954
device_uplink,1787611065000000000,70b3d57ed00778cc,-27,13.8,1955
device_uplink,1787611081000000000,70b3d57ed00778cc,-28,13.2,1956
device_uplink,1787611097000000000,70b3d57ed00778cc,-27,13.2,1957
device_uplink,1787611113000000000,70b3d57ed00778cc,-27,11.5,1958
device_uplink,1787611129000000000,70b3d57ed00778cc,-27,13.8,1959
device_uplink,1787611147000000000,70b3d57ed00778cc,-27,13.5,1960
device_uplink,1787611163000000000,70b3d57ed00778cc,-27,13.5,1961
device_uplink,1787611179000000000,70b3d57ed00778cc,-28,14,1962
device_uplink,1787611195000000000,70b3d57ed00778cc,-27,13.5,1963
device_uplink,1787611211000000000,70b3d57ed00778cc,-27,13.8,1964
device_uplink,1787611227000000000,70b3d57ed00778cc,-27,13.8,1965
device_uplink,1787611243000000000,70b3d57ed00778cc,-26,13.2,1966
device_uplink,1787611261000000000,70b3d57ed00778cc,-27,10.8,1967
device_uplink,1787611277000000000,70b3d57ed00778cc,-27,13.8,1968
device_uplink,1787611280000000000,70b3d57ed0077801,-24,13.5,1
device_uplink,1787611293000000000,70b3d57ed00778cc,-25,13.8,1969
device_uplink,1787611309000000000,70b3d57ed00778cc,-26,11.2,1970
device_uplink,1787611325000000000,70b3d57ed00778cc,-27,13.8,1971
device_uplink,1787611341000000000,70b3d57ed00778cc,-25,13.5,1972
device_uplink,1787611357000000000,70b3d57ed00778cc,-27,13.8,1973
device_uplink,1787611373000000000,70b3d57ed00778cc,-26,13.2,1974
device_uplink,1787611391000000000,70b3d57ed00778cc,-27,13.5,1975
device_uplink,1787611407000000000,70b3d57ed00778cc,-26,14,1976
device_uplink,1787611423000000000,70b3d57ed00778cc,-26,13.2,1977
device_uplink,1787611439000000000,70b3d57ed00778cc,-27,13.5,1978
device_uplink,1787611455000000000,70b3d57ed00778cc,-26,13.2,1979
device_uplink,1787611471000000000,70b3d57ed00778cc,-27,13.5,1980
device_uplink,1787611487000000000,70b3d57ed00778cc,-28,13.5,1981
device_uplink,1787611503000000000,70b3d57ed00778cc,-26,13.2,1982
device_uplink,1787611521000000000,70b3d57ed00778cc,-26,11.2,1983
device_uplink,1787611537000000000,70b3d57ed00778cc,-26,13.2,1984
device_uplink,1787611553000000000,70b3d57ed00778cc,-25,13.5,1985
device_uplink,1787611569000000000,70b3d57ed00778cc,-26,13.2,1986
device_uplink,1787611585000000000,70b3d57ed00778cc,-26,13.5,1987
device_uplink,1787611601000000000,70b3d57ed00778cc,-25,13.8,1988
device_uplink,1787611617000000000,70b3d57ed00778cc,-27,14,1989
device_uplink,1787611633000000000,70b3d57ed00778cc,-26,13.8,1990
device_uplink,1787611651000000000,70b3d57ed00778cc,-26,12.5,1991
device_uplink,1787611667000000000,70b3d57ed00778cc,-26,11.2,1992
device_uplink,1787611683000000000,70b3d57ed00778cc,-26,13.8,1993
device_uplink,1787611699000000000,70b3d57ed00778cc,-26,13.2,1994
device_uplink,1787611715000000000,70b3d57ed00778cc,-25,14,1995
device_uplink,1787611731000000000,70b3d57ed00778cc,-26,11.2,1996
device_uplink,1787611747000000000,70b3d57ed00778cc,-28,13.5,1997
device_uplink,1787611763000000000,70b3d57ed00778cc,-27,13.8,1998
device_uplink,1787611781000000000,70b3d57ed00778cc,-26,13.5,1999
device_uplink,1787611797000000000,70b3d57ed00778cc,-27,13.2,2000
device_uplink,1787611813000000000,70b3d57ed00778cc,-27,13.5,2001
device_uplink,1787611829000000000,70b3d57ed00778cc,-26,14,2002
device_uplink,1787611845000000000,70b3d57ed00778cc,-27,13.8,2003
device_uplink,1787611861000000000,70b3d57ed00778cc,-26,13.5,2004
device_uplink,1787611877000000000,70b3d57ed00778cc,-26,11.2,2005
device_uplink,1787611893000000000,70b3d57ed00778cc,-27,13.2,2006
device_uplink,1787611911000000000,70b3d57ed00778cc,-28,13.8,2007
device_uplink,1787611927000000000,70b3d57ed00778cc,-27,13,2008
device_uplink,1787611943000000000,70b3d57ed00778cc,-27,13.5,2009
device_uplink,1787611959000000000,70b3d57ed00778cc,-27,13.8,2010
device_uplink,1787611975000000000,70b3d57ed00778cc,-26,13.5,2011
device_uplink,1787611991000000000,70b3d57ed00778cc,-26,11.5,2012
device_uplink,1787612009000000000,70b3d57ed00778cc,-27,13.5,2013
device_uplink,1787612025000000000,70b3d57ed00778cc,-27,13.8,2014
device_uplink,1787612041000000000,70b3d57ed00778cc,-26,13.2,2015
device_uplink,1787612057000000000,70b3d57ed00778cc,-26,13.8,2016
device_uplink,1787612073000000000,70b3d57ed00778cc,-26,13.5,2017
device_uplink,1787612089000000000,70b3d57ed00778cc,-26,13.2,2018
device_uplink,1787612105000000000,70b3d57ed00778cc,-27,13.5,2019
device_uplink,1787612121000000000,70b3d57ed00778cc,-26,11.5,2020
device_uplink,1787612139000000000,70b3d57ed00778cc,-27,13.8,2021
device_uplink,1787612155000000000,70b3d57ed00778cc,-27,14,2022
device_uplink,1787612171000000000,70b3d57ed00778cc,-26,13.5,2023
device_uplink,1787612187000000000,70b3d57ed00778cc,-26,13,2024
device_uplink,1787612188000000000,70b3d57ed0077801,-23,13.8,2
device_uplink,1787612203000000000,70b3d57ed00778cc,-27,13.8,2025
device_uplink,1787612219000000000,70b3d57ed00778cc,-29,13.5,2026
device_uplink,1787612235000000000,70b3d57ed00778cc,-28,13.8,2027
device_uplink,1787612253000000000,70b3d57ed00778cc,-29,10.8,2028
device_uplink,1787612269000000000,70b3d57ed00778cc,-29,13.5,2029
device_uplink,1787612285000000000,70b3d57ed00778cc,-30,12.5,2030
device_uplink,1787612301000000000,70b3d57ed00778cc,-28,14,2031
device_uplink,1787612317000000000,70b3d57ed00778cc,-30,11.2,2032
device_uplink,1787612335000000000,70b3d57ed00778cc,-28,13.5,2033
device_uplink,1787612351000000000,70b3d57ed00778cc,-26,14,2034
device_uplink,1787612367000000000,70b3d57ed00778cc,-26,11.2,2035
device_uplink,1787612383000000000,70b3d57ed00778cc,-26,13.8,2036
device_uplink,1787612399000000000,70b3d57ed00778cc,-27,13.2,2037
device_uplink,1787612415000000000,70b3d57ed00778cc,-27,14,2038
device_uplink,1787612431000000000,70b3d57ed00778cc,-29,13,2039
device_uplink,1787612447000000000,70b3d57ed00778cc,-27,13.5,2040
device_uplink,1787612465000000000,70b3d57ed00778cc,-27,13.8,2041
device_uplink,1787612481000000000,70b3d57ed00778cc,-26,13.5,2042
device_uplink,1787612497000000000,70b3d57ed00778cc,-26,13.5,2043
device_uplink,1787612513000000000,70b3d57ed00778cc,-26,13.8,2044
device_uplink,1787612529000000000,70b3d57ed00778cc,-26,11.5,2045
device_uplink,1787612545000000000,70b3d57ed00778cc,-26,13.5,2046
device_uplink,1787612561000000000,70b3d57ed00778cc,-28,13.8,2047
device_uplink,1787612579000000000,70b3d57ed00778cc,-27,13.5,2048
device_uplink,1787612595000000000,70b3d57ed00778cc,-27,13.8,2049
device_uplink,1787612611000000000,70b3d57ed00778cc,-25,13.5,2050
device_uplink,1787612627000000000,70b3d57ed00778cc,-28,13.5,2051
device_uplink,1787612643000000000,70b3d57ed00778cc,-26,11.5,2052
device_uplink,1787612659000000000,70b3d57ed00778cc,-29,13,2053
device_uplink,1787612675000000000,70b3d57ed00778cc,-27,12.8,2054
device_uplink,1787612691000000000,70b3d57ed00778cc,-27,13.2,2055
device_uplink,1787612709000000000,70b3d57ed00778cc,-26,13.8,2056
device_uplink,1787612725000000000,70b3d57ed00778cc,-26,14.2,2057
device_uplink,1787612741000000000,70b3d57ed00778cc,-26,13.8,2058
device_uplink,1787612757000000000,70b3d57ed00778cc,-27,10.8,2059
device_uplink,1787612773000000000,70b3d57ed00778cc,-26,13.2,2060
device_uplink,1787612789000000000,70b3d57ed00778cc,-27,13.5,2061
device_uplink,1787612805000000000,70b3d57ed00778cc,-28,14,2062
device_uplink,1787612821000000000,70b3d57ed00778cc,-26,13.8,2063
device_uplink,1787612837000000000,70b3d57ed00778cc,-26,13.2,2064
device_uplink,1787612855000000000,70b3d57ed00778cc,-27,13.5,2065
device_uplink,1787612871000000000,70b3d57ed00778cc,-30,10.8,2066
device_uplink,1787612887000000000,70b3d57ed00778cc,-30,10.5,2067
device_uplink,1787612903000000000,70b3d57ed00778cc,-27,13.2,2068
device_uplink,1787612919000000000,70b3d57ed00778cc,-30,10.2,2069
device_uplink,1787612935000000000,70b3d57ed00778cc,-28,10.8,2070
device_uplink,1787612951000000000,70b3d57ed00778cc,-30,10.5,2071
device_uplink,1787612967000000000,70b3d57ed00778cc,-28,14.2,2072
device_uplink,1787612985000000000,70b3d57ed00778cc,-28,13.5,2073
device_uplink,1787613001000000000,70b3d57ed00778cc,-27,11,2074
device_uplink,1787613017000000000,70b3d57ed00778cc,-28,13.8,2075
device_uplink,1787613033000000000,70b3d57ed00778cc,-28,13.2,2076
device_uplink,1787613049000000000,70b3d57ed00778cc,-28,13.8,2077
device_uplink,1787613065000000000,70b3d57ed00778cc,-28,13.2,2078
device_uplink,1787613081000000000,70b3d57ed00778cc,-29,10.5,2079
device_uplink,1787613096000000000,70b3d57ed0077801,-24,13.2,3
device_uplink,1787613099000000000,70b3d57ed00778cc,-28,13.5,2080
device_uplink,1787613115000000000,70b3d57ed00778cc,-28,13.5,2081
device_uplink,1787613131000000000,70b3d57ed00778cc,-29,12.8,2082
device_uplink,1787613147000000000,70b3d57ed00778cc,-28,13.5,2083
device_uplink,1787613163000000000,70b3d57ed00778cc,-27,11,2084
device_uplink,1787613179000000000,70b3d57ed00778cc,-28,14,2085
device_uplink,1787613195000000000,70b3d57ed00778cc,-28,13.2,2086
device_uplink,1787613211000000000,70b3d57ed00778cc,-28,13.5,2087
device_uplink,1787613227000000000,70b3d57ed00778cc,-28,13.5,2088
device_uplink,1787613245000000000,70b3d57ed00778cc,-28,13.5,2089
device_uplink,1787613261000000000,70b3d57ed00778cc,-29,13,2090
device_uplink,1787613277000000000,70b3d57ed00778cc,-28,13.2,2091
device_uplink,1787613293000000000,70b3d57ed00778cc,-29,10.2,2092
device_uplink,1787613309000000000,70b3d57ed00778cc,-27,13.8,2093
device_uplink,1787613325000000000,70b3d57ed00778cc,-28,13.2,2094
device_uplink,1787613341000000000,70b3d57ed00778cc,-27,13.5,2095
device_uplink,1787613359000000000,70b3d57ed00778cc,-29,13.5,2096
device_uplink,1787613375000000000,70b3d57ed00778cc,-27,13.5,2097
device_uplink,1787613391000000000,70b3d57ed00778cc,-27,13.2,2098
device_uplink,1787613407000000000,70b3d57ed00778cc,-27,13.5,2099
device_uplink,1787613423000000000,70b3d57ed00778cc,-28,10.2,2100
device_uplink,1787613439000000000,70b3d57ed00778cc,-29,13.5,2101
device_uplink,1787613455000000000,70b3d57ed00778cc,-28,13,2102
device_uplink,1787613473000000000,70b3d57ed00778cc,-28,13.5,2103
device_uplink,1787613489000000000,70b3d57ed00778cc,-29,13.2,2104
device_uplink,1787613505000000000,70b3d57ed00778cc,-29,13,2105
device_uplink,1787613521000000000,70b3d57ed00778cc,-31,11.5,2106
device_uplink,1787613537000000000,70b3d57ed00778cc,-28,13.2,2107
device_uplink,1787613553000000000,70b3d57ed00778cc,-27,13.2,2108
device_uplink,1787613569000000000,70b3d57ed00778cc,-28,13.5,2109
device_uplink,1787613585000000000,70b3d57ed00778cc,-29,10.2,2110
device_uplink,1787613603000000000,70b3d57ed00778cc,-29,13.5,2111
device_uplink,1787613619000000000,70b3d57ed00778cc,-30,10.8,2112
device_uplink,1787613635000000000,70b3d57ed00778cc,-29,13.2,2113
device_uplink,1787613651000000000,70b3d57ed00778cc,-29,13.2,2114
device_uplink,1787613667000000000,70b3d57ed00778cc,-30,12,2115
device_uplink,1787613683000000000,70b3d57ed00778cc,-29,13.8,2116
device_uplink,1787613699000000000,70b3d57ed00778cc,-31,11.8,2117
device_uplink,1787613717000000000,70b3d57ed00778cc,-29,12.8,2118
device_uplink,1787613733000000000,70b3d57ed00778cc,-28,13.2,2119
device_uplink,1787613749000000000,70b3d57ed00778cc,-29,10.2,2120
device_uplink,1787613765000000000,70b3d57ed00778cc,-29,13.8,2121
device_uplink,1787613781000000000,70b3d57ed00778cc,-28,13.8,2122
device_uplink,1787613797000000000,70b3d57ed00778cc,-29,12.5,2123
device_uplink,1787613813000000000,70b3d57ed00778cc,-29,13.8,2124
device_uplink,1787613831000000000,70b3d57ed00778cc,-31,12.8,2125
device_uplink,1787613847000000000,70b3d57ed00778cc,-29,13.8,2126
device_uplink,1787613863000000000,70b3d57ed00778cc,-29,12.8,2127
device_uplink,1787613879000000000,70b3d57ed00778cc,-29,10.2,2128
device_uplink,1787613895000000000,70b3d57ed00778cc,-28,13.8,2129
device_uplink,1787613911000000000,70b3d57ed00778cc,-29,13,2130
device_uplink,1787613927000000000,70b3d57ed00778cc,-30,10.2,2131
device_uplink,1787613943000000000,70b3d57ed00778cc,-29,10.2,2132
device_uplink,1787613961000000000,70b3d57ed00778cc,-29,13.5,2133
device_uplink,1787613977000000000,70b3d57ed00778cc,-28,14,2134
device_uplink,1787613993000000000,70b3d57ed00778cc,-30,12.8,2135
device_uplink,1787614004000000000,70b3d57ed0077801,-23,14,4
device_uplink,1787614009000000000,70b3d57ed00778cc,-30,11,2136
device_uplink,1787614025000000000,70b3d57ed00778cc,-29,13.2,2137
device_uplink,1787614041000000000,70b3d57ed00778cc,-30,10.2,2138
device_uplink,1787614059000000000,70b3d57ed00778cc,-29,10.2,2139
device_uplink,1787614075000000000,70b3d57ed00778cc,-29,12.8,2140
device_uplink,1787614091000000000,70b3d57ed00778cc,-31,12.2,2141
device_uplink,1787614107000000000,70b3d57ed00778cc,-30,13,2142
device_uplink,1787614123000000000,70b3d57ed00778cc,-28,13.8,2143
device_uplink,1787614139000000000,70b3d57ed00778cc,-29,13.2,2144
device_uplink,1787614155000000000,70b3d57ed00778cc,-29,13.2,2145
device_uplink,1787614171000000000,70b3d57ed00778cc,-29,10.8,2146
device_uplink,1787614189000000000,70b3d57ed00778cc,-29,13.8,2147
device_uplink,1787614205000000000,70b3d57ed00778cc,-30,12.5,2148
device_uplink,1787614221000000000,70b3d57ed00778cc,-29,13.8,2149
device_uplink,1787614237000000000,70b3d57ed00778cc,-29,13.2,2150
device_uplink,1787614253000000000,70b3d57ed00778cc,-30,11,2151
device_uplink,1787614269000000000,70b3d57ed00778cc,-29,13.5,2152
device_uplink,1787614285000000000,70b3d57ed00778cc,-29,12.5,2153
device_uplink,1787614301000000000,70b3d57ed00778cc,-29,12.2,2154
device_uplink,1787614319000000000,70b3d57ed00778cc,-29,13,2155
device_uplink,1787614335000000000,70b3d57ed00778cc,-29,13.8,2156
device_uplink,1787614351000000000,70b3d57ed00778cc,-29,10.5,2157
device_uplink,1787614367000000000,70b3d57ed00778cc,-30,12,2158
device_uplink,1787614383000000000,70b3d57ed00778cc,-29,13.8,2159
device_uplink,1787614399000000000,70b3d57ed00778cc,-30,10,2160
device_uplink,1787614415000000000,70b3d57ed00778cc,-29,13.2,2161
device_uplink,1787614431000000000,70b3d57ed00778cc,-29,13.2,2162
device_uplink,1787614449000000000,70b3d57ed00778cc,-28,13.8,2163
device_uplink,1787614465000000000,70b3d57ed00778cc,-30,10.5,2164
device_uplink,1787614481000000000,70b3d57ed00778cc,-29,10,2165
device_uplink,1787614497000000000,70b3d57ed00778cc,-29,13.2,2166
device_uplink,1787614513000000000,70b3d57ed00778cc,-29,13.2,2167
device_uplink,1787614529000000000,70b3d57ed00778cc,-31,11.8,2168
device_uplink,1787614545000000000,70b3d57ed00778cc,-29,13.5,2169
device_uplink,1787614561000000000,70b3d57ed00778cc,-29,10,2170
device_uplink,1787614579000000000,70b3d57ed00778cc,-30,12.2,2171
device_uplink,1787614595000000000,70b3d57ed00778cc,-30,11.8,2172
device_uplink,1787614611000000000,70b3d57ed00778cc,-29,13.5,2173
device_uplink,1787614627000000000,70b3d57ed00778cc,-32,13,2174
device_uplink,1787614643000000000,70b3d57ed00778cc,-29,13.2,2175
device_uplink,1787614659000000000,70b3d57ed00778cc,-30,11.5,2176
device_uplink,1787614675000000000,70b3d57ed00778cc,-30,12.5,2177
device_uplink,1787614693000000000,70b3d57ed00778cc,-29,13.2,2178
device_uplink,1787614709000000000,70b3d57ed00778cc,-30,12.8,2179
device_uplink,1787614725000000000,70b3d57ed00778cc,-28,13,2180
device_uplink,1787614741000000000,70b3d57ed00778cc,-29,8.5,2181
device_uplink,1787614757000000000,70b3d57ed00778cc,-31,12.8,2182
device_uplink,1787614773000000000,70b3d57ed00778cc,-30,13,2183
device_uplink,1787614789000000000,70b3d57ed00778cc,-30,10.2,2184
device_uplink,1787614807000000000,70b3d57ed00778cc,-29,13.2,2185
device_uplink,1787614823000000000,70b3d57ed00778cc,-30,11.8,2186
device_uplink,1787614839000000000,70b3d57ed00778cc,-32,13.2,2187
device_uplink,1787614855000000000,70b3d57ed00778cc,-30,11.8,2188
device_uplink,1787614871000000000,70b3d57ed00778cc,-28,13.8,2189
device_uplink,1787614887000000000,70b3d57ed00778cc,-31,11.8,2190
device_uplink,1787614903000000000,70b3d57ed00778cc,-28,13.2,2191
device_uplink,1787614912000000000,70b3d57ed0077801,-23,14.2,5
device_uplink,1787614919000000000,70b3d57ed00778cc,-29,10.2,2192
device_uplink,1787614937000000000,70b3d57ed00778cc,-29,13.5,2193
device_uplink,1787614953000000000,70b3d57ed00778cc,-29,14,2194
device_uplink,1787614969000000000,70b3d57ed00778cc,-28,13.8,2195
device_uplink,1787614985000000000,70b3d57ed00778cc,-30,12.2,2196
device_uplink,1787615001000000000,70b3d57ed00778cc,-28,13.5,2197
device_uplink,1787615017000000000,70b3d57ed00778cc,-27,11,2198
device_uplink,1787615033000000000,70b3d57ed00778cc,-27,13.5,2199
device_uplink,1787615049000000000,70b3d57ed00778cc,-28,13,2200
device_uplink,1787615067000000000,70b3d57ed00778cc,-28,13.5,2201
device_uplink,1787615083000000000,70b3d57ed00778cc,-28,13.2,2202
device_uplink,1787615099000000000,70b3d57ed00778cc,-28,13.8,2203
device_uplink,1787615115000000000,70b3d57ed00778cc,-27,13.5,2204
device_uplink,1787615131000000000,70b3d57ed00778cc,-27,14,2205
device_uplink,1787615147000000000,70b3d57ed00778cc,-27,11.2,2206
device_uplink,1787615163000000000,70b3d57ed00778cc,-27,13.5,2207
device_uplink,1787615181000000000,70b3d57ed00778cc,-28,13.8,2208
device_uplink,1787615197000000000,70b3d57ed00778cc,-27,13.5,2209
device_uplink,1787615213000000000,70b3d57ed00778cc,-29,13.8,2210
device_uplink,1787615229000000000,70b3d57ed00778cc,-28,13.5,2211
device_uplink,1787615245000000000,70b3d57ed00778cc,-27,13.8,2212
device_uplink,1787615261000000000,70b3d57ed00778cc,-28,13.8,2213
device_uplink,1787615277000000000,70b3d57ed00778cc,-28,13.2,2214
device_uplink,1787615293000000000,70b3d57ed00778cc,-27,11.2,2215
device_uplink,1787615309000000000,70b3d57ed00778cc,-28,13.5,2216
device_uplink,1787615327000000000,70b3d57ed00778cc,-27,13.8,2217
device_uplink,1787615343000000000,70b3d57ed00778cc,-27,13.2,2218
device_uplink,1787615359000000000,70b3d57ed00778cc,-28,11.2,2219
device_uplink,1787615375000000000,70b3d57ed00778cc,-28,13,2220
device_uplink,1787615391000000000,70b3d57ed00778cc,-27,13.8,2221
device_uplink,1787615407000000000,70b3d57ed00778cc,-28,13.5,2222
device_uplink,1787615423000000000,70b3d57ed00778cc,-27,13.5,2223
device_uplink,1787615439000000000,70b3d57ed00778cc,-28,13.8,2224
device_uplink,1787615457000000000,70b3d57ed00778cc,-27,13.5,2225
device_uplink,1787615473000000000,70b3d57ed00778cc,-27,13.2,2226
device_uplink,1787615489000000000,70b3d57ed00778cc,-28,13,2227
device_uplink,1787615505000000000,70b3d57ed00778cc,-27,13.5,2228
device_uplink,1787615521000000000,70b3d57ed00778cc,-29,13.2,2229
device_uplink,1787615537000000000,70b3d57ed00778cc,-27,11.2,2230
device_uplink,1787615553000000000,70b3d57ed00778cc,-28,13.5,2231
device_uplink,1787615569000000000,70b3d57ed00778cc,-28,13.8,2232
device_uplink,1787615585000000000,70b3d57ed00778cc,-28,13.8,2233
device_uplink,1787615601000000000,70b3d57ed00778cc,-27,13.8,2234
device_uplink,1787615619000000000,70b3d57ed00778cc,-28,12.5,2235
device_uplink,1787615635000000000,70b3d57ed00778cc,-27,11.2,2236
device_uplink,1787615651000000000,70b3d57ed00778cc,-27,13.2,2237
device_uplink,1787615667000000000,70b3d57ed00778cc,-27,13.5,2238
device_uplink,1787615683000000000,70b3d57ed00778cc,-29,14,2239
device_uplink,1787615699000000000,70b3d57ed00778cc,-28,13.5,2240
device_uplink,1787615715000000000,70b3d57ed00778cc,-28,13.8,2241
device_uplink,1787615731000000000,70b3d57ed00778cc,-27,13.8,2242
device_uplink,1787615749000000000,70b3d57ed00778cc,-28,13,2243
device_uplink,1787615765000000000,70b3d57ed00778cc,-29,13,2244
device_uplink,1787615781000000000,70b3d57ed00778cc,-27,13.8,2245
device_uplink,1787615797000000000,70b3d57ed00778cc,-27,13.8,2246
device_uplink,1787615813000000000,70b3d57ed00778cc,-29,13.5,2247
device_uplink,1787615820000000000,70b3d57ed0077801,-24,10,6
device_uplink,1787615829000000000,70b3d57ed00778cc,-28,11.2,2248
device_uplink,1787615845000000000,70b3d57ed00778cc,-27,13.5,2249
device_uplink,1787615861000000000,70b3d57ed00778cc,-29,13.8,2250
device_uplink,1787615879000000000,70b3d57ed00778cc,-27,13.8,2251
device_uplink,1787615895000000000,70b3d57ed00778cc,-28,13.2,2252
device_uplink,1787615911000000000,70b3d57ed00778cc,-28,13.5,2253
device_uplink,1787615927000000000,70b3d57ed00778cc,-27,11.5,2254
device_uplink,1787615943000000000,70b3d57ed00778cc,-27,13.8,2255
device_uplink,1787615959000000000,70b3d57ed00778cc,-27,13.8,2256
device_uplink,1787615975000000000,70b3d57ed00778cc,-27,13.5,2257
device_uplink,1787615993000000000,70b3d57ed00778cc,-29,12.8,2258
device_uplink,1787616009000000000,70b3d57ed00778cc,-28,13.8,2259
device_uplink,1787616025000000000,70b3d57ed00778cc,-27,11,2260
device_uplink,1787616041000000000,70b3d57ed00778cc,-28,13.5,2261
device_uplink,1787616057000000000,70b3d57ed00778cc,-27,13.5,2262
device_uplink,1787616073000000000,70b3d57ed00778cc,-27,13.8,2263
device_uplink,1787616089000000000,70b3d57ed00778cc,-27,13.8,2264
device_uplink,1787616107000000000,70b3d57ed00778cc,-27,13.5,2265
device_uplink,1787616123000000000,70b3d57ed00778cc,-28,13.2,2266
device_uplink,1787616139000000000,70b3d57ed00778cc,-27,13.2,2267
device_uplink,1787616155000000000,70b3d57ed00778cc,-27,11.5,2268
device_uplink,1787616171000000000,70b3d57ed00778cc,-29,13.2,2269
device_uplink,1787616187000000000,70b3d57ed00778cc,-28,13.5,2270
device_uplink,1787616203000000000,70b3d57ed00778cc,-28,13,2271
device_uplink,1787616219000000000,70b3d57ed00778cc,-27,13.8,2272
device_uplink,1787616235000000000,70b3d57ed00778cc,-27,13.8,2273
device_uplink,1787616253000000000,70b3d57ed00778cc,-28,13.2,2274
device_uplink,1787616269000000000,70b3d57ed00778cc,-29,11.8,2275
device_uplink,1787616285000000000,70b3d57ed00778cc,-27,13.8,2276
device_uplink,1787616301000000000,70b3d57ed00778cc,-27,14,2277
device_uplink,1787616317000000000,70b3d57ed00778cc,-27,11.8,2278
device_uplink,1787616333000000000,70b3d57ed00778cc,-28,13.2,2279
device_uplink,1787616351000000000,70b3d57ed00778cc,-27,13.5,2280
device_uplink,1787616367000000000,70b3d57ed00778cc,-27,13.5,2281
device_uplink,1787616383000000000,70b3d57ed00778cc,-27,10.8,2282
device_uplink,1787616399000000000,70b3d57ed00778cc,-27,13.5,2283
device_uplink,1787616415000000000,70b3d57ed00778cc,-27,13.8,2284
device_uplink,1787616431000000000,70b3d57ed00778cc,-28,13.2,2285
device_uplink,1787616447000000000,70b3d57ed00778cc,-28,13.5,2286
device_uplink,1787616463000000000,70b3d57ed00778cc,-28,13.8,2287
device_uplink,1787616481000000000,70b3d57ed00778cc,-28,13,2288
device_uplink,1787616497000000000,70b3d57ed00778cc,-28,14,2289
device_uplink,1787616513000000000,70b3d57ed00778cc,-28,13.8,2290
device_uplink,1787616529000000000,70b3d57ed00778cc,-30,12.5,2291
device_uplink,1787616545000000000,70b3d57ed00778cc,-28,13.2,2292
device_uplink,1787616561000000000,70b3d57ed00778cc,-27,13,2293
device_uplink,1787616577000000000,70b3d57ed00778cc,-28,10.8,2294
device_uplink,1787616595000000000,70b3d57ed00778cc,-29,13.8,2295
device_uplink,1787616611000000000,70b3d57ed00778cc,-28,13.5,2296
device_uplink,1787616627000000000,70b3d57ed00778cc,-28,13.2,2297
device_uplink,1787616643000000000,70b3d57ed00778cc,-29,13.2,2298
device_uplink,1787616659000000000,70b3d57ed00778cc,-28,13.8,2299
device_uplink,1787616675000000000,70b3d57ed00778cc,-28,13.2,2300
device_uplink,1787616691000000000,70b3d57ed00778cc,-28,13.8,2301
device_uplink,1787616707000000000,70b3d57ed00778cc,-27,13.2,2302
device_uplink,1787616723000000000,70b3d57ed00778cc,-29,13,2303
device_uplink,1787616727000000000,70b3d57ed0077801,-23,14,7
device_uplink,1787616741000000000,70b3d57ed00778cc,-28,10.5,2304
device_uplink,1787616757000000000,70b3d57ed00778cc,-28,13,2305
device_uplink,1787616773000000000,70b3d57ed00778cc,-28,13.5,2306
device_uplink,1787616789000000000,70b3d57ed00778cc,-29,13.5,2307
device_uplink,1787616805000000000,70b3d57ed00778cc,-27,13.5,2308
device_uplink,1787616821000000000,70b3d57ed00778cc,-30,11.5,2309
device_uplink,1787616839000000000,70b3d57ed00778cc,-28,10.8,2310
device_uplink,1787616855000000000,70b3d57ed00778cc,-28,14,2311
device_uplink,1787616871000000000,70b3d57ed00778cc,-28,13,2312
device_uplink,1787616887000000000,70b3d57ed00778cc,-28,13.5,2313
device_uplink,1787616903000000000,70b3d57ed00778cc,-30,12.8,2314
device_uplink,1787616919000000000,70b3d57ed00778cc,-27,9.8,2315
device_uplink,1787616935000000000,70b3d57ed00778cc,-28,13.5,2316
device_uplink,1787616951000000000,70b3d57ed00778cc,-29,13.5,2317
device_uplink,1787616969000000000,70b3d57ed00778cc,-28,14,2318
device_uplink,1787616985000000000,70b3d57ed00778cc,-28,13.5,2319
device_uplink,1787617001000000000,70b3d57ed00778cc,-28,13.5,2320
device_uplink,1787617017000000000,70b3d57ed00778cc,-28,14,2321
device_uplink,1787617033000000000,70b3d57ed00778cc,-28,13.5,2322
device_uplink,1787617049000000000,70b3d57ed00778cc,-28,11,2323
device_uplink,1787617065000000000,70b3d57ed00778cc,-29,13.2,2324
device_uplink,1787617081000000000,70b3d57ed00778cc,-29,13.2,2325
device_uplink,1787617099000000000,70b3d57ed00778cc,-27,13.2,2326
device_uplink,1787617115000000000,70b3d57ed00778cc,-28,13,2327
device_uplink,1787617131000000000,70b3d57ed00778cc,-28,13,2328
device_uplink,1787617147000000000,70b3d57ed00778cc,-28,13.2,2329
device_uplink,1787617163000000000,70b3d57ed00778cc,-27,13.5,2330
device_uplink,1787617179000000000,70b3d57ed00778cc,-29,13,2331
device_uplink,1787617195000000000,70b3d57ed00778cc,-27,13.2,2332
device_uplink,1787617211000000000,70b3d57ed00778cc,-29,13.2,2333
device_uplink,1787617229000000000,70b3d57ed00778cc,-29,13.8,2334
device_uplink,1787617245000000000,70b3d57ed00778cc,-28,13.5,2335
device_uplink,1787617261000000000,70b3d57ed00778cc,-28,11.2,2336
device_uplink,1787617277000000000,70b3d57ed00778cc,-28,13.5,2337
device_uplink,1787617293000000000,70b3d57ed00778cc,-27,13.5,2338
device_uplink,1787617309000000000,70b3d57ed00778cc,-28,13,2339
device_uplink,1787617327000000000,70b3d57ed00778cc,-28,13.2,2340
device_uplink,1787617343000000000,70b3d57ed00778cc,-28,10.8,2341
device_uplink,1787617359000000000,70b3d57ed00778cc,-29,13,2342
device_uplink,1787617375000000000,70b3d57ed00778cc,-30,12.2,2343
device_uplink,1787617391000000000,70b3d57ed00778cc,-27,13.5,2344
device_uplink,1787617407000000000,70b3d57ed00778cc,-28,13.5,2345
device_uplink,1787617423000000000,70b3d57ed00778cc,-28,13.8,2346
device_uplink,1787617439000000000,70b3d57ed00778cc,-27,13.8,2347
device_uplink,1787617457000000000,70b3d57ed00778cc,-29,13.2,2348
device_uplink,1787617473000000000,70b3d57ed00778cc,-29,13.5,2349
device_uplink,1787617489000000000,70b3d57ed00778cc,-28,13.5,2350
device_uplink,1787617505000000000,70b3d57ed00778cc,-28,11,2351
device_uplink,1787617521000000000,70b3d57ed00778cc,-27,13.2,2352
device_uplink,1787617537000000000,70b3d57ed00778cc,-27,13.5,2353
device_uplink,1787617553000000000,70b3d57ed00778cc,-28,12.2,2354
device_uplink,1787617569000000000,70b3d57ed00778cc,-27,13.5,2355
device_uplink,1787617587000000000,70b3d57ed00778cc,-27,14.2,2356
device_uplink,1787617603000000000,70b3d57ed00778cc,-28,13,2357
device_uplink,1787617619000000000,70b3d57ed00778cc,-27,13.8,2358
device_uplink,1787617635000000000,70b3d57ed0077801,-24,13.8,8
device_uplink,1787617635000000000,70b3d57ed00778cc,-27,10.8,2359
device_uplink,1787617651000000000,70b3d57ed00778cc,-27,13.2,2360
device_uplink,1787617667000000000,70b3d57ed00778cc,-27,13.2,2361
device_uplink,1787617683000000000,70b3d57ed00778cc,-26,13.5,2362
device_uplink,1787617699000000000,70b3d57ed00778cc,-27,13.5,2363
device_uplink,1787617717000000000,70b3d57ed00778cc,-27,13.2,2364
device_uplink,1787617733000000000,70b3d57ed00778cc,-27,13.5,2365
device_uplink,1787617749000000000,70b3d57ed00778cc,-28,14,2366
device_uplink,1787617765000000000,70b3d57ed00778cc,-28,14,2367
device_uplink,1787617781000000000,70b3d57ed00778cc,-27,11.5,2368
device_uplink,1787617797000000000,70b3d57ed00778cc,-27,13.8,2369
device_uplink,1787617815000000000,70b3d57ed00778cc,-28,13.5,2370
device_uplink,1787617831000000000,70b3d57ed00778cc,-29,13.2,2371
device_uplink,1787617847000000000,70b3d57ed00778cc,-31,12.2,2372
device_uplink,1787617863000000000,70b3d57ed00778cc,-30,11.2,2373
device_uplink,1787617879000000000,70b3d57ed00778cc,-30,8,2374
device_uplink,1787617895000000000,70b3d57ed00778cc,-28,13.8,2375
device_uplink,1787617911000000000,70b3d57ed00778cc,-29,13.2,2376
device_uplink,1787617927000000000,70b3d57ed00778cc,-30,11.2,2377
device_uplink,1787617945000000000,70b3d57ed00778cc,-30,12,2378
device_uplink,1787617961000000000,70b3d57ed00778cc,-29,13.8,2379
device_uplink,1787617977000000000,70b3d57ed00778cc,-30,13,2380
device_uplink,1787617993000000000,70b3d57ed00778cc,-29,13,2381
device_uplink,1787618009000000000,70b3d57ed00778cc,-29,10.2,2382
device_uplink,1787618025000000000,70b3d57ed00778cc,-29,13.8,2383
device_uplink,1787618041000000000,70b3d57ed00778cc,-30,12.2,2384
device_uplink,1787618057000000000,70b3d57ed00778cc,-27,13.8,2385
device_uplink,1787618075000000000,70b3d57ed00778cc,-28,13.2,2386
device_uplink,1787618091000000000,70b3d57ed00778cc,-27,13.5,2387
device_uplink,1787618107000000000,70b3d57ed00778cc,-27,13,2388
device_uplink,1787618123000000000,70b3d57ed00778cc,-27,13.8,2389
device_uplink,1787618139000000000,70b3d57ed00778cc,-26,11.2,2390
device_uplink,1787618155000000000,70b3d57ed00778cc,-27,12.8,2391
device_uplink,1787618171000000000,70b3d57ed00778cc,-26,13.2,2392
device_uplink,1787618187000000000,70b3d57ed00778cc,-26,13.2,2393
device_uplink,1787618205000000000,70b3d57ed00778cc,-27,13.5,2394
device_uplink,1787618221000000000,70b3d57ed00778cc,-27,13.5,2395
device_uplink,1787618237000000000,70b3d57ed00778cc,-27,13.5,2396
device_uplink,1787618253000000000,70b3d57ed00778cc,-27,13,2397
device_uplink,1787618269000000000,70b3d57ed00778cc,-27,14.2,2398
device_uplink,1787618285000000000,70b3d57ed00778cc,-26,13.5,2399
device_uplink,1787618301000000000,70b3d57ed00778cc,-27,11,2400
device_uplink,1787618317000000000,70b3d57ed00778cc,-26,13.2,2401
device_uplink,1787618335000000000,70b3d57ed00778cc,-27,13.2,2402
device_uplink,1787618351000000000,70b3d57ed00778cc,-27,13.5,2403
device_uplink,1787618367000000000,70b3d57ed00778cc,-27,13.2,2404
device_uplink,1787618383000000000,70b3d57ed00778cc,-27,13.2,2405
device_uplink,1787618399000000000,70b3d57ed00778cc,-26,13.2,2406
device_uplink,1787618415000000000,70b3d57ed00778cc,-26,11.5,2407
device_uplink,1787618433000000000,70b3d57ed00778cc,-27,13.5,2408
device_uplink,1787618449000000000,70b3d57ed00778cc,-26,13.5,2409
device_uplink,1787618465000000000,70b3d57ed00778cc,-27,13.8,2410
device_uplink,1787618481000000000,70b3d57ed00778cc,-27,13.5,2411
device_uplink,1787618497000000000,70b3d57ed00778cc,-26,13.2,2412
device_uplink,1787618513000000000,70b3d57ed00778cc,-27,13.2,2413
device_uplink,1787618529000000000,70b3d57ed00778cc,-28,13.8,2414
device_uplink,1787618543000000000,70b3d57ed0077801,-26,13,9
device_uplink,1787618545000000000,70b3d57ed00778cc,-26,11.2,2415
device_uplink,1787618563000000000,70b3d57ed00778cc,-26,13.8,2416
device_uplink,1787618579000000000,70b3d57ed00778cc,-27,13.5,2417
device_uplink,1787618595000000000,70b3d57ed00778cc,-26,13.5,2418
device_uplink,1787618611000000000,70b3d57ed00778cc,-26,13.5,2419
device_uplink,1787618627000000000,70b3d57ed00778cc,-26,13.5,2420
device_uplink,1787618643000000000,70b3d57ed00778cc,-26,11,2421
device_uplink,1787618659000000000,70b3d57ed00778cc,-27,13.5,2422
device_uplink,1787618675000000000,70b3d57ed00778cc,-25,13.5,2423
device_uplink,1787618693000000000,70b3d57ed00778cc,-26,13.2,2424
device_uplink,1787618709000000000,70b3d57ed00778cc,-26,13.5,2425
device_uplink,1787618725000000000,70b3d57ed00778cc,-26,13.2,2426
device_uplink,1787618741000000000,70b3d57ed00778cc,-26,13.5,2427
device_uplink,1787618757000000000,70b3d57ed00778cc,-27,13.2,2428
device_uplink,1787618773000000000,70b3d57ed00778cc,-27,13.8,2429
device_uplink,1787618789000000000,70b3d57ed00778cc,-26,13.2,2430
device_uplink,1787618805000000000,70b3d57ed00778cc,-27,13.5,2431
device_uplink,1787618823000000000,70b3d57ed00778cc,-27,11,2432
device_uplink,1787618839000000000,70b3d57ed00778cc,-26,13.5,2433
device_uplink,1787618855000000000,70b3d57ed00778cc,-27,13.5,2434
device_uplink,1787618871000000000,70b3d57ed00778cc,-27,14,2435
device_uplink,1787618887000000000,70b3d57ed00778cc,-27,14,2436
device_uplink,1787618903000000000,70b3d57ed00778cc,-26,13,2437
device_uplink,1787618919000000000,70b3d57ed00778cc,-27,13.2,2438
device_uplink,1787618935000000000,70b3d57ed00778cc,-26,11.2,2439
device_uplink,1787618953000000000,70b3d57ed00778cc,-26,13.2,2440
device_uplink,1787618969000000000,70b3d57ed00778cc,-27,13.8,2441
device_uplink,1787618985000000000,70b3d57ed00778cc,-27,13,2442
device_uplink,1787619001000000000,70b3d57ed00778cc,-26,11,2443
device_uplink,1787619017000000000,70b3d57ed00778cc,-27,13.8,2444
device_uplink,1787619033000000000,70b3d57ed00778cc,-27,13.2,2445
device_uplink,1787619049000000000,70b3d57ed00778cc,-26,13.2,2446
device_uplink,1787619065000000000,70b3d57ed00778cc,-27,13.2,2447
device_uplink,1787619083000000000,70b3d57ed00778cc,-26,13.5,2448
device_uplink,1787619099000000000,70b3d57ed00778cc,-26,13.5,2449
device_uplink,1787619115000000000,70b3d57ed00778cc,-27,13.8,2450
device_uplink,1787619131000000000,70b3d57ed00778cc,-27,13.5,2451
device_uplink,1787619147000000000,70b3d57ed00778cc,-27,13.5,2452
device_uplink,1787619163000000000,70b3d57ed00778cc,-26,13,2453
device_uplink,1787619179000000000,70b3d57ed00778cc,-27,13.8,2454
device_uplink,1787619195000000000,70b3d57ed00778cc,-27,13.8,2455
device_uplink,1787619213000000000,70b3d57ed00778cc,-26,11.5,2456
device_uplink,1787619229000000000,70b3d57ed00778cc,-27,13.8,2457
device_uplink,1787619245000000000,70b3d57ed00778cc,-27,13.2,2458
device_uplink,1787619261000000000,70b3d57ed00778cc,-27,13.2,2459
device_uplink,1787619277000000000,70b3d57ed00778cc,-26,13,2460
device_uplink,1787619293000000000,70b3d57ed00778cc,-26,12.8,2461
device_uplink,1787619309000000000,70b3d57ed00778cc,-27,13.8,2462
device_uplink,1787619325000000000,70b3d57ed00778cc,-27,11,2463
device_uplink,1787619343000000000,70b3d57ed00778cc,-26,13.8,2464
device_uplink,1787619359000000000,70b3d57ed00778cc,-27,13.8,2465
device_uplink,1787619375000000000,70b3d57ed00778cc,-27,13.5,2466
device_uplink,1787619391000000000,70b3d57ed00778cc,-27,13.5,2467
device_uplink,1787619407000000000,70b3d57ed00778cc,-27,11.2,2468
device_uplink,1787619423000000000,70b3d57ed00778cc,-27,13.5,2469
device_uplink,1787619439000000000,70b3d57ed00778cc,-27,13.8,2470
device_uplink,1787619451000000000,70b3d57ed0077801,-26,13.5,10
device_uplink,1787619455000000000,70b3d57ed00778cc,-26,13.5,2471
device_uplink,1787619473000000000,70b3d57ed00778cc,-27,13.5,2472
device_uplink,1787619489000000000,70b3d57ed00778cc,-27,13.5,2473
device_uplink,1787619505000000000,70b3d57ed00778cc,-27,13.8,2474
device_uplink,1787619521000000000,70b3d57ed00778cc,-26,11.2,2475
device_uplink,1787619537000000000,70b3d57ed00778cc,-27,13.2,2476
device_uplink,1787619553000000000,70b3d57ed00778cc,-27,13.2,2477
device_uplink,1787619569000000000,70b3d57ed00778cc,-27,13.5,2478
device_uplink,1787619587000000000,70b3d57ed00778cc,-28,14,2479
device_uplink,1787619603000000000,70b3d57ed00778cc,-26,13.5,2480
device_uplink,1787619619000000000,70b3d57ed00778cc,-26,13,2481
device_uplink,1787619635000000000,70b3d57ed00778cc,-26,13.5,2482
device_uplink,1787619651000000000,70b3d57ed00778cc,-27,11.2,2483
device_uplink,1787619667000000000,70b3d57ed00778cc,-29,13.2,2484
device_uplink,1787619683000000000,70b3d57ed00778cc,-27,13.5,2485
device_uplink,1787619701000000000,70b3d57ed00778cc,-27,13.8,2486
device_uplink,1787619717000000000,70b3d57ed00778cc,-27,13.8,2487
device_uplink,1787619733000000000,70b3d57ed00778cc,-27,13.2,2488
device_uplink,1787619749000000000,70b3d57ed00778cc,-27,13.2,2489
device_uplink,1787619765000000000,70b3d57ed00778cc,-26,13,2490
device_uplink,1787619781000000000,70b3d57ed00778cc,-28,13.5,2491
device_uplink,1787619797000000000,70b3d57ed00778cc,-28,10.8,2492
device_uplink,1787619813000000000,70b3d57ed00778cc,-27,13.5,2493
device_uplink,1787619831000000000,70b3d57ed00778cc,-27,13.5,2494
device_uplink,1787619847000000000,70b3d57ed00778cc,-26,13.2,2495
device_uplink,1787619863000000000,70b3d57ed00778cc,-27,13.5,2496
device_uplink,1787619879000000000,70b3d57ed00778cc,-27,13,2497
device_uplink,1787619895000000000,70b3d57ed00778cc,-27,11.5,2498
device_uplink,1787619911000000000,70b3d57ed00778cc,-27,13.2,2499
device_uplink,1787619927000000000,70b3d57ed00778cc,-27,13.5,2500
device_uplink,1787619943000000000,70b3d57ed00778cc,-26,13.2,2501
device_uplink,1787619959000000000,70b3d57ed00778cc,-27,13,2502
device_uplink,1787619977000000000,70b3d57ed00778cc,-26,13.5,2503
device_uplink,1787619993000000000,70b3d57ed00778cc,-27,14,2504
device_uplink,1787620009000000000,70b3d57ed00778cc,-27,13.5,2505
device_uplink,1787620025000000000,70b3d57ed00778cc,-27,13.2,2506
device_uplink,1787620041000000000,70b3d57ed00778cc,-28,13.8,2507
device_uplink,1787620057000000000,70b3d57ed00778cc,-26,13.8,2508
device_uplink,1787620073000000000,70b3d57ed00778cc,-27,13.2,2509
device_uplink,1787620091000000000,70b3d57ed00778cc,-27,13,2510
device_uplink,1787620107000000000,70b3d57ed00778cc,-26,11.5,2511
device_uplink,1787620123000000000,70b3d57ed00778cc,-26,13,2512
device_uplink,1787620139000000000,70b3d57ed00778cc,-27,13.8,2513
device_uplink,1787620155000000000,70b3d57ed00778cc,-27,13.5,2514
device_uplink,1787620171000000000,70b3d57ed00778cc,-26,13.5,2515
device_uplink,1787620189000000000,70b3d57ed00778cc,-27,13.8,2516
device_uplink,1787620205000000000,70b3d57ed00778cc,-27,13.5,2517
device_uplink,1787620221000000000,70b3d57ed00778cc,-26,11.2,2518
device_uplink,1787620237000000000,70b3d57ed00778cc,-27,13.5,2519
device_uplink,1787620253000000000,70b3d57ed00778cc,-26,13.2,2520
device_uplink,1787620269000000000,70b3d57ed00778cc,-27,13.2,2521
device_uplink,1787620285000000000,70b3d57ed00778cc,-27,11.2,2522
device_uplink,1787620301000000000,70b3d57ed00778cc,-27,13.8,2523
device_uplink,1787620319000000000,70b3d57ed00778cc,-27,13.2,2524
device_uplink,1787620335000000000,70b3d57ed00778cc,-27,13.5,2525
device_uplink,1787620351000000000,70b3d57ed00778cc,-26,13.2,2526
device_uplink,1787620359000000000,70b3d57ed0077801,-26,13.2,11
device_uplink,1787620367000000000,70b3d57ed00778cc,-27,13.2,2527
device_uplink,1787620383000000000,70b3d57ed00778cc,-27,13.5,2528
device_uplink,1787620399000000000,70b3d57ed00778cc,-26,13.2,2529
device_uplink,1787620415000000000,70b3d57ed00778cc,-26,13.5,2530
device_uplink,1787620431000000000,70b3d57ed00778cc,-27,13.5,2531
device_uplink,1787620449000000000,70b3d57ed00778cc,-27,13.5,2532
device_uplink,1787620465000000000,70b3d57ed00778cc,-27,13.5,2533
device_uplink,1787620481000000000,70b3d57ed00778cc,-27,10.5,2534
device_uplink,1787620497000000000,70b3d57ed00778cc,-26,13.5,2535
device_uplink,1787620513000000000,70b3d57ed00778cc,-27,13.8,2536
device_uplink,1787620529000000000,70b3d57ed00778cc,-26,13.5,2537
device_uplink,1787620545000000000,70b3d57ed00778cc,-26,13.2,2538
device_uplink,1787620561000000000,70b3d57ed00778cc,-27,14,2539
device_uplink,1787620579000000000,70b3d57ed00778cc,-27,13.2,2540
device_uplink,1787620595000000000,70b3d57ed00778cc,-28,14.2,2541
device_uplink,1787620611000000000,70b3d57ed00778cc,-29,12.8,2542
device_uplink,1787620627000000000,70b3d57ed00778cc,-27,10.8,2543
device_uplink,1787620643000000000,70b3d57ed00778cc,-27,13,2544
device_uplink,1787620659000000000,70b3d57ed00778cc,-25,13.5,2545
device_uplink,1787620675000000000,70b3d57ed00778cc,-26,13.5,2546
device_uplink,1787620691000000000,70b3d57ed00778cc,-26,13.5,2547
device_uplink,1787620709000000000,70b3d57ed00778cc,-27,13,2548
device_uplink,1787620725000000000,70b3d57ed00778cc,-27,13.5,2549
device_uplink,1787620741000000000,70b3d57ed00778cc,-26,13.5,2550
device_uplink,1787620757000000000,70b3d57ed00778cc,-25,11.2,2551
device_uplink,1787620773000000000,70b3d57ed00778cc,-26,13,2552
device_uplink,1787620789000000000,70b3d57ed00778cc,-26,13.2,2553
device_uplink,1787620805000000000,70b3d57ed00778cc,-26,11.2,2554
device_uplink,1787620821000000000,70b3d57ed00778cc,-27,13.2,2555
device_uplink,1787620839000000000,70b3d57ed00778cc,-27,13.5,2556
device_uplink,1787620855000000000,70b3d57ed00778cc,-29,13.8,2557
device_uplink,1787620871000000000,70b3d57ed00778cc,-26,13.2,2558
device_uplink,1787620887000000000,70b3d57ed00778cc,-27,13.8,2559
device_uplink,1787620903000000000,70b3d57ed00778cc,-26,13.5,2560
device_uplink,1787620919000000000,70b3d57ed00778cc,-26,13.8,2561
device_uplink,1787620935000000000,70b3d57ed00778cc,-26,13.2,2562
device_uplink,1787620951000000000,70b3d57ed00778cc,-27,13.5,2563
device_uplink,1787620969000000000,70b3d57ed00778cc,-27,13.5,2564
device_uplink,1787620985000000000,70b3d57ed00778cc,-26,13.2,2565
device_uplink,1787621001000000000,70b3d57ed00778cc,-26,13.5,2566
device_uplink,1787621017000000000,70b3d57ed00778cc,-26,13.8,2567
device_uplink,1787621033000000000,70b3d57ed00778cc,-26,11.2,2568
device_uplink,1787621049000000000,70b3d57ed00778cc,-30,11.5,2569
device_uplink,1787621065000000000,70b3d57ed00778cc,-32,13,2570
device_uplink,1787621081000000000,70b3d57ed00778cc,-27,10.5,2571
device_uplink,1787621099000000000,70b3d57ed00778cc,-29,13.8,2572
device_uplink,1787621115000000000,70b3d57ed00778cc,-28,13.2,2573
device_uplink,1787621131000000000,70b3d57ed00778cc,-27,13.5,2574
device_uplink,1787621147000000000,70b3d57ed00778cc,-26,13.5,2575
device_uplink,1787621163000000000,70b3d57ed00778cc,-26,13.2,2576
device_uplink,1787621179000000000,70b3d57ed00778cc,-25,13.2,2577
device_uplink,1787621195000000000,70b3d57ed00778cc,-26,11.2,2578
device_uplink,1787621211000000000,70b3d57ed00778cc,-26,13.5,2579
device_uplink,1787621229000000000,70b3d57ed00778cc,-28,13.5,2580
device_uplink,1787621245000000000,70b3d57ed00778cc,-28,13.5,2581
device_uplink,1787621261000000000,70b3d57ed00778cc,-25,13.2,2582
device_uplink,1787621266000000000,70b3d57ed0077801,-26,11.2,12
device_uplink,1787621277000000000,70b3d57ed00778cc,-25,13.2,2583
device_uplink,1787621293000000000,70b3d57ed00778cc,-26,13.2,2584
device_uplink,1787621309000000000,70b3d57ed00778cc,-25,13.2,2585
device_uplink,1787621325000000000,70b3d57ed00778cc,-25,13.5,2586
device_uplink,1787621341000000000,70b3d57ed00778cc,-26,13.2,2587
device_uplink,1787621359000000000,70b3d57ed00778cc,-25,13.8,2588
device_uplink,1787621375000000000,70b3d57ed00778cc,-26,13.5,2589
device_uplink,1787621391000000000,70b3d57ed00778cc,-26,13.2,2590
device_uplink,1787621407000000000,70b3d57ed00778cc,-26,12.8,2591
device_uplink,1787621423000000000,70b3d57ed00778cc,-25,11.5,2592
device_uplink,1787621439000000000,70b3d57ed00778cc,-26,13.5,2593
device_uplink,1787621455000000000,70b3d57ed00778cc,-26,13.2,2594
device_uplink,1787621471000000000,70b3d57ed00778cc,-26,13.5,2595
device_uplink,1787621489000000000,70b3d57ed00778cc,-25,13.2,2596
device_uplink,1787621505000000000,70b3d57ed00778cc,-26,13.2,2597
device_uplink,1787621521000000000,70b3d57ed00778cc,-25,11.5,2598
device_uplink,1787621537000000000,70b3d57ed00778cc,-25,13.8,2599
device_uplink,1787621553000000000,70b3d57ed00778cc,-25,13.8,2600
device_uplink,1787621569000000000,70b3d57ed00778cc,-26,13.5,2601
device_uplink,1787621585000000000,70b3d57ed00778cc,-26,13.2,2602
device_uplink,1787621603000000000,70b3d57ed00778cc,-26,13.5,2603
device_uplink,1787621619000000000,70b3d57ed00778cc,-26,13.5,2604
device_uplink,1787621635000000000,70b3d57ed00778cc,-25,14,2605
device_uplink,1787621651000000000,70b3d57ed00778cc,-26,13,2606
device_uplink,1787621667000000000,70b3d57ed00778cc,-24,13.5,2607
device_uplink,1787621683000000000,70b3d57ed00778cc,-24,9.8,2608
device_uplink,1787621699000000000,70b3d57ed00778cc,-24,13.8,2609
device_uplink,1787621715000000000,70b3d57ed00778cc,-24,13,2610
device_uplink,1787621731000000000,70b3d57ed00778cc,-25,13.2,2611
device_uplink,1787621749000000000,70b3d57ed00778cc,-25,14,2612
device_uplink,1787621765000000000,70b3d57ed00778cc,-24,13.8,2613
device_uplink,1787621781000000000,70b3d57ed00778cc,-25,11,2614
device_uplink,1787621797000000000,70b3d57ed00778cc,-25,13,2615
device_uplink,1787621813000000000,70b3d57ed00778cc,-25,13.5,2616
device_uplink,1787621829000000000,70b3d57ed00778cc,-25,13.8,2617
device_uplink,1787621847000000000,70b3d57ed00778cc,-24,13.8,2618
device_uplink,1787621863000000000,70b3d57ed00778cc,-25,13.8,2619
device_uplink,1787621879000000000,70b3d57ed00778cc,-24,8.5,2620
device_uplink,1787621895000000000,70b3d57ed00778cc,-24,13.5,2621
device_uplink,1787621911000000000,70b3d57ed00778cc,-24,13.2,2622
device_uplink,1787621927000000000,70b3d57ed00778cc,-24,12.5,2623
device_uplink,1787621943000000000,70b3d57ed00778cc,-25,13.8,2624
device_uplink,1787621959000000000,70b3d57ed00778cc,-24,13.5,2625
device_uplink,1787621977000000000,70b3d57ed00778cc,-24,8.5,2626
device_uplink,1787621993000000000,70b3d57ed00778cc,-25,13.8,2627
device_uplink,1787622009000000000,70b3d57ed00778cc,-24,12.8,2628
device_uplink,1787622025000000000,70b3d57ed00778cc,-24,13.8,2629
device_uplink,1787622041000000000,70b3d57ed00778cc,-24,13,2630
device_uplink,1787622057000000000,70b3d57ed00778cc,-24,12.2,2631
device_uplink,1787622073000000000,70b3d57ed00778cc,-24,13.2,2632
device_uplink,1787622091000000000,70b3d57ed00778cc,-24,12.8,2633
device_uplink,1787622107000000000,70b3d57ed00778cc,-23,13.8,2634
device_uplink,1787622123000000000,70b3d57ed00778cc,-25,13.5,2635
device_uplink,1787622139000000000,70b3d57ed00778cc,-24,12,2636
device_uplink,1787622155000000000,70b3d57ed00778cc,-24,13.5,2637
device_uplink,1787622171000000000,70b3d57ed00778cc,-25,13,2638
device_uplink,1787622174000000000,70b3d57ed0077801,-24,10.2,13
device_uplink,1787622187000000000,70b3d57ed00778cc,-26,11,2639
device_uplink,1787622203000000000,70b3d57ed00778cc,-25,13.5,2640
device_uplink,1787622221000000000,70b3d57ed00778cc,-25,13.5,2641
device_uplink,1787622237000000000,70b3d57ed00778cc,-26,13,2642
device_uplink,1787622253000000000,70b3d57ed00778cc,-25,14,2643
device_uplink,1787622269000000000,70b3d57ed00778cc,-26,13.5,2644
device_uplink,1787622285000000000,70b3d57ed00778cc,-25,11.2,2645
device_uplink,1787622301000000000,70b3d57ed00778cc,-25,13.5,2646
device_uplink,1787622317000000000,70b3d57ed00778cc,-26,11.2,2647
device_uplink,1787622333000000000,70b3d57ed00778cc,-26,13.5,2648
device_uplink,1787622351000000000,70b3d57ed00778cc,-27,13.5,2649
device_uplink,1787622367000000000,70b3d57ed00778cc,-26,13.5,2650
device_uplink,1787622383000000000,70b3d57ed00778cc,-27,13.5,2651
device_uplink,1787622399000000000,70b3d57ed00778cc,-26,13.5,2652
device_uplink,1787622415000000000,70b3d57ed00778cc,-26,13.5,2653
device_uplink,1787622431000000000,70b3d57ed00778cc,-27,13.2,2654
device_uplink,1787622447000000000,70b3d57ed00778cc,-27,11.5,2655
device_uplink,1787622465000000000,70b3d57ed00778cc,-26,13.2,2656
device_uplink,1787622481000000000,70b3d57ed00778cc,-26,13,2657
device_uplink,1787622497000000000,70b3d57ed00778cc,-27,13.5,2658
device_uplink,1787622513000000000,70b3d57ed00778cc,-28,14,2659
device_uplink,1787622529000000000,70b3d57ed00778cc,-27,13.2,2660
device_uplink,1787622545000000000,70b3d57ed00778cc,-27,13.5,2661
device_uplink,1787622561000000000,70b3d57ed00778cc,-26,11.5,2662
device_uplink,1787622577000000000,70b3d57ed00778cc,-27,13.5,2663
device_uplink,1787622595000000000,70b3d57ed00778cc,-28,13.5,2664
device_uplink,1787622611000000000,70b3d57ed00778cc,-26,13.5,2665
device_uplink,1787622627000000000,70b3d57ed00778cc,-27,13.5,2666
device_uplink,1787622643000000000,70b3d57ed00778cc,-27,11.8,2667
device_uplink,1787622659000000000,70b3d57ed00778cc,-27,13.2,2668
device_uplink,1787622675000000000,70b3d57ed00778cc,-28,13.8,2669
device_uplink,1787622691000000000,70b3d57ed00778cc,-28,13.8,2670
device_uplink,1787622707000000000,70b3d57ed00778cc,-27,13.8,2671
device_uplink,1787622725000000000,70b3d57ed00778cc,-26,13.5,2672
device_uplink,1787622741000000000,70b3d57ed00778cc,-27,13.8,2673
device_uplink,1787622757000000000,70b3d57ed00778cc,-26,13.5,2674
device_uplink,1787622773000000000,70b3d57ed00778cc,-26,13.5,2675
device_uplink,1787622789000000000,70b3d57ed00778cc,-26,11,2676
device_uplink,1787622805000000000,70b3d57ed00778cc,-27,13.2,2677
device_uplink,1787622823000000000,70b3d57ed00778cc,-27,14,2678
device_uplink,1787622839000000000,70b3d57ed00778cc,-27,13.2,2679
device_uplink,1787622855000000000,70b3d57ed00778cc,-27,13.2,2680
device_uplink,1787622871000000000,70b3d57ed00778cc,-27,13.8,2681
device_uplink,1787622887000000000,70b3d57ed00778cc,-26,12.8,2682
device_uplink,1787622903000000000,70b3d57ed00778cc,-27,11.5,2683
device_uplink,1787622919000000000,70b3d57ed00778cc,-28,13.8,2684
device_uplink,1787622935000000000,70b3d57ed00778cc,-28,13.5,2685
device_uplink,1787622953000000000,70b3d57ed00778cc,-28,13.2,2686
device_uplink,1787622969000000000,70b3d57ed00778cc,-27,13.5,2687
device_uplink,1787622985000000000,70b3d57ed00778cc,-26,13,2688
device_uplink,1787623001000000000,70b3d57ed00778cc,-27,13.8,2689
device_uplink,1787623017000000000,70b3d57ed00778cc,-26,13.2,2690
device_uplink,1787623033000000000,70b3d57ed00778cc,-26,13.5,2691
device_uplink,1787623049000000000,70b3d57ed00778cc,-25,14,2692
device_uplink,1787623065000000000,70b3d57ed00778cc,-26,13.2,2693
device_uplink,1787623082000000000,70b3d57ed0077801,-26,13.8,14
device_uplink,1787623083000000000,70b3d57ed00778cc,-27,13.5,2694
device_uplink,1787623099000000000,70b3d57ed00778cc,-27,11,2695
device_uplink,1787623115000000000,70b3d57ed00778cc,-26,13,2696
device_uplink,1787623131000000000,70b3d57ed00778cc,-27,13.5,2697
device_uplink,1787623147000000000,70b3d57ed00778cc,-26,13.8,2698
device_uplink,1787623163000000000,70b3d57ed00778cc,-27,13,2699
device_uplink,1787623181000000000,70b3d57ed00778cc,-27,13.5,2700
device_uplink,1787623197000000000,70b3d57ed00778cc,-26,13.5,2701
device_uplink,1787623213000000000,70b3d57ed00778cc,-27,11.2,2702
device_uplink,1787623229000000000,70b3d57ed00778cc,-27,13,2703
device_uplink,1787623245000000000,70b3d57ed00778cc,-27,13.2,2704
device_uplink,1787623261000000000,70b3d57ed00778cc,-26,13.8,2705
device_uplink,1787623277000000000,70b3d57ed00778cc,-26,12.8,2706
device_uplink,1787623293000000000,70b3d57ed00778cc,-26,13.8,2707
device_uplink,1787623311000000000,70b3d57ed00778cc,-27,13.5,2708
device_uplink,1787623327000000000,70b3d57ed00778cc,-26,13.2,2709
device_uplink,1787623343000000000,70b3d57ed00778cc,-27,13.8,2710
device_uplink,1787623359000000000,70b3d57ed00778cc,-26,11.2,2711
device_uplink,1787623375000000000,70b3d57ed00778cc,-27,13.5,2712
device_uplink,1787623391000000000,70b3d57ed00778cc,-27,14,2713
device_uplink,1787623407000000000,70b3d57ed00778cc,-27,13.2,2714
device_uplink,1787623425000000000,70b3d57ed00778cc,-27,13,2715
device_uplink,1787623441000000000,70b3d57ed00778cc,-27,13.5,2716
device_uplink,1787623457000000000,70b3d57ed00778cc,-26,13.2,2717
device_uplink,1787623473000000000,70b3d57ed00778cc,-26,11.5,2718
device_uplink,1787623489000000000,70b3d57ed00778cc,-26,13.2,2719
device_uplink,1787623505000000000,70b3d57ed00778cc,-27,13.5,2720
device_uplink,1787623521000000000,70b3d57ed00778cc,-27,13.5,2721
device_uplink,1787623539000000000,70b3d57ed00778cc,-26,13,2722
device_uplink,1787623555000000000,70b3d57ed00778cc,-27,13,2723
device_uplink,1787623571000000000,70b3d57ed00778cc,-27,13.5,2724
device_uplink,1787623587000000000,70b3d57ed00778cc,-27,13.2,2725
device_uplink,1787623603000000000,70b3d57ed00778cc,-27,13.2,2726
device_uplink,1787623619000000000,70b3d57ed00778cc,-26,11.2,2727
device_uplink,1787623635000000000,70b3d57ed00778cc,-27,13.5,2728
device_uplink,1787623651000000000,70b3d57ed00778cc,-26,13,2729
device_uplink,1787623669000000000,70b3d57ed00778cc,-26,13.8,2730
device_uplink,1787623685000000000,70b3d57ed00778cc,-28,13.8,2731
device_uplink,1787623701000000000,70b3d57ed00778cc,-27,11,2732
device_uplink,1787623717000000000,70b3d57ed00778cc,-26,13.2,2733
device_uplink,1787623733000000000,70b3d57ed00778cc,-27,13.8,2734
device_uplink,1787623749000000000,70b3d57ed00778cc,-27,13.2,2735
device_uplink,1787623765000000000,70b3d57ed00778cc,-27,13.2,2736
device_uplink,1787623781000000000,70b3d57ed00778cc,-27,13.5,2737
device_uplink,1787623799000000000,70b3d57ed00778cc,-27,13.5,2738
device_uplink,1787623815000000000,70b3d57ed00778cc,-26,13.2,2739
device_uplink,1787623831000000000,70b3d57ed00778cc,-27,13.8,2740
device_uplink,1787623847000000000,70b3d57ed00778cc,-27,13.8,2741
device_uplink,1787623863000000000,70b3d57ed00778cc,-27,13.5,2742
device_uplink,1787623879000000000,70b3d57ed00778cc,-27,13.5,2743
device_uplink,1787623897000000000,70b3d57ed00778cc,-27,11,2744
device_uplink,1787623913000000000,70b3d57ed00778cc,-27,13.5,2745
device_uplink,1787623929000000000,70b3d57ed00778cc,-27,13.8,2746
device_uplink,1787623945000000000,70b3d57ed00778cc,-26,11.5,2747
device_uplink,1787623961000000000,70b3d57ed00778cc,-27,13.2,2748
device_uplink,1787623977000000000,70b3d57ed00778cc,-26,13.2,2749
device_uplink,1787623990000000000,70b3d57ed0077801,-26,13.5,15
device_uplink,1787623993000000000,70b3d57ed00778cc,-27,13.5,2750
device_uplink,1787624011000000000,70b3d57ed00778cc,-27,13.5,2751
device_uplink,1787624027000000000,70b3d57ed00778cc,-27,13.2,2752
device_uplink,1787624043000000000,70b3d57ed00778cc,-26,13.2,2753
device_uplink,1787624059000000000,70b3d57ed00778cc,-27,13.2,2754
device_uplink,1787624075000000000,70b3d57ed00778cc,-27,13,2755
device_uplink,1787624091000000000,70b3d57ed00778cc,-26,11.5,2756
device_uplink,1787624107000000000,70b3d57ed00778cc,-27,13.8,2757
device_uplink,1787624125000000000,70b3d57ed00778cc,-26,13.5,2758
device_uplink,1787624141000000000,70b3d57ed00778cc,-26,13.8,2759
device_uplink,1787624157000000000,70b3d57ed00778cc,-27,13.5,2760
device_uplink,1787624173000000000,70b3d57ed00778cc,-26,13.5,2761
device_uplink,1787624189000000000,70b3d57ed00778cc,-26,13.2,2762
device_uplink,1787624205000000000,70b3d57ed00778cc,-26,13.5,2763
device_uplink,1787624221000000000,70b3d57ed00778cc,-26,11.5,2764
device_uplink,1787624237000000000,70b3d57ed00778cc,-27,13.8,2765
device_uplink,1787624255000000000,70b3d57ed00778cc,-26,13.2,2766
device_uplink,1787624271000000000,70b3d57ed00778cc,-26,13.2,2767
device_uplink,1787624287000000000,70b3d57ed00778cc,-26,13,2768
device_uplink,1787624303000000000,70b3d57ed00778cc,-26,13.2,2769
device_uplink,1787624319000000000,70b3d57ed00778cc,-27,13.5,2770
device_uplink,1787624335000000000,70b3d57ed00778cc,-27,13.8,2771
device_uplink,1787624351000000000,70b3d57ed00778cc,-26,13.5,2772
device_uplink,1787624369000000000,70b3d57ed00778cc,-28,13.8,2773
device_uplink,1787624385000000000,70b3d57ed00778cc,-26,11.2,2774
device_uplink,1787624401000000000,70b3d57ed00778cc,-28,13.5,2775
device_uplink,1787624417000000000,70b3d57ed00778cc,-28,13.5,2776
device_uplink,1787624433000000000,70b3d57ed00778cc,-27,13.8,2777
device_uplink,1787624449000000000,70b3d57ed00778cc,-27,13.8,2778
device_uplink,1787624465000000000,70b3d57ed00778cc,-28,13.5,2779
device_uplink,1787624483000000000,70b3d57ed00778cc,-27,11,2780
device_uplink,1787624499000000000,70b3d57ed00778cc,-27,13.8,2781
device_uplink,1787624515000000000,70b3d57ed00778cc,-28,13.5,2782
device_uplink,1787624531000000000,70b3d57ed00778cc,-27,13.2,2783
device_uplink,1787624547000000000,70b3d57ed00778cc,-27,13.8,2784
device_uplink,1787624563000000000,70b3d57ed00778cc,-27,13.5,2785
device_uplink,1787624579000000000,70b3d57ed00778cc,-27,13.5,2786
device_uplink,1787624595000000000,70b3d57ed00778cc,-27,13,2787
device_uplink,1787624613000000000,70b3d57ed00778cc,-27,11.2,2788
device_uplink,1787624629000000000,70b3d57ed00778cc,-28,13.8,2789
device_uplink,1787624645000000000,70b3d57ed00778cc,-28,14,2790
device_uplink,1787624661000000000,70b3d57ed00778cc,-28,13.5,2791
device_uplink,1787624677000000000,70b3d57ed00778cc,-28,13.5,2792
device_uplink,1787624693000000000,70b3d57ed00778cc,-27,13.5,2793
device_uplink,1787624711000000000,70b3d57ed00778cc,-27,13.8,2794
device_uplink,1787624727000000000,70b3d57ed00778cc,-27,10.2,2795
device_uplink,1787624743000000000,70b3d57ed00778cc,-27,13.8,2796
device_uplink,1787624759000000000,70b3d57ed00778cc,-28,13.5,2797
device_uplink,1787624775000000000,70b3d57ed00778cc,-28,13.5,2798
device_uplink,1787624791000000000,70b3d57ed00778cc,-27,13.8,2799
device_uplink,1787624807000000000,70b3d57ed00778cc,-27,13.2,2800
device_uplink,1787624823000000000,70b3d57ed00778cc,-27,13.2,2801
device_uplink,1787624841000000000,70b3d57ed00778cc,-27,13.8,2802
device_uplink,1787624857000000000,70b3d57ed00778cc,-27,13.2,2803
device_uplink,1787624873000000000,70b3d57ed00778cc,-28,13.5,2804
device_uplink,1787624889000000000,70b3d57ed00778cc,-27,13.5,2805
device_uplink,1787624898000000000,70b3d57ed0077801,-25,13.2,16
device_uplink,1787624905000000000,70b3d57ed00778cc,-27,14,2806
device_uplink,1787624921000000000,70b3d57ed00778cc,-26,11.2,2807
device_uplink,1787624937000000000,70b3d57ed00778cc,-27,14,2808
device_uplink,1787624953000000000,70b3d57ed00778cc,-27,13.8,2809
device_uplink,1787624971000000000,70b3d57ed00778cc,-27,13.5,2810
device_uplink,1787624987000000000,70b3d57ed00778cc,-28,13.2,2811
device_uplink,1787625003000000000,70b3d57ed00778cc,-28,13.5,2812
device_uplink,1787625019000000000,70b3d57ed00778cc,-27,13.5,2813
device_uplink,1787625035000000000,70b3d57ed00778cc,-27,13.2,2814
device_uplink,1787625051000000000,70b3d57ed00778cc,-27,11.5,2815
device_uplink,1787625067000000000,70b3d57ed00778cc,-27,13.5,2816
device_uplink,1787625085000000000,70b3d57ed00778cc,-27,13.8,2817
device_uplink,1787625101000000000,70b3d57ed00778cc,-28,13.5,2818
device_uplink,1787625117000000000,70b3d57ed00778cc,-27,11.2,2819
device_uplink,1787625133000000000,70b3d57ed00778cc,-27,13.5,2820
device_uplink,1787625149000000000,70b3d57ed00778cc,-29,13.2,2821
device_uplink,1787625165000000000,70b3d57ed00778cc,-28,13.5,2822
device_uplink,1787625181000000000,70b3d57ed00778cc,-28,13,2823
device_uplink,1787625197000000000,70b3d57ed00778cc,-27,13.8,2824
device_uplink,1787625215000000000,70b3d57ed00778cc,-26,13.5,2825
device_uplink,1787625231000000000,70b3d57ed00778cc,-27,13.8,2826
device_uplink,1787625247000000000,70b3d57ed00778cc,-28,10.5,2827
device_uplink,1787625263000000000,70b3d57ed00778cc,-28,13.2,2828
device_uplink,1787625279000000000,70b3d57ed00778cc,-29,13.8,2829
device_uplink,1787625295000000000,70b3d57ed00778cc,-28,13.8,2830
device_uplink,1787625313000000000,70b3d57ed00778cc,-28,13.5,2831
device_uplink,1787625329000000000,70b3d57ed00778cc,-27,13.5,2832
device_uplink,1787625345000000000,70b3d57ed00778cc,-28,13,2833
device_uplink,1787625361000000000,70b3d57ed00778cc,-28,11,2834
device_uplink,1787625377000000000,70b3d57ed00778cc,-28,13.8,2835
device_uplink,1787625393000000000,70b3d57ed00778cc,-29,13.5,2836
device_uplink,1787625409000000000,70b3d57ed00778cc,-29,12.8,2837
device_uplink,1787625425000000000,70b3d57ed00778cc,-27,13.2,2838
device_uplink,1787625443000000000,70b3d57ed00778cc,-28,13.2,2839
device_uplink,1787625459000000000,70b3d57ed00778cc,-28,13.5,2840
device_uplink,1787625475000000000,70b3d57ed00778cc,-29,13.8,2841
device_uplink,1787625491000000000,70b3d57ed00778cc,-30,12.8,2842
device_uplink,1787625507000000000,70b3d57ed00778cc,-29,13,2843
device_uplink,1787625523000000000,70b3d57ed00778cc,-28,13.2,2844
device_uplink,1787625539000000000,70b3d57ed00778cc,-30,13,2845
device_uplink,1787625557000000000,70b3d57ed00778cc,-29,10.2,2846
device_uplink,1787625573000000000,70b3d57ed00778cc,-30,12.2,2847
device_uplink,1787625589000000000,70b3d57ed00778cc,-30,11.2,2848
device_uplink,1787625605000000000,70b3d57ed00778cc,-29,12.8,2849
device_uplink,1787625621000000000,70b3d57ed00778cc,-30,12.8,2850
device_uplink,1787625637000000000,70b3d57ed00778cc,-30,13.2,2851
device_uplink,1787625653000000000,70b3d57ed00778cc,-32,13,2852
device_uplink,1787625671000000000,70b3d57ed00778cc,-28,13.5,2853
device_uplink,1787625687000000000,70b3d57ed00778cc,-31,12,2854
device_uplink,1787625703000000000,70b3d57ed00778cc,-29,12.5,2855
device_uplink,1787625719000000000,70b3d57ed00778cc,-30,9.2,2856
device_uplink,1787625735000000000,70b3d57ed00778cc,-29,13.8,2857
device_uplink,1787625751000000000,70b3d57ed00778cc,-27,13.2,2858
device_uplink,1787625767000000000,70b3d57ed00778cc,-28,10.8,2859
device_uplink,1787625783000000000,70b3d57ed00778cc,-31,12.8,2860
device_uplink,1787625801000000000,70b3d57ed00778cc,-29,13.8,2861
device_uplink,1787625805000000000,70b3d57ed0077801,-27,9,17
device_uplink,1787625817000000000,70b3d57ed00778cc,-29,13.5,2862
device_uplink,1787625833000000000,70b3d57ed00778cc,-28,13.2,2863
device_uplink,1787625849000000000,70b3d57ed00778cc,-29,14,2864
device_uplink,1787625865000000000,70b3d57ed00778cc,-29,13.8,2865
device_uplink,1787625881000000000,70b3d57ed00778cc,-38,11,2866
device_uplink,1787625899000000000,70b3d57ed00778cc,-30,12.2,2867
device_uplink,1787625915000000000,70b3d57ed00778cc,-30,11.8,2868
device_uplink,1787625931000000000,70b3d57ed00778cc,-29,13.8,2869
device_uplink,1787625947000000000,70b3d57ed00778cc,-29,13.2,2870
device_uplink,1787625963000000000,70b3d57ed00778cc,-29,14,2871
device_uplink,1787625979000000000,70b3d57ed00778cc,-30,10.2,2872
device_uplink,1787625995000000000,70b3d57ed00778cc,-29,13.2,2873
device_uplink,1787626011000000000,70b3d57ed00778cc,-28,13.5,2874
device_uplink,1787626027000000000,70b3d57ed00778cc,-30,12.5,2875
device_uplink,1787626045000000000,70b3d57ed00778cc,-30,12.5,2876
device_uplink,1787626061000000000,70b3d57ed00778cc,-33,13.2,2877
device_uplink,1787626077000000000,70b3d57ed00778cc,-32,12.5,2878
device_uplink,1787626093000000000,70b3d57ed00778cc,-28,8.8,2879
device_uplink,1787626109000000000,70b3d57ed00778cc,-29,13.2,2880
device_uplink,1787626125000000000,70b3d57ed00778cc,-30,12.8,2881
device_uplink,1787626141000000000,70b3d57ed00778cc,-30,12.8,2882
device_uplink,1787626159000000000,70b3d57ed00778cc,-30,12.8,2883
device_uplink,1787626175000000000,70b3d57ed00778cc,-31,12.5,2884
device_uplink,1787626191000000000,70b3d57ed00778cc,-31,12.8,2885
device_uplink,1787626207000000000,70b3d57ed00778cc,-28,13.5,2886
device_uplink,1787626223000000000,70b3d57ed00778cc,-29,10.2,2887
device_uplink,1787626239000000000,70b3d57ed00778cc,-30,11.2,2888
device_uplink,1787626255000000000,70b3d57ed00778cc,-28,13.8,2889
device_uplink,1787626273000000000,70b3d57ed00778cc,-28,13.2,2890
device_uplink,1787626289000000000,70b3d57ed00778cc,-28,13.5,2891
device_uplink,1787626305000000000,70b3d57ed00778cc,-29,14,2892
device_uplink,1787626321000000000,70b3d57ed00778cc,-30,11.2,2893
device_uplink,1787626337000000000,70b3d57ed00778cc,-29,13.8,2894
device_uplink,1787626353000000000,70b3d57ed00778cc,-31,10.8,2895
device_uplink,1787626369000000000,70b3d57ed00778cc,-30,11.8,2896
device_uplink,1787626385000000000,70b3d57ed00778cc,-30,11.5,2897
device_uplink,1787626403000000000,70b3d57ed00778cc,-36,8.8,2898
device_uplink,1787626419000000000,70b3d57ed00778cc,-29,13.5,2899
device_uplink,1787626435000000000,70b3d57ed00778cc,-29,14,2900
device_uplink,1787626451000000000,70b3d57ed00778cc,-30,12.5,2901
device_uplink,1787626467000000000,70b3d57ed00778cc,-31,12.2,2902
device_uplink,1787626483000000000,70b3d57ed00778cc,-31,13,2903
device_uplink,1787626499000000000,70b3d57ed00778cc,-28,13.2,2904
device_uplink,1787626515000000000,70b3d57ed00778cc,-30,13.2,2905
device_uplink,1787626531000000000,70b3d57ed00778cc,-29,14,2906
device_uplink,1787626549000000000,70b3d57ed00778cc,-29,13.8,2907
device_uplink,1787626565000000000,70b3d57ed00778cc,-29,10.5,2908
device_uplink,1787626581000000000,70b3d57ed00778cc,-31,13,2909
device_uplink,1787626597000000000,70b3d57ed00778cc,-29,13,2910
device_uplink,1787626613000000000,70b3d57ed00778cc,-27,13.5,2911
device_uplink,1787626629000000000,70b3d57ed00778cc,-29,13.2,2912
device_uplink,1787626645000000000,70b3d57ed00778cc,-28,13,2913
device_uplink,1787626663000000000,70b3d57ed00778cc,-28,13.2,2914
device_uplink,1787626679000000000,70b3d57ed00778cc,-29,13.2,2915
device_uplink,1787626695000000000,70b3d57ed00778cc,-29,13.8,2916
device_uplink,1787626711000000000,70b3d57ed00778cc,-30,10,2917
device_uplink,1787626713000000000,70b3d57ed0077801,-25,13.2,18
device_uplink,1787626727000000000,70b3d57ed00778cc,-30,12.2,2918
device_uplink,1787626743000000000,70b3d57ed00778cc,-32,12.5,2919
device_uplink,1787626759000000000,70b3d57ed00778cc,-29,13.5,2920
device_uplink,1787626777000000000,70b3d57ed00778cc,-28,13.2,2921
device_uplink,1787626793000000000,70b3d57ed00778cc,-28,11,2922
device_uplink,1787626809000000000,70b3d57ed00778cc,-32,12,2923
device_uplink,1787626825000000000,70b3d57ed00778cc,-30,11.5,2924
device_uplink,1787626841000000000,70b3d57ed00778cc,-31,13.2,2925
device_uplink,1787626857000000000,70b3d57ed00778cc,-30,12.2,2926
device_uplink,1787626873000000000,70b3d57ed00778cc,-29,12.8,2927
device_uplink,1787626889000000000,70b3d57ed00778cc,-31,12.5,2928
device_uplink,1787626905000000000,70b3d57ed00778cc,-30,13,2929
device_uplink,1787626921000000000,70b3d57ed00778cc,-31,12,2930
device_uplink,1787626939000000000,70b3d57ed00778cc,-30,12,2931
device_uplink,1787626955000000000,70b3d57ed00778cc,-30,12.8,2932
device_uplink,1787626971000000000,70b3d57ed00778cc,-30,8.5,2933
device_uplink,1787626987000000000,70b3d57ed00778cc,-32,13,2934
device_uplink,1787627003000000000,70b3d57ed00778cc,-33,13,2935
device_uplink,1787627019000000000,70b3d57ed00778cc,-33,13,2936
device_uplink,1787627035000000000,70b3d57ed00778cc,-30,12.5,2937
device_uplink,1787627053000000000,70b3d57ed00778cc,-30,8.8,2938
device_uplink,1787627069000000000,70b3d57ed00778cc,-32,13,2939
device_uplink,1787627085000000000,70b3d57ed00778cc,-29,13.5,2940
device_uplink,1787627101000000000,70b3d57ed00778cc,-30,12.8,2941
device_uplink,1787627117000000000,70b3d57ed00778cc,-29,13.2,2942
device_uplink,1787627133000000000,70b3d57ed00778cc,-28,13.5,2943
device_uplink,1787627149000000000,70b3d57ed00778cc,-28,13.2,2944
device_uplink,1787627165000000000,70b3d57ed00778cc,-28,13.5,2945
device_uplink,1787627183000000000,70b3d57ed00778cc,-27,13.8,2946
device_uplink,1787627199000000000,70b3d57ed00778cc,-36,10.5,2947
device_uplink,1787627215000000000,70b3d57ed00778cc,-29,13.8,2948
device_uplink,1787627231000000000,70b3d57ed00778cc,-25,13.5,2949
device_uplink,1787627247000000000,70b3d57ed00778cc,-25,11.2,2950
device_uplink,1787627263000000000,70b3d57ed00778cc,-25,13.8,2951
device_uplink,1787627279000000000,70b3d57ed00778cc,-26,13.8,2952
device_uplink,1787627295000000000,70b3d57ed00778cc,-24,13.2,2953
device_uplink,1787627313000000000,70b3d57ed00778cc,-25,10.5,2954
device_uplink,1787627329000000000,70b3d57ed00778cc,-26,13.5,2955
device_uplink,1787627345000000000,70b3d57ed00778cc,-25,14,2956
device_uplink,1787627361000000000,70b3d57ed00778cc,-26,13.5,2957
device_uplink,1787627377000000000,70b3d57ed00778cc,-27,13.2,2958
device_uplink,1787627393000000000,70b3d57ed00778cc,-26,13,2959
device_uplink,1787627409000000000,70b3d57ed00778cc,-25,13.2,2960
device_uplink,1787627425000000000,70b3d57ed00778cc,-25,13.5,2961
device_uplink,1787627441000000000,70b3d57ed00778cc,-25,10.8,2962
device_uplink,1787627459000000000,70b3d57ed00778cc,-25,13.8,2963
device_uplink,1787627475000000000,70b3d57ed00778cc,-26,13.5,2964
device_uplink,1787627491000000000,70b3d57ed00778cc,-27,13.8,2965
device_uplink,1787627507000000000,70b3d57ed00778cc,-27,13.8,2966
device_uplink,1787627523000000000,70b3d57ed00778cc,-26,13.5,2967
device_uplink,1787627539000000000,70b3d57ed00778cc,-26,13.8,2968
device_uplink,1787627555000000000,70b3d57ed00778cc,-26,13,2969
device_uplink,1787627571000000000,70b3d57ed00778cc,-25,11.5,2970
device_uplink,1787627589000000000,70b3d57ed00778cc,-25,13.5,2971
device_uplink,1787627605000000000,70b3d57ed00778cc,-25,13,2972
device_uplink,1787627621000000000,70b3d57ed0077801,-24,13.5,19
device_uplink,1787627621000000000,70b3d57ed00778cc,-26,13.2,2973
device_uplink,1787627637000000000,70b3d57ed00778cc,-27,13.5,2974
device_uplink,1787627653000000000,70b3d57ed00778cc,-27,13.8,2975
device_uplink,1787627669000000000,70b3d57ed00778cc,-27,13.8,2976
device_uplink,1787627685000000000,70b3d57ed00778cc,-27,13.8,2977
device_uplink,1787627703000000000,70b3d57ed00778cc,-29,13.8,2978
device_uplink,1787627719000000000,70b3d57ed00778cc,-29,13.5,2979
device_uplink,1787627735000000000,70b3d57ed00778cc,-29,10,2980
device_uplink,1787627751000000000,70b3d57ed00778cc,-28,14,2981
device_uplink,1787627767000000000,70b3d57ed00778cc,-29,13.5,2982
device_uplink,1787627783000000000,70b3d57ed00778cc,-28,13.2,2983
device_uplink,1787627799000000000,70b3d57ed00778cc,-28,13.5,2984
device_uplink,1787627815000000000,70b3d57ed00778cc,-28,13.5,2985
device_uplink,1787627833000000000,70b3d57ed00778cc,-27,11.2,2986
device_uplink,1787627849000000000,70b3d57ed00778cc,-27,13.2,2987
device_uplink,1787627865000000000,70b3d57ed00778cc,-27,13.2,2988
device_uplink,1787627881000000000,70b3d57ed00778cc,-27,13.8,2989
device_uplink,1787627897000000000,70b3d57ed00778cc,-27,13.2,2990
device_uplink,1787627913000000000,70b3d57ed00778cc,-26,13.5,2991
device_uplink,1787627929000000000,70b3d57ed00778cc,-25,13.5,2992
device_uplink,1787627945000000000,70b3d57ed00778cc,-24,13.5,2993
device_uplink,1787627963000000000,70b3d57ed00778cc,-26,13,2994
device_uplink,1787627979000000000,70b3d57ed00778cc,-24,10.8,2995
device_uplink,1787627995000000000,70b3d57ed00778cc,-25,13.8,2996
device_uplink,1787628011000000000,70b3d57ed00778cc,-25,13.5,2997
device_uplink,1787628027000000000,70b3d57ed00778cc,-26,13.2,2998
device_uplink,1787628043000000000,70b3d57ed00778cc,-26,13.5,2999
device_uplink,1787628059000000000,70b3d57ed00778cc,-25,13.8,3000
device_uplink,1787628077000000000,70b3d57ed00778cc,-25,13,3001
device_uplink,1787628093000000000,70b3d57ed00778cc,-25,11.5,3002
device_uplink,1787628109000000000,70b3d57ed00778cc,-26,13.8,3003
device_uplink,1787628125000000000,70b3d57ed00778cc,-25,13.2,3004
device_uplink,1787628141000000000,70b3d57ed00778cc,-26,13.5,3005
device_uplink,1787628157000000000,70b3d57ed00778cc,-25,13,3006
device_uplink,1787628173000000000,70b3d57ed00778cc,-26,13.5,3007
device_uplink,1787628189000000000,70b3d57ed00778cc,-26,14,3008
device_uplink,1787628207000000000,70b3d57ed00778cc,-26,13.5,3009
device_uplink,1787628223000000000,70b3d57ed00778cc,-26,13,3010
device_uplink,1787628239000000000,70b3d57ed00778cc,-25,13.5,3011
device_uplink,1787628255000000000,70b3d57ed00778cc,-25,11.5,3012
device_uplink,1787628271000000000,70b3d57ed00778cc,-25,13.5,3013
device_uplink,1787628287000000000,70b3d57ed00778cc,-25,13.5,3014
device_uplink,1787628303000000000,70b3d57ed00778cc,-26,13.8,3015
device_uplink,1787628319000000000,70b3d57ed00778cc,-25,13.5,3016
device_uplink,1787628337000000000,70b3d57ed00778cc,-25,13,3017
device_uplink,1787628353000000000,70b3d57ed00778cc,-25,13.5,3018
device_uplink,1787628369000000000,70b3d57ed00778cc,-26,13.5,3019
device_uplink,1787628385000000000,70b3d57ed00778cc,-26,11,3020
device_uplink,1787628401000000000,70b3d57ed00778cc,-26,13.5,3021
device_uplink,1787628417000000000,70b3d57ed00778cc,-26,13.5,3022
device_uplink,1787628433000000000,70b3d57ed00778cc,-26,13.2,3023
device_uplink,1787628451000000000,70b3d57ed00778cc,-28,13.2,3024
device_uplink,1787628467000000000,70b3d57ed00778cc,-28,13.5,3025
device_uplink,1787628483000000000,70b3d57ed00778cc,-27,13.5,3026
device_uplink,1787628499000000000,70b3d57ed00778cc,-28,13.8,3027
device_uplink,1787628515000000000,70b3d57ed00778cc,-26,12.8,3028
device_uplink,1787628529000000000,70b3d57ed0077801,-28,13.5,20
device_uplink,1787628531000000000,70b3d57ed00778cc,-26,13.2,3029
device_uplink,1787628547000000000,70b3d57ed00778cc,-26,13,3030
device_uplink,1787628565000000000,70b3d57ed00778cc,-25,11.5,3031
device_uplink,1787628581000000000,70b3d57ed00778cc,-26,13.5,3032
device_uplink,1787628597000000000,70b3d57ed00778cc,-25,13.5,3033
device_uplink,1787628613000000000,70b3d57ed00778cc,-25,13.5,3034
device_uplink,1787628629000000000,70b3d57ed00778cc,-25,13.5,3035
device_uplink,1787628645000000000,70b3d57ed00778cc,-26,12.8,3036
device_uplink,1787628661000000000,70b3d57ed00778cc,-26,13.2,3037
device_uplink,1787628677000000000,70b3d57ed00778cc,-26,13.5,3038
device_uplink,1787628695000000000,70b3d57ed00778cc,-25,13.5,3039
device_uplink,1787628711000000000,70b3d57ed00778cc,-25,11.5,3040
device_uplink,1787628727000000000,70b3d57ed00778cc,-26,13.5,3041
device_uplink,1787628743000000000,70b3d57ed00778cc,-25,13.5,3042
device_uplink,1787628759000000000,70b3d57ed00778cc,-26,13.5,3043
device_uplink,1787628775000000000,70b3d57ed00778cc,-26,13.2,3044
device_uplink,1787628791000000000,70b3d57ed00778cc,-26,13.8,3045
device_uplink,1787628809000000000,70b3d57ed00778cc,-25,11.2,3046
device_uplink,1787628825000000000,70b3d57ed00778cc,-27,13.8,3047
device_uplink,1787628841000000000,70b3d57ed00778cc,-26,13.8,3048
device_uplink,1787628857000000000,70b3d57ed00778cc,-26,13.5,3049
device_uplink,1787628873000000000,70b3d57ed00778cc,-26,13.5,3050
device_uplink,1787628889000000000,70b3d57ed00778cc,-26,13.2,3051
device_uplink,1787628905000000000,70b3d57ed00778cc,-26,13.5,3052
device_uplink,1787628923000000000,70b3d57ed00778cc,-27,13.8,3053
device_uplink,1787628939000000000,70b3d57ed00778cc,-25,11.5,3054
device_uplink,1787628955000000000,70b3d57ed00778cc,-26,13.5,3055
device_uplink,1787628971000000000,70b3d57ed00778cc,-24,13.2,3056
device_uplink,1787628987000000000,70b3d57ed00778cc,-24,13.8,3057
device_uplink,1787629003000000000,70b3d57ed00778cc,-26,13.5,3058
device_uplink,1787629019000000000,70b3d57ed00778cc,-25,13.8,3059
device_uplink,1787629035000000000,70b3d57ed00778cc,-25,11.8,3060
device_uplink,1787629053000000000,70b3d57ed00778cc,-25,13.2,3061
device_uplink,1787629069000000000,70b3d57ed00778cc,-25,13,3062
device_uplink,1787629085000000000,70b3d57ed00778cc,-25,13.5,3063
device_uplink,1787629101000000000,70b3d57ed00778cc,-26,13.5,3064
device_uplink,1787629117000000000,70b3d57ed00778cc,-25,13.2,3065
device_uplink,1787629133000000000,70b3d57ed00778cc,-26,13.5,3066
device_uplink,1787629151000000000,70b3d57ed00778cc,-26,13.5,3067
device_uplink,1787629167000000000,70b3d57ed00778cc,-25,13.2,3068
device_uplink,1787629183000000000,70b3d57ed00778cc,-26,13.8,3069
device_uplink,1787629199000000000,70b3d57ed00778cc,-25,13.5,3070
device_uplink,1787629215000000000,70b3d57ed00778cc,-25,13.2,3071
device_uplink,1787629231000000000,70b3d57ed00778cc,-25,9.2,3072
device_uplink,1787629247000000000,70b3d57ed00778cc,-25,13.5,3073
device_uplink,1787629263000000000,70b3d57ed00778cc,-26,13.8,3074
device_uplink,1787629279000000000,70b3d57ed00778cc,-26,12,3075
device_uplink,1787629297000000000,70b3d57ed00778cc,-26,12.8,3076
device_uplink,1787629313000000000,70b3d57ed00778cc,-25,11.5,3077
device_uplink,1787629329000000000,70b3d57ed00778cc,-25,13.5,3078
device_uplink,1787629345000000000,70b3d57ed00778cc,-27,13.5,3079
device_uplink,1787629361000000000,70b3d57ed00778cc,-27,13.2,3080
device_uplink,1787629377000000000,70b3d57ed00778cc,-25,13.5,3081
device_uplink,1787629393000000000,70b3d57ed00778cc,-26,13.2,3082
device_uplink,1787629409000000000,70b3d57ed00778cc,-26,13.2,3083
device_uplink,1787629427000000000,70b3d57ed00778cc,-27,13,3084
device_uplink,1787629437000000000,70b3d57ed0077801,-28,13,21
device_uplink,1787629443000000000,70b3d57ed00778cc,-27,13.5,3085
device_uplink,1787629459000000000,70b3d57ed00778cc,-25,11.5,3086
device_uplink,1787629475000000000,70b3d57ed00778cc,-26,13.8,3087
device_uplink,1787629491000000000,70b3d57ed00778cc,-26,13.2,3088
device_uplink,1787629507000000000,70b3d57ed00778cc,-25,13.5,3089
device_uplink,1787629525000000000,70b3d57ed00778cc,-25,11.2,3090
device_uplink,1787629541000000000,70b3d57ed00778cc,-26,13.5,3091
device_uplink,1787629557000000000,70b3d57ed00778cc,-25,13.5,3092
device_uplink,1787629573000000000,70b3d57ed00778cc,-26,13.5,3093
device_uplink,1787629589000000000,70b3d57ed00778cc,-25,12.8,3094
device_uplink,1787629605000000000,70b3d57ed00778cc,-27,13.8,3095
device_uplink,1787629621000000000,70b3d57ed00778cc,-26,13,3096
device_uplink,1787629637000000000,70b3d57ed00778cc,-26,13.5,3097
device_uplink,1787629655000000000,70b3d57ed00778cc,-27,10.5,3098
device_uplink,1787629671000000000,70b3d57ed00778cc,-27,13.2,3099
device_uplink,1787629687000000000,70b3d57ed00778cc,-26,13.2,3100
device_uplink,1787629703000000000,70b3d57ed00778cc,-27,13.5,3101
device_uplink,1787629719000000000,70b3d57ed00778cc,-25,13.2,3102
device_uplink,1787629735000000000,70b3d57ed00778cc,-26,13.2,3103
device_uplink,1787629751000000000,70b3d57ed00778cc,-27,13.5,3104
device_uplink,1787629769000000000,70b3d57ed00778cc,-27,13.2,3105
device_uplink,1787629785000000000,70b3d57ed00778cc,-27,13.5,3106
device_uplink,1787629801000000000,70b3d57ed00778cc,-27,10.8,3107
device_uplink,1787629817000000000,70b3d57ed00778cc,-27,13.2,3108
device_uplink,1787629833000000000,70b3d57ed00778cc,-27,13.8,3109
device_uplink,1787629849000000000,70b3d57ed00778cc,-27,13.2,3110
device_uplink,1787629865000000000,70b3d57ed00778cc,-27,13.2,3111
device_uplink,1787629883000000000,70b3d57ed00778cc,-26,13.8,3112
device_uplink,1787629899000000000,70b3d57ed00778cc,-26,13.2,3113
device_uplink,1787629915000000000,70b3d57ed00778cc,-27,11.5,3114
device_uplink,1787629931000000000,70b3d57ed00778cc,-27,13.8,3115
device_uplink,1787629947000000000,70b3d57ed00778cc,-26,13.2,3116
device_uplink,1787629963000000000,70b3d57ed00778cc,-26,13.2,3117
device_uplink,1787629979000000000,70b3d57ed00778cc,-28,13.5,3118
device_uplink,1787629995000000000,70b3d57ed00778cc,-30,12.8,3119
device_uplink,1787630013000000000,70b3d57ed00778cc,-31,13,3120
device_uplink,1787630029000000000,70b3d57ed00778cc,-28,13.8,3121
device_uplink,1787630045000000000,70b3d57ed00778cc,-30,11.5,3122
device_uplink,1787630061000000000,70b3d57ed00778cc,-30,12.5,3123
device_uplink,1787630077000000000,70b3d57ed00778cc,-30,13.2,3124
device_uplink,1787630093000000000,70b3d57ed00778cc,-28,13.8,3125
device_uplink,1787630109000000000,70b3d57ed00778cc,-29,10.5,3126
device_uplink,1787630127000000000,70b3d57ed00778cc,-27,13.8,3127
device_uplink,1787630143000000000,70b3d57ed00778cc,-28,13.5,3128
device_uplink,1787630159000000000,70b3d57ed00778cc,-29,13.8,3129
device_uplink,1787630175000000000,70b3d57ed00778cc,-27,13.5,3130
device_uplink,1787630191000000000,70b3d57ed00778cc,-27,10.2,3131
device_uplink,1787630207000000000,70b3d57ed00778cc,-27,13.5,3132
device_uplink,1787630223000000000,70b3d57ed00778cc,-28,13.2,3133
device_uplink,1787630241000000000,70b3d57ed00778cc,-26,13,3134
device_uplink,1787630257000000000,70b3d57ed00778cc,-27,13.2,3135
device_uplink,1787630273000000000,70b3d57ed00778cc,-28,13.5,3136
device_uplink,1787630289000000000,70b3d57ed00778cc,-27,13.5,3137
device_uplink,1787630305000000000,70b3d57ed00778cc,-27,13.8,3138
device_uplink,1787630321000000000,70b3d57ed00778cc,-27,13.8,3139
device_uplink,1787630337000000000,70b3d57ed00778cc,-26,13.2,3140
device_uplink,1787630344000000000,70b3d57ed0077801,-27,13.8,22
device_uplink,1787630353000000000,70b3d57ed00778cc,-27,13.8,3141
device_uplink,1787630371000000000,70b3d57ed00778cc,-26,11.2,3142
device_uplink,1787630387000000000,70b3d57ed00778cc,-26,13,3143
device_uplink,1787630403000000000,70b3d57ed00778cc,-28,13.5,3144
device_uplink,1787630419000000000,70b3d57ed00778cc,-26,13.5,3145
device_uplink,1787630435000000000,70b3d57ed00778cc,-27,13.5,3146
device_uplink,1787630451000000000,70b3d57ed00778cc,-27,13.2,3147
device_uplink,1787630469000000000,70b3d57ed00778cc,-26,11.2,3148
device_uplink,1787630485000000000,70b3d57ed00778cc,-28,13,3149
device_uplink,1787630501000000000,70b3d57ed00778cc,-27,13.8,3150
device_uplink,1787630517000000000,70b3d57ed00778cc,-27,13.2,3151
device_uplink,1787630533000000000,70b3d57ed00778cc,-27,13.8,3152
device_uplink,1787630549000000000,70b3d57ed00778cc,-27,13.2,3153
device_uplink,1787630565000000000,70b3d57ed00778cc,-28,13.8,3154
device_uplink,1787630581000000000,70b3d57ed00778cc,-27,13,3155
device_uplink,1787630599000000000,70b3d57ed00778cc,-27,14,3156
device_uplink,1787630615000000000,70b3d57ed00778cc,-28,13.5,3157
device_uplink,1787630631000000000,70b3d57ed00778cc,-26,13.2,3158
device_uplink,1787630647000000000,70b3d57ed00778cc,-27,13.2,3159
device_uplink,1787630663000000000,70b3d57ed00778cc,-27,11,3160
device_uplink,1787630679000000000,70b3d57ed00778cc,-27,13.2,3161
device_uplink,1787630695000000000,70b3d57ed00778cc,-28,14.2,3162
device_uplink,1787630711000000000,70b3d57ed00778cc,-27,13.5,3163
device_uplink,1787630729000000000,70b3d57ed00778cc,-28,13.5,3164
device_uplink,1787630745000000000,70b3d57ed00778cc,-27,13.2,3165
device_uplink,1787630761000000000,70b3d57ed00778cc,-27,13.2,3166
device_uplink,1787630777000000000,70b3d57ed00778cc,-26,11.2,3167
device_uplink,1787630793000000000,70b3d57ed00778cc,-26,13.2,3168
device_uplink,1787630809000000000,70b3d57ed00778cc,-27,13.8,3169
device_uplink,1787630825000000000,70b3d57ed00778cc,-27,13.2,3170
device_uplink,1787630841000000000,70b3d57ed00778cc,-27,14,3171
device_uplink,1787630859000000000,70b3d57ed00778cc,-27,13.2,3172
device_uplink,1787630875000000000,70b3d57ed00778cc,-28,13.5,3173
device_uplink,1787630891000000000,70b3d57ed00778cc,-28,13.2,3174
device_uplink,1787630907000000000,70b3d57ed00778cc,-28,10.8,3175
device_uplink,1787630923000000000,70b3d57ed00778cc,-28,13.8,3176
device_uplink,1787630939000000000,70b3d57ed00778cc,-28,13.5,3177
device_uplink,1787630955000000000,70b3d57ed00778cc,-29,13.8,3178
device_uplink,1787630971000000000,70b3d57ed00778cc,-29,13.5,3179
device_uplink,1787630989000000000,70b3d57ed00778cc,-28,13.5,3180
device_uplink,1787631005000000000,70b3d57ed00778cc,-26,13.8,3181
device_uplink,1787631021000000000,70b3d57ed00778cc,-26,13.5,3182
device_uplink,1787631037000000000,70b3d57ed00778cc,-26,11.5,3183
device_uplink,1787631053000000000,70b3d57ed00778cc,-26,13,3184
device_uplink,1787631069000000000,70b3d57ed00778cc,-26,13.8,3185
device_uplink,1787631087000000000,70b3d57ed00778cc,-26,13.2,3186
device_uplink,1787631103000000000,70b3d57ed00778cc,-26,14,3187
device_uplink,1787631119000000000,70b3d57ed00778cc,-26,12.2,3188
device_uplink,1787631135000000000,70b3d57ed00778cc,-25,13.5,3189
device_uplink,1787631151000000000,70b3d57ed00778cc,-25,11.5,3190
device_uplink,1787631167000000000,70b3d57ed00778cc,-25,13.5,3191
device_uplink,1787631185000000000,70b3d57ed00778cc,-25,13.5,3192
device_uplink,1787631201000000000,70b3d57ed00778cc,-25,13.5,3193
device_uplink,1787631217000000000,70b3d57ed00778cc,-26,13.5,3194
device_uplink,1787631233000000000,70b3d57ed00778cc,-25,13.5,3195
device_uplink,1787631249000000000,70b3d57ed00778cc,-25,11.5,3196
device_uplink,1787631252000000000,70b3d57ed0077801,-28,13.2,23
device_uplink,1787631265000000000,70b3d57ed00778cc,-26,13.8,3197
device_uplink,1787631281000000000,70b3d57ed00778cc,-27,13.5,3198
device_uplink,1787631297000000000,70b3d57ed00778cc,-27,13.8,3199
device_uplink,1787631315000000000,70b3d57ed00778cc,-26,13.2,3200
device_uplink,1787631331000000000,70b3d57ed00778cc,-27,13.5,3201
device_uplink,1787631347000000000,70b3d57ed00778cc,-25,13.2,3202
device_uplink,1787631363000000000,70b3d57ed00778cc,-27,13.8,3203
device_uplink,1787631379000000000,70b3d57ed00778cc,-26,13.2,3204
device_uplink,1787631395000000000,70b3d57ed00778cc,-27,13.2,3205
device_uplink,1787631411000000000,70b3d57ed00778cc,-25,11.5,3206
device_uplink,1787631427000000000,70b3d57ed00778cc,-27,13.8,3207
device_uplink,1787631445000000000,70b3d57ed00778cc,-26,13.2,3208
device_uplink,1787631461000000000,70b3d57ed00778cc,-28,13,3209
device_uplink,1787631477000000000,70b3d57ed00778cc,-30,13.2,3210
device_uplink,1787631493000000000,70b3d57ed00778cc,-30,11.5,3211
device_uplink,1787631509000000000,70b3d57ed00778cc,-28,14,3212
device_uplink,1787631525000000000,70b3d57ed00778cc,-29,12.8,3213
device_uplink,1787631541000000000,70b3d57ed00778cc,-28,11,3214
device_uplink,1787631559000000000,70b3d57ed00778cc,-29,13.5,3215
device_uplink,1787631575000000000,70b3d57ed00778cc,-28,13.2,3216
device_uplink,1787631591000000000,70b3d57ed00778cc,-26,13.2,3217
device_uplink,1787631607000000000,70b3d57ed00778cc,-28,13.2,3218
device_uplink,1787631623000000000,70b3d57ed00778cc,-29,13,3219
device_uplink,1787631639000000000,70b3d57ed00778cc,-28,13.5,3220
device_uplink,1787631655000000000,70b3d57ed00778cc,-28,14,3221
device_uplink,1787631673000000000,70b3d57ed00778cc,-29,13.2,3222
device_uplink,1787631689000000000,70b3d57ed00778cc,-28,11.2,3223
device_uplink,1787631705000000000,70b3d57ed00778cc,-28,13.2,3224
device_uplink,1787631721000000000,70b3d57ed00778cc,-27,13.8,3225
device_uplink,1787631737000000000,70b3d57ed00778cc,-27,13,3226
device_uplink,1787631753000000000,70b3d57ed00778cc,-27,13.2,3227
device_uplink,1787631771000000000,70b3d57ed00778cc,-27,13.5,3228
device_uplink,1787631787000000000,70b3d57ed00778cc,-28,14,3229
device_uplink,1787631803000000000,70b3d57ed00778cc,-28,13.5,3230
device_uplink,1787631819000000000,70b3d57ed00778cc,-25,13.5,3231
device_uplink,1787631835000000000,70b3d57ed00778cc,-28,11.5,3232
device_uplink,1787631851000000000,70b3d57ed00778cc,-27,13.8,3233
device_uplink,1787631867000000000,70b3d57ed00778cc,-27,13.8,3234
device_uplink,1787631885000000000,70b3d57ed00778cc,-27,13.5,3235
device_uplink,1787631901000000000,70b3d57ed00778cc,-27,13.2,3236
device_uplink,1787631917000000000,70b3d57ed00778cc,-27,13.8,3237
device_uplink,1787631933000000000,70b3d57ed00778cc,-26,11.2,3238
device_uplink,1787631949000000000,70b3d57ed00778cc,-28,14,3239
device_uplink,1787631965000000000,70b3d57ed00778cc,-28,13.5,3240
device_uplink,1787631983000000000,70b3d57ed00778cc,-27,13.5,3241
device_uplink,1787631999000000000,70b3d57ed00778cc,-27,13.5,3242
device_uplink,1787632015000000000,70b3d57ed00778cc,-29,13.8,3243
device_uplink,1787632031000000000,70b3d57ed00778cc,-27,13.2,3244
device_uplink,1787632047000000000,70b3d57ed00778cc,-28,13.5,3245
device_uplink,1787632063000000000,70b3d57ed00778cc,-27,13.5,3246
device_uplink,1787632079000000000,70b3d57ed00778cc,-28,14,3247
device_uplink,1787632095000000000,70b3d57ed00778cc,-27,11.5,3248
device_uplink,1787632113000000000,70b3d57ed00778cc,-27,13.8,3249
device_uplink,1787632129000000000,70b3d57ed00778cc,-27,13.8,3250
device_uplink,1787632145000000000,70b3d57ed00778cc,-28,13.8,3251
device_uplink,1787632160000000000,70b3d57ed0077801,-27,13.5,24
device_uplink,1787632161000000000,70b3d57ed00778cc,-28,11.2,3252
device_uplink,1787632177000000000,70b3d57ed00778cc,-28,14,3253
device_uplink,1787632193000000000,70b3d57ed00778cc,-29,13.2,3254
device_uplink,1787632209000000000,70b3d57ed00778cc,-28,13.8,3255
device_uplink,1787632227000000000,70b3d57ed00778cc,-27,13.2,3256
device_uplink,1787632243000000000,70b3d57ed00778cc,-29,13.2,3257
device_uplink,1787632259000000000,70b3d57ed00778cc,-29,13,3258
device_uplink,1787632275000000000,70b3d57ed00778cc,-29,13.5,3259
device_uplink,1787632291000000000,70b3d57ed00778cc,-27,10.8,3260
device_uplink,1787632307000000000,70b3d57ed00778cc,-29,13.8,3261
device_uplink,1787632323000000000,70b3d57ed00778cc,-28,13.5,3262
device_uplink,1787632339000000000,70b3d57ed00778cc,-29,13.2,3263
device_uplink,1787632355000000000,70b3d57ed00778cc,-28,13.8,3264
device_uplink,1787632371000000000,70b3d57ed00778cc,-28,13.5,3265
device_uplink,1787632389000000000,70b3d57ed00778cc,-29,14,3266
device_uplink,1787632405000000000,70b3d57ed00778cc,-27,14,3267
device_uplink,1787632421000000000,70b3d57ed00778cc,-27,13.8,3268
device_uplink,1787632437000000000,70b3d57ed00778cc,-27,10,3269
device_uplink,1787632453000000000,70b3d57ed00778cc,-28,13,3270
device_uplink,1787632469000000000,70b3d57ed00778cc,-29,13.5,3271
device_uplink,1787632485000000000,70b3d57ed00778cc,-28,13.8,3272
device_uplink,1787632501000000000,70b3d57ed00778cc,-29,13.2,3273
device_uplink,1787632517000000000,70b3d57ed00778cc,-29,10.2,3274
device_uplink,1787632535000000000,70b3d57ed00778cc,-28,12.8,3275
device_uplink,1787632551000000000,70b3d57ed00778cc,-30,13.2,3276
device_uplink,1787632567000000000,70b3d57ed00778cc,-28,13.8,3277
device_uplink,1787632583000000000,70b3d57ed00778cc,-30,13.2,3278
device_uplink,1787632599000000000,70b3d57ed00778cc,-28,13.5,3279
device_uplink,1787632617000000000,70b3d57ed00778cc,-30,13.2,3280
device_uplink,1787632633000000000,70b3d57ed00778cc,-30,13.2,3281
device_uplink,1787632649000000000,70b3d57ed00778cc,-27,13,3282
device_uplink,1787632665000000000,70b3d57ed00778cc,-25,11.5,3283
device_uplink,1787632681000000000,70b3d57ed00778cc,-26,13.5,3284
device_uplink,1787632697000000000,70b3d57ed00778cc,-26,13.5,3285
device_uplink,1787632713000000000,70b3d57ed00778cc,-28,13.8,3286
device_uplink,1787632729000000000,70b3d57ed00778cc,-28,13.5,3287
device_uplink,1787632747000000000,70b3d57ed00778cc,-26,13.2,3288
device_uplink,1787632763000000000,70b3d57ed00778cc,-33,12.2,3289
device_uplink,1787632779000000000,70b3d57ed00778cc,-29,13.2,3290
device_uplink,1787632795000000000,70b3d57ed00778cc,-26,13.2,3291
device_uplink,1787632811000000000,70b3d57ed00778cc,-28,14,3292
device_uplink,1787632827000000000,70b3d57ed00778cc,-28,13.5,3293
device_uplink,1787632843000000000,70b3d57ed00778cc,-28,13.5,3294
device_uplink,1787632859000000000,70b3d57ed00778cc,-30,12.8,3295
device_uplink,1787632877000000000,70b3d57ed00778cc,-28,10.2,3296
device_uplink,1787632893000000000,70b3d57ed00778cc,-30,12,3297
device_uplink,1787632909000000000,70b3d57ed00778cc,-30,12,3298
device_uplink,1787632925000000000,70b3d57ed00778cc,-31,13.2,3299
device_uplink,1787632941000000000,70b3d57ed00778cc,-29,10.5,3300
device_uplink,1787632957000000000,70b3d57ed00778cc,-28,13,3301
device_uplink,1787632975000000000,70b3d57ed00778cc,-29,13.5,3302
device_uplink,1787632991000000000,70b3d57ed00778cc,-30,10.2,3303
device_uplink,1787633007000000000,70b3d57ed00778cc,-27,13.2,3304
device_uplink,1787633023000000000,70b3d57ed00778cc,-26,13.5,3305
device_uplink,1787633039000000000,70b3d57ed00778cc,-29,12.5,3306
device_uplink,1787633055000000000,70b3d57ed00778cc,-29,10,3307
device_uplink,1787633068000000000,70b3d57ed0077801,-25,11.5,25
device_uplink,1787633071000000000,70b3d57ed00778cc,-30,13,3308
device_uplink,1787633087000000000,70b3d57ed00778cc,-29,13.5,3309
device_uplink,1787633105000000000,70b3d57ed00778cc,-28,13.8,3310
device_uplink,1787633121000000000,70b3d57ed00778cc,-29,13.5,3311
device_uplink,1787633137000000000,70b3d57ed00778cc,-29,14,3312
device_uplink,1787633153000000000,70b3d57ed00778cc,-30,12,3313
device_uplink,1787633169000000000,70b3d57ed00778cc,-30,11.2,3314
device_uplink,1787633185000000000,70b3d57ed00778cc,-30,10.2,3315
device_uplink,1787633201000000000,70b3d57ed00778cc,-28,14,3316
device_uplink,1787633217000000000,70b3d57ed00778cc,-31,13,3317
device_uplink,1787633235000000000,70b3d57ed00778cc,-29,13.8,3318
device_uplink,1787633251000000000,70b3d57ed00778cc,-28,10.8,3319
device_uplink,1787633267000000000,70b3d57ed00778cc,-29,12.8,3320
device_uplink,1787633283000000000,70b3d57ed00778cc,-29,13.2,3321
device_uplink,1787633299000000000,70b3d57ed00778cc,-38,8.8,3322
device_uplink,1787633315000000000,70b3d57ed00778cc,-29,13.2,3323
device_uplink,1787633333000000000,70b3d57ed00778cc,-33,13,3324
device_uplink,1787633349000000000,70b3d57ed00778cc,-29,12.8,3325
device_uplink,1787633365000000000,70b3d57ed00778cc,-29,13.2,3326
device_uplink,1787633381000000000,70b3d57ed00778cc,-31,12.2,3327
device_uplink,1787633397000000000,70b3d57ed00778cc,-32,13,3328
device_uplink,1787633413000000000,70b3d57ed00778cc,-32,12.5,3329
device_uplink,1787633429000000000,70b3d57ed00778cc,-32,12.5,3330
device_uplink,1787633445000000000,70b3d57ed00778cc,-33,12.5,3331
device_uplink,1787633461000000000,70b3d57ed00778cc,-34,11.2,3332
device_uplink,1787633479000000000,70b3d57ed00778cc,-41,10.5,3333
device_uplink,1787633495000000000,70b3d57ed00778cc,-35,12.5,3334
device_uplink,1787633511000000000,70b3d57ed00778cc,-31,11,3335
device_uplink,1787633527000000000,70b3d57ed00778cc,-33,12.8,3336
device_uplink,1787633543000000000,70b3d57ed00778cc,-34,12.8,3337
device_uplink,1787633559000000000,70b3d57ed00778cc,-36,12,3338
device_uplink,1787633577000000000,70b3d57ed00778cc,-31,13,3339
device_uplink,1787633593000000000,70b3d57ed00778cc,-28,11,3340
device_uplink,1787633609000000000,70b3d57ed00778cc,-28,13.5,3341
device_uplink,1787633625000000000,70b3d57ed00778cc,-28,13.5,3342
device_uplink,1787633641000000000,70b3d57ed00778cc,-28,13.8,3343
device_uplink,1787633657000000000,70b3d57ed00778cc,-32,12.2,3344
device_uplink,1787633673000000000,70b3d57ed00778cc,-31,12.5,3345
device_uplink,1787633689000000000,70b3d57ed00778cc,-33,13,3346
device_uplink,1787633707000000000,70b3d57ed00778cc,-32,12.8,3347
device_uplink,1787633723000000000,70b3d57ed00778cc,-31,13,3348
device_uplink,1787633739000000000,70b3d57ed00778cc,-31,12.2,3349
device_uplink,1787633755000000000,70b3d57ed00778cc,-34,13,3350
device_uplink,1787633771000000000,70b3d57ed00778cc,-27,10.8,3351
device_uplink,1787633787000000000,70b3d57ed00778cc,-28,13.5,3352
device_uplink,1787633803000000000,70b3d57ed00778cc,-27,13.5,3353
device_uplink,1787633821000000000,70b3d57ed00778cc,-28,14,3354
device_uplink,1787633837000000000,70b3d57ed00778cc,-27,13.5,3355
device_uplink,1787633853000000000,70b3d57ed00778cc,-28,10.8,3356
device_uplink,1787633869000000000,70b3d57ed00778cc,-28,13.8,3357
device_uplink,1787633885000000000,70b3d57ed00778cc,-28,13.8,3358
device_uplink,1787633901000000000,70b3d57ed00778cc,-28,13.8,3359
device_uplink,1787633917000000000,70b3d57ed00778cc,-29,13.5,3360
device_uplink,1787633935000000000,70b3d57ed00778cc,-29,13.8,3361
device_uplink,1787633951000000000,70b3d57ed00778cc,-31,12.8,3362
device_uplink,1787633967000000000,70b3d57ed00778cc,-29,10.2,3363
device_uplink,1787633976000000000,70b3d57ed0077801,-26,13.2,26
device_uplink,1787633983000000000,70b3d57ed00778cc,-29,13.5,3364
device_uplink,1787633999000000000,70b3d57ed00778cc,-29,14,3365
device_uplink,1787634015000000000,70b3d57ed00778cc,-29,13.5,3366
device_uplink,1787634031000000000,70b3d57ed00778cc,-30,11.5,3367
device_uplink,1787634049000000000,70b3d57ed00778cc,-28,13.2,3368
device_uplink,1787634065000000000,70b3d57ed00778cc,-30,13,3369
device_uplink,1787634081000000000,70b3d57ed00778cc,-28,13.5,3370
device_uplink,1787634097000000000,70b3d57ed00778cc,-30,13,3371
device_uplink,1787634113000000000,70b3d57ed00778cc,-28,13.5,3372
device_uplink,1787634129000000000,70b3d57ed00778cc,-32,13,3373
device_uplink,1787634145000000000,70b3d57ed00778cc,-28,10.5,3374
device_uplink,1787634163000000000,70b3d57ed00778cc,-30,9.8,3375
device_uplink,1787634179000000000,70b3d57ed00778cc,-29,13.8,3376
device_uplink,1787634195000000000,70b3d57ed00778cc,-28,13.8,3377
device_uplink,1787634211000000000,70b3d57ed00778cc,-29,13.8,3378
device_uplink,1787634227000000000,70b3d57ed00778cc,-27,10.8,3379
device_uplink,1787634243000000000,70b3d57ed00778cc,-28,14,3380
device_uplink,1787634259000000000,70b3d57ed00778cc,-27,13,3381
device_uplink,1787634275000000000,70b3d57ed00778cc,-27,13.2,3382
device_uplink,1787634293000000000,70b3d57ed00778cc,-27,13.5,3383
device_uplink,1787634309000000000,70b3d57ed00778cc,-27,13.8,3384
device_uplink,1787634325000000000,70b3d57ed00778cc,-28,14,3385
device_uplink,1787634341000000000,70b3d57ed00778cc,-27,11,3386
device_uplink,1787634357000000000,70b3d57ed00778cc,-28,13,3387
device_uplink,1787634373000000000,70b3d57ed00778cc,-28,13.5,3388
device_uplink,1787634389000000000,70b3d57ed00778cc,-27,13,3389
device_uplink,1787634405000000000,70b3d57ed00778cc,-29,13,3390
device_uplink,1787634423000000000,70b3d57ed00778cc,-28,13.2,3391
device_uplink,1787634439000000000,70b3d57ed00778cc,-28,13.8,3392
device_uplink,1787634455000000000,70b3d57ed00778cc,-28,13.8,3393
device_uplink,1787634471000000000,70b3d57ed00778cc,-28,13,3394
device_uplink,1787634487000000000,70b3d57ed00778cc,-27,13.8,3395
device_uplink,1787634503000000000,70b3d57ed00778cc,-27,13.5,3396
device_uplink,1787634521000000000,70b3d57ed00778cc,-26,13.2,3397
device_uplink,1787634537000000000,70b3d57ed00778cc,-27,13.2,3398
device_uplink,1787634553000000000,70b3d57ed00778cc,-27,13.8,3399
device_uplink,1787634569000000000,70b3d57ed00778cc,-26,11.5,3400
device_uplink,1787634585000000000,70b3d57ed00778cc,-28,13.5,3401
device_uplink,1787634601000000000,70b3d57ed00778cc,-28,11,3402
device_uplink,1787634617000000000,70b3d57ed00778cc,-27,13.8,3403
device_uplink,1787634633000000000,70b3d57ed00778cc,-30,13.2,3404
device_uplink,1787634651000000000,70b3d57ed00778cc,-30,11.8,3405
device_uplink,1787634667000000000,70b3d57ed00778cc,-27,13,3406
device_uplink,1787634683000000000,70b3d57ed00778cc,-28,13.2,3407
device_uplink,1787634699000000000,70b3d57ed00778cc,-27,13,3408
device_uplink,1787634715000000000,70b3d57ed00778cc,-27,13.5,3409
device_uplink,1787634731000000000,70b3d57ed00778cc,-27,13.5,3410
device_uplink,1787634747000000000,70b3d57ed00778cc,-27,13.2,3411
device_uplink,1787634763000000000,70b3d57ed00778cc,-27,11.2,3412
device_uplink,1787634781000000000,70b3d57ed00778cc,-27,13.8,3413
device_uplink,1787634797000000000,70b3d57ed00778cc,-29,13.8,3414
device_uplink,1787634813000000000,70b3d57ed00778cc,-32,12.5,3415
device_uplink,1787634829000000000,70b3d57ed00778cc,-30,12.2,3416
device_uplink,1787634845000000000,70b3d57ed00778cc,-30,10.5,3417
device_uplink,1787634861000000000,70b3d57ed00778cc,-29,13.2,3418
device_uplink,1787634877000000000,70b3d57ed00778cc,-27,13.5,3419
device_uplink,1787634884000000000,70b3d57ed0077801,-27,13.5,27
device_uplink,1787634895000000000,70b3d57ed00778cc,-28,13.5,3420
device_uplink,1787634911000000000,70b3d57ed00778cc,-28,13.2,3421
device_uplink,1787634927000000000,70b3d57ed00778cc,-26,13.2,3422
device_uplink,1787634943000000000,70b3d57ed00778cc,-25,13.5,3423
device_uplink,1787634959000000000,70b3d57ed00778cc,-27,11,3424
device_uplink,1787634975000000000,70b3d57ed00778cc,-27,13.8,3425
device_uplink,1787634991000000000,70b3d57ed00778cc,-26,13.2,3426
device_uplink,1787635009000000000,70b3d57ed00778cc,-26,11.2,3427
device_uplink,1787635025000000000,70b3d57ed00778cc,-26,13,3428
device_uplink,1787635041000000000,70b3d57ed00778cc,-27,13.2,3429
device_uplink,1787635057000000000,70b3d57ed00778cc,-27,13.2,3430
device_uplink,1787635073000000000,70b3d57ed00778cc,-27,12,3431
device_uplink,1787635089000000000,70b3d57ed00778cc,-25,13.5,3432
device_uplink,1787635105000000000,70b3d57ed00778cc,-26,13.8,3433
device_uplink,1787635121000000000,70b3d57ed00778cc,-27,13.2,3434
device_uplink,1787635139000000000,70b3d57ed00778cc,-26,11.2,3435
device_uplink,1787635155000000000,70b3d57ed00778cc,-27,13.5,3436
device_uplink,1787635171000000000,70b3d57ed00778cc,-26,13.5,3437
device_uplink,1787635187000000000,70b3d57ed00778cc,-26,13.8,3438
device_uplink,1787635203000000000,70b3d57ed00778cc,-25,13.2,3439
device_uplink,1787635219000000000,70b3d57ed00778cc,-25,13.8,3440
device_uplink,1787635235000000000,70b3d57ed00778cc,-27,13.5,3441
device_uplink,1787635253000000000,70b3d57ed00778cc,-26,13.2,3442
device_uplink,1787635269000000000,70b3d57ed00778cc,-26,13.8,3443
device_uplink,1787635285000000000,70b3d57ed00778cc,-25,13.5,3444
device_uplink,1787635301000000000,70b3d57ed00778cc,-26,13.2,3445
device_uplink,1787635317000000000,70b3d57ed00778cc,-26,11.5,3446
device_uplink,1787635333000000000,70b3d57ed00778cc,-26,13.2,3447
device_uplink,1787635349000000000,70b3d57ed00778cc,-27,13.2,3448
device_uplink,1787635365000000000,70b3d57ed00778cc,-26,13.8,3449
device_uplink,1787635383000000000,70b3d57ed00778cc,-26,13.2,3450
device_uplink,1787635399000000000,70b3d57ed00778cc,-25,13.5,3451
device_uplink,1787635415000000000,70b3d57ed00778cc,-25,13.2,3452
device_uplink,1787635431000000000,70b3d57ed00778cc,-26,13.5,3453
device_uplink,1787635447000000000,70b3d57ed00778cc,-25,13.5,3454
device_uplink,1787635463000000000,70b3d57ed00778cc,-26,13.2,3455
device_uplink,1787635479000000000,70b3d57ed00778cc,-25,11.5,3456
device_uplink,1787635497000000000,70b3d57ed00778cc,-26,13.5,3457
device_uplink,1787635513000000000,70b3d57ed00778cc,-26,13.2,3458
device_uplink,1787635529000000000,70b3d57ed00778cc,-25,13.8,3459
device_uplink,1787635545000000000,70b3d57ed00778cc,-26,13.8,3460
device_uplink,1787635561000000000,70b3d57ed00778cc,-26,13.5,3461
device_uplink,1787635577000000000,70b3d57ed00778cc,-26,13.5,3462
device_uplink,1787635593000000000,70b3d57ed00778cc,-24,9.8,3463
device_uplink,1787635611000000000,70b3d57ed00778cc,-25,13,3464
device_uplink,1787635627000000000,70b3d57ed00778cc,-25,13.5,3465
device_uplink,1787635643000000000,70b3d57ed00778cc,-25,13.5,3466
device_uplink,1787635659000000000,70b3d57ed00778cc,-26,13.2,3467
device_uplink,1787635675000000000,70b3d57ed00778cc,-27,13,3468
device_uplink,1787635691000000000,70b3d57ed00778cc,-26,11.5,3469
device_uplink,1787635707000000000,70b3d57ed00778cc,-26,13.5,3470
device_uplink,1787635723000000000,70b3d57ed00778cc,-26,13,3471
device_uplink,1787635741000000000,70b3d57ed00778cc,-28,13.2,3472
device_uplink,1787635757000000000,70b3d57ed00778cc,-30,13.5,3473
device_uplink,1787635773000000000,70b3d57ed00778cc,-30,11.5,3474
device_uplink,1787635789000000000,70b3d57ed00778cc,-30,11,3475
device_uplink,1787635792000000000,70b3d57ed0077801,-27,13,28
device_uplink,1787635805000000000,70b3d57ed00778cc,-30,11.5,3476
device_uplink,1787635821000000000,70b3d57ed00778cc,-30,12.2,3477
device_uplink,1787635839000000000,70b3d57ed00778cc,-30,9.8,3478
device_uplink,1787635855000000000,70b3d57ed00778cc,-30,11,3479
device_uplink,1787635871000000000,70b3d57ed00778cc,-29,13.8,3480
device_uplink,1787635887000000000,70b3d57ed00778cc,-30,11.2,3481
device_uplink,1787635903000000000,70b3d57ed00778cc,-30,12,3482
device_uplink,1787635919000000000,70b3d57ed00778cc,-29,13.8,3483
device_uplink,1787635935000000000,70b3d57ed00778cc,-30,9.8,3484
device_uplink,1787635951000000000,70b3d57ed00778cc,-30,12.5,3485
device_uplink,1787635969000000000,70b3d57ed00778cc,-29,13.5,3486
device_uplink,1787635985000000000,70b3d57ed00778cc,-31,13,3487
device_uplink,1787636001000000000,70b3d57ed00778cc,-30,12,3488
device_uplink,1787636017000000000,70b3d57ed00778cc,-30,11.5,3489
device_uplink,1787636033000000000,70b3d57ed00778cc,-30,11.2,3490
device_uplink,1787636049000000000,70b3d57ed00778cc,-30,12.5,3491
device_uplink,1787636065000000000,70b3d57ed00778cc,-28,10.8,3492
device_uplink,1787636083000000000,70b3d57ed00778cc,-27,13.2,3493
device_uplink,1787636099000000000,70b3d57ed00778cc,-26,13,3494
device_uplink,1787636115000000000,70b3d57ed00778cc,-27,13.2,3495
device_uplink,1787636131000000000,70b3d57ed00778cc,-27,13.8,3496
device_uplink,1787636147000000000,70b3d57ed00778cc,-26,13.5,3497
device_uplink,1787636163000000000,70b3d57ed00778cc,-27,13.8,3498
device_uplink,1787636179000000000,70b3d57ed00778cc,-28,13.5,3499
device_uplink,1787636197000000000,70b3d57ed00778cc,-28,11,3500
device_uplink,1787636213000000000,70b3d57ed00778cc,-28,13.5,3501
device_uplink,1787636229000000000,70b3d57ed00778cc,-28,13.5,3502
device_uplink,1787636245000000000,70b3d57ed00778cc,-27,13.8,3503
device_uplink,1787636261000000000,70b3d57ed00778cc,-28,13.8,3504
device_uplink,1787636277000000000,70b3d57ed00778cc,-29,13.5,3505
device_uplink,1787636293000000000,70b3d57ed00778cc,-27,13.2,3506
device_uplink,1787636311000000000,70b3d57ed00778cc,-26,11,3507
device_uplink,1787636327000000000,70b3d57ed00778cc,-29,13.8,3508
device_uplink,1787636343000000000,70b3d57ed00778cc,-29,13.8,3509
device_uplink,1787636359000000000,70b3d57ed00778cc,-27,13.8,3510
device_uplink,1787636375000000000,70b3d57ed00778cc,-28,13.2,3511
device_uplink,1787636391000000000,70b3d57ed00778cc,-27,13.5,3512
device_uplink,1787636409000000000,70b3d57ed00778cc,-28,13.2,3513
device_uplink,1787636425000000000,70b3d57ed00778cc,-27,14,3514
device_uplink,1787636441000000000,70b3d57ed00778cc,-28,13.2,3515
device_uplink,1787636457000000000,70b3d57ed00778cc,-27,14,3516
device_uplink,1787636473000000000,70b3d57ed00778cc,-29,12.8,3517
device_uplink,1787636489000000000,70b3d57ed00778cc,-28,10.2,3518
device_uplink,1787636505000000000,70b3d57ed00778cc,-27,13.5,3519
device_uplink,1787636521000000000,70b3d57ed00778cc,-27,13.5,3520
device_uplink,1787636539000000000,70b3d57ed00778cc,-28,13.2,3521
device_uplink,1787636555000000000,70b3d57ed00778cc,-29,13.2,3522
device_uplink,1787636571000000000,70b3d57ed00778cc,-29,13,3523
device_uplink,1787636587000000000,70b3d57ed00778cc,-28,13.5,3524
device_uplink,1787636603000000000,70b3d57ed00778cc,-29,13.8,3525
device_uplink,1787636619000000000,70b3d57ed00778cc,-28,13.5,3526
device_uplink,1787636635000000000,70b3d57ed00778cc,-27,14,3527
device_uplink,1787636651000000000,70b3d57ed00778cc,-28,11,3528
device_uplink,1787636669000000000,70b3d57ed00778cc,-28,13.5,3529
device_uplink,1787636685000000000,70b3d57ed00778cc,-28,13,3530
device_uplink,1787636699000000000,70b3d57ed0077801,-25,13.8,29
device_uplink,1787636701000000000,70b3d57ed00778cc,-28,12,3531
device_uplink,1787636717000000000,70b3d57ed00778cc,-27,13.5,3532
device_uplink,1787636733000000000,70b3d57ed00778cc,-27,12.8,3533
device_uplink,1787636749000000000,70b3d57ed00778cc,-30,11.5,3534
device_uplink,1787636767000000000,70b3d57ed00778cc,-29,13.2,3535
device_uplink,1787636783000000000,70b3d57ed00778cc,-28,10.2,3536
device_uplink,1787636799000000000,70b3d57ed00778cc,-28,13.5,3537
device_uplink,1787636815000000000,70b3d57ed00778cc,-27,13,3538
device_uplink,1787636831000000000,70b3d57ed00778cc,-28,13.5,3539
device_uplink,1787636847000000000,70b3d57ed00778cc,-28,13.5,3540
device_uplink,1787636863000000000,70b3d57ed00778cc,-28,13.5,3541
device_uplink,1787636879000000000,70b3d57ed00778cc,-28,11,3542
device_uplink,1787636897000000000,70b3d57ed00778cc,-28,13.5,3543
device_uplink,1787636913000000000,70b3d57ed00778cc,-27,13,3544
device_uplink,1787636929000000000,70b3d57ed00778cc,-28,13.5,3545
device_uplink,1787636945000000000,70b3d57ed00778cc,-28,13.5,3546
device_uplink,1787636961000000000,70b3d57ed00778cc,-28,11,3547
device_uplink,1787636977000000000,70b3d57ed00778cc,-27,13.2,3548
device_uplink,1787636993000000000,70b3d57ed00778cc,-27,13.2,3549
device_uplink,1787637011000000000,70b3d57ed00778cc,-28,13.5,3550
device_uplink,1787637027000000000,70b3d57ed00778cc,-28,13.2,3551
device_uplink,1787637043000000000,70b3d57ed00778cc,-27,13,3552
device_uplink,1787637059000000000,70b3d57ed00778cc,-27,14,3553
device_uplink,1787637075000000000,70b3d57ed00778cc,-27,13.2,3554
device_uplink,1787637091000000000,70b3d57ed00778cc,-26,10.8,3555
device_uplink,1787637107000000000,70b3d57ed00778cc,-26,13.5,3556
device_uplink,1787637125000000000,70b3d57ed00778cc,-28,13,3557
device_uplink,1787637141000000000,70b3d57ed00778cc,-27,13,3558
device_uplink,1787637157000000000,70b3d57ed00778cc,-27,13,3559
device_uplink,1787637173000000000,70b3d57ed00778cc,-26,13.5,3560
device_uplink,1787637189000000000,70b3d57ed00778cc,-26,13.2,3561
device_uplink,1787637205000000000,70b3d57ed00778cc,-26,13,3562
device_uplink,1787637222000000000,70b3d57ed00778cc,-26,13.2,3563
device_uplink,1787637237000000000,70b3d57ed00778cc,-26,13.5,3564
device_uplink,1787637255000000000,70b3d57ed00778cc,-27,13.5,3565
device_uplink,1787637272000000000,70b3d57ed00778cc,-27,13.2,3566
device_uplink,1787637287000000000,70b3d57ed00778cc,-26,13.5,3567
device_uplink,1787637305000000000,70b3d57ed00778cc,-25,11.2,3568
device_uplink,1787637321000000000,70b3d57ed00778cc,-28,13.2,3569
device_uplink,1787637336000000000,70b3d57ed00778cc,-28,12.8,3570
device_uplink,1787637353000000000,70b3d57ed00778cc,-29,13.5,3571
device_uplink,1787637369000000000,70b3d57ed00778cc,-29,13.2,3572
device_uplink,1787637386000000000,70b3d57ed00778cc,-31,12.5,3573
device_uplink,1787637403000000000,70b3d57ed00778cc,-34,12,3574
device_uplink,1787637417000000000,70b3d57ed00778cc,-31,10,3575
device_uplink,1787637434000000000,70b3d57ed00778cc,-31,13,3576
device_uplink,1787637450000000000,70b3d57ed00778cc,-34,12.2,3577
device_uplink,1787637465000000000,70b3d57ed00778cc,-33,13.5,3578
device_uplink,1787637484000000000,70b3d57ed00778cc,-33,10.8,3579
device_uplink,1787637499000000000,70b3d57ed00778cc,-33,13,3580
device_uplink,1787637516000000000,70b3d57ed00778cc,-33,12.8,3581
device_uplink,1787637532000000000,70b3d57ed00778cc,-34,11.5,3582
device_uplink,1787637547000000000,70b3d57ed00778cc,-33,12.5,3583
device_uplink,1787637563000000000,70b3d57ed00778cc,-34,13,3584
device_uplink,1787637580000000000,70b3d57ed00778cc,-33,12.8,3585
device_uplink,1787637726000000000,70b3d57ed00778cc,-34,12.2,3593
device_uplink,1787637748000000000,70b3d57ed00778cc,-32,10.5,3595
device_uplink,1787637759000000000,70b3d57ed00778cc,-33,12.8,3596
device_uplink,1787637775000000000,70b3d57ed00778cc,-32,13.2,3597
device_uplink,1787637791000000000,70b3d57ed00778cc,-34,12.8,3598
device_uplink,1787637892000000000,70b3d57ed00778cc,-33,11,3604
device_uplink,1787637906000000000,70b3d57ed00778cc,-32,12.8,3605
device_uplink,1787637923000000000,70b3d57ed00778cc,-33,12,3606
device_uplink,1787637938000000000,70b3d57ed00778cc,-34,13.2,3607
device_uplink,1787640626000000000,70b3d57ed00778cc,-30,11.2,3772
device_uplink,1787640639000000000,70b3d57ed00778cc,-28,14,3773
device_uplink,1787640655000000000,70b3d57ed00778cc,-28,14,3774
device_uplink,1787640671000000000,70b3d57ed00778cc,-29,13.8,3775
device_uplink,1787640687000000000,70b3d57ed00778cc,-30,12.2,3776
device_uplink,1787648641000000000,70b3d57ed00778cc,-32,11.5,4265
device_uplink,1787648657000000000,70b3d57ed00778cc,-41,8,4266
device_uplink,1787648673000000000,70b3d57ed00778cc,-40,7.5,4267
device_uplink,1787648689000000000,70b3d57ed00778cc,-35,10.8,4268
device_uplink,1787648705000000000,70b3d57ed00778cc,-43,6.5,4269
device_uplink,1787648723000000000,70b3d57ed00778cc,-38,8.5,4270
device_uplink,1787648739000000000,70b3d57ed00778cc,-44,8.5,4271
device_uplink,1787648755000000000,70b3d57ed00778cc,-39,7.8,4272
device_uplink,1787648771000000000,70b3d57ed00778cc,-35,10.8,4273
device_uplink,1787648787000000000,70b3d57ed00778cc,-35,11.2,4274
device_uplink,1787648803000000000,70b3d57ed00778cc,-35,10.5,4275
device_uplink,1787648819000000000,70b3d57ed00778cc,-37,9,4276
device_uplink,1787648835000000000,70b3d57ed00778cc,-36,10,4277
device_uplink,1787648853000000000,70b3d57ed00778cc,-33,9.5,4278
device_uplink,1787648869000000000,70b3d57ed00778cc,-33,11.8,4279
device_uplink,1787648885000000000,70b3d57ed00778cc,-33,11.5,4280
device_uplink,1787648901000000000,70b3d57ed00778cc,-36,9.8,4281
device_uplink,1787648917000000000,70b3d57ed00778cc,-31,10.8,4282
device_uplink,1787648933000000000,70b3d57ed00778cc,-39,8.8,4283
device_uplink,1787648949000000000,70b3d57ed00778cc,-36,9.8,4284
device_uplink,1787648965000000000,70b3d57ed00778cc,-35,10.5,4285
device_uplink,1787648983000000000,70b3d57ed00778cc,-35,11.8,4286
device_uplink,1787648999000000000,70b3d57ed00778cc,-36,8.8,4287
device_uplink,1787649015000000000,70b3d57ed00778cc,-34,12,4288
device_uplink,1787649031000000000,70b3d57ed00778cc,-36,11,4289
device_uplink,1787649047000000000,70b3d57ed00778cc,-36,11.2,4290
device_uplink,1787649063000000000,70b3d57ed00778cc,-35,11.2,4291
device_uplink,1787649079000000000,70b3d57ed00778cc,-34,11.2,4292
device_uplink,1787649095000000000,70b3d57ed00778cc,-40,8,4293
device_uplink,1787649113000000000,70b3d57ed00778cc,-34,11,4294
device_uplink,1787649129000000000,70b3d57ed00778cc,-33,12.2,4295
device_uplink,1787649145000000000,70b3d57ed00778cc,-33,10.2,4296
device_uplink,1787649161000000000,70b3d57ed00778cc,-34,11.8,4297
device_uplink,1787649177000000000,70b3d57ed00778cc,-33,11.5,4298
device_uplink,1787649193000000000,70b3d57ed00778cc,-32,10.8,4299
device_uplink,1787649209000000000,70b3d57ed00778cc,-33,11,4300
device_uplink,1787649225000000000,70b3d57ed00778cc,-35,10.8,4301
device_uplink,1787649243000000000,70b3d57ed00778cc,-31,10,4302
device_uplink,1787649259000000000,70b3d57ed00778cc,-33,11.5,4303
device_uplink,1787649275000000000,70b3d57ed00778cc,-30,12,4304
device_uplink,1787649291000000000,70b3d57ed00778cc,-35,11,4305
device_uplink,1787649307000000000,70b3d57ed00778cc,-29,13,4306
device_uplink,1787649323000000000,70b3d57ed00778cc,-29,10.2,4307
device_uplink,1787649339000000000,70b3d57ed00778cc,-28,12.8,4308
device_uplink,1787649357000000000,70b3d57ed00778cc,-29,12.8,4309
device_uplink,1787649373000000000,70b3d57ed00778cc,-31,11.2,4310
device_uplink,1787649389000000000,70b3d57ed00778cc,-29,13,4311
device_uplink,1787649405000000000,70b3d57ed00778cc,-30,11.5,4312
device_uplink,1787649421000000000,70b3d57ed00778cc,-30,11.2,4313
device_uplink,1787649437000000000,70b3d57ed00778cc,-29,13,4314
device_uplink,1787649453000000000,70b3d57ed00778cc,-29,13,4315
device_uplink,1787649469000000000,70b3d57ed00778cc,-30,11.2,4316
device_uplink,1787649485000000000,70b3d57ed00778cc,-30,8,4317
device_uplink,1787649503000000000,70b3d57ed00778cc,-31,10.8,4318
device_uplink,1787649519000000000,70b3d57ed00778cc,-30,12,4319
device_uplink,1787649535000000000,70b3d57ed00778cc,-28,12.5,4320
device_uplink,1787649551000000000,70b3d57ed00778cc,-29,12.8,4321
device_uplink,1787649567000000000,70b3d57ed00778cc,-30,8.2,4322
device_uplink,1787649583000000000,70b3d57ed00778cc,-30,11.2,4323
device_uplink,1787649599000000000,70b3d57ed00778cc,-30,10,4324
device_uplink,1787649615000000000,70b3d57ed00778cc,-30,10.2,4325
device_uplink,1787649633000000000,70b3d57ed00778cc,-29,13,4326
device_uplink,1787649649000000000,70b3d57ed00778cc,-30,12.2,4327
device_uplink,1787649665000000000,70b3d57ed00778cc,-30,13,4328
device_uplink,1787649681000000000,70b3d57ed00778cc,-33,12,4329
device_uplink,1787649697000000000,70b3d57ed00778cc,-30,8.8,4330
device_uplink,1787649713000000000,70b3d57ed00778cc,-30,12.8,4331
device_uplink,1787649729000000000,70b3d57ed00778cc,-30,11,4332
device_uplink,1787649745000000000,70b3d57ed00778cc,-32,11.8,4333
device_uplink,1787649763000000000,70b3d57ed00778cc,-30,11.2,4334
device_uplink,1787649779000000000,70b3d57ed00778cc,-30,10,4335
device_uplink,1787649795000000000,70b3d57ed00778cc,-35,10.8,4336
device_uplink,1787649811000000000,70b3d57ed00778cc,-34,11.5,4337
device_uplink,1787649827000000000,70b3d57ed00778cc,-35,11,4338
device_uplink,1787649843000000000,70b3d57ed00778cc,-36,9.2,4339
device_uplink,1787649859000000000,70b3d57ed00778cc,-33,12.5,4340
device_uplink,1787649875000000000,70b3d57ed00778cc,-33,12,4341
device_uplink,1787649893000000000,70b3d57ed00778cc,-33,11.8,4342
device_uplink,1787649909000000000,70b3d57ed00778cc,-29,10.5,4343
device_uplink,1787649925000000000,70b3d57ed00778cc,-29,12.8,4344
device_uplink,1787649941000000000,70b3d57ed00778cc,-34,11.8,4345
device_uplink,1787649957000000000,70b3d57ed00778cc,-32,10,4346
device_uplink,1787649973000000000,70b3d57ed00778cc,-35,9.8,4347
device_uplink,1787649989000000000,70b3d57ed00778cc,-35,9.8,4348
device_uplink,1787650007000000000,70b3d57ed00778cc,-30,10.5,4349
device_uplink,1787650023000000000,70b3d57ed00778cc,-29,13,4350
device_uplink,1787650039000000000,70b3d57ed00778cc,-30,10,4351
device_uplink,1787650055000000000,70b3d57ed00778cc,-30,10,4352
device_uplink,1787650071000000000,70b3d57ed00778cc,-32,11.2,4353
device_uplink,1787650087000000000,70b3d57ed00778cc,-31,9.2,4354
device_uplink,1787650103000000000,70b3d57ed00778cc,-29,11.8,4355
device_uplink,1787650121000000000,70b3d57ed00778cc,-30,10,4356
device_uplink,1787650137000000000,70b3d57ed00778cc,-30,11.8,4357
device_uplink,1787650153000000000,70b3d57ed00778cc,-30,10,4358
device_uplink,1787650169000000000,70b3d57ed00778cc,-30,8.8,4359
device_uplink,1787650185000000000,70b3d57ed00778cc,-29,12.8,4360
device_uplink,1787650201000000000,70b3d57ed00778cc,-28,12.5,4361
device_uplink,1787650217000000000,70b3d57ed00778cc,-28,11.5,4362
device_uplink,1787650233000000000,70b3d57ed00778cc,-28,12.5,4363
device_uplink,1787650251000000000,70b3d57ed00778cc,-29,13,4364
device_uplink,1787650267000000000,70b3d57ed00778cc,-30,11.5,4365
device_uplink,1787650283000000000,70b3d57ed00778cc,-30,12,4366
device_uplink,1787650299000000000,70b3d57ed00778cc,-28,10.5,4367
device_uplink,1787650315000000000,70b3d57ed00778cc,-33,10.8,4368
device_uplink,1787650331000000000,70b3d57ed00778cc,-32,10.2,4369
device_uplink,1787650349000000000,70b3d57ed00778cc,-28,12.8,4370
device_uplink,1787650365000000000,70b3d57ed00778cc,-28,10.2,4371
device_uplink,1787650381000000000,70b3d57ed00778cc,-29,13,4372
device_uplink,1787650397000000000,70b3d57ed00778cc,-27,12.8,4373
device_uplink,1787650413000000000,70b3d57ed00778cc,-28,12.2,4374
device_uplink,1787650429000000000,70b3d57ed00778cc,-30,12.8,4375
device_uplink,1787650445000000000,70b3d57ed00778cc,-30,12.5,4376
device_uplink,1787650461000000000,70b3d57ed00778cc,-29,12.8,4377
device_uplink,1787650479000000000,70b3d57ed00778cc,-30,12.2,4378
device_uplink,1787650495000000000,70b3d57ed00778cc,-29,13.2,4379
device_uplink,1787650511000000000,70b3d57ed00778cc,-28,10.5,4380
device_uplink,1787650527000000000,70b3d57ed00778cc,-27,13,4381
device_uplink,1787650543000000000,70b3d57ed00778cc,-28,10.8,4382
device_uplink,1787650559000000000,70b3d57ed00778cc,-28,12.5,4383
device_uplink,1787650575000000000,70b3d57ed00778cc,-28,13,4384
device_uplink,1787650591000000000,70b3d57ed00778cc,-29,12.5,4385
device_uplink,1787650609000000000,70b3d57ed00778cc,-28,12.2,4386
device_uplink,1787650625000000000,70b3d57ed00778cc,-28,13.2,4387
device_uplink,1787650641000000000,70b3d57ed00778cc,-32,11.5,4388
device_uplink,1787650657000000000,70b3d57ed00778cc,-33,10,4389
device_uplink,1787650673000000000,70b3d57ed00778cc,-29,12.5,4390
device_uplink,1787650689000000000,70b3d57ed00778cc,-28,12.8,4391
device_uplink,1787650707000000000,70b3d57ed00778cc,-27,12.5,4392
device_uplink,1787650723000000000,70b3d57ed00778cc,-29,12.8,4393
device_uplink,1787650739000000000,70b3d57ed00778cc,-29,12.5,4394
device_uplink,1787650755000000000,70b3d57ed00778cc,-30,11,4395
device_uplink,1787650771000000000,70b3d57ed00778cc,-30,10.5,4396
device_uplink,1787650787000000000,70b3d57ed00778cc,-32,11,4397
device_uplink,1787650803000000000,70b3d57ed00778cc,-32,9.2,4398
device_uplink,1787650819000000000,70b3d57ed00778cc,-34,11.2,4399
device_uplink,1787650837000000000,70b3d57ed00778cc,-32,11.2,4400
device_uplink,1787650853000000000,70b3d57ed00778cc,-34,11.5,4401
device_uplink,1787650869000000000,70b3d57ed00778cc,-36,9.2,4402
device_uplink,1787650885000000000,70b3d57ed00778cc,-30,10,4403
device_uplink,1787650901000000000,70b3d57ed00778cc,-32,9.5,4404
device_uplink,1787650917000000000,70b3d57ed00778cc,-33,11.5,4405
device_uplink,1787650933000000000,70b3d57ed00778cc,-31,10.5,4406
device_uplink,1787650949000000000,70b3d57ed00778cc,-32,11.8,4407
device_uplink,1787650967000000000,70b3d57ed00778cc,-32,10.2,4408
device_uplink,1787650983000000000,70b3d57ed00778cc,-32,10.2,4409
device_uplink,1787650999000000000,70b3d57ed00778cc,-34,11,4410
device_uplink,1787651015000000000,70b3d57ed00778cc,-33,10.8,4411
device_uplink,1787651031000000000,70b3d57ed00778cc,-34,11.2,4412
device_uplink,1787651047000000000,70b3d57ed00778cc,-31,9.8,4413
device_uplink,1787651065000000000,70b3d57ed00778cc,-30,11.2,4414
device_uplink,1787651081000000000,70b3d57ed00778cc,-35,9.8,4415
device_uplink,1787651097000000000,70b3d57ed00778cc,-32,7.8,4416
device_uplink,1787651113000000000,70b3d57ed00778cc,-35,9.8,4417
device_uplink,1787651129000000000,70b3d57ed00778cc,-32,9.8,4418
device_uplink,1787651145000000000,70b3d57ed00778cc,-32,11,4419
device_uplink,1787651163000000000,70b3d57ed00778cc,-34,11,4420
device_uplink,1787651179000000000,70b3d57ed00778cc,-33,10.8,4421
device_uplink,1787651195000000000,70b3d57ed00778cc,-32,11.2,4422
device_uplink,1787651211000000000,70b3d57ed00778cc,-32,12,4423
device_uplink,1787651227000000000,70b3d57ed00778cc,-34,11,4424
device_uplink,1787651243000000000,70b3d57ed00778cc,-34,11,4425
device_uplink,1787651259000000000,70b3d57ed00778cc,-33,9.8,4426
device_uplink,1787651275000000000,70b3d57ed00778cc,-35,10,4427
device_uplink,1787651293000000000,70b3d57ed00778cc,-33,11.5,4428
device_uplink,1787651309000000000,70b3d57ed00778cc,-34,10.5,4429
device_uplink,1787651325000000000,70b3d57ed00778cc,-34,11.2,4430
device_uplink,1787651341000000000,70b3d57ed00778cc,-33,11.2,4431
device_uplink,1787651357000000000,70b3d57ed00778cc,-33,11.5,4432
device_uplink,1787651373000000000,70b3d57ed00778cc,-34,11,4433
device_uplink,1787651389000000000,70b3d57ed00778cc,-32,11.5,4434
device_uplink,1787651405000000000,70b3d57ed00778cc,-33,11.5,4435
device_uplink,1787651423000000000,70b3d57ed00778cc,-33,10.2,4436
device_uplink,1787651439000000000,70b3d57ed00778cc,-33,11.5,4437
device_uplink,1787651455000000000,70b3d57ed00778cc,-33,11.5,4438
device_uplink,1787651471000000000,70b3d57ed00778cc,-37,8.8,4439
device_uplink,1787651487000000000,70b3d57ed00778cc,-26,12.5,4440
device_uplink,1787651503000000000,70b3d57ed00778cc,-28,13.2,4441
device_uplink,1787651521000000000,70b3d57ed00778cc,-31,9.2,4442
device_uplink,1787651537000000000,70b3d57ed00778cc,-34,12.5,4443
device_uplink,1787651553000000000,70b3d57ed00778cc,-32,11.2,4444
device_uplink,1787651569000000000,70b3d57ed00778cc,-32,11.8,4445
device_uplink,1787651585000000000,70b3d57ed00778cc,-33,12.5,4446
device_uplink,1787651601000000000,70b3d57ed00778cc,-33,11.8,4447
device_uplink,1787651617000000000,70b3d57ed00778cc,-33,12.2,4448
device_uplink,1787651633000000000,70b3d57ed00778cc,-32,12,4449
device_uplink,1787651651000000000,70b3d57ed00778cc,-34,12,4450
device_uplink,1787651667000000000,70b3d57ed00778cc,-30,10.8,4451
device_uplink,1787651683000000000,70b3d57ed00778cc,-29,13.2,4452
device_uplink,1787651699000000000,70b3d57ed00778cc,-29,12.2,4453
device_uplink,1787651715000000000,70b3d57ed00778cc,-30,12.2,4454
device_uplink,1787651731000000000,70b3d57ed00778cc,-29,12.5,4455
device_uplink,1787651747000000000,70b3d57ed00778cc,-31,8,4456
device_uplink,1787651763000000000,70b3d57ed00778cc,-30,10.8,4457
device_uplink,1787651781000000000,70b3d57ed00778cc,-30,11,4458
device_uplink,1787651797000000000,70b3d57ed00778cc,-31,11.8,4459
device_uplink,1787651813000000000,70b3d57ed00778cc,-29,13,4460
device_uplink,1787651829000000000,70b3d57ed00778cc,-30,10.8,4461
device_uplink,1787651845000000000,70b3d57ed00778cc,-33,12.5,4462
device_uplink,1787651861000000000,70b3d57ed00778cc,-30,9.2,4463
device_uplink,1787651879000000000,70b3d57ed00778cc,-31,11.8,4464
device_uplink,1787651895000000000,70b3d57ed00778cc,-29,12.5,4465
device_uplink,1787651911000000000,70b3d57ed00778cc,-30,10,4466
device_uplink,1787651927000000000,70b3d57ed00778cc,-31,12.2,4467
device_uplink,1787651943000000000,70b3d57ed00778cc,-29,12.2,4468
device_uplink,1787651959000000000,70b3d57ed00778cc,-31,12,4469
device_uplink,1787651975000000000,70b3d57ed00778cc,-30,9.8,4470
device_uplink,1787651991000000000,70b3d57ed00778cc,-30,11.5,4471
device_uplink,1787652009000000000,70b3d57ed00778cc,-30,8,4472
device_uplink,1787652025000000000,70b3d57ed00778cc,-33,12.5,4473
device_uplink,1787652041000000000,70b3d57ed00778cc,-31,12.5,4474
device_uplink,1787652057000000000,70b3d57ed00778cc,-30,10.8,4475
device_uplink,1787652073000000000,70b3d57ed00778cc,-30,10.2,4476
device_uplink,1787652089000000000,70b3d57ed00778cc,-30,10.2,4477
device_uplink,1787652105000000000,70b3d57ed00778cc,-30,10.2,4478
device_uplink,1787652121000000000,70b3d57ed00778cc,-30,11.5,4479
device_uplink,1787652139000000000,70b3d57ed00778cc,-31,9.2,4480
device_uplink,1787652155000000000,70b3d57ed00778cc,-32,12.2,4481
device_uplink,1787652171000000000,70b3d57ed00778cc,-33,12.8,4482
device_uplink,1787652187000000000,70b3d57ed00778cc,-36,11.5,4483
device_uplink,1787652203000000000,70b3d57ed00778cc,-30,10.8,4484
device_uplink,1787652219000000000,70b3d57ed00778cc,-32,12.5,4485
device_uplink,1787652235000000000,70b3d57ed00778cc,-30,8.5,4486
device_uplink,1787652253000000000,70b3d57ed00778cc,-31,11.5,4487
device_uplink,1787652269000000000,70b3d57ed00778cc,-30,12,4488
device_uplink,1787652285000000000,70b3d57ed00778cc,-33,12.2,4489
device_uplink,1787652301000000000,70b3d57ed00778cc,-33,12.8,4490
device_uplink,1787652317000000000,70b3d57ed00778cc,-33,11.8,4491
device_uplink,1787652333000000000,70b3d57ed00778cc,-35,11.5,4492
device_uplink,1787652349000000000,70b3d57ed00778cc,-34,12.2,4493
device_uplink,1787652367000000000,70b3d57ed00778cc,-33,10.2,4494
device_uplink,1787652383000000000,70b3d57ed00778cc,-34,11.8,4495
device_uplink,1787652399000000000,70b3d57ed00778cc,-32,12,4496
device_uplink,1787652415000000000,70b3d57ed00778cc,-31,11,4497
device_uplink,1787652431000000000,70b3d57ed00778cc,-33,12,4498
device_uplink,1787652447000000000,70b3d57ed00778cc,-36,11.5,4499
device_uplink,1787652463000000000,70b3d57ed00778cc,-32,12.5,4500
device_uplink,1787652479000000000,70b3d57ed00778cc,-33,12.2,4501
device_uplink,1787652497000000000,70b3d57ed00778cc,-33,10.2,4502
device_uplink,1787652513000000000,70b3d57ed00778cc,-32,12.5,4503
device_uplink,1787652529000000000,70b3d57ed00778cc,-33,12,4504
device_uplink,1787652545000000000,70b3d57ed00778cc,-33,12.2,4505
device_uplink,1787652561000000000,70b3d57ed00778cc,-33,12.2,4506
device_uplink,1787652577000000000,70b3d57ed00778cc,-33,10.8,4507
device_uplink,1787652593000000000,70b3d57ed00778cc,-33,12.5,4508
device_uplink,1787652611000000000,70b3d57ed00778cc,-34,11.8,4509
device_uplink,1787652627000000000,70b3d57ed00778cc,-33,12,4510
device_uplink,1787652643000000000,70b3d57ed00778cc,-31,13,4511
device_uplink,1787652659000000000,70b3d57ed00778cc,-32,12.5,4512
device_uplink,1787652675000000000,70b3d57ed00778cc,-30,11,4513
device_uplink,1787652691000000000,70b3d57ed00778cc,-29,13,4514
device_uplink,1787652707000000000,70b3d57ed00778cc,-29,12.5,4515
device_uplink,1787652725000000000,70b3d57ed00778cc,-31,12.2,4516
device_uplink,1787652741000000000,70b3d57ed00778cc,-33,12.2,4517
device_uplink,1787652757000000000,70b3d57ed00778cc,-33,12.2,4518
device_uplink,1787652773000000000,70b3d57ed00778cc,-33,12.5,4519
device_uplink,1787652789000000000,70b3d57ed00778cc,-33,10.5,4520
device_uplink,1787652805000000000,70b3d57ed00778cc,-33,11.5,4521
device_uplink,1787652821000000000,70b3d57ed00778cc,-33,10,4522
device_uplink,1787652837000000000,70b3d57ed00778cc,-31,12,4523
device_uplink,1787652855000000000,70b3d57ed00778cc,-33,12.2,4524
device_uplink,1787652871000000000,70b3d57ed00778cc,-35,11.8,4525
device_uplink,1787652887000000000,70b3d57ed00778cc,-31,11.5,4526
device_uplink,1787652903000000000,70b3d57ed00778cc,-27,13.2,4527
device_uplink,1787652919000000000,70b3d57ed00778cc,-30,11,4528
device_uplink,1787652935000000000,70b3d57ed00778cc,-27,13.5,4529
device_uplink,1787652951000000000,70b3d57ed00778cc,-31,12,4530
device_uplink,1787652969000000000,70b3d57ed00778cc,-31,12,4531
device_uplink,1787652985000000000,70b3d57ed00778cc,-33,12.8,4532
device_uplink,1787653001000000000,70b3d57ed00778cc,-30,10.8,4533
device_uplink,1787653017000000000,70b3d57ed00778cc,-28,13,4534
device_uplink,1787653033000000000,70b3d57ed00778cc,-29,12.8,4535
device_uplink,1787653049000000000,70b3d57ed00778cc,-30,9.8,4536
device_uplink,1787653065000000000,70b3d57ed00778cc,-28,13.2,4537
device_uplink,1787653081000000000,70b3d57ed00778cc,-30,11,4538
device_uplink,1787653099000000000,70b3d57ed00778cc,-30,10,4539
device_uplink,1787653115000000000,70b3d57ed00778cc,-30,10.8,4540
device_uplink,1787653131000000000,70b3d57ed00778cc,-31,11.5,4541
device_uplink,1787653147000000000,70b3d57ed00778cc,-28,13.5,4542
device_uplink,1787653163000000000,70b3d57ed00778cc,-31,11.2,4543
device_uplink,1787653179000000000,70b3d57ed00778cc,-30,10.2,4544
device_uplink,1787653195000000000,70b3d57ed00778cc,-29,13.2,4545
device_uplink,1787653213000000000,70b3d57ed00778cc,-30,11.8,4546
device_uplink,1787653229000000000,70b3d57ed00778cc,-29,9.2,4547
device_uplink,1787653245000000000,70b3d57ed00778cc,-30,12.8,4548
device_uplink,1787653261000000000,70b3d57ed00778cc,-29,12.8,4549
device_uplink,1787653277000000000,70b3d57ed00778cc,-29,13.2,4550
device_uplink,1787653293000000000,70b3d57ed00778cc,-30,10.8,4551
device_uplink,1787653309000000000,70b3d57ed00778cc,-29,13,4552
device_uplink,1787653325000000000,70b3d57ed00778cc,-30,10.8,4553
device_uplink,1787653343000000000,70b3d57ed00778cc,-29,13.2,4554
device_uplink,1787653359000000000,70b3d57ed00778cc,-29,12.8,4555
device_uplink,1787653375000000000,70b3d57ed00778cc,-29,12.5,4556
device_uplink,1787653391000000000,70b3d57ed00778cc,-29,13,4557
device_uplink,1787653407000000000,70b3d57ed00778cc,-30,9.8,4558
device_uplink,1787653423000000000,70b3d57ed00778cc,-28,12.8,4559
device_uplink,1787653439000000000,70b3d57ed00778cc,-30,12.8,4560
device_uplink,1787653455000000000,70b3d57ed00778cc,-28,13,4561
device_uplink,1787653473000000000,70b3d57ed00778cc,-29,13,4562
device_uplink,1787653489000000000,70b3d57ed00778cc,-28,13.5,4563
device_uplink,1787653505000000000,70b3d57ed00778cc,-27,13.2,4564
device_uplink,1787653521000000000,70b3d57ed00778cc,-28,13.2,4565
device_uplink,1787653537000000000,70b3d57ed00778cc,-28,10.8,4566
device_uplink,1787653553000000000,70b3d57ed00778cc,-28,13.2,4567
device_uplink,1787653571000000000,70b3d57ed00778cc,-27,13.2,4568
device_uplink,1787653587000000000,70b3d57ed00778cc,-27,13,4569
device_uplink,1787653603000000000,70b3d57ed00778cc,-28,13.2,4570
device_uplink,1787653619000000000,70b3d57ed00778cc,-26,13,4571
device_uplink,1787653635000000000,70b3d57ed00778cc,-27,13,4572
device_uplink,1787653651000000000,70b3d57ed00778cc,-26,13.2,4573
device_uplink,1787653667000000000,70b3d57ed00778cc,-27,13,4574
device_uplink,1787653683000000000,70b3d57ed00778cc,-28,10.5,4575
device_uplink,1787653701000000000,70b3d57ed00778cc,-26,13.5,4576
device_uplink,1787653717000000000,70b3d57ed00778cc,-27,13,4577
device_uplink,1787653733000000000,70b3d57ed00778cc,-27,13.2,4578
device_uplink,1787653749000000000,70b3d57ed00778cc,-28,12.8,4579
device_uplink,1787653765000000000,70b3d57ed00778cc,-27,13.2,4580
device_uplink,1787653781000000000,70b3d57ed00778cc,-28,13,4581
device_uplink,1787653797000000000,70b3d57ed00778cc,-26,13.5,4582
device_uplink,1787653813000000000,70b3d57ed00778cc,-27,11.2,4583
device_uplink,1787653831000000000,70b3d57ed00778cc,-27,13,4584
device_uplink,1787653847000000000,70b3d57ed00778cc,-27,13,4585
device_uplink,1787653863000000000,70b3d57ed00778cc,-27,10.8,4586
device_uplink,1787653879000000000,70b3d57ed00778cc,-28,12.8,4587
device_uplink,1787653895000000000,70b3d57ed00778cc,-28,13.2,4588
device_uplink,1787653911000000000,70b3d57ed00778cc,-27,13.5,4589
device_uplink,1787653927000000000,70b3d57ed00778cc,-27,13.2,4590
device_uplink,1787653943000000000,70b3d57ed00778cc,-27,13.2,4591
device_uplink,1787653961000000000,70b3d57ed00778cc,-27,13.2,4592
device_uplink,1787653977000000000,70b3d57ed00778cc,-28,13,4593
device_uplink,1787653993000000000,70b3d57ed00778cc,-27,13.8,4594
device_uplink,1787654009000000000,70b3d57ed00778cc,-27,13,4595
device_uplink,1787654025000000000,70b3d57ed00778cc,-27,13.2,4596
device_uplink,1787654041000000000,70b3d57ed00778cc,-26,13.2,4597
device_uplink,1787654057000000000,70b3d57ed00778cc,-26,11,4598
device_uplink,1787654075000000000,70b3d57ed00778cc,-26,13.2,4599
device_uplink,1787654091000000000,70b3d57ed00778cc,-26,13.2,4600
device_uplink,1787654107000000000,70b3d57ed00778cc,-26,13.2,4601
device_uplink,1787654123000000000,70b3d57ed00778cc,-26,13.2,4602
device_uplink,1787654139000000000,70b3d57ed00778cc,-26,11.2,4603
device_uplink,1787654155000000000,70b3d57ed00778cc,-27,13.5,4604
device_uplink,1787654171000000000,70b3d57ed00778cc,-26,13,4605
device_uplink,1787654189000000000,70b3d57ed00778cc,-26,13.2,4606
device_uplink,1787654205000000000,70b3d57ed00778cc,-27,13.2,4607
device_uplink,1787654221000000000,70b3d57ed00778cc,-27,13.2,4608
device_uplink,1787654237000000000,70b3d57ed00778cc,-26,13.8,4609
device_uplink,1787654253000000000,70b3d57ed00778cc,-27,13,4610
device_uplink,1787654269000000000,70b3d57ed00778cc,-27,13.5,4611
device_uplink,1787654285000000000,70b3d57ed00778cc,-27,13.5,4612
device_uplink,1787654301000000000,70b3d57ed00778cc,-26,13.2,4613
device_uplink,1787654319000000000,70b3d57ed00778cc,-27,11.2,4614
device_uplink,1787654335000000000,70b3d57ed00778cc,-27,13.2,4615
device_uplink,1787654351000000000,70b3d57ed00778cc,-28,13,4616
device_uplink,1787654367000000000,70b3d57ed00778cc,-27,13.5,4617
device_uplink,1787654383000000000,70b3d57ed00778cc,-27,13.2,4618
device_uplink,1787654399000000000,70b3d57ed00778cc,-27,13.2,4619
device_uplink,1787654415000000000,70b3d57ed00778cc,-28,13.5,4620
device_uplink,1787654431000000000,70b3d57ed00778cc,-26,13.2,4621
device_uplink,1787654449000000000,70b3d57ed00778cc,-26,13,4622
device_uplink,1787654465000000000,70b3d57ed00778cc,-26,11,4623
device_uplink,1787654481000000000,70b3d57ed00778cc,-27,13,4624
device_uplink,1787654497000000000,70b3d57ed00778cc,-26,13,4625
device_uplink,1787654513000000000,70b3d57ed00778cc,-27,13.2,4626
device_uplink,1787654529000000000,70b3d57ed00778cc,-27,13.5,4627
device_uplink,1787654545000000000,70b3d57ed00778cc,-26,10.5,4628
device_uplink,1787654561000000000,70b3d57ed00778cc,-26,13.2,4629
device_uplink,1787654579000000000,70b3d57ed00778cc,-27,13.2,4630
device_uplink,1787654595000000000,70b3d57ed00778cc,-27,13.5,4631
device_uplink,1787654611000000000,70b3d57ed00778cc,-27,13.2,4632
device_uplink,1787654627000000000,70b3d57ed00778cc,-28,12.5,4633
device_uplink,1787654643000000000,70b3d57ed00778cc,-29,13.5,4634
device_uplink,1787654659000000000,70b3d57ed00778cc,-27,13.5,4635
device_uplink,1787654675000000000,70b3d57ed00778cc,-25,13.5,4636
device_uplink,1787654693000000000,70b3d57ed00778cc,-26,13.2,4637
device_uplink,1787654709000000000,70b3d57ed00778cc,-29,13,4638
device_uplink,1787654725000000000,70b3d57ed00778cc,-29,10.2,4639
device_uplink,1787654741000000000,70b3d57ed00778cc,-27,13.5,4640
device_uplink,1787654757000000000,70b3d57ed00778cc,-28,13.2,4641
device_uplink,1787654773000000000,70b3d57ed00778cc,-29,13.2,4642
device_uplink,1787654789000000000,70b3d57ed00778cc,-27,13.2,4643
device_uplink,1787654807000000000,70b3d57ed00778cc,-27,13.5,4644
device_uplink,1787654823000000000,70b3d57ed00778cc,-27,13.2,4645
device_uplink,1787654839000000000,70b3d57ed00778cc,-27,13.2,4646
device_uplink,1787654855000000000,70b3d57ed00778cc,-27,13,4647
device_uplink,1787654871000000000,70b3d57ed00778cc,-27,11,4648
device_uplink,1787654887000000000,70b3d57ed00778cc,-28,13.2,4649
device_uplink,1787654903000000000,70b3d57ed00778cc,-27,13.5,4650
device_uplink,1787654921000000000,70b3d57ed00778cc,-28,13,4651
device_uplink,1787654937000000000,70b3d57ed00778cc,-27,13.5,4652
device_uplink,1787654953000000000,70b3d57ed00778cc,-27,13.5,4653
device_uplink,1787654969000000000,70b3d57ed00778cc,-28,12.8,4654
device_uplink,1787654985000000000,70b3d57ed00778cc,-27,11,4655
device_uplink,1787655001000000000,70b3d57ed00778cc,-27,13.2,4656
device_uplink,1787655017000000000,70b3d57ed00778cc,-28,13.2,4657
device_uplink,1787655035000000000,70b3d57ed00778cc,-24,13.8,4658
device_uplink,1787655051000000000,70b3d57ed00778cc,-25,13.8,4659
device_uplink,1787655067000000000,70b3d57ed00778cc,-24,13.5,4660
device_uplink,1787655083000000000,70b3d57ed00778cc,-27,13.2,4661
device_uplink,1787655099000000000,70b3d57ed00778cc,-25,13.2,4662
device_uplink,1787655115000000000,70b3d57ed00778cc,-25,13,4663
device_uplink,1787655131000000000,70b3d57ed00778cc,-25,10.8,4664
device_uplink,1787655147000000000,70b3d57ed00778cc,-26,13,4665
device_uplink,1787655165000000000,70b3d57ed00778cc,-26,13.5,4666
device_uplink,1787655181000000000,70b3d57ed00778cc,-28,13.5,4667
device_uplink,1787655197000000000,70b3d57ed00778cc,-30,13.5,4668
device_uplink,1787655213000000000,70b3d57ed00778cc,-26,11,4669
device_uplink,1787655229000000000,70b3d57ed00778cc,-25,13.2,4670
device_uplink,1787655245000000000,70b3d57ed00778cc,-25,13.2,4671
device_uplink,1787655261000000000,70b3d57ed00778cc,-25,13.2,4672
device_uplink,1787655279000000000,70b3d57ed00778cc,-24,12.2,4673
device_uplink,1787655295000000000,70b3d57ed00778cc,-27,11.2,4674
device_uplink,1787655311000000000,70b3d57ed00778cc,-27,13.5,4675
device_uplink,1787655327000000000,70b3d57ed00778cc,-28,13.5,4676
device_uplink,1787655343000000000,70b3d57ed00778cc,-28,13,4677
device_uplink,1787655359000000000,70b3d57ed00778cc,-28,13,4678
device_uplink,1787655375000000000,70b3d57ed00778cc,-27,13.5,4679
device_uplink,1787655391000000000,70b3d57ed00778cc,-27,13.8,4680
device_uplink,1787655409000000000,70b3d57ed00778cc,-26,13,4681
device_uplink,1787655425000000000,70b3d57ed00778cc,-28,9.2,4682
device_uplink,1787655441000000000,70b3d57ed00778cc,-25,11.5,4683
device_uplink,1787655457000000000,70b3d57ed00778cc,-31,11,4684
device_uplink,1787655473000000000,70b3d57ed00778cc,-31,11.8,4685
device_uplink,1787655489000000000,70b3d57ed00778cc,-31,11.2,4686
device_uplink,1787655505000000000,70b3d57ed00778cc,-31,11.5,4687
device_uplink,1787655523000000000,70b3d57ed00778cc,-30,11,4688
device_uplink,1787655539000000000,70b3d57ed00778cc,-30,12.2,4689
device_uplink,1787655555000000000,70b3d57ed00778cc,-29,13,4690
device_uplink,1787655571000000000,70b3d57ed00778cc,-30,11,4691
device_uplink,1787655587000000000,70b3d57ed00778cc,-31,10.2,4692
device_uplink,1787655603000000000,70b3d57ed00778cc,-30,12.8,4693
device_uplink,1787655619000000000,70b3d57ed00778cc,-29,10,4694
device_uplink,1787655635000000000,70b3d57ed00778cc,-29,13,4695
device_uplink,1787655653000000000,70b3d57ed00778cc,-29,13.2,4696
device_uplink,1787655669000000000,70b3d57ed00778cc,-29,13.2,4697
device_uplink,1787655685000000000,70b3d57ed00778cc,-28,13.2,4698
device_uplink,1787655701000000000,70b3d57ed00778cc,-29,13,4699
device_uplink,1787655717000000000,70b3d57ed00778cc,-29,13,4700
device_uplink,1787655733000000000,70b3d57ed00778cc,-31,11,4701
device_uplink,1787655749000000000,70b3d57ed00778cc,-31,11.8,4702
device_uplink,1787655765000000000,70b3d57ed00778cc,-32,10.2,4703
device_uplink,1787655783000000000,70b3d57ed00778cc,-31,12,4704
device_uplink,1787655799000000000,70b3d57ed00778cc,-30,10.5,4705
device_uplink,1787655815000000000,70b3d57ed00778cc,-32,12,4706
device_uplink,1787655831000000000,70b3d57ed00778cc,-31,11.5,4707
device_uplink,1787655847000000000,70b3d57ed00778cc,-31,11.8,4708
device_uplink,1787655863000000000,70b3d57ed00778cc,-29,12.8,4709
device_uplink,1787655879000000000,70b3d57ed00778cc,-33,10.8,4710
device_uplink,1787655895000000000,70b3d57ed00778cc,-33,12,4711
device_uplink,1787655913000000000,70b3d57ed00778cc,-30,9.5,4712
device_uplink,1787655929000000000,70b3d57ed00778cc,-32,11.5,4713
device_uplink,1787655945000000000,70b3d57ed00778cc,-29,13,4714
device_uplink,1787655961000000000,70b3d57ed00778cc,-29,13,4715
device_uplink,1787655977000000000,70b3d57ed00778cc,-30,10,4716
device_uplink,1787655993000000000,70b3d57ed00778cc,-30,10,4717
device_uplink,1787656009000000000,70b3d57ed00778cc,-30,8.8,4718
device_uplink,1787656025000000000,70b3d57ed00778cc,-30,11.5,4719
device_uplink,1787656043000000000,70b3d57ed00778cc,-31,11.2,4720
device_uplink,1787656059000000000,70b3d57ed00778cc,-32,12,4721
device_uplink,1787656075000000000,70b3d57ed00778cc,-30,9.5,4722
device_uplink,1787656091000000000,70b3d57ed00778cc,-32,12.2,4723
device_uplink,1787656107000000000,70b3d57ed00778cc,-31,12.2,4724
device_uplink,1787656123000000000,70b3d57ed00778cc,-30,11.5,4725
device_uplink,1787656139000000000,70b3d57ed00778cc,-31,11.5,4726
device_uplink,1787656155000000000,70b3d57ed00778cc,-30,10,4727
device_uplink,1787656173000000000,70b3d57ed00778cc,-31,10.8,4728
device_uplink,1787656189000000000,70b3d57ed00778cc,-30,11.5,4729
device_uplink,1787656205000000000,70b3d57ed00778cc,-30,10.8,4730
device_uplink,1787656221000000000,70b3d57ed00778cc,-31,12,4731
device_uplink,1787656237000000000,70b3d57ed00778cc,-30,10.5,4732
device_uplink,1787656253000000000,70b3d57ed00778cc,-31,12,4733
device_uplink,1787656271000000000,70b3d57ed00778cc,-31,9.5,4734
device_uplink,1787656287000000000,70b3d57ed00778cc,-30,11.2,4735
device_uplink,1787656303000000000,70b3d57ed00778cc,-30,11,4736
device_uplink,1787656319000000000,70b3d57ed00778cc,-31,10,4737
device_uplink,1787656335000000000,70b3d57ed00778cc,-30,10.5,4738
device_uplink,1787656351000000000,70b3d57ed00778cc,-31,11.2,4739
device_uplink,1787656367000000000,70b3d57ed00778cc,-30,10.8,4740
device_uplink,1787656383000000000,70b3d57ed00778cc,-30,11.2,4741
device_uplink,1787656401000000000,70b3d57ed00778cc,-30,9,4742
device_uplink,1787656417000000000,70b3d57ed00778cc,-30,11,4743
device_uplink,1787656433000000000,70b3d57ed00778cc,-30,10.2,4744
device_uplink,1787656449000000000,70b3d57ed00778cc,-30,10,4745
device_uplink,1787656465000000000,70b3d57ed00778cc,-30,11,4746
device_uplink,1787656481000000000,70b3d57ed00778cc,-31,11.2,4747
device_uplink,1787656497000000000,70b3d57ed00778cc,-30,10.2,4748
device_uplink,1787656513000000000,70b3d57ed00778cc,-32,12,4749
device_uplink,1787656531000000000,70b3d57ed00778cc,-30,9.5,4750
device_uplink,1787656547000000000,70b3d57ed00778cc,-30,12.5,4751
device_uplink,1787656563000000000,70b3d57ed00778cc,-29,13.5,4752
device_uplink,1787656579000000000,70b3d57ed00778cc,-30,12.2,4753
device_uplink,1787656595000000000,70b3d57ed00778cc,-32,11.8,4754
device_uplink,1787656611000000000,70b3d57ed00778cc,-30,12.8,4755
device_uplink,1787656627000000000,70b3d57ed00778cc,-30,11.2,4756
device_uplink,1787656643000000000,70b3d57ed00778cc,-30,13,4757
device_uplink,1787656661000000000,70b3d57ed00778cc,-29,12.5,4758
device_uplink,1787656677000000000,70b3d57ed00778cc,-30,11,4759
device_uplink,1787656693000000000,70b3d57ed00778cc,-29,10.5,4760
device_uplink,1787656709000000000,70b3d57ed00778cc,-29,13.5,4761
device_uplink,1787656725000000000,70b3d57ed00778cc,-29,13,4762
device_uplink,1787656741000000000,70b3d57ed00778cc,-30,12,4763
device_uplink,1787656757000000000,70b3d57ed00778cc,-29,13.2,4764
device_uplink,1787656775000000000,70b3d57ed00778cc,-30,13.2,4765
device_uplink,1787656791000000000,70b3d57ed00778cc,-29,10,4766
