name,time,dev_eui,f_cnt
device_uplink,1787587205000000000,70b3d57ed00778cc,488
device_uplink,1787587221000000000,70b3d57ed00778cc,489
device_uplink,1787587237000000000,70b3d57ed00778cc,490
device_uplink,1787587255000000000,70b3d57ed00778cc,491
device_uplink,1787587271000000000,70b3d57ed00778cc,492
device_uplink,1787587287000000000,70b3d57ed00778cc,493
device_uplink,1787587303000000000,70b3d57ed00778cc,494
device_uplink,1787587319000000000,70b3d57ed00778cc,495
device_uplink,1787587335000000000,70b3d57ed00778cc,496
device_uplink,1787587351000000000,70b3d57ed00778cc,497
device_uplink,1787587367000000000,70b3d57ed00778cc,498
device_uplink,1787587385000000000,70b3d57ed00778cc,499
device_uplink,1787587401000000000,70b3d57ed00778cc,500
device_uplink,1787587417000000000,70b3d57ed00778cc,501
device_uplink,1787587433000000000,70b3d57ed00778cc,502
device_uplink,1787587449000000000,70b3d57ed00778cc,503
device_uplink,1787587465000000000,70b3d57ed00778cc,504
device_uplink,1787587481000000000,70b3d57ed00778cc,505
device_uplink,1787587499000000000,70b3d57ed00778cc,506
device_uplink,1787587515000000000,70b3d57ed00778cc,507
device_uplink,1787587531000000000,70b3d57ed00778cc,508
device_uplink,1787587547000000000,70b3d57ed00778cc,509
device_uplink,1787587563000000000,70b3d57ed00778cc,510
device_uplink,1787587579000000000,70b3d57ed00778cc,511
device_uplink,1787587595000000000,70b3d57ed00778cc,512
device_uplink,1787587613000000000,70b3d57ed00778cc,513
device_uplink,1787587629000000000,70b3d57ed00778cc,514
device_uplink,1787587645000000000,70b3d57ed00778cc,515
device_uplink,1787587661000000000,70b3d57ed00778cc,516
device_uplink,1787587677000000000,70b3d57ed00778cc,517
device_uplink,1787587693000000000,70b3d57ed00778cc,518
device_uplink,1787587709000000000,70b3d57ed00778cc,519
device_uplink,1787587725000000000,70b3d57ed00778cc,520
device_uplink,1787587743000000000,70b3d57ed00778cc,521
device_uplink,1787587759000000000,70b3d57ed00778cc,522
device_uplink,1787587775000000000,70b3d57ed00778cc,523
device_uplink,1787587791000000000,70b3d57ed00778cc,524
device_uplink,1787587807000000000,70b3d57ed00778cc,525
device_uplink,1787587814000000000,70b3d57ed0077801,0
device_uplink,1787587823000000000,70b3d57ed00778cc,526
device_uplink,1787587841000000000,70b3d57ed00778cc,527
device_uplink,1787587857000000000,70b3d57ed00778cc,528
device_uplink,1787587873000000000,70b3d57ed00778cc,529
device_uplink,1787587889000000000,70b3d57ed00778cc,530
device_uplink,1787587905000000000,70b3d57ed00778cc,531
device_uplink,1787587921000000000,70b3d57ed00778cc,532
device_uplink,1787587937000000000,70b3d57ed00778cc,533
device_uplink,1787587953000000000,70b3d57ed00778cc,534
device_uplink,1787587971000000000,70b3d57ed00778cc,535
device_uplink,1787587987000000000,70b3d57ed00778cc,536
device_uplink,1787588003000000000,70b3d57ed00778cc,537
device_uplink,1787588019000000000,70b3d57ed00778cc,538
device_uplink,1787588035000000000,70b3d57ed00778cc,539
device_uplink,1787588051000000000,70b3d57ed00778cc,540
device_uplink,1787588067000000000,70b3d57ed00778cc,541
device_uplink,1787588085000000000,70b3d57ed00778cc,542
device_uplink,1787588101000000000,70b3d57ed00778cc,543
device_uplink,1787588117000000000,70b3d57ed00778cc,544
device_uplink,1787588133000000000,70b3d57ed00778cc,545
device_uplink,1787588149000000000,70b3d57ed00778cc,546
device_uplink,1787588165000000000,70b3d57ed00778cc,547
device_uplink,1787588181000000000,70b3d57ed00778cc,548
device_uplink,1787588199000000000,70b3d57ed00778cc,549
device_uplink,1787588215000000000,70b3d57ed00778cc,550
device_uplink,1787588231000000000,70b3d57ed00778cc,551
device_uplink,1787588247000000000,70b3d57ed00778cc,552
device_uplink,1787588263000000000,70b3d57ed00778cc,553
device_uplink,1787588279000000000,70b3d57ed00778cc,554
device_uplink,1787588295000000000,70b3d57ed00778cc,555
device_uplink,1787588311000000000,70b3d57ed00778cc,556
device_uplink,1787588329000000000,70b3d57ed00778cc,557
device_uplink,1787588345000000000,70b3d57ed00778cc,558
device_uplink,1787588361000000000,70b3d57ed00778cc,559
device_uplink,1787588377000000000,70b3d57ed00778cc,560
device_uplink,1787588393000000000,70b3d57ed00778cc,561
device_uplink,1787588409000000000,70b3d57ed00778cc,562
device_uplink,1787588425000000000,70b3d57ed00778cc,563
device_uplink,1787588441000000000,70b3d57ed00778cc,564
device_uplink,1787588459000000000,70b3d57ed00778cc,565
device_uplink,1787588475000000000,70b3d57ed00778cc,566
device_uplink,1787588491000000000,70b3d57ed00778cc,567
device_uplink,1787588507000000000,70b3d57ed00778cc,568
device_uplink,1787588523000000000,70b3d57ed00778cc,569
device_uplink,1787588539000000000,70b3d57ed00778cc,570
device_uplink,1787588555000000000,70b3d57ed00778cc,571
device_uplink,1787588571000000000,70b3d57ed00778cc,572
device_uplink,1787588589000000000,70b3d57ed00778cc,573
device_uplink,1787588605000000000,70b3d57ed00778cc,574
device_uplink,1787588621000000000,70b3d57ed00778cc,575
device_uplink,1787588637000000000,70b3d57ed00778cc,576
device_uplink,1787588653000000000,70b3d57ed00778cc,577
device_uplink,1787588669000000000,70b3d57ed00778cc,578
device_uplink,1787588685000000000,70b3d57ed00778cc,579
device_uplink,1787588701000000000,70b3d57ed00778cc,580
device_uplink,1787588719000000000,70b3d57ed00778cc,581
device_uplink,1787588722000000000,70b3d57ed0077801,1
device_uplink,1787588735000000000,70b3d57ed00778cc,582
device_uplink,1787588751000000000,70b3d57ed00778cc,583
device_uplink,1787588767000000000,70b3d57ed00778cc,584
device_uplink,1787588783000000000,70b3d57ed00778cc,585
device_uplink,1787588799000000000,70b3d57ed00778cc,586
device_uplink,1787588815000000000,70b3d57ed00778cc,587
device_uplink,1787588833000000000,70b3d57ed00778cc,588
device_uplink,1787588849000000000,70b3d57ed00778cc,589
device_uplink,1787588865000000000,70b3d57ed00778cc,590
device_uplink,1787588881000000000,70b3d57ed00778cc,591
device_uplink,1787588897000000000,70b3d57ed00778cc,592
device_uplink,1787588913000000000,70b3d57ed00778cc,593
device_uplink,1787588929000000000,70b3d57ed00778cc,594
device_uplink,1787588945000000000,70b3d57ed00778cc,595
device_uplink,1787588963000000000,70b3d57ed00778cc,596
device_uplink,1787588979000000000,70b3d57ed00778cc,597
device_uplink,1787588995000000000,70b3d57ed00778cc,598
device_uplink,1787589011000000000,70b3d57ed00778cc,599
device_uplink,1787589027000000000,70b3d57ed00778cc,600
device_uplink,1787589043000000000,70b3d57ed00778cc,601
device_uplink,1787589059000000000,70b3d57ed00778cc,602
device_uplink,1787589077000000000,70b3d57ed00778cc,603
device_uplink,1787589093000000000,70b3d57ed00778cc,604
device_uplink,1787589109000000000,70b3d57ed00778cc,605
device_uplink,1787589125000000000,70b3d57ed00778cc,606
device_uplink,1787589141000000000,70b3d57ed00778cc,607
device_uplink,1787589157000000000,70b3d57ed00778cc,608
device_uplink,1787589173000000000,70b3d57ed00778cc,609
device_uplink,1787589189000000000,70b3d57ed00778cc,610
device_uplink,1787589207000000000,70b3d57ed00778cc,611
device_uplink,1787589223000000000,70b3d57ed00778cc,612
device_uplink,1787589239000000000,70b3d57ed00778cc,613
device_uplink,1787589255000000000,70b3d57ed00778cc,614
device_uplink,1787589271000000000,70b3d57ed00778cc,615
device_uplink,1787589287000000000,70b3d57ed00778cc,616
device_uplink,1787589303000000000,70b3d57ed00778cc,617
device_uplink,1787589319000000000,70b3d57ed00778cc,618
device_uplink,1787589337000000000,70b3d57ed00778cc,619
device_uplink,1787589353000000000,70b3d57ed00778cc,620
device_uplink,1787589369000000000,70b3d57ed00778cc,621
device_uplink,1787589385000000000,70b3d57ed00778cc,622
device_uplink,1787589401000000000,70b3d57ed00778cc,623
device_uplink,1787589417000000000,70b3d57ed00778cc,624
device_uplink,1787589433000000000,70b3d57ed00778cc,625
device_uplink,1787589449000000000,70b3d57ed00778cc,626
device_uplink,1787589467000000000,70b3d57ed00778cc,627
device_uplink,1787589483000000000,70b3d57ed00778cc,628
device_uplink,1787589499000000000,70b3d57ed00778cc,629
device_uplink,1787589515000000000,70b3d57ed00778cc,630
device_uplink,1787589531000000000,70b3d57ed00778cc,631
device_uplink,1787589547000000000,70b3d57ed00778cc,632
device_uplink,1787589563000000000,70b3d57ed00778cc,633
device_uplink,1787589579000000000,70b3d57ed00778cc,634
device_uplink,1787589597000000000,70b3d57ed00778cc,635
device_uplink,1787589613000000000,70b3d57ed00778cc,636
device_uplink,1787589629000000000,70b3d57ed00778cc,637
device_uplink,1787589645000000000,70b3d57ed00778cc,638
device_uplink,1787589661000000000,70b3d57ed00778cc,639
device_uplink,1787589677000000000,70b3d57ed00778cc,640
device_uplink,1787589693000000000,70b3d57ed00778cc,641
device_uplink,1787589711000000000,70b3d57ed00778cc,642
device_uplink,1787589727000000000,70b3d57ed00778cc,643
device_uplink,1787589743000000000,70b3d57ed00778cc,644
device_uplink,1787589759000000000,70b3d57ed00778cc,645
device_uplink,1787589775000000000,70b3d57ed00778cc,646
device_uplink,1787589791000000000,70b3d57ed00778cc,647
device_uplink,1787589807000000000,70b3d57ed00778cc,648
device_uplink,1787589825000000000,70b3d57ed00778cc,649
device_uplink,1787589841000000000,70b3d57ed00778cc,650
device_uplink,1787589857000000000,70b3d57ed00778cc,651
device_uplink,1787589873000000000,70b3d57ed00778cc,652
device_uplink,1787589889000000000,70b3d57ed00778cc,653
device_uplink,1787589905000000000,70b3d57ed00778cc,654
device_uplink,1787589921000000000,70b3d57ed00778cc,655
device_uplink,1787589937000000000,70b3d57ed00778cc,656
device_uplink,1787589955000000000,70b3d57ed00778cc,657
device_uplink,1787589971000000000,70b3d57ed00778cc,658
device_uplink,1787589987000000000,70b3d57ed00778cc,659
device_uplink,1787590003000000000,70b3d57ed00778cc,660
device_uplink,1787590019000000000,70b3d57ed00778cc,661
device_uplink,1787590035000000000,70b3d57ed00778cc,662
device_uplink,1787590051000000000,70b3d57ed00778cc,663
device_uplink,1787590069000000000,70b3d57ed00778cc,664
device_uplink,1787590085000000000,70b3d57ed00778cc,665
device_uplink,1787590101000000000,70b3d57ed00778cc,666
device_uplink,1787590117000000000,70b3d57ed00778cc,667
device_uplink,1787590133000000000,70b3d57ed00778cc,668
device_uplink,1787590149000000000,70b3d57ed00778cc,669
device_uplink,1787590165000000000,70b3d57ed00778cc,670
device_uplink,1787590181000000000,70b3d57ed00778cc,671
device_uplink,1787590197000000000,70b3d57ed00778cc,672
device_uplink,1787590215000000000,70b3d57ed00778cc,673
device_uplink,1787590231000000000,70b3d57ed00778cc,674
device_uplink,1787590247000000000,70b3d57ed00778cc,675
device_uplink,1787590263000000000,70b3d57ed00778cc,676
device_uplink,1787590279000000000,70b3d57ed00778cc,677
device_uplink,1787590295000000000,70b3d57ed00778cc,678
device_uplink,1787590311000000000,70b3d57ed00778cc,679
device_uplink,1787590329000000000,70b3d57ed00778cc,680
device_uplink,1787590345000000000,70b3d57ed00778cc,681
device_uplink,1787590361000000000,70b3d57ed00778cc,682
device_uplink,1787590377000000000,70b3d57ed00778cc,683
device_uplink,1787590393000000000,70b3d57ed00778cc,684
device_uplink,1787590409000000000,70b3d57ed00778cc,685
device_uplink,1787590425000000000,70b3d57ed00778cc,686
device_uplink,1787590443000000000,70b3d57ed00778cc,687
device_uplink,1787590459000000000,70b3d57ed00778cc,688
device_uplink,1787590475000000000,70b3d57ed00778cc,689
device_uplink,1787590491000000000,70b3d57ed00778cc,690
device_uplink,1787590507000000000,70b3d57ed00778cc,691
device_uplink,1787590523000000000,70b3d57ed00778cc,692
device_uplink,1787590539000000000,70b3d57ed00778cc,693
device_uplink,1787590555000000000,70b3d57ed00778cc,694
device_uplink,1787590573000000000,70b3d57ed00778cc,695
device_uplink,1787590589000000000,70b3d57ed00778cc,696
device_uplink,1787590605000000000,70b3d57ed00778cc,697
device_uplink,1787590621000000000,70b3d57ed00778cc,698
device_uplink,1787590637000000000,70b3d57ed00778cc,699
device_uplink,1787590653000000000,70b3d57ed00778cc,700
device_uplink,1787590669000000000,70b3d57ed00778cc,701
device_uplink,1787590685000000000,70b3d57ed00778cc,702
device_uplink,1787590703000000000,70b3d57ed00778cc,703
device_uplink,1787590719000000000,70b3d57ed00778cc,704
device_uplink,1787590735000000000,70b3d57ed00778cc,705
device_uplink,1787590751000000000,70b3d57ed00778cc,706
device_uplink,1787590767000000000,70b3d57ed00778cc,707
device_uplink,1787590783000000000,70b3d57ed00778cc,708
device_uplink,1787590799000000000,70b3d57ed00778cc,709
device_uplink,1787590817000000000,70b3d57ed00778cc,710
device_uplink,1787590833000000000,70b3d57ed00778cc,711
device_uplink,1787590849000000000,70b3d57ed00778cc,712
device_uplink,1787590865000000000,70b3d57ed00778cc,713
device_uplink,1787590881000000000,70b3d57ed00778cc,714
device_uplink,1787590897000000000,70b3d57ed00778cc,715
device_uplink,1787590913000000000,70b3d57ed00778cc,716
device_uplink,1787590931000000000,70b3d57ed00778cc,717
device_uplink,1787590947000000000,70b3d57ed00778cc,718
device_uplink,1787590963000000000,70b3d57ed00778cc,719
device_uplink,1787590979000000000,70b3d57ed00778cc,720
device_uplink,1787590995000000000,70b3d57ed00778cc,721
device_uplink,1787591011000000000,70b3d57ed00778cc,722
device_uplink,1787591027000000000,70b3d57ed00778cc,723
device_uplink,1787591043000000000,70b3d57ed00778cc,724
device_uplink,1787591061000000000,70b3d57ed00778cc,725
device_uplink,1787591077000000000,70b3d57ed00778cc,726
device_uplink,1787591093000000000,70b3d57ed00778cc,727
device_uplink,1787591109000000000,70b3d57ed00778cc,728
device_uplink,1787591125000000000,70b3d57ed00778cc,729
device_uplink,1787591141000000000,70b3d57ed00778cc,730
device_uplink,1787591157000000000,70b3d57ed00778cc,731
device_uplink,1787591175000000000,70b3d57ed00778cc,732
device_uplink,1787591191000000000,70b3d57ed00778cc,733
device_uplink,1787591207000000000,70b3d57ed00778cc,734
device_uplink,1787591223000000000,70b3d57ed00778cc,735
device_uplink,1787591239000000000,70b3d57ed00778cc,736
device_uplink,1787591255000000000,70b3d57ed00778cc,737
device_uplink,1787591271000000000,70b3d57ed00778cc,738
device_uplink,1787591289000000000,70b3d57ed00778cc,739
device_uplink,1787591305000000000,70b3d57ed00778cc,740
device_uplink,1787591321000000000,70b3d57ed00778cc,741
device_uplink,1787591337000000000,70b3d57ed00778cc,742
device_uplink,1787591353000000000,70b3d57ed00778cc,743
device_uplink,1787591369000000000,70b3d57ed00778cc,744
device_uplink,1787591385000000000,70b3d57ed00778cc,745
device_uplink,1787591401000000000,70b3d57ed00778cc,746
device_uplink,1787591419000000000,70b3d57ed00778cc,747
device_uplink,1787591435000000000,70b3d57ed00778cc,748
device_uplink,1787591451000000000,70b3d57ed00778cc,749
device_uplink,1787591467000000000,70b3d57ed00778cc,750
device_uplink,1787591483000000000,70b3d57ed00778cc,751
device_uplink,1787591499000000000,70b3d57ed00778cc,752
device_uplink,1787591515000000000,70b3d57ed00778cc,753
device_uplink,1787591531000000000,70b3d57ed00778cc,754
device_uplink,1787591549000000000,70b3d57ed00778cc,755
device_uplink,1787591565000000000,70b3d57ed00778cc,756
device_uplink,1787591581000000000,70b3d57ed00778cc,757
device_uplink,1787591597000000000,70b3d57ed00778cc,758
device_uplink,1787591613000000000,70b3d57ed00778cc,759
device_uplink,1787591629000000000,70b3d57ed00778cc,760
device_uplink,1787591645000000000,70b3d57ed00778cc,761
device_uplink,1787591663000000000,70b3d57ed00778cc,762
device_uplink,1787591679000000000,70b3d57ed00778cc,763
device_uplink,1787591695000000000,70b3d57ed00778cc,764
device_uplink,1787591711000000000,70b3d57ed00778cc,765
device_uplink,1787591727000000000,70b3d57ed00778cc,766
device_uplink,1787591743000000000,70b3d57ed00778cc,767
device_uplink,1787591759000000000,70b3d57ed00778cc,768
device_uplink,1787591777000000000,70b3d57ed00778cc,769
device_uplink,1787591793000000000,70b3d57ed00778cc,770
device_uplink,1787591809000000000,70b3d57ed00778cc,771
device_uplink,1787591825000000000,70b3d57ed00778cc,772
device_uplink,1787591841000000000,70b3d57ed00778cc,773
device_uplink,1787591857000000000,70b3d57ed00778cc,774
device_uplink,1787591873000000000,70b3d57ed00778cc,775
device_uplink,1787591889000000000,70b3d57ed00778cc,776
device_uplink,1787591907000000000,70b3d57ed00778cc,777
device_uplink,1787591923000000000,70b3d57ed00778cc,778
device_uplink,1787591939000000000,70b3d57ed00778cc,779
device_uplink,1787591955000000000,70b3d57ed00778cc,780
device_uplink,1787591971000000000,70b3d57ed00778cc,781
device_uplink,1787591987000000000,70b3d57ed00778cc,782
device_uplink,1787592003000000000,70b3d57ed00778cc,783
device_uplink,1787592019000000000,70b3d57ed00778cc,784
device_uplink,1787592037000000000,70b3d57ed00778cc,785
device_uplink,1787592053000000000,70b3d57ed00778cc,786
device_uplink,1787592069000000000,70b3d57ed00778cc,787
device_uplink,1787592085000000000,70b3d57ed00778cc,788
device_uplink,1787592101000000000,70b3d57ed00778cc,789
device_uplink,1787592117000000000,70b3d57ed00778cc,790
device_uplink,1787592133000000000,70b3d57ed00778cc,791
device_uplink,1787592149000000000,70b3d57ed00778cc,792
device_uplink,1787592167000000000,70b3d57ed00778cc,793
device_uplink,1787592183000000000,70b3d57ed00778cc,794
device_uplink,1787592199000000000,70b3d57ed00778cc,795
device_uplink,1787592215000000000,70b3d57ed00778cc,796
device_uplink,1787592231000000000,70b3d57ed00778cc,797
device_uplink,1787592247000000000,70b3d57ed00778cc,798
device_uplink,1787592265000000000,70b3d57ed00778cc,799
device_uplink,1787592281000000000,70b3d57ed00778cc,800
device_uplink,1787592297000000000,70b3d57ed00778cc,801
device_uplink,1787592313000000000,70b3d57ed00778cc,802
device_uplink,1787592329000000000,70b3d57ed00778cc,803
device_uplink,1787592345000000000,70b3d57ed00778cc,804
device_uplink,1787592361000000000,70b3d57ed00778cc,805
device_uplink,1787592377000000000,70b3d57ed00778cc,806
device_uplink,1787592395000000000,70b3d57ed00778cc,807
device_uplink,1787592411000000000,70b3d57ed00778cc,808
device_uplink,1787592427000000000,70b3d57ed00778cc,809
device_uplink,1787592443000000000,70b3d57ed00778cc,810
device_uplink,1787592459000000000,70b3d57ed00778cc,811
device_uplink,1787592475000000000,70b3d57ed00778cc,812
device_uplink,1787592491000000000,70b3d57ed00778cc,813
device_uplink,1787592507000000000,70b3d57ed00778cc,814
device_uplink,1787592525000000000,70b3d57ed00778cc,815
device_uplink,1787592541000000000,70b3d57ed00778cc,816
device_uplink,1787592557000000000,70b3d57ed00778cc,817
device_uplink,1787592573000000000,70b3d57ed00778cc,818
device_uplink,1787592589000000000,70b3d57ed00778cc,819
device_uplink,1787592605000000000,70b3d57ed00778cc,820
device_uplink,1787592621000000000,70b3d57ed00778cc,821
device_uplink,1787592639000000000,70b3d57ed00778cc,822
device_uplink,1787592655000000000,70b3d57ed00778cc,823
device_uplink,1787592671000000000,70b3d57ed00778cc,824
device_uplink,1787592687000000000,70b3d57ed00778cc,825
device_uplink,1787592703000000000,70b3d57ed00778cc,826
device_uplink,1787592719000000000,70b3d57ed00778cc,827
device_uplink,1787592735000000000,70b3d57ed00778cc,828
device_uplink,1787592751000000000,70b3d57ed00778cc,829
device_uplink,1787592767000000000,70b3d57ed00778cc,830
device_uplink,1787592785000000000,70b3d57ed00778cc,831
device_uplink,1787592801000000000,70b3d57ed00778cc,832
device_uplink,1787592817000000000,70b3d57ed00778cc,833
device_uplink,1787592833000000000,70b3d57ed00778cc,834
device_uplink,1787592849000000000,70b3d57ed00778cc,835
device_uplink,1787592865000000000,70b3d57ed00778cc,836
device_uplink,1787592883000000000,70b3d57ed00778cc,837
device_uplink,1787592899000000000,70b3d57ed00778cc,838
device_uplink,1787592915000000000,70b3d57ed00778cc,839
device_uplink,1787592931000000000,70b3d57ed00778cc,840
device_uplink,1787592947000000000,70b3d57ed00778cc,841
device_uplink,1787592963000000000,70b3d57ed00778cc,842
device_uplink,1787592979000000000,70b3d57ed00778cc,843
device_uplink,1787592995000000000,70b3d57ed00778cc,844
device_uplink,1787593013000000000,70b3d57ed00778cc,845
device_uplink,1787593029000000000,70b3d57ed00778cc,846
device_uplink,1787593045000000000,70b3d57ed00778cc,847
device_uplink,1787593061000000000,70b3d57ed00778cc,848
device_uplink,1787593077000000000,70b3d57ed00778cc,849
device_uplink,1787593093000000000,70b3d57ed00778cc,850
device_uplink,1787593109000000000,70b3d57ed00778cc,851
device_uplink,1787593125000000000,70b3d57ed00778cc,852
device_uplink,1787593143000000000,70b3d57ed00778cc,853
device_uplink,1787593159000000000,70b3d57ed00778cc,854
device_uplink,1787593175000000000,70b3d57ed00778cc,855
device_uplink,1787593191000000000,70b3d57ed00778cc,856
device_uplink,1787593207000000000,70b3d57ed00778cc,857
device_uplink,1787593223000000000,70b3d57ed00778cc,858
device_uplink,1787593257000000000,70b3d57ed00778cc,860
device_uplink,1787593273000000000,70b3d57ed00778cc,861
device_uplink,1787593289000000000,70b3d57ed00778cc,862
device_uplink,1787593305000000000,70b3d57ed00778cc,863
device_uplink,1787593321000000000,70b3d57ed00778cc,864
device_uplink,1787593337000000000,70b3d57ed00778cc,865
device_uplink,1787593353000000000,70b3d57ed00778cc,866
device_uplink,1787593369000000000,70b3d57ed00778cc,867
device_uplink,1787593387000000000,70b3d57ed00778cc,868
device_uplink,1787593403000000000,70b3d57ed00778cc,869
device_uplink,1787593419000000000,70b3d57ed00778cc,870
device_uplink,1787593435000000000,70b3d57ed00778cc,871
device_uplink,1787593451000000000,70b3d57ed00778cc,872
device_uplink,1787593467000000000,70b3d57ed00778cc,873
device_uplink,1787593483000000000,70b3d57ed00778cc,874
device_uplink,1787593501000000000,70b3d57ed00778cc,875
device_uplink,1787593517000000000,70b3d57ed00778cc,876
device_uplink,1787593533000000000,70b3d57ed00778cc,877
device_uplink,1787593549000000000,70b3d57ed00778cc,878
device_uplink,1787593565000000000,70b3d57ed00778cc,879
device_uplink,1787593581000000000,70b3d57ed00778cc,880
device_uplink,1787593597000000000,70b3d57ed00778cc,881
device_uplink,1787593613000000000,70b3d57ed00778cc,882
device_uplink,1787593631000000000,70b3d57ed00778cc,883
device_uplink,1787593647000000000,70b3d57ed00778cc,884
device_uplink,1787593663000000000,70b3d57ed00778cc,885
device_uplink,1787593679000000000,70b3d57ed00778cc,886
device_uplink,1787593695000000000,70b3d57ed00778cc,887
device_uplink,1787593711000000000,70b3d57ed00778cc,888
device_uplink,1787593727000000000,70b3d57ed00778cc,889
device_uplink,1787593745000000000,70b3d57ed00778cc,890
device_uplink,1787593761000000000,70b3d57ed00778cc,891
device_uplink,1787593777000000000,70b3d57ed00778cc,892
device_uplink,1787593793000000000,70b3d57ed00778cc,893
device_uplink,1787593809000000000,70b3d57ed00778cc,894
device_uplink,1787593825000000000,70b3d57ed00778cc,895
device_uplink,1787593841000000000,70b3d57ed00778cc,896
device_uplink,1787593857000000000,70b3d57ed00778cc,897
device_uplink,1787593875000000000,70b3d57ed00778cc,898
device_uplink,1787593891000000000,70b3d57ed00778cc,899
device_uplink,1787593907000000000,70b3d57ed00778cc,900
device_uplink,1787593923000000000,70b3d57ed00778cc,901
device_uplink,1787593939000000000,70b3d57ed00778cc,902
device_uplink,1787593955000000000,70b3d57ed00778cc,903
device_uplink,1787593971000000000,70b3d57ed00778cc,904
device_uplink,1787593987000000000,70b3d57ed00778cc,905
device_uplink,1787594005000000000,70b3d57ed00778cc,906
device_uplink,1787594021000000000,70b3d57ed00778cc,907
device_uplink,1787594037000000000,70b3d57ed00778cc,908
device_uplink,1787594053000000000,70b3d57ed00778cc,909
device_uplink,1787594069000000000,70b3d57ed00778cc,910
device_uplink,1787594085000000000,70b3d57ed00778cc,911
device_uplink,1787594101000000000,70b3d57ed00778cc,912
device_uplink,1787594117000000000,70b3d57ed00778cc,913
device_uplink,1787594135000000000,70b3d57ed00778cc,914
device_uplink,1787594151000000000,70b3d57ed00778cc,915
device_uplink,1787594167000000000,70b3d57ed00778cc,916
device_uplink,1787594183000000000,70b3d57ed00778cc,917
device_uplink,1787594199000000000,70b3d57ed00778cc,918
device_uplink,1787594215000000000,70b3d57ed00778cc,919
device_uplink,1787594231000000000,70b3d57ed00778cc,920
device_uplink,1787594247000000000,70b3d57ed00778cc,921
device_uplink,1787594265000000000,70b3d57ed00778cc,922
device_uplink,1787594281000000000,70b3d57ed00778cc,923
device_uplink,1787594297000000000,70b3d57ed00778cc,924
device_uplink,1787594313000000000,70b3d57ed00778cc,925
device_uplink,1787594329000000000,70b3d57ed00778cc,926
device_uplink,1787594345000000000,70b3d57ed00778cc,927
device_uplink,1787594361000000000,70b3d57ed00778cc,928
device_uplink,1787594377000000000,70b3d57ed00778cc,929
device_uplink,1787594395000000000,70b3d57ed00778cc,930
device_uplink,1787594411000000000,70b3d57ed00778cc,931
device_uplink,1787594427000000000,70b3d57ed00778cc,932
device_uplink,1787594443000000000,70b3d57ed00778cc,933
device_uplink,1787594459000000000,70b3d57ed00778cc,934
device_uplink,1787594475000000000,70b3d57ed00778cc,935
device_uplink,1787594491000000000,70b3d57ed00778cc,936
device_uplink,1787594507000000000,70b3d57ed00778cc,937
device_uplink,1787594525000000000,70b3d57ed00778cc,938
device_uplink,1787594541000000000,70b3d57ed00778cc,939
device_uplink,1787594557000000000,70b3d57ed00778cc,940
device_uplink,1787594573000000000,70b3d57ed00778cc,941
device_uplink,1787594589000000000,70b3d57ed00778cc,942
device_uplink,1787594605000000000,70b3d57ed00778cc,943
device_uplink,1787594621000000000,70b3d57ed00778cc,944
device_uplink,1787594637000000000,70b3d57ed00778cc,945
device_uplink,1787594655000000000,70b3d57ed00778cc,946
device_uplink,1787594671000000000,70b3d57ed00778cc,947
device_uplink,1787594687000000000,70b3d57ed00778cc,948
device_uplink,1787594703000000000,70b3d57ed00778cc,949
device_uplink,1787594719000000000,70b3d57ed00778cc,950
device_uplink,1787594735000000000,70b3d57ed00778cc,951
device_uplink,1787594751000000000,70b3d57ed00778cc,952
device_uplink,1787594769000000000,70b3d57ed00778cc,953
device_uplink,1787594785000000000,70b3d57ed00778cc,954
device_uplink,1787594801000000000,70b3d57ed00778cc,955
device_uplink,1787594817000000000,70b3d57ed00778cc,956
device_uplink,1787594833000000000,70b3d57ed00778cc,957
device_uplink,1787594849000000000,70b3d57ed00778cc,958
device_uplink,1787594865000000000,70b3d57ed00778cc,959
device_uplink,1787594881000000000,70b3d57ed00778cc,960
device_uplink,1787594899000000000,70b3d57ed00778cc,961
device_uplink,1787594915000000000,70b3d57ed00778cc,962
device_uplink,1787594931000000000,70b3d57ed00778cc,963
device_uplink,1787594947000000000,70b3d57ed00778cc,964
device_uplink,1787594963000000000,70b3d57ed00778cc,965
device_uplink,1787594979000000000,70b3d57ed00778cc,966
device_uplink,1787594995000000000,70b3d57ed00778cc,967
device_uplink,1787595011000000000,70b3d57ed00778cc,968
device_uplink,1787595029000000000,70b3d57ed00778cc,969
device_uplink,1787595045000000000,70b3d57ed00778cc,970
device_uplink,1787595061000000000,70b3d57ed00778cc,971
device_uplink,1787595077000000000,70b3d57ed00778cc,972
device_uplink,1787595093000000000,70b3d57ed00778cc,973
device_uplink,1787595109000000000,70b3d57ed00778cc,974
device_uplink,1787595125000000000,70b3d57ed00778cc,975
device_uplink,1787595141000000000,70b3d57ed00778cc,976
device_uplink,1787595159000000000,70b3d57ed00778cc,977
device_uplink,1787595175000000000,70b3d57ed00778cc,978
device_uplink,1787595191000000000,70b3d57ed00778cc,979
device_uplink,1787595207000000000,70b3d57ed00778cc,980
device_uplink,1787595223000000000,70b3d57ed00778cc,981
device_uplink,1787595239000000000,70b3d57ed00778cc,982
device_uplink,1787595255000000000,70b3d57ed00778cc,983
device_uplink,1787595273000000000,70b3d57ed00778cc,984
device_uplink,1787595289000000000,70b3d57ed00778cc,985
device_uplink,1787595305000000000,70b3d57ed00778cc,986
device_uplink,1787595321000000000,70b3d57ed00778cc,987
device_uplink,1787595337000000000,70b3d57ed00778cc,988
device_uplink,1787595353000000000,70b3d57ed00778cc,989
device_uplink,1787595369000000000,70b3d57ed00778cc,990
device_uplink,1787595387000000000,70b3d57ed00778cc,991
device_uplink,1787595403000000000,70b3d57ed00778cc,992
device_uplink,1787595419000000000,70b3d57ed00778cc,993
device_uplink,1787595435000000000,70b3d57ed00778cc,994
device_uplink,1787595451000000000,70b3d57ed00778cc,995
device_uplink,1787595467000000000,70b3d57ed00778cc,996
device_uplink,1787595483000000000,70b3d57ed00778cc,997
device_uplink,1787595499000000000,70b3d57ed00778cc,998
device_uplink,1787595517000000000,70b3d57ed00778cc,999
device_uplink,1787595533000000000,70b3d57ed00778cc,1000
device_uplink,1787595549000000000,70b3d57ed00778cc,1001
device_uplink,1787595565000000000,70b3d57ed00778cc,1002
device_uplink,1787595581000000000,70b3d57ed00778cc,1003
device_uplink,1787595597000000000,70b3d57ed00778cc,1004
device_uplink,1787595613000000000,70b3d57ed00778cc,1005
device_uplink,1787595629000000000,70b3d57ed00778cc,1006
device_uplink,1787595647000000000,70b3d57ed00778cc,1007
device_uplink,1787595663000000000,70b3d57ed00778cc,1008
device_uplink,1787595679000000000,70b3d57ed00778cc,1009
device_uplink,1787595695000000000,70b3d57ed00778cc,1010
device_uplink,1787595711000000000,70b3d57ed00778cc,1011
device_uplink,1787595727000000000,70b3d57ed00778cc,1012
device_uplink,1787595743000000000,70b3d57ed00778cc,1013
device_uplink,1787595761000000000,70b3d57ed00778cc,1014
device_uplink,1787595777000000000,70b3d57ed00778cc,1015
device_uplink,1787595793000000000,70b3d57ed00778cc,1016
device_uplink,1787595809000000000,70b3d57ed00778cc,1017
device_uplink,1787595825000000000,70b3d57ed00778cc,1018
device_uplink,1787595841000000000,70b3d57ed00778cc,1019
device_uplink,1787595857000000000,70b3d57ed00778cc,1020
device_uplink,1787595873000000000,70b3d57ed00778cc,1021
device_uplink,1787595891000000000,70b3d57ed00778cc,1022
device_uplink,1787595907000000000,70b3d57ed00778cc,1023
device_uplink,1787595923000000000,70b3d57ed00778cc,1024
device_uplink,1787595939000000000,70b3d57ed00778cc,1025
device_uplink,1787595955000000000,70b3d57ed00778cc,1026
device_uplink,1787595971000000000,70b3d57ed00778cc,1027
device_uplink,1787595987000000000,70b3d57ed00778cc,1028
device_uplink,1787596003000000000,70b3d57ed00778cc,1029
device_uplink,1787596021000000000,70b3d57ed00778cc,1030
device_uplink,1787596037000000000,70b3d57ed00778cc,1031
device_uplink,1787596053000000000,70b3d57ed00778cc,1032
device_uplink,1787596069000000000,70b3d57ed00778cc,1033
device_uplink,1787596085000000000,70b3d57ed00778cc,1034
device_uplink,1787596101000000000,70b3d57ed00778cc,1035
device_uplink,1787596117000000000,70b3d57ed00778cc,1036
device_uplink,1787596135000000000,70b3d57ed00778cc,1037
device_uplink,1787596151000000000,70b3d57ed00778cc,1038
device_uplink,1787596167000000000,70b3d57ed00778cc,1039
device_uplink,1787596183000000000,70b3d57ed00778cc,1040
device_uplink,1787596199000000000,70b3d57ed00778cc,1041
device_uplink,1787596215000000000,70b3d57ed00778cc,1042
device_uplink,1787596231000000000,70b3d57ed00778cc,1043
device_uplink,1787596247000000000,70b3d57ed00778cc,1044
device_uplink,1787596265000000000,70b3d57ed00778cc,1045
device_uplink,1787596281000000000,70b3d57ed00778cc,1046
device_uplink,1787596297000000000,70b3d57ed00778cc,1047
device_uplink,1787596313000000000,70b3d57ed00778cc,1048
device_uplink,1787596329000000000,70b3d57ed00778cc,1049
device_uplink,1787596345000000000,70b3d57ed00778cc,1050
device_uplink,1787596361000000000,70b3d57ed00778cc,1051
device_uplink,1787596379000000000,70b3d57ed00778cc,1052
device_uplink,1787596395000000000,70b3d57ed00778cc,1053
device_uplink,1787596411000000000,70b3d57ed00778cc,1054
device_uplink,1787596427000000000,70b3d57ed00778cc,1055
device_uplink,1787596443000000000,70b3d57ed00778cc,1056
device_uplink,1787596459000000000,70b3d57ed00778cc,1057
device_uplink,1787596475000000000,70b3d57ed00778cc,1058
device_uplink,1787596493000000000,70b3d57ed00778cc,1059
device_uplink,1787596509000000000,70b3d57ed00778cc,1060
device_uplink,1787596525000000000,70b3d57ed00778cc,1061
device_uplink,1787596541000000000,70b3d57ed00778cc,1062
device_uplink,1787596557000000000,70b3d57ed00778cc,1063
device_uplink,1787596573000000000,70b3d57ed00778cc,1064
device_uplink,1787596589000000000,70b3d57ed00778cc,1065
device_uplink,1787596605000000000,70b3d57ed00778cc,1066
device_uplink,1787596623000000000,70b3d57ed00778cc,1067
device_uplink,1787596639000000000,70b3d57ed00778cc,1068
device_uplink,1787596655000000000,70b3d57ed00778cc,1069
device_uplink,1787596671000000000,70b3d57ed00778cc,1070
device_uplink,1787596687000000000,70b3d57ed00778cc,1071
device_uplink,1787596703000000000,70b3d57ed00778cc,1072
device_uplink,1787596721000000000,70b3d57ed00778cc,1073
device_uplink,1787596737000000000,70b3d57ed00778cc,1074
device_uplink,1787596753000000000,70b3d57ed00778cc,1075
device_uplink,1787596769000000000,70b3d57ed00778cc,1076
device_uplink,1787596785000000000,70b3d57ed00778cc,1077
device_uplink,1787596801000000000,70b3d57ed00778cc,1078
device_uplink,1787596817000000000,70b3d57ed00778cc,1079
device_uplink,1787596835000000000,70b3d57ed00778cc,1080
device_uplink,1787596851000000000,70b3d57ed00778cc,1081
device_uplink,1787596867000000000,70b3d57ed00778cc,1082
device_uplink,1787596883000000000,70b3d57ed00778cc,1083
device_uplink,1787596899000000000,70b3d57ed00778cc,1084
device_uplink,1787596915000000000,70b3d57ed00778cc,1085
device_uplink,1787596931000000000,70b3d57ed00778cc,1086
device_uplink,1787596947000000000,70b3d57ed00778cc,1087
device_uplink,1787596963000000000,70b3d57ed00778cc,1088
device_uplink,1787596981000000000,70b3d57ed00778cc,1089
device_uplink,1787596997000000000,70b3d57ed00778cc,1090
device_uplink,1787597013000000000,70b3d57ed00778cc,1091
device_uplink,1787597029000000000,70b3d57ed00778cc,1092
device_uplink,1787597045000000000,70b3d57ed00778cc,1093
device_uplink,1787597061000000000,70b3d57ed00778cc,1094
device_uplink,1787597079000000000,70b3d57ed00778cc,1095
device_uplink,1787597095000000000,70b3d57ed00778cc,1096
device_uplink,1787597111000000000,70b3d57ed00778cc,1097
device_uplink,1787597127000000000,70b3d57ed00778cc,1098
device_uplink,1787597143000000000,70b3d57ed00778cc,1099
device_uplink,1787597159000000000,70b3d57ed00778cc,1100
device_uplink,1787597175000000000,70b3d57ed00778cc,1101
device_uplink,1787597191000000000,70b3d57ed00778cc,1102
device_uplink,1787597209000000000,70b3d57ed00778cc,1103
device_uplink,1787597225000000000,70b3d57ed00778cc,1104
device_uplink,1787597241000000000,70b3d57ed00778cc,1105
device_uplink,1787597257000000000,70b3d57ed00778cc,1106
device_uplink,1787597273000000000,70b3d57ed00778cc,1107
device_uplink,1787597289000000000,70b3d57ed00778cc,1108
device_uplink,1787597305000000000,70b3d57ed00778cc,1109
device_uplink,1787597323000000000,70b3d57ed00778cc,1110
device_uplink,1787597339000000000,70b3d57ed00778cc,1111
device_uplink,1787597355000000000,70b3d57ed00778cc,1112
device_uplink,1787597371000000000,70b3d57ed00778cc,1113
device_uplink,1787597387000000000,70b3d57ed00778cc,1114
device_uplink,1787597403000000000,70b3d57ed00778cc,1115
device_uplink,1787597419000000000,70b3d57ed00778cc,1116
device_uplink,1787597437000000000,70b3d57ed00778cc,1117
device_uplink,1787597453000000000,70b3d57ed00778cc,1118
device_uplink,1787597469000000000,70b3d57ed00778cc,1119
device_uplink,1787597485000000000,70b3d57ed00778cc,1120
device_uplink,1787597501000000000,70b3d57ed00778cc,1121
device_uplink,1787597517000000000,70b3d57ed00778cc,1122
device_uplink,1787597533000000000,70b3d57ed00778cc,1123
device_uplink,1787597549000000000,70b3d57ed00778cc,1124
device_uplink,1787597567000000000,70b3d57ed00778cc,1125
device_uplink,1787597583000000000,70b3d57ed00778cc,1126
device_uplink,1787597599000000000,70b3d57ed00778cc,1127
device_uplink,1787597615000000000,70b3d57ed00778cc,1128
device_uplink,1787597631000000000,70b3d57ed00778cc,1129
device_uplink,1787597647000000000,70b3d57ed00778cc,1130
device_uplink,1787597663000000000,70b3d57ed00778cc,1131
device_uplink,1787597679000000000,70b3d57ed00778cc,1132
device_uplink,1787597697000000000,70b3d57ed00778cc,1133
device_uplink,1787597713000000000,70b3d57ed00778cc,1134
device_uplink,1787597729000000000,70b3d57ed00778cc,1135
device_uplink,1787597745000000000,70b3d57ed00778cc,1136
device_uplink,1787597761000000000,70b3d57ed00778cc,1137
device_uplink,1787597777000000000,70b3d57ed00778cc,1138
device_uplink,1787597793000000000,70b3d57ed00778cc,1139
device_uplink,1787597811000000000,70b3d57ed00778cc,1140
device_uplink,1787597827000000000,70b3d57ed00778cc,1141
device_uplink,1787597843000000000,70b3d57ed00778cc,1142
device_uplink,1787597859000000000,70b3d57ed00778cc,1143
device_uplink,1787597875000000000,70b3d57ed00778cc,1144
device_uplink,1787597891000000000,70b3d57ed00778cc,1145
device_uplink,1787597907000000000,70b3d57ed00778cc,1146
device_uplink,1787597925000000000,70b3d57ed00778cc,1147
device_uplink,1787597941000000000,70b3d57ed00778cc,1148
device_uplink,1787597957000000000,70b3d57ed00778cc,1149
device_uplink,1787597973000000000,70b3d57ed00778cc,1150
device_uplink,1787597989000000000,70b3d57ed00778cc,1151
device_uplink,1787598005000000000,70b3d57ed00778cc,1152
device_uplink,1787598021000000000,70b3d57ed00778cc,1153
device_uplink,1787598037000000000,70b3d57ed00778cc,1154
device_uplink,1787598055000000000,70b3d57ed00778cc,1155
device_uplink,1787598071000000000,70b3d57ed00778cc,1156
device_uplink,1787598087000000000,70b3d57ed00778cc,1157
device_uplink,1787598103000000000,70b3d57ed00778cc,1158
device_uplink,1787598119000000000,70b3d57ed00778cc,1159
device_uplink,1787598135000000000,70b3d57ed00778cc,1160
device_uplink,1787598151000000000,70b3d57ed00778cc,1161
device_uplink,1787598167000000000,70b3d57ed00778cc,1162
device_uplink,1787598185000000000,70b3d57ed00778cc,1163
device_uplink,1787598201000000000,70b3d57ed00778cc,1164
device_uplink,1787598217000000000,70b3d57ed00778cc,1165
device_uplink,1787598233000000000,70b3d57ed00778cc,1166
device_uplink,1787598249000000000,70b3d57ed00778cc,1167
device_uplink,1787598265000000000,70b3d57ed00778cc,1168
device_uplink,1787598281000000000,70b3d57ed00778cc,1169
device_uplink,1787598297000000000,70b3d57ed00778cc,1170
device_uplink,1787598315000000000,70b3d57ed00778cc,1171
device_uplink,1787598331000000000,70b3d57ed00778cc,1172
device_uplink,1787598347000000000,70b3d57ed00778cc,1173
device_uplink,1787598363000000000,70b3d57ed00778cc,1174
device_uplink,1787598379000000000,70b3d57ed00778cc,1175
device_uplink,1787598395000000000,70b3d57ed00778cc,1176
device_uplink,1787598411000000000,70b3d57ed00778cc,1177
device_uplink,1787598427000000000,70b3d57ed00778cc,1178
device_uplink,1787598445000000000,70b3d57ed00778cc,1179
device_uplink,1787598461000000000,70b3d57ed00778cc,1180
device_uplink,1787598477000000000,70b3d57ed00778cc,1181
device_uplink,1787598493000000000,70b3d57ed00778cc,1182
device_uplink,1787598509000000000,70b3d57ed00778cc,1183
device_uplink,1787598525000000000,70b3d57ed00778cc,1184
device_uplink,1787598541000000000,70b3d57ed00778cc,1185
device_uplink,1787598559000000000,70b3d57ed00778cc,1186
device_uplink,1787598575000000000,70b3d57ed00778cc,1187
device_uplink,1787598591000000000,70b3d57ed00778cc,1188
device_uplink,1787598607000000000,70b3d57ed00778cc,1189
device_uplink,1787598623000000000,70b3d57ed00778cc,1190
device_uplink,1787598639000000000,70b3d57ed00778cc,1191
device_uplink,1787598655000000000,70b3d57ed00778cc,1192
device_uplink,1787598673000000000,70b3d57ed00778cc,1193
device_uplink,1787598689000000000,70b3d57ed00778cc,1194
device_uplink,1787598705000000000,70b3d57ed00778cc,1195
device_uplink,1787598721000000000,70b3d57ed00778cc,1196
device_uplink,1787598737000000000,70b3d57ed00778cc,1197
device_uplink,1787598753000000000,70b3d57ed00778cc,1198
device_uplink,1787598769000000000,70b3d57ed00778cc,1199
device_uplink,1787598785000000000,70b3d57ed00778cc,1200
device_uplink,1787598803000000000,70b3d57ed00778cc,1201
device_uplink,1787598819000000000,70b3d57ed00778cc,1202
device_uplink,1787598835000000000,70b3d57ed00778cc,1203
device_uplink,1787598851000000000,70b3d57ed00778cc,1204
device_uplink,1787598867000000000,70b3d57ed00778cc,1205
device_uplink,1787598883000000000,70b3d57ed00778cc,1206
device_uplink,1787598899000000000,70b3d57ed00778cc,1207
device_uplink,1787598917000000000,70b3d57ed00778cc,1208
device_uplink,1787598933000000000,70b3d57ed00778cc,1209
device_uplink,1787598949000000000,70b3d57ed00778cc,1210
device_uplink,1787598965000000000,70b3d57ed00778cc,1211
device_uplink,1787598981000000000,70b3d57ed00778cc,1212
device_uplink,1787598997000000000,70b3d57ed00778cc,1213
device_uplink,1787599013000000000,70b3d57ed00778cc,1214
device_uplink,1787599029000000000,70b3d57ed00778cc,1215
device_uplink,1787599045000000000,70b3d57ed00778cc,1216
device_uplink,1787599063000000000,70b3d57ed00778cc,1217
device_uplink,1787599079000000000,70b3d57ed00778cc,1218
device_uplink,1787599095000000000,70b3d57ed00778cc,1219
device_uplink,1787599111000000000,70b3d57ed00778cc,1220
device_uplink,1787599127000000000,70b3d57ed00778cc,1221
device_uplink,1787599143000000000,70b3d57ed00778cc,1222
device_uplink,1787599159000000000,70b3d57ed00778cc,1223
device_uplink,1787599177000000000,70b3d57ed00778cc,1224
device_uplink,1787599193000000000,70b3d57ed00778cc,1225
device_uplink,1787599209000000000,70b3d57ed00778cc,1226
device_uplink,1787599225000000000,70b3d57ed00778cc,1227
device_uplink,1787599241000000000,70b3d57ed00778cc,1228
device_uplink,1787599257000000000,70b3d57ed00778cc,1229
device_uplink,1787599273000000000,70b3d57ed00778cc,1230
device_uplink,1787599291000000000,70b3d57ed00778cc,1231
device_uplink,1787599307000000000,70b3d57ed00778cc,1232
device_uplink,1787599323000000000,70b3d57ed00778cc,1233
device_uplink,1787599339000000000,70b3d57ed00778cc,1234
device_uplink,1787599355000000000,70b3d57ed00778cc,1235
device_uplink,1787599371000000000,70b3d57ed00778cc,1236
device_uplink,1787599387000000000,70b3d57ed00778cc,1237
device_uplink,1787599403000000000,70b3d57ed00778cc,1238
device_uplink,1787599421000000000,70b3d57ed00778cc,1239
device_uplink,1787599437000000000,70b3d57ed00778cc,1240
device_uplink,1787599453000000000,70b3d57ed00778cc,1241
device_uplink,1787599469000000000,70b3d57ed00778cc,1242
device_uplink,1787599485000000000,70b3d57ed00778cc,1243
device_uplink,1787599501000000000,70b3d57ed00778cc,1244
device_uplink,1787599517000000000,70b3d57ed00778cc,1245
device_uplink,1787599533000000000,70b3d57ed00778cc,1246
device_uplink,1787599551000000000,70b3d57ed00778cc,1247
device_uplink,1787599567000000000,70b3d57ed00778cc,1248
device_uplink,1787599583000000000,70b3d57ed00778cc,1249
device_uplink,1787599599000000000,70b3d57ed00778cc,1250
device_uplink,1787599615000000000,70b3d57ed00778cc,1251
device_uplink,1787599631000000000,70b3d57ed00778cc,1252
device_uplink,1787599647000000000,70b3d57ed00778cc,1253
device_uplink,1787599663000000000,70b3d57ed00778cc,1254
device_uplink,1787599681000000000,70b3d57ed00778cc,1255
device_uplink,1787599697000000000,70b3d57ed00778cc,1256
device_uplink,1787599713000000000,70b3d57ed00778cc,1257
device_uplink,1787599729000000000,70b3d57ed00778cc,1258
device_uplink,1787599745000000000,70b3d57ed00778cc,1259
device_uplink,1787599761000000000,70b3d57ed00778cc,1260
device_uplink,1787599777000000000,70b3d57ed00778cc,1261
device_uplink,1787599795000000000,70b3d57ed00778cc,1262
device_uplink,1787599811000000000,70b3d57ed00778cc,1263
device_uplink,1787599827000000000,70b3d57ed00778cc,1264
device_uplink,1787599843000000000,70b3d57ed00778cc,1265
device_uplink,1787599859000000000,70b3d57ed00778cc,1266
device_uplink,1787599875000000000,70b3d57ed00778cc,1267
device_uplink,1787599891000000000,70b3d57ed00778cc,1268
device_uplink,1787599907000000000,70b3d57ed00778cc,1269
device_uplink,1787599925000000000,70b3d57ed00778cc,1270
device_uplink,1787599941000000000,70b3d57ed00778cc,1271
device_uplink,1787599957000000000,70b3d57ed00778cc,1272
device_uplink,1787599973000000000,70b3d57ed00778cc,1273
device_uplink,1787599989000000000,70b3d57ed00778cc,1274
device_uplink,1787600005000000000,70b3d57ed00778cc,1275
device_uplink,1787600021000000000,70b3d57ed00778cc,1276
device_uplink,1787600037000000000,70b3d57ed00778cc,1277
device_uplink,1787600055000000000,70b3d57ed00778cc,1278
device_uplink,1787600071000000000,70b3d57ed00778cc,1279
device_uplink,1787600087000000000,70b3d57ed00778cc,1280
device_uplink,1787600103000000000,70b3d57ed00778cc,1281
device_uplink,1787600119000000000,70b3d57ed00778cc,1282
device_uplink,1787600135000000000,70b3d57ed00778cc,1283
device_uplink,1787600151000000000,70b3d57ed00778cc,1284
device_uplink,1787600167000000000,70b3d57ed00778cc,1285
device_uplink,1787600185000000000,70b3d57ed00778cc,1286
device_uplink,1787600201000000000,70b3d57ed00778cc,1287
device_uplink,1787600217000000000,70b3d57ed00778cc,1288
device_uplink,1787600233000000000,70b3d57ed00778cc,1289
device_uplink,1787600249000000000,70b3d57ed00778cc,1290
device_uplink,1787600265000000000,70b3d57ed00778cc,1291
device_uplink,1787600281000000000,70b3d57ed00778cc,1292
device_uplink,1787600297000000000,70b3d57ed00778cc,1293
device_uplink,1787600315000000000,70b3d57ed00778cc,1294
device_uplink,1787600331000000000,70b3d57ed00778cc,1295
device_uplink,1787600347000000000,70b3d57ed00778cc,1296
device_uplink,1787600363000000000,70b3d57ed00778cc,1297
device_uplink,1787600379000000000,70b3d57ed00778cc,1298
device_uplink,1787600395000000000,70b3d57ed00778cc,1299
device_uplink,1787600411000000000,70b3d57ed00778cc,1300
device_uplink,1787600427000000000,70b3d57ed00778cc,1301
device_uplink,1787600445000000000,70b3d57ed00778cc,1302
device_uplink,1787600461000000000,70b3d57ed00778cc,1303
device_uplink,1787600477000000000,70b3d57ed00778cc,1304
device_uplink,1787600493000000000,70b3d57ed00778cc,1305
device_uplink,1787600509000000000,70b3d57ed00778cc,1306
device_uplink,1787600525000000000,70b3d57ed00778cc,1307
device_uplink,1787600541000000000,70b3d57ed00778cc,1308
device_uplink,1787600557000000000,70b3d57ed00778cc,1309
device_uplink,1787600575000000000,70b3d57ed00778cc,1310
device_uplink,1787600591000000000,70b3d57ed00778cc,1311
device_uplink,1787600607000000000,70b3d57ed00778cc,1312
device_uplink,1787600623000000000,70b3d57ed00778cc,1313
device_uplink,1787600639000000000,70b3d57ed00778cc,1314
device_uplink,1787600655000000000,70b3d57ed00778cc,1315
device_uplink,1787600671000000000,70b3d57ed00778cc,1316
device_uplink,1787600687000000000,70b3d57ed00778cc,1317
device_uplink,1787600705000000000,70b3d57ed00778cc,1318
device_uplink,1787600721000000000,70b3d57ed00778cc,1319
device_uplink,1787600737000000000,70b3d57ed00778cc,1320
device_uplink,1787600753000000000,70b3d57ed00778cc,1321
device_uplink,1787600769000000000,70b3d57ed00778cc,1322
device_uplink,1787600785000000000,70b3d57ed00778cc,1323
device_uplink,1787600801000000000,70b3d57ed00778cc,1324
device_uplink,1787600817000000000,70b3d57ed00778cc,1325
device_uplink,1787600835000000000,70b3d57ed00778cc,1326
device_uplink,1787600851000000000,70b3d57ed00778cc,1327
device_uplink,1787600867000000000,70b3d57ed00778cc,1328
device_uplink,1787600883000000000,70b3d57ed00778cc,1329
device_uplink,1787600899000000000,70b3d57ed00778cc,1330
device_uplink,1787600915000000000,70b3d57ed00778cc,1331
device_uplink,1787600931000000000,70b3d57ed00778cc,1332
device_uplink,1787600947000000000,70b3d57ed00778cc,1333
device_uplink,1787600965000000000,70b3d57ed00778cc,1334
device_uplink,1787600981000000000,70b3d57ed00778cc,1335
device_uplink,1787600997000000000,70b3d57ed00778cc,1336
device_uplink,1787601013000000000,70b3d57ed00778cc,1337
device_uplink,1787601029000000000,70b3d57ed00778cc,1338
device_uplink,1787601045000000000,70b3d57ed00778cc,1339
device_uplink,1787601061000000000,70b3d57ed00778cc,1340
device_uplink,1787601077000000000,70b3d57ed00778cc,1341
device_uplink,1787601095000000000,70b3d57ed00778cc,1342
device_uplink,1787601111000000000,70b3d57ed00778cc,1343
device_uplink,1787601127000000000,70b3d57ed00778cc,1344
device_uplink,1787601143000000000,70b3d57ed00778cc,1345
device_uplink,1787601159000000000,70b3d57ed00778cc,1346
device_uplink,1787601175000000000,70b3d57ed00778cc,1347
device_uplink,1787601191000000000,70b3d57ed00778cc,1348
device_uplink,1787601207000000000,70b3d57ed00778cc,1349
device_uplink,1787601225000000000,70b3d57ed00778cc,1350
device_uplink,1787601241000000000,70b3d57ed00778cc,1351
device_uplink,1787601257000000000,70b3d57ed00778cc,1352
device_uplink,1787601273000000000,70b3d57ed00778cc,1353
device_uplink,1787601289000000000,70b3d57ed00778cc,1354
device_uplink,1787601305000000000,70b3d57ed00778cc,1355
device_uplink,1787601321000000000,70b3d57ed00778cc,1356
device_uplink,1787601337000000000,70b3d57ed00778cc,1357
device_uplink,1787601355000000000,70b3d57ed00778cc,1358
device_uplink,1787601371000000000,70b3d57ed00778cc,1359
device_uplink,1787601387000000000,70b3d57ed00778cc,1360
device_uplink,1787601403000000000,70b3d57ed00778cc,1361
device_uplink,1787601419000000000,70b3d57ed00778cc,1362
device_uplink,1787601435000000000,70b3d57ed00778cc,1363
device_uplink,1787601451000000000,70b3d57ed00778cc,1364
device_uplink,1787601467000000000,70b3d57ed00778cc,1365
device_uplink,1787601485000000000,70b3d57ed00778cc,1366
device_uplink,1787601501000000000,70b3d57ed00778cc,1367
device_uplink,1787601517000000000,70b3d57ed00778cc,1368
device_uplink,1787601533000000000,70b3d57ed00778cc,1369
device_uplink,1787601549000000000,70b3d57ed00778cc,1370
device_uplink,1787601565000000000,70b3d57ed00778cc,1371
device_uplink,1787601581000000000,70b3d57ed00778cc,1372
device_uplink,1787601597000000000,70b3d57ed00778cc,1373
device_uplink,1787601615000000000,70b3d57ed00778cc,1374
device_uplink,1787601631000000000,70b3d57ed00778cc,1375
device_uplink,1787601647000000000,70b3d57ed00778cc,1376
device_uplink,1787601663000000000,70b3d57ed00778cc,1377
device_uplink,1787601679000000000,70b3d57ed00778cc,1378
device_uplink,1787601695000000000,70b3d57ed00778cc,1379
device_uplink,1787601711000000000,70b3d57ed00778cc,1380
device_uplink,1787601729000000000,70b3d57ed00778cc,1381
device_uplink,1787601745000000000,70b3d57ed00778cc,1382
device_uplink,1787601761000000000,70b3d57ed00778cc,1383
device_uplink,1787601777000000000,70b3d57ed00778cc,1384
device_uplink,1787601793000000000,70b3d57ed00778cc,1385
device_uplink,1787601809000000000,70b3d57ed00778cc,1386
device_uplink,1787601825000000000,70b3d57ed00778cc,1387
device_uplink,1787601841000000000,70b3d57ed00778cc,1388
device_uplink,1787601859000000000,70b3d57ed00778cc,1389
device_uplink,1787601875000000000,70b3d57ed00778cc,1390
device_uplink,1787601891000000000,70b3d57ed00778cc,1391
device_uplink,1787601907000000000,70b3d57ed00778cc,1392
device_uplink,1787601923000000000,70b3d57ed00778cc,1393
device_uplink,1787601939000000000,70b3d57ed00778cc,1394
device_uplink,1787601955000000000,70b3d57ed00778cc,1395
device_uplink,1787601971000000000,70b3d57ed00778cc,1396
device_uplink,1787601989000000000,70b3d57ed00778cc,1397
device_uplink,1787602005000000000,70b3d57ed00778cc,1398
device_uplink,1787602021000000000,70b3d57ed00778cc,1399
device_uplink,1787602037000000000,70b3d57ed00778cc,1400
device_uplink,1787602053000000000,70b3d57ed00778cc,1401
device_uplink,1787602069000000000,70b3d57ed00778cc,1402
device_uplink,1787602085000000000,70b3d57ed00778cc,1403
device_uplink,1787602101000000000,70b3d57ed00778cc,1404
device_uplink,1787602119000000000,70b3d57ed00778cc,1405
device_uplink,1787602135000000000,70b3d57ed00778cc,1406
device_uplink,1787602151000000000,70b3d57ed00778cc,1407
device_uplink,1787602167000000000,70b3d57ed00778cc,1408
device_uplink,1787602183000000000,70b3d57ed00778cc,1409
device_uplink,1787602199000000000,70b3d57ed00778cc,1410
device_uplink,1787602215000000000,70b3d57ed00778cc,1411
device_uplink,1787602231000000000,70b3d57ed00778cc,1412
device_uplink,1787602249000000000,70b3d57ed00778cc,1413
device_uplink,1787602265000000000,70b3d57ed00778cc,1414
device_uplink,1787602281000000000,70b3d57ed00778cc,1415
device_uplink,1787602297000000000,70b3d57ed00778cc,1416
device_uplink,1787602313000000000,70b3d57ed00778cc,1417
device_uplink,1787602329000000000,70b3d57ed00778cc,1418
device_uplink,1787602345000000000,70b3d57ed00778cc,1419
device_uplink,1787602363000000000,70b3d57ed00778cc,1420
device_uplink,1787602379000000000,70b3d57ed00778cc,1421
device_uplink,1787602395000000000,70b3d57ed00778cc,1422
device_uplink,1787602411000000000,70b3d57ed00778cc,1423
device_uplink,1787602427000000000,70b3d57ed00778cc,1424
device_uplink,1787602443000000000,70b3d57ed00778cc,1425
device_uplink,1787602459000000000,70b3d57ed00778cc,1426
device_uplink,1787602477000000000,70b3d57ed00778cc,1427
device_uplink,1787602493000000000,70b3d57ed00778cc,1428
device_uplink,1787602509000000000,70b3d57ed00778cc,1429
device_uplink,1787602525000000000,70b3d57ed00778cc,1430
device_uplink,1787602541000000000,70b3d57ed00778cc,1431
device_uplink,1787602557000000000,70b3d57ed00778cc,1432
device_uplink,1787602573000000000,70b3d57ed00778cc,1433
device_uplink,1787602589000000000,70b3d57ed00778cc,1434
device_uplink,1787602607000000000,70b3d57ed00778cc,1435
device_uplink,1787602623000000000,70b3d57ed00778cc,1436
device_uplink,1787602639000000000,70b3d57ed00778cc,1437
device_uplink,1787602655000000000,70b3d57ed00778cc,1438
device_uplink,1787602671000000000,70b3d57ed00778cc,1439
device_uplink,1787602687000000000,70b3d57ed00778cc,1440
device_uplink,1787602703000000000,70b3d57ed00778cc,1441
device_uplink,1787602719000000000,70b3d57ed00778cc,1442
device_uplink,1787602737000000000,70b3d57ed00778cc,1443
device_uplink,1787602753000000000,70b3d57ed00778cc,1444
device_uplink,1787602769000000000,70b3d57ed00778cc,1445
device_uplink,1787602785000000000,70b3d57ed00778cc,1446
device_uplink,1787602801000000000,70b3d57ed00778cc,1447
device_uplink,1787602817000000000,70b3d57ed00778cc,1448
device_uplink,1787602833000000000,70b3d57ed00778cc,1449
device_uplink,1787602851000000000,70b3d57ed00778cc,1450
device_uplink,1787602867000000000,70b3d57ed00778cc,1451
device_uplink,1787602883000000000,70b3d57ed00778cc,1452
device_uplink,1787602899000000000,70b3d57ed00778cc,1453
device_uplink,1787602915000000000,70b3d57ed00778cc,1454
device_uplink,1787602931000000000,70b3d57ed00778cc,1455
device_uplink,1787602947000000000,70b3d57ed00778cc,1456
device_uplink,1787602965000000000,70b3d57ed00778cc,1457
device_uplink,1787602981000000000,70b3d57ed00778cc,1458
device_uplink,1787602997000000000,70b3d57ed00778cc,1459
device_uplink,1787603013000000000,70b3d57ed00778cc,1460
device_uplink,1787603029000000000,70b3d57ed00778cc,1461
device_uplink,1787603045000000000,70b3d57ed00778cc,1462
device_uplink,1787603061000000000,70b3d57ed00778cc,1463
device_uplink,1787603077000000000,70b3d57ed00778cc,1464
device_uplink,1787603095000000000,70b3d57ed00778cc,1465
device_uplink,1787603111000000000,70b3d57ed00778cc,1466
device_uplink,1787603127000000000,70b3d57ed00778cc,1467
device_uplink,1787603143000000000,70b3d57ed00778cc,1468
device_uplink,1787603159000000000,70b3d57ed00778cc,1469
device_uplink,1787603175000000000,70b3d57ed00778cc,1470
device_uplink,1787603191000000000,70b3d57ed00778cc,1471
device_uplink,1787603207000000000,70b3d57ed00778cc,1472
device_uplink,1787603225000000000,70b3d57ed00778cc,1473
device_uplink,1787603241000000000,70b3d57ed00778cc,1474
device_uplink,1787603257000000000,70b3d57ed00778cc,1475
device_uplink,1787603273000000000,70b3d57ed00778cc,1476
device_uplink,1787603289000000000,70b3d57ed00778cc,1477
device_uplink,1787603305000000000,70b3d57ed00778cc,1478
device_uplink,1787603321000000000,70b3d57ed00778cc,1479
device_uplink,1787603339000000000,70b3d57ed00778cc,1480
device_uplink,1787603355000000000,70b3d57ed00778cc,1481
device_uplink,1787603371000000000,70b3d57ed00778cc,1482
device_uplink,1787603387000000000,70b3d57ed00778cc,1483
device_uplink,1787603403000000000,70b3d57ed00778cc,1484
device_uplink,1787603419000000000,70b3d57ed00778cc,1485
device_uplink,1787603435000000000,70b3d57ed00778cc,1486
device_uplink,1787603453000000000,70b3d57ed00778cc,1487
device_uplink,1787603469000000000,70b3d57ed00778cc,1488
device_uplink,1787603485000000000,70b3d57ed00778cc,1489
device_uplink,1787603501000000000,70b3d57ed00778cc,1490
device_uplink,1787603517000000000,70b3d57ed00778cc,1491
device_uplink,1787603533000000000,70b3d57ed00778cc,1492
device_uplink,1787603549000000000,70b3d57ed00778cc,1493
device_uplink,1787603565000000000,70b3d57ed00778cc,1494
device_uplink,1787603583000000000,70b3d57ed00778cc,1495
device_uplink,1787603599000000000,70b3d57ed00778cc,1496
device_uplink,1787603615000000000,70b3d57ed00778cc,1497
device_uplink,1787603631000000000,70b3d57ed00778cc,1498
device_uplink,1787603647000000000,70b3d57ed00778cc,1499
device_uplink,1787603663000000000,70b3d57ed00778cc,1500
device_uplink,1787603679000000000,70b3d57ed00778cc,1501
device_uplink,1787603697000000000,70b3d57ed00778cc,1502
device_uplink,1787603713000000000,70b3d57ed00778cc,1503
device_uplink,1787603729000000000,70b3d57ed00778cc,1504
device_uplink,1787603745000000000,70b3d57ed00778cc,1505
device_uplink,1787603761000000000,70b3d57ed00778cc,1506
device_uplink,1787603777000000000,70b3d57ed00778cc,1507
device_uplink,1787603793000000000,70b3d57ed00778cc,1508
device_uplink,1787603811000000000,70b3d57ed00778cc,1509
device_uplink,1787603827000000000,70b3d57ed00778cc,1510
device_uplink,1787603843000000000,70b3d57ed00778cc,1511
device_uplink,1787603859000000000,70b3d57ed00778cc,1512
device_uplink,1787603875000000000,70b3d57ed00778cc,1513
device_uplink,1787603891000000000,70b3d57ed00778cc,1514
device_uplink,1787603907000000000,70b3d57ed00778cc,1515
device_uplink,1787603923000000000,70b3d57ed00778cc,1516
device_uplink,1787603941000000000,70b3d57ed00778cc,1517
device_uplink,1787603957000000000,70b3d57ed00778cc,1518
device_uplink,1787603973000000000,70b3d57ed00778cc,1519
device_uplink,1787603989000000000,70b3d57ed00778cc,1520
device_uplink,1787604005000000000,70b3d57ed00778cc,1521
device_uplink,1787604021000000000,70b3d57ed00778cc,1522
device_uplink,1787604037000000000,70b3d57ed00778cc,1523
device_uplink,1787604053000000000,70b3d57ed00778cc,1524
device_uplink,1787604071000000000,70b3d57ed00778cc,1525
device_uplink,1787604087000000000,70b3d57ed00778cc,1526
device_uplink,1787604103000000000,70b3d57ed00778cc,1527
device_uplink,1787604119000000000,70b3d57ed00778cc,1528
device_uplink,1787604135000000000,70b3d57ed00778cc,1529
device_uplink,1787604151000000000,70b3d57ed00778cc,1530
device_uplink,1787604167000000000,70b3d57ed00778cc,1531
device_uplink,1787604185000000000,70b3d57ed00778cc,1532
device_uplink,1787604201000000000,70b3d57ed00778cc,1533
device_uplink,1787604217000000000,70b3d57ed00778cc,1534
device_uplink,1787604233000000000,70b3d57ed00778cc,1535
device_uplink,1787604249000000000,70b3d57ed00778cc,1536
device_uplink,1787604265000000000,70b3d57ed00778cc,1537
device_uplink,1787604281000000000,70b3d57ed00778cc,1538
device_uplink,1787604299000000000,70b3d57ed00778cc,1539
device_uplink,1787604315000000000,70b3d57ed00778cc,1540
device_uplink,1787604331000000000,70b3d57ed00778cc,1541
device_uplink,1787604347000000000,70b3d57ed00778cc,1542
device_uplink,1787604363000000000,70b3d57ed00778cc,1543
device_uplink,1787604379000000000,70b3d57ed00778cc,1544
device_uplink,1787604395000000000,70b3d57ed00778cc,1545
device_uplink,1787604411000000000,70b3d57ed00778cc,1546
device_uplink,1787604429000000000,70b3d57ed00778cc,1547
device_uplink,1787604445000000000,70b3d57ed00778cc,1548
device_uplink,1787604461000000000,70b3d57ed00778cc,1549
device_uplink,1787604477000000000,70b3d57ed00778cc,1550
device_uplink,1787604493000000000,70b3d57ed00778cc,1551
device_uplink,1787604509000000000,70b3d57ed00778cc,1552
device_uplink,1787604525000000000,70b3d57ed00778cc,1553
device_uplink,1787604541000000000,70b3d57ed00778cc,1554
device_uplink,1787604559000000000,70b3d57ed00778cc,1555
device_uplink,1787604575000000000,70b3d57ed00778cc,1556
device_uplink,1787604591000000000,70b3d57ed00778cc,1557
device_uplink,1787604607000000000,70b3d57ed00778cc,1558
device_uplink,1787604623000000000,70b3d57ed00778cc,1559
device_uplink,1787604639000000000,70b3d57ed00778cc,1560
device_uplink,1787604655000000000,70b3d57ed00778cc,1561
device_uplink,1787604671000000000,70b3d57ed00778cc,1562
device_uplink,1787604689000000000,70b3d57ed00778cc,1563
device_uplink,1787604705000000000,70b3d57ed00778cc,1564
device_uplink,1787604721000000000,70b3d57ed00778cc,1565
device_uplink,1787604737000000000,70b3d57ed00778cc,1566
device_uplink,1787604753000000000,70b3d57ed00778cc,1567
device_uplink,1787604769000000000,70b3d57ed00778cc,1568
device_uplink,1787604785000000000,70b3d57ed00778cc,1569
device_uplink,1787604801000000000,70b3d57ed00778cc,1570
device_uplink,1787604819000000000,70b3d57ed00778cc,1571
device_uplink,1787604835000000000,70b3d57ed00778cc,1572
device_uplink,1787604851000000000,70b3d57ed00778cc,1573
device_uplink,1787604867000000000,70b3d57ed00778cc,1574
device_uplink,1787604883000000000,70b3d57ed00778cc,1575
device_uplink,1787604899000000000,70b3d57ed00778cc,1576
device_uplink,1787604915000000000,70b3d57ed00778cc,1577
device_uplink,1787604933000000000,70b3d57ed00778cc,1578
device_uplink,1787604949000000000,70b3d57ed00778cc,1579
device_uplink,1787604965000000000,70b3d57ed00778cc,1580
device_uplink,1787604981000000000,70b3d57ed00778cc,1581
device_uplink,1787604997000000000,70b3d57ed00778cc,1582
device_uplink,1787605013000000000,70b3d57ed00778cc,1583
device_uplink,1787605029000000000,70b3d57ed00778cc,1584
device_uplink,1787605047000000000,70b3d57ed00778cc,1585
device_uplink,1787605063000000000,70b3d57ed00778cc,1586
device_uplink,1787605079000000000,70b3d57ed00778cc,1587
device_uplink,1787605095000000000,70b3d57ed00778cc,1588
device_uplink,1787605111000000000,70b3d57ed00778cc,1589
device_uplink,1787605127000000000,70b3d57ed00778cc,1590
device_uplink,1787605143000000000,70b3d57ed00778cc,1591
device_uplink,1787605159000000000,70b3d57ed00778cc,1592
device_uplink,1787605177000000000,70b3d57ed00778cc,1593
device_uplink,1787605193000000000,70b3d57ed00778cc,1594
device_uplink,1787605209000000000,70b3d57ed00778cc,1595
device_uplink,1787605225000000000,70b3d57ed00778cc,1596
device_uplink,1787605241000000000,70b3d57ed00778cc,1597
device_uplink,1787605257000000000,70b3d57ed00778cc,1598
device_uplink,1787605273000000000,70b3d57ed00778cc,1599
device_uplink,1787605291000000000,70b3d57ed00778cc,1600
device_uplink,1787605307000000000,70b3d57ed00778cc,1601
device_uplink,1787605323000000000,70b3d57ed00778cc,1602
device_uplink,1787605339000000000,70b3d57ed00778cc,1603
device_uplink,1787605355000000000,70b3d57ed00778cc,1604
device_uplink,1787605371000000000,70b3d57ed00778cc,1605
device_uplink,1787605387000000000,70b3d57ed00778cc,1606
device_uplink,1787605403000000000,70b3d57ed00778cc,1607
device_uplink,1787605421000000000,70b3d57ed00778cc,1608
device_uplink,1787605437000000000,70b3d57ed00778cc,1609
device_uplink,1787605453000000000,70b3d57ed00778cc,1610
device_uplink,1787605469000000000,70b3d57ed00778cc,1611
device_uplink,1787605485000000000,70b3d57ed00778cc,1612
device_uplink,1787605501000000000,70b3d57ed00778cc,1613
device_uplink,1787605517000000000,70b3d57ed00778cc,1614
device_uplink,1787605533000000000,70b3d57ed00778cc,1615
device_uplink,1787605551000000000,70b3d57ed00778cc,1616
device_uplink,1787605567000000000,70b3d57ed00778cc,1617
device_uplink,1787605583000000000,70b3d57ed00778cc,1618
device_uplink,1787605599000000000,70b3d57ed00778cc,1619
device_uplink,1787605615000000000,70b3d57ed00778cc,1620
device_uplink,1787605631000000000,70b3d57ed00778cc,1621
device_uplink,1787605647000000000,70b3d57ed00778cc,1622
device_uplink,1787605665000000000,70b3d57ed00778cc,1623
device_uplink,1787605681000000000,70b3d57ed00778cc,1624
device_uplink,1787605697000000000,70b3d57ed00778cc,1625
device_uplink,1787605713000000000,70b3d57ed00778cc,1626
device_uplink,1787605729000000000,70b3d57ed00778cc,1627
device_uplink,1787605745000000000,70b3d57ed00778cc,1628
device_uplink,1787605761000000000,70b3d57ed00778cc,1629
device_uplink,1787605777000000000,70b3d57ed00778cc,1630
device_uplink,1787605795000000000,70b3d57ed00778cc,1631
device_uplink,1787605811000000000,70b3d57ed00778cc,1632
device_uplink,1787605827000000000,70b3d57ed00778cc,1633
device_uplink,1787605843000000000,70b3d57ed00778cc,1634
device_uplink,1787605859000000000,70b3d57ed00778cc,1635
device_uplink,1787605875000000000,70b3d57ed00778cc,1636
device_uplink,1787605891000000000,70b3d57ed00778cc,1637
device_uplink,1787605907000000000,70b3d57ed00778cc,1638
device_uplink,1787605925000000000,70b3d57ed00778cc,1639
device_uplink,1787605941000000000,70b3d57ed00778cc,1640
device_uplink,1787605957000000000,70b3d57ed00778cc,1641
device_uplink,1787605973000000000,70b3d57ed00778cc,1642
device_uplink,1787605989000000000,70b3d57ed00778cc,1643
device_uplink,1787606005000000000,70b3d57ed00778cc,1644
device_uplink,1787606021000000000,70b3d57ed00778cc,1645
device_uplink,1787606037000000000,70b3d57ed00778cc,1646
device_uplink,1787606055000000000,70b3d57ed00778cc,1647
device_uplink,1787606071000000000,70b3d57ed00778cc,1648
device_uplink,1787606087000000000,70b3d57ed00778cc,1649
device_uplink,1787606103000000000,70b3d57ed00778cc,1650
device_uplink,1787606119000000000,70b3d57ed00778cc,1651
device_uplink,1787606135000000000,70b3d57ed00778cc,1652
device_uplink,1787606151000000000,70b3d57ed00778cc,1653
device_uplink,1787606169000000000,70b3d57ed00778cc,1654
device_uplink,1787606185000000000,70b3d57ed00778cc,1655
device_uplink,1787606201000000000,70b3d57ed00778cc,1656
device_uplink,1787606217000000000,70b3d57ed00778cc,1657
device_uplink,1787606233000000000,70b3d57ed00778cc,1658
device_uplink,1787606249000000000,70b3d57ed00778cc,1659
device_uplink,1787606265000000000,70b3d57ed00778cc,1660
device_uplink,1787606281000000000,70b3d57ed00778cc,1661
device_uplink,1787606299000000000,70b3d57ed00778cc,1662
device_uplink,1787606315000000000,70b3d57ed00778cc,1663
device_uplink,1787606331000000000,70b3d57ed00778cc,1664
device_uplink,1787606347000000000,70b3d57ed00778cc,1665
device_uplink,1787606363000000000,70b3d57ed00778cc,1666
device_uplink,1787606379000000000,70b3d57ed00778cc,1667
device_uplink,1787606395000000000,70b3d57ed00778cc,1668
device_uplink,1787606413000000000,70b3d57ed00778cc,1669
device_uplink,1787606429000000000,70b3d57ed00778cc,1670
device_uplink,1787606445000000000,70b3d57ed00778cc,1671
device_uplink,1787606461000000000,70b3d57ed00778cc,1672
device_uplink,1787606477000000000,70b3d57ed00778cc,1673
device_uplink,1787606493000000000,70b3d57ed00778cc,1674
device_uplink,1787606509000000000,70b3d57ed00778cc,1675
device_uplink,1787606525000000000,70b3d57ed00778cc,1676
device_uplink,1787606543000000000,70b3d57ed00778cc,1677
device_uplink,1787606559000000000,70b3d57ed00778cc,1678
device_uplink,1787606575000000000,70b3d57ed00778cc,1679
device_uplink,1787606591000000000,70b3d57ed00778cc,1680
device_uplink,1787606607000000000,70b3d57ed00778cc,1681
device_uplink,1787606623000000000,70b3d57ed00778cc,1682
device_uplink,1787606641000000000,70b3d57ed00778cc,1683
device_uplink,1787606657000000000,70b3d57ed00778cc,1684
device_uplink,1787606673000000000,70b3d57ed00778cc,1685
device_uplink,1787606689000000000,70b3d57ed00778cc,1686
device_uplink,1787606705000000000,70b3d57ed00778cc,1687
device_uplink,1787606721000000000,70b3d57ed00778cc,1688
device_uplink,1787606737000000000,70b3d57ed00778cc,1689
device_uplink,1787606755000000000,70b3d57ed00778cc,1690
device_uplink,1787606771000000000,70b3d57ed00778cc,1691
device_uplink,1787606787000000000,70b3d57ed00778cc,1692
device_uplink,1787606803000000000,70b3d57ed00778cc,1693
device_uplink,1787606819000000000,70b3d57ed00778cc,1694
device_uplink,1787606835000000000,70b3d57ed00778cc,1695
device_uplink,1787606851000000000,70b3d57ed00778cc,1696
device_uplink,1787606867000000000,70b3d57ed00778cc,1697
device_uplink,1787606883000000000,70b3d57ed00778cc,1698
device_uplink,1787606901000000000,70b3d57ed00778cc,1699
device_uplink,1787606917000000000,70b3d57ed00778cc,1700
device_uplink,1787606933000000000,70b3d57ed00778cc,1701
device_uplink,1787606949000000000,70b3d57ed00778cc,1702
device_uplink,1787606965000000000,70b3d57ed00778cc,1703
device_uplink,1787606981000000000,70b3d57ed00778cc,1704
device_uplink,1787606999000000000,70b3d57ed00778cc,1705
device_uplink,1787607015000000000,70b3d57ed00778cc,1706
device_uplink,1787607031000000000,70b3d57ed00778cc,1707
device_uplink,1787607047000000000,70b3d57ed00778cc,1708
device_uplink,1787607063000000000,70b3d57ed00778cc,1709
device_uplink,1787607079000000000,70b3d57ed00778cc,1710
device_uplink,1787607095000000000,70b3d57ed00778cc,1711
device_uplink,1787607111000000000,70b3d57ed00778cc,1712
device_uplink,1787607129000000000,70b3d57ed00778cc,1713
device_uplink,1787607145000000000,70b3d57ed00778cc,1714
device_uplink,1787607161000000000,70b3d57ed00778cc,1715
device_uplink,1787607177000000000,70b3d57ed00778cc,1716
device_uplink,1787607193000000000,70b3d57ed00778cc,1717
device_uplink,1787607209000000000,70b3d57ed00778cc,1718
device_uplink,1787607225000000000,70b3d57ed00778cc,1719
device_uplink,1787607243000000000,70b3d57ed00778cc,1720
device_uplink,1787607259000000000,70b3d57ed00778cc,1721
device_uplink,1787607275000000000,70b3d57ed00778cc,1722
device_uplink,1787607291000000000,70b3d57ed00778cc,1723
device_uplink,1787607307000000000,70b3d57ed00778cc,1724
device_uplink,1787607323000000000,70b3d57ed00778cc,1725
device_uplink,1787607339000000000,70b3d57ed00778cc,1726
device_uplink,1787607357000000000,70b3d57ed00778cc,1727
device_uplink,1787607373000000000,70b3d57ed00778cc,1728
device_uplink,1787607389000000000,70b3d57ed00778cc,1729
device_uplink,1787607405000000000,70b3d57ed00778cc,1730
device_uplink,1787607421000000000,70b3d57ed00778cc,1731
device_uplink,1787607437000000000,70b3d57ed00778cc,1732
device_uplink,1787607453000000000,70b3d57ed00778cc,1733
device_uplink,1787607469000000000,70b3d57ed00778cc,1734
device_uplink,1787607487000000000,70b3d57ed00778cc,1735
device_uplink,1787607503000000000,70b3d57ed00778cc,1736
device_uplink,1787607519000000000,70b3d57ed00778cc,1737
device_uplink,1787607535000000000,70b3d57ed00778cc,1738
device_uplink,1787607551000000000,70b3d57ed00778cc,1739
device_uplink,1787607567000000000,70b3d57ed00778cc,1740
device_uplink,1787607583000000000,70b3d57ed00778cc,1741
device_uplink,1787607599000000000,70b3d57ed00778cc,1742
device_uplink,1787607617000000000,70b3d57ed00778cc,1743
device_uplink,1787607633000000000,70b3d57ed00778cc,1744
device_uplink,1787607649000000000,70b3d57ed00778cc,1745
device_uplink,1787607665000000000,70b3d57ed00778cc,1746
device_uplink,1787607681000000000,70b3d57ed00778cc,1747
device_uplink,1787607697000000000,70b3d57ed00778cc,1748
device_uplink,1787607713000000000,70b3d57ed00778cc,1749
device_uplink,1787607731000000000,70b3d57ed00778cc,1750
device_uplink,1787607747000000000,70b3d57ed00778cc,1751
device_uplink,1787607763000000000,70b3d57ed00778cc,1752
device_uplink,1787607779000000000,70b3d57ed00778cc,1753
device_uplink,1787607795000000000,70b3d57ed00778cc,1754
device_uplink,1787607811000000000,70b3d57ed00778cc,1755
device_uplink,1787607827000000000,70b3d57ed00778cc,1756
device_uplink,1787607843000000000,70b3d57ed00778cc,1757
device_uplink,1787607861000000000,70b3d57ed00778cc,1758
device_uplink,1787607877000000000,70b3d57ed00778cc,1759
device_uplink,1787607893000000000,70b3d57ed00778cc,1760
device_uplink,1787607909000000000,70b3d57ed00778cc,1761
device_uplink,1787607925000000000,70b3d57ed00778cc,1762
device_uplink,1787607941000000000,70b3d57ed00778cc,1763
device_uplink,1787607957000000000,70b3d57ed00778cc,1764
device_uplink,1787607975000000000,70b3d57ed00778cc,1765
device_uplink,1787607991000000000,70b3d57ed00778cc,1766
device_uplink,1787608007000000000,70b3d57ed00778cc,1767
device_uplink,1787608023000000000,70b3d57ed00778cc,1768
device_uplink,1787608039000000000,70b3d57ed00778cc,1769
device_uplink,1787608055000000000,70b3d57ed00778cc,1770
device_uplink,1787608071000000000,70b3d57ed00778cc,1771
device_uplink,1787608087000000000,70b3d57ed00778cc,1772
device_uplink,1787608105000000000,70b3d57ed00778cc,1773
device_uplink,1787608121000000000,70b3d57ed00778cc,1774
device_uplink,1787608137000000000,70b3d57ed00778cc,1775
device_uplink,1787608153000000000,70b3d57ed00778cc,1776
device_uplink,1787608169000000000,70b3d57ed00778cc,1777
device_uplink,1787608185000000000,70b3d57ed00778cc,1778
device_uplink,1787608201000000000,70b3d57ed00778cc,1779
device_uplink,1787608217000000000,70b3d57ed00778cc,1780
device_uplink,1787608235000000000,70b3d57ed00778cc,1781
device_uplink,1787608251000000000,70b3d57ed00778cc,1782
device_uplink,1787608267000000000,70b3d57ed00778cc,1783
device_uplink,1787608283000000000,70b3d57ed00778cc,1784
device_uplink,1787608299000000000,70b3d57ed00778cc,1785
device_uplink,1787608315000000000,70b3d57ed00778cc,1786
device_uplink,1787608331000000000,70b3d57ed00778cc,1787
device_uplink,1787608349000000000,70b3d57ed00778cc,1788
device_uplink,1787608365000000000,70b3d57ed00778cc,1789
device_uplink,1787608381000000000,70b3d57ed00778cc,1790
device_uplink,1787608397000000000,70b3d57ed00778cc,1791
device_uplink,1787608413000000000,70b3d57ed00778cc,1792
device_uplink,1787608429000000000,70b3d57ed00778cc,1793
device_uplink,1787608445000000000,70b3d57ed00778cc,1794
device_uplink,1787608463000000000,70b3d57ed00778cc,1795
device_uplink,1787608479000000000,70b3d57ed00778cc,1796
device_uplink,1787608495000000000,70b3d57ed00778cc,1797
device_uplink,1787608511000000000,70b3d57ed00778cc,1798
device_uplink,1787608527000000000,70b3d57ed00778cc,1799
device_uplink,1787608543000000000,70b3d57ed00778cc,1800
device_uplink,1787608559000000000,70b3d57ed00778cc,1801
device_uplink,1787608575000000000,70b3d57ed00778cc,1802
device_uplink,1787608593000000000,70b3d57ed00778cc,1803
device_uplink,1787608609000000000,70b3d57ed00778cc,1804
device_uplink,1787608625000000000,70b3d57ed00778cc,1805
device_uplink,1787608641000000000,70b3d57ed00778cc,1806
device_uplink,1787608657000000000,70b3d57ed00778cc,1807
device_uplink,1787608673000000000,70b3d57ed00778cc,1808
device_uplink,1787608689000000000,70b3d57ed00778cc,1809
device_uplink,1787608705000000000,70b3d57ed00778cc,1810
device_uplink,1787608723000000000,70b3d57ed00778cc,1811
device_uplink,1787608739000000000,70b3d57ed00778cc,1812
device_uplink,1787608755000000000,70b3d57ed00778cc,1813
device_uplink,1787608771000000000,70b3d57ed00778cc,1814
device_uplink,1787608787000000000,70b3d57ed00778cc,1815
device_uplink,1787608803000000000,70b3d57ed00778cc,1816
device_uplink,1787608819000000000,70b3d57ed00778cc,1817
device_uplink,1787608837000000000,70b3d57ed00778cc,1818
device_uplink,1787608853000000000,70b3d57ed00778cc,1819
device_uplink,1787608869000000000,70b3d57ed00778cc,1820
device_uplink,1787608885000000000,70b3d57ed00778cc,1821
device_uplink,1787608901000000000,70b3d57ed00778cc,1822
device_uplink,1787608917000000000,70b3d57ed00778cc,1823
device_uplink,1787608933000000000,70b3d57ed00778cc,1824
device_uplink,1787608949000000000,70b3d57ed00778cc,1825
device_uplink,1787608967000000000,70b3d57ed00778cc,1826
device_uplink,1787608983000000000,70b3d57ed00778cc,1827
device_uplink,1787608999000000000,70b3d57ed00778cc,1828
device_uplink,1787609015000000000,70b3d57ed00778cc,1829
device_uplink,1787609031000000000,70b3d57ed00778cc,1830
device_uplink,1787609047000000000,70b3d57ed00778cc,1831
device_uplink,1787609063000000000,70b3d57ed00778cc,1832
device_uplink,1787609079000000000,70b3d57ed00778cc,1833
device_uplink,1787609097000000000,70b3d57ed00778cc,1834
device_uplink,1787609113000000000,70b3d57ed00778cc,1835
device_uplink,1787609129000000000,70b3d57ed00778cc,1836
device_uplink,1787609145000000000,70b3d57ed00778cc,1837
device_uplink,1787609161000000000,70b3d57ed00778cc,1838
device_uplink,1787609177000000000,70b3d57ed00778cc,1839
device_uplink,1787609193000000000,70b3d57ed00778cc,1840
device_uplink,1787609209000000000,70b3d57ed00778cc,1841
device_uplink,1787609227000000000,70b3d57ed00778cc,1842
device_uplink,1787609243000000000,70b3d57ed00778cc,1843
device_uplink,1787609259000000000,70b3d57ed00778cc,1844
device_uplink,1787609275000000000,70b3d57ed00778cc,1845
device_uplink,1787609291000000000,70b3d57ed00778cc,1846
device_uplink,1787609307000000000,70b3d57ed00778cc,1847
device_uplink,1787609323000000000,70b3d57ed00778cc,1848
device_uplink,1787609339000000000,70b3d57ed00778cc,1849
device_uplink,1787609357000000000,70b3d57ed00778cc,1850
device_uplink,1787609373000000000,70b3d57ed00778cc,1851
device_uplink,1787609389000000000,70b3d57ed00778cc,1852
device_uplink,1787609405000000000,70b3d57ed00778cc,1853
device_uplink,1787609421000000000,70b3d57ed00778cc,1854
device_uplink,1787609437000000000,70b3d57ed00778cc,1855
device_uplink,1787609453000000000,70b3d57ed00778cc,1856
device_uplink,1787609471000000000,70b3d57ed00778cc,1857
device_uplink,1787609487000000000,70b3d57ed00778cc,1858
device_uplink,1787609503000000000,70b3d57ed00778cc,1859
device_uplink,1787609519000000000,70b3d57ed00778cc,1860
device_uplink,1787609535000000000,70b3d57ed00778cc,1861
device_uplink,1787609551000000000,70b3d57ed00778cc,1862
device_uplink,1787609567000000000,70b3d57ed00778cc,1863
device_uplink,1787609583000000000,70b3d57ed00778cc,1864
device_uplink,1787609601000000000,70b3d57ed00778cc,1865
device_uplink,1787609617000000000,70b3d57ed00778cc,1866
device_uplink,1787609633000000000,70b3d57ed00778cc,1867
device_uplink,1787609649000000000,70b3d57ed00778cc,1868
device_uplink,1787609665000000000,70b3d57ed00778cc,1869
device_uplink,1787609681000000000,70b3d57ed00778cc,1870
device_uplink,1787609697000000000,70b3d57ed00778cc,1871
device_uplink,1787609713000000000,70b3d57ed00778cc,1872
device_uplink,1787609731000000000,70b3d57ed00778cc,1873
device_uplink,1787609747000000000,70b3d57ed00778cc,1874
device_uplink,1787609763000000000,70b3d57ed00778cc,1875
device_uplink,1787609779000000000,70b3d57ed00778cc,1876
device_uplink,1787609795000000000,70b3d57ed00778cc,1877
device_uplink,1787609811000000000,70b3d57ed00778cc,1878
device_uplink,1787609827000000000,70b3d57ed00778cc,1879
device_uplink,1787609845000000000,70b3d57ed00778cc,1880
device_uplink,1787609861000000000,70b3d57ed00778cc,1881
device_uplink,1787609877000000000,70b3d57ed00778cc,1882
device_uplink,1787609893000000000,70b3d57ed00778cc,1883
device_uplink,1787609909000000000,70b3d57ed00778cc,1884
device_uplink,1787609925000000000,70b3d57ed00778cc,1885
device_uplink,1787609941000000000,70b3d57ed00778cc,1886
device_uplink,1787609957000000000,70b3d57ed00778cc,1887
device_uplink,1787609975000000000,70b3d57ed00778cc,1888
device_uplink,1787609991000000000,70b3d57ed00778cc,1889
device_uplink,1787610007000000000,70b3d57ed00778cc,1890
device_uplink,1787610023000000000,70b3d57ed00778cc,1891
device_uplink,1787610039000000000,70b3d57ed00778cc,1892
device_uplink,1787610055000000000,70b3d57ed00778cc,1893
device_uplink,1787610071000000000,70b3d57ed00778cc,1894
device_uplink,1787610089000000000,70b3d57ed00778cc,1895
device_uplink,1787610105000000000,70b3d57ed00778cc,1896
device_uplink,1787610121000000000,70b3d57ed00778cc,1897
device_uplink,1787610137000000000,70b3d57ed00778cc,1898
device_uplink,1787610153000000000,70b3d57ed00778cc,1899
device_uplink,1787610169000000000,70b3d57ed00778cc,1900
device_uplink,1787610185000000000,70b3d57ed00778cc,1901
device_uplink,1787610201000000000,70b3d57ed00778cc,1902
device_uplink,1787610219000000000,70b3d57ed00778cc,1903
device_uplink,1787610235000000000,70b3d57ed00778cc,1904
device_uplink,1787610251000000000,70b3d57ed00778cc,1905
device_uplink,1787610267000000000,70b3d57ed00778cc,1906
device_uplink,1787610283000000000,70b3d57ed00778cc,1907
device_uplink,1787610299000000000,70b3d57ed00778cc,1908
device_uplink,1787610317000000000,70b3d57ed00778cc,1909
device_uplink,1787610333000000000,70b3d57ed00778cc,1910
device_uplink,1787610349000000000,70b3d57ed00778cc,1911
device_uplink,1787610365000000000,70b3d57ed00778cc,1912
device_uplink,1787610372000000000,70b3d57ed0077801,0
device_uplink,1787610381000000000,70b3d57ed00778cc,1913
device_uplink,1787610397000000000,70b3d57ed00778cc,1914
device_uplink,1787610413000000000,70b3d57ed00778cc,1915
device_uplink,1787610429000000000,70b3d57ed00778cc,1916
device_uplink,1787610447000000000,70b3d57ed00778cc,1917
device_uplink,1787610463000000000,70b3d57ed00778cc,1918
device_uplink,1787610479000000000,70b3d57ed00778cc,1919
device_uplink,1787610495000000000,70b3d57ed00778cc,1920
device_uplink,1787610511000000000,70b3d57ed00778cc,1921
device_uplink,1787610527000000000,70b3d57ed00778cc,1922
device_uplink,1787610543000000000,70b3d57ed00778cc,1923
device_uplink,1787610561000000000,70b3d57ed00778cc,1924
device_uplink,1787610577000000000,70b3d57ed00778cc,1925
device_uplink,1787610593000000000,70b3d57ed00778cc,1926
device_uplink,1787610609000000000,70b3d57ed00778cc,1927
device_uplink,1787610625000000000,70b3d57ed00778cc,1928
device_uplink,1787610641000000000,70b3d57ed00778cc,1929
device_uplink,1787610657000000000,70b3d57ed00778cc,1930
device_uplink,1787610675000000000,70b3d57ed00778cc,1931
device_uplink,1787610691000000000,70b3d57ed00778cc,1932
device_uplink,1787610707000000000,70b3d57ed00778cc,1933
device_uplink,1787610723000000000,70b3d57ed00778cc,1934
device_uplink,1787610739000000000,70b3d57ed00778cc,1935
device_uplink,1787610755000000000,70b3d57ed00778cc,1936
device_uplink,1787610771000000000,70b3d57ed00778cc,1937
device_uplink,1787610787000000000,70b3d57ed00778cc,1938
device_uplink,1787610805000000000,70b3d57ed00778cc,1939
device_uplink,1787610821000000000,70b3d57ed00778cc,1940
device_uplink,1787610837000000000,70b3d57ed00778cc,1941
device_uplink,1787610853000000000,70b3d57ed00778cc,1942
device_uplink,1787610869000000000,70b3d57ed00778cc,1943
device_uplink,1787610885000000000,70b3d57ed00778cc,1944
device_uplink,1787610903000000000,70b3d57ed00778cc,1945
device_uplink,1787610919000000000,70b3d57ed00778cc,1946
device_uplink,1787610935000000000,70b3d57ed00778cc,1947
device_uplink,1787610951000000000,70b3d57ed00778cc,1948
device_uplink,1787610967000000000,70b3d57ed00778cc,1949
device_uplink,1787610983000000000,70b3d57ed00778cc,1950
device_uplink,1787610999000000000,70b3d57ed00778cc,1951
device_uplink,1787611015000000000,70b3d57ed00778cc,1952
device_uplink,1787611033000000000,70b3d57ed00778cc,1953
device_uplink,1787611049000000000,70b3d57ed00778cc,1954
device_uplink,1787611065000000000,70b3d57ed00778cc,1955
device_uplink,1787611081000000000,70b3d57ed00778cc,1956
device_uplink,1787611097000000000,70b3d57ed00778cc,1957
device_uplink,1787611113000000000,70b3d57ed00778cc,1958
device_uplink,1787611129000000000,70b3d57ed00778cc,1959
device_uplink,1787611147000000000,70b3d57ed00778cc,1960
device_uplink,1787611163000000000,70b3d57ed00778cc,1961
device_uplink,1787611179000000000,70b3d57ed00778cc,1962
device_uplink,1787611195000000000,70b3d57ed00778cc,1963
device_uplink,1787611211000000000,70b3d57ed00778cc,1964
device_uplink,1787611227000000000,70b3d57ed00778cc,1965
device_uplink,1787611243000000000,70b3d57ed00778cc,1966
device_uplink,1787611261000000000,70b3d57ed00778cc,1967
device_uplink,1787611277000000000,70b3d57ed00778cc,1968
device_uplink,1787611280000000000,70b3d57ed0077801,1
device_uplink,1787611293000000000,70b3d57ed00778cc,1969
device_uplink,1787611309000000000,70b3d57ed00778cc,1970
device_uplink,1787611325000000000,70b3d57ed00778cc,1971
device_uplink,1787611341000000000,70b3d57ed00778cc,1972
device_uplink,1787611357000000000,70b3d57ed00778cc,1973
device_uplink,1787611373000000000,70b3d57ed00778cc,1974
device_uplink,1787611391000000000,70b3d57ed00778cc,1975
device_uplink,1787611407000000000,70b3d57ed00778cc,1976
device_uplink,1787611423000000000,70b3d57ed00778cc,1977
device_uplink,1787611439000000000,70b3d57ed00778cc,1978
device_uplink,1787611455000000000,70b3d57ed00778cc,1979
device_uplink,1787611471000000000,70b3d57ed00778cc,1980
device_uplink,1787611487000000000,70b3d57ed00778cc,1981
device_uplink,1787611503000000000,70b3d57ed00778cc,1982
device_uplink,1787611521000000000,70b3d57ed00778cc,1983
device_uplink,1787611537000000000,70b3d57ed00778cc,1984
device_uplink,1787611553000000000,70b3d57ed00778cc,1985
device_uplink,1787611569000000000,70b3d57ed00778cc,1986
device_uplink,1787611585000000000,70b3d57ed00778cc,1987
device_uplink,1787611601000000000,70b3d57ed00778cc,1988
device_uplink,1787611617000000000,70b3d57ed00778cc,1989
device_uplink,1787611633000000000,70b3d57ed00778cc,1990
device_uplink,1787611651000000000,70b3d57ed00778cc,1991
device_uplink,1787611667000000000,70b3d57ed00778cc,1992
device_uplink,1787611683000000000,70b3d57ed00778cc,1993
device_uplink,1787611699000000000,70b3d57ed00778cc,1994
device_uplink,1787611715000000000,70b3d57ed00778cc,1995
device_uplink,1787611731000000000,70b3d57ed00778cc,1996
device_uplink,1787611747000000000,70b3d57ed00778cc,1997
device_uplink,1787611763000000000,70b3d57ed00778cc,1998
device_uplink,1787611781000000000,70b3d57ed00778cc,1999
device_uplink,1787611797000000000,70b3d57ed00778cc,2000
device_uplink,1787611813000000000,70b3d57ed00778cc,2001
device_uplink,1787611829000000000,70b3d57ed00778cc,2002
device_uplink,1787611845000000000,70b3d57ed00778cc,2003
device_uplink,1787611861000000000,70b3d57ed00778cc,2004
device_uplink,1787611877000000000,70b3d57ed00778cc,2005
device_uplink,1787611893000000000,70b3d57ed00778cc,2006
device_uplink,1787611911000000000,70b3d57ed00778cc,2007
device_uplink,1787611927000000000,70b3d57ed00778cc,2008
device_uplink,1787611943000000000,70b3d57ed00778cc,2009
device_uplink,1787611959000000000,70b3d57ed00778cc,2010
device_uplink,1787611975000000000,70b3d57ed00778cc,2011
device_uplink,1787611991000000000,70b3d57ed00778cc,2012
device_uplink,1787612009000000000,70b3d57ed00778cc,2013
device_uplink,1787612025000000000,70b3d57ed00778cc,2014
device_uplink,1787612041000000000,70b3d57ed00778cc,2015
device_uplink,1787612057000000000,70b3d57ed00778cc,2016
device_uplink,1787612073000000000,70b3d57ed00778cc,2017
device_uplink,1787612089000000000,70b3d57ed00778cc,2018
device_uplink,1787612105000000000,70b3d57ed00778cc,2019
device_uplink,1787612121000000000,70b3d57ed00778cc,2020
device_uplink,1787612139000000000,70b3d57ed00778cc,2021
device_uplink,1787612155000000000,70b3d57ed00778cc,2022
device_uplink,1787612171000000000,70b3d57ed00778cc,2023
device_uplink,1787612187000000000,70b3d57ed00778cc,2024
device_uplink,1787612188000000000,70b3d57ed0077801,2
device_uplink,1787612203000000000,70b3d57ed00778cc,2025
device_uplink,1787612219000000000,70b3d57ed00778cc,2026
device_uplink,1787612235000000000,70b3d57ed00778cc,2027
device_uplink,1787612253000000000,70b3d57ed00778cc,2028
device_uplink,1787612269000000000,70b3d57ed00778cc,2029
device_uplink,1787612285000000000,70b3d57ed00778cc,2030
device_uplink,1787612301000000000,70b3d57ed00778cc,2031
device_uplink,1787612317000000000,70b3d57ed00778cc,2032
device_uplink,1787612335000000000,70b3d57ed00778cc,2033
device_uplink,1787612351000000000,70b3d57ed00778cc,2034
device_uplink,1787612367000000000,70b3d57ed00778cc,2035
device_uplink,1787612383000000000,70b3d57ed00778cc,2036
device_uplink,1787612399000000000,70b3d57ed00778cc,2037
device_uplink,1787612415000000000,70b3d57ed00778cc,2038
device_uplink,1787612431000000000,70b3d57ed00778cc,2039
device_uplink,1787612447000000000,70b3d57ed00778cc,2040
device_uplink,1787612465000000000,70b3d57ed00778cc,2041
device_uplink,1787612481000000000,70b3d57ed00778cc,2042
device_uplink,1787612497000000000,70b3d57ed00778cc,2043
device_uplink,1787612513000000000,70b3d57ed00778cc,2044
device_uplink,1787612529000000000,70b3d57ed00778cc,2045
device_uplink,1787612545000000000,70b3d57ed00778cc,2046
device_uplink,1787612561000000000,70b3d57ed00778cc,2047
device_uplink,1787612579000000000,70b3d57ed00778cc,2048
device_uplink,1787612595000000000,70b3d57ed00778cc,2049
device_uplink,1787612611000000000,70b3d57ed00778cc,2050
device_uplink,1787612627000000000,70b3d57ed00778cc,2051
device_uplink,1787612643000000000,70b3d57ed00778cc,2052
device_uplink,1787612659000000000,70b3d57ed00778cc,2053
device_uplink,1787612675000000000,70b3d57ed00778cc,2054
device_uplink,1787612691000000000,70b3d57ed00778cc,2055
device_uplink,1787612709000000000,70b3d57ed00778cc,2056
device_uplink,1787612725000000000,70b3d57ed00778cc,2057
device_uplink,1787612741000000000,70b3d57ed00778cc,2058
device_uplink,1787612757000000000,70b3d57ed00778cc,2059
device_uplink,1787612773000000000,70b3d57ed00778cc,2060
device_uplink,1787612789000000000,70b3d57ed00778cc,2061
device_uplink,1787612805000000000,70b3d57ed00778cc,2062
device_uplink,1787612821000000000,70b3d57ed00778cc,2063
device_uplink,1787612837000000000,70b3d57ed00778cc,2064
device_uplink,1787612855000000000,70b3d57ed00778cc,2065
device_uplink,1787612871000000000,70b3d57ed00778cc,2066
device_uplink,1787612887000000000,70b3d57ed00778cc,2067
device_uplink,1787612903000000000,70b3d57ed00778cc,2068
device_uplink,1787612919000000000,70b3d57ed00778cc,2069
device_uplink,1787612935000000000,70b3d57ed00778cc,2070
device_uplink,1787612951000000000,70b3d57ed00778cc,2071
device_uplink,1787612967000000000,70b3d57ed00778cc,2072
device_uplink,1787612985000000000,70b3d57ed00778cc,2073
device_uplink,1787613001000000000,70b3d57ed00778cc,2074
device_uplink,1787613017000000000,70b3d57ed00778cc,2075
device_uplink,1787613033000000000,70b3d57ed00778cc,2076
device_uplink,1787613049000000000,70b3d57ed00778cc,2077
device_uplink,1787613065000000000,70b3d57ed00778cc,2078
device_uplink,1787613081000000000,70b3d57ed00778cc,2079
device_uplink,1787613096000000000,70b3d57ed0077801,3
device_uplink,1787613099000000000,70b3d57ed00778cc,2080
device_uplink,1787613115000000000,70b3d57ed00778cc,2081
device_uplink,1787613131000000000,70b3d57ed00778cc,2082
device_uplink,1787613147000000000,70b3d57ed00778cc,2083
device_uplink,1787613163000000000,70b3d57ed00778cc,2084
device_uplink,1787613179000000000,70b3d57ed00778cc,2085
device_uplink,1787613195000000000,70b3d57ed00778cc,2086
device_uplink,1787613211000000000,70b3d57ed00778cc,2087
device_uplink,1787613227000000000,70b3d57ed00778cc,2088
device_uplink,1787613245000000000,70b3d57ed00778cc,2089
device_uplink,1787613261000000000,70b3d57ed00778cc,2090
device_uplink,1787613277000000000,70b3d57ed00778cc,2091
device_uplink,1787613293000000000,70b3d57ed00778cc,2092
device_uplink,1787613309000000000,70b3d57ed00778cc,2093
device_uplink,1787613325000000000,70b3d57ed00778cc,2094
device_uplink,1787613341000000000,70b3d57ed00778cc,2095
device_uplink,1787613359000000000,70b3d57ed00778cc,2096
device_uplink,1787613375000000000,70b3d57ed00778cc,2097
device_uplink,1787613391000000000,70b3d57ed00778cc,2098
device_uplink,1787613407000000000,70b3d57ed00778cc,2099
device_uplink,1787613423000000000,70b3d57ed00778cc,2100
device_uplink,1787613439000000000,70b3d57ed00778cc,2101
device_uplink,1787613455000000000,70b3d57ed00778cc,2102
device_uplink,1787613473000000000,70b3d57ed00778cc,2103
device_uplink,1787613489000000000,70b3d57ed00778cc,2104
device_uplink,1787613505000000000,70b3d57ed00778cc,2105
device_uplink,1787613521000000000,70b3d57ed00778cc,2106
device_uplink,1787613537000000000,70b3d57ed00778cc,2107
device_uplink,1787613553000000000,70b3d57ed00778cc,2108
device_uplink,1787613569000000000,70b3d57ed00778cc,2109
device_uplink,1787613585000000000,70b3d57ed00778cc,2110
device_uplink,1787613603000000000,70b3d57ed00778cc,2111
device_uplink,1787613619000000000,70b3d57ed00778cc,2112
device_uplink,1787613635000000000,70b3d57ed00778cc,2113
device_uplink,1787613651000000000,70b3d57ed00778cc,2114
device_uplink,1787613667000000000,70b3d57ed00778cc,2115
device_uplink,1787613683000000000,70b3d57ed00778cc,2116
device_uplink,1787613699000000000,70b3d57ed00778cc,2117
device_uplink,1787613717000000000,70b3d57ed00778cc,2118
device_uplink,1787613733000000000,70b3d57ed00778cc,2119
device_uplink,1787613749000000000,70b3d57ed00778cc,2120
device_uplink,1787613765000000000,70b3d57ed00778cc,2121
device_uplink,1787613781000000000,70b3d57ed00778cc,2122
device_uplink,1787613797000000000,70b3d57ed00778cc,2123
device_uplink,1787613813000000000,70b3d57ed00778cc,2124
device_uplink,1787613831000000000,70b3d57ed00778cc,2125
device_uplink,1787613847000000000,70b3d57ed00778cc,2126
device_uplink,1787613863000000000,70b3d57ed00778cc,2127
device_uplink,1787613879000000000,70b3d57ed00778cc,2128
device_uplink,1787613895000000000,70b3d57ed00778cc,2129
device_uplink,1787613911000000000,70b3d57ed00778cc,2130
device_uplink,1787613927000000000,70b3d57ed00778cc,2131
device_uplink,1787613943000000000,70b3d57ed00778cc,2132
device_uplink,1787613961000000000,70b3d57ed00778cc,2133
device_uplink,1787613977000000000,70b3d57ed00778cc,2134
device_uplink,1787613993000000000,70b3d57ed00778cc,2135
device_uplink,1787614004000000000,70b3d57ed0077801,4
device_uplink,1787614009000000000,70b3d57ed00778cc,2136
device_uplink,1787614025000000000,70b3d57ed00778cc,2137
device_uplink,1787614041000000000,70b3d57ed00778cc,2138
device_uplink,1787614059000000000,70b3d57ed00778cc,2139
device_uplink,1787614075000000000,70b3d57ed00778cc,2140
device_uplink,1787614091000000000,70b3d57ed00778cc,2141
device_uplink,1787614107000000000,70b3d57ed00778cc,2142
device_uplink,1787614123000000000,70b3d57ed00778cc,2143
device_uplink,1787614139000000000,70b3d57ed00778cc,2144
device_uplink,1787614155000000000,70b3d57ed00778cc,2145
device_uplink,1787614171000000000,70b3d57ed00778cc,2146
device_uplink,1787614189000000000,70b3d57ed00778cc,2147
device_uplink,1787614205000000000,70b3d57ed00778cc,2148
device_uplink,1787614221000000000,70b3d57ed00778cc,2149
device_uplink,1787614237000000000,70b3d57ed00778cc,2150
device_uplink,1787614253000000000,70b3d57ed00778cc,2151
device_uplink,1787614269000000000,70b3d57ed00778cc,2152
device_uplink,1787614285000000000,70b3d57ed00778cc,2153
device_uplink,1787614301000000000,70b3d57ed00778cc,2154
device_uplink,1787614319000000000,70b3d57ed00778cc,2155
device_uplink,1787614335000000000,70b3d57ed00778cc,2156
device_uplink,1787614351000000000,70b3d57ed00778cc,2157
device_uplink,1787614367000000000,70b3d57ed00778cc,2158
device_uplink,1787614383000000000,70b3d57ed00778cc,2159
device_uplink,1787614399000000000,70b3d57ed00778cc,2160
device_uplink,1787614415000000000,70b3d57ed00778cc,2161
device_uplink,1787614431000000000,70b3d57ed00778cc,2162
device_uplink,1787614449000000000,70b3d57ed00778cc,2163
device_uplink,1787614465000000000,70b3d57ed00778cc,2164
device_uplink,1787614481000000000,70b3d57ed00778cc,2165
device_uplink,1787614497000000000,70b3d57ed00778cc,2166
device_uplink,1787614513000000000,70b3d57ed00778cc,2167
device_uplink,1787614529000000000,70b3d57ed00778cc,2168
device_uplink,1787614545000000000,70b3d57ed00778cc,2169
device_uplink,1787614561000000000,70b3d57ed00778cc,2170
device_uplink,1787614579000000000,70b3d57ed00778cc,2171
device_uplink,1787614595000000000,70b3d57ed00778cc,2172
device_uplink,1787614611000000000,70b3d57ed00778cc,2173
device_uplink,1787614627000000000,70b3d57ed00778cc,2174
device_uplink,1787614643000000000,70b3d57ed00778cc,2175
device_uplink,1787614659000000000,70b3d57ed00778cc,2176
device_uplink,1787614675000000000,70b3d57ed00778cc,2177
device_uplink,1787614693000000000,70b3d57ed00778cc,2178
device_uplink,1787614709000000000,70b3d57ed00778cc,2179
device_uplink,1787614725000000000,70b3d57ed00778cc,2180
device_uplink,1787614741000000000,70b3d57ed00778cc,2181
device_uplink,1787614757000000000,70b3d57ed00778cc,2182
device_uplink,1787614773000000000,70b3d57ed00778cc,2183
device_uplink,1787614789000000000,70b3d57ed00778cc,2184
device_uplink,1787614807000000000,70b3d57ed00778cc,2185
device_uplink,1787614823000000000,70b3d57ed00778cc,2186
device_uplink,1787614839000000000,70b3d57ed00778cc,2187
device_uplink,1787614855000000000,70b3d57ed00778cc,2188
device_uplink,1787614871000000000,70b3d57ed00778cc,2189
device_uplink,1787614887000000000,70b3d57ed00778cc,2190
device_uplink,1787614903000000000,70b3d57ed00778cc,2191
device_uplink,1787614912000000000,70b3d57ed0077801,5
device_uplink,1787614919000000000,70b3d57ed00778cc,2192
device_uplink,1787614937000000000,70b3d57ed00778cc,2193
device_uplink,1787614953000000000,70b3d57ed00778cc,2194
device_uplink,1787614969000000000,70b3d57ed00778cc,2195
device_uplink,1787614985000000000,70b3d57ed00778cc,2196
device_uplink,1787615001000000000,70b3d57ed00778cc,2197
device_uplink,1787615017000000000,70b3d57ed00778cc,2198
device_uplink,1787615033000000000,70b3d57ed00778cc,2199
device_uplink,1787615049000000000,70b3d57ed00778cc,2200
device_uplink,1787615067000000000,70b3d57ed00778cc,2201
device_uplink,1787615083000000000,70b3d57ed00778cc,2202
device_uplink,1787615099000000000,70b3d57ed00778cc,2203
device_uplink,1787615115000000000,70b3d57ed00778cc,2204
device_uplink,1787615131000000000,70b3d57ed00778cc,2205
device_uplink,1787615147000000000,70b3d57ed00778cc,2206
device_uplink,1787615163000000000,70b3d57ed00778cc,2207
device_uplink,1787615181000000000,70b3d57ed00778cc,2208
device_uplink,1787615197000000000,70b3d57ed00778cc,2209
device_uplink,1787615213000000000,70b3d57ed00778cc,2210
device_uplink,1787615229000000000,70b3d57ed00778cc,2211
device_uplink,1787615245000000000,70b3d57ed00778cc,2212
device_uplink,1787615261000000000,70b3d57ed00778cc,2213
device_uplink,1787615277000000000,70b3d57ed00778cc,2214
device_uplink,1787615293000000000,70b3d57ed00778cc,2215
device_uplink,1787615309000000000,70b3d57ed00778cc,2216
device_uplink,1787615327000000000,70b3d57ed00778cc,2217
device_uplink,1787615343000000000,70b3d57ed00778cc,2218
device_uplink,1787615359000000000,70b3d57ed00778cc,2219
device_uplink,1787615375000000000,70b3d57ed00778cc,2220
device_uplink,1787615391000000000,70b3d57ed00778cc,2221
device_uplink,1787615407000000000,70b3d57ed00778cc,2222
device_uplink,1787615423000000000,70b3d57ed00778cc,2223
device_uplink,1787615439000000000,70b3d57ed00778cc,2224
device_uplink,1787615457000000000,70b3d57ed00778cc,2225
device_uplink,1787615473000000000,70b3d57ed00778cc,2226
device_uplink,1787615489000000000,70b3d57ed00778cc,2227
device_uplink,1787615505000000000,70b3d57ed00778cc,2228
device_uplink,1787615521000000000,70b3d57ed00778cc,2229
device_uplink,1787615537000000000,70b3d57ed00778cc,2230
device_uplink,1787615553000000000,70b3d57ed00778cc,2231
device_uplink,1787615569000000000,70b3d57ed00778cc,2232
device_uplink,1787615585000000000,70b3d57ed00778cc,2233
device_uplink,1787615601000000000,70b3d57ed00778cc,2234
device_uplink,1787615619000000000,70b3d57ed00778cc,2235
device_uplink,1787615635000000000,70b3d57ed00778cc,2236
device_uplink,1787615651000000000,70b3d57ed00778cc,2237
device_uplink,1787615667000000000,70b3d57ed00778cc,2238
device_uplink,1787615683000000000,70b3d57ed00778cc,2239
device_uplink,1787615699000000000,70b3d57ed00778cc,2240
device_uplink,1787615715000000000,70b3d57ed00778cc,2241
device_uplink,1787615731000000000,70b3d57ed00778cc,2242
device_uplink,1787615749000000000,70b3d57ed00778cc,2243
device_uplink,1787615765000000000,70b3d57ed00778cc,2244
device_uplink,1787615781000000000,70b3d57ed00778cc,2245
device_uplink,1787615797000000000,70b3d57ed00778cc,2246
device_uplink,1787615813000000000,70b3d57ed00778cc,2247
device_uplink,1787615820000000000,70b3d57ed0077801,6
device_uplink,1787615829000000000,70b3d57ed00778cc,2248
device_uplink,1787615845000000000,70b3d57ed00778cc,2249
device_uplink,1787615861000000000,70b3d57ed00778cc,2250
device_uplink,1787615879000000000,70b3d57ed00778cc,2251
device_uplink,1787615895000000000,70b3d57ed00778cc,2252
device_uplink,1787615911000000000,70b3d57ed00778cc,2253
device_uplink,1787615927000000000,70b3d57ed00778cc,2254
device_uplink,1787615943000000000,70b3d57ed00778cc,2255
device_uplink,1787615959000000000,70b3d57ed00778cc,2256
device_uplink,1787615975000000000,70b3d57ed00778cc,2257
device_uplink,1787615993000000000,70b3d57ed00778cc,2258
device_uplink,1787616009000000000,70b3d57ed00778cc,2259
device_uplink,1787616025000000000,70b3d57ed00778cc,2260
device_uplink,1787616041000000000,70b3d57ed00778cc,2261
device_uplink,1787616057000000000,70b3d57ed00778cc,2262
device_uplink,1787616073000000000,70b3d57ed00778cc,2263
device_uplink,1787616089000000000,70b3d57ed00778cc,2264
device_uplink,1787616107000000000,70b3d57ed00778cc,2265
device_uplink,1787616123000000000,70b3d57ed00778cc,2266
device_uplink,1787616139000000000,70b3d57ed00778cc,2267
device_uplink,1787616155000000000,70b3d57ed00778cc,2268
device_uplink,1787616171000000000,70b3d57ed00778cc,2269
device_uplink,1787616187000000000,70b3d57ed00778cc,2270
device_uplink,1787616203000000000,70b3d57ed00778cc,2271
device_uplink,1787616219000000000,70b3d57ed00778cc,2272
device_uplink,1787616235000000000,70b3d57ed00778cc,2273
device_uplink,1787616253000000000,70b3d57ed00778cc,2274
device_uplink,1787616269000000000,70b3d57ed00778cc,2275
device_uplink,1787616285000000000,70b3d57ed00778cc,2276
device_uplink,1787616301000000000,70b3d57ed00778cc,2277
device_uplink,1787616317000000000,70b3d57ed00778cc,2278
device_uplink,1787616333000000000,70b3d57ed00778cc,2279
device_uplink,1787616351000000000,70b3d57ed00778cc,2280
device_uplink,1787616367000000000,70b3d57ed00778cc,2281
device_uplink,1787616383000000000,70b3d57ed00778cc,2282
device_uplink,1787616399000000000,70b3d57ed00778cc,2283
device_uplink,1787616415000000000,70b3d57ed00778cc,2284
device_uplink,1787616431000000000,70b3d57ed00778cc,2285
device_uplink,1787616447000000000,70b3d57ed00778cc,2286
device_uplink,1787616463000000000,70b3d57ed00778cc,2287
device_uplink,1787616481000000000,70b3d57ed00778cc,2288
device_uplink,1787616497000000000,70b3d57ed00778cc,2289
device_uplink,1787616513000000000,70b3d57ed00778cc,2290
device_uplink,1787616529000000000,70b3d57ed00778cc,2291
device_uplink,1787616545000000000,70b3d57ed00778cc,2292
device_uplink,1787616561000000000,70b3d57ed00778cc,2293
device_uplink,1787616577000000000,70b3d57ed00778cc,2294
device_uplink,1787616595000000000,70b3d57ed00778cc,2295
device_uplink,1787616611000000000,70b3d57ed00778cc,2296
device_uplink,1787616627000000000,70b3d57ed00778cc,2297
device_uplink,1787616643000000000,70b3d57ed00778cc,2298
device_uplink,1787616659000000000,70b3d57ed00778cc,2299
device_uplink,1787616675000000000,70b3d57ed00778cc,2300
device_uplink,1787616691000000000,70b3d57ed00778cc,2301
device_uplink,1787616707000000000,70b3d57ed00778cc,2302
device_uplink,1787616723000000000,70b3d57ed00778cc,2303
device_uplink,1787616727000000000,70b3d57ed0077801,7
device_uplink,1787616741000000000,70b3d57ed00778cc,2304
device_uplink,1787616757000000000,70b3d57ed00778cc,2305
device_uplink,1787616773000000000,70b3d57ed00778cc,2306
device_uplink,1787616789000000000,70b3d57ed00778cc,2307
device_uplink,1787616805000000000,70b3d57ed00778cc,2308
device_uplink,1787616821000000000,70b3d57ed00778cc,2309
device_uplink,1787616839000000000,70b3d57ed00778cc,2310
device_uplink,1787616855000000000,70b3d57ed00778cc,2311
device_uplink,1787616871000000000,70b3d57ed00778cc,2312
device_uplink,1787616887000000000,70b3d57ed00778cc,2313
device_uplink,1787616903000000000,70b3d57ed00778cc,2314
device_uplink,1787616919000000000,70b3d57ed00778cc,2315
device_uplink,1787616935000000000,70b3d57ed00778cc,2316
device_uplink,1787616951000000000,70b3d57ed00778cc,2317
device_uplink,1787616969000000000,70b3d57ed00778cc,2318
device_uplink,1787616985000000000,70b3d57ed00778cc,2319
device_uplink,1787617001000000000,70b3d57ed00778cc,2320
device_uplink,1787617017000000000,70b3d57ed00778cc,2321
device_uplink,1787617033000000000,70b3d57ed00778cc,2322
device_uplink,1787617049000000000,70b3d57ed00778cc,2323
device_uplink,1787617065000000000,70b3d57ed00778cc,2324
device_uplink,1787617081000000000,70b3d57ed00778cc,2325
device_uplink,1787617099000000000,70b3d57ed00778cc,2326
device_uplink,1787617115000000000,70b3d57ed00778cc,2327
device_uplink,1787617131000000000,70b3d57ed00778cc,2328
device_uplink,1787617147000000000,70b3d57ed00778cc,2329
device_uplink,1787617163000000000,70b3d57ed00778cc,2330
device_uplink,1787617179000000000,70b3d57ed00778cc,2331
device_uplink,1787617195000000000,70b3d57ed00778cc,2332
device_uplink,1787617211000000000,70b3d57ed00778cc,2333
device_uplink,1787617229000000000,70b3d57ed00778cc,2334
device_uplink,1787617245000000000,70b3d57ed00778cc,2335
device_uplink,1787617261000000000,70b3d57ed00778cc,2336
device_uplink,1787617277000000000,70b3d57ed00778cc,2337
device_uplink,1787617293000000000,70b3d57ed00778cc,2338
device_uplink,1787617309000000000,70b3d57ed00778cc,2339
device_uplink,1787617327000000000,70b3d57ed00778cc,2340
device_uplink,1787617343000000000,70b3d57ed00778cc,2341
device_uplink,1787617359000000000,70b3d57ed00778cc,2342
device_uplink,1787617375000000000,70b3d57ed00778cc,2343
device_uplink,1787617391000000000,70b3d57ed00778cc,2344
device_uplink,1787617407000000000,70b3d57ed00778cc,2345
device_uplink,1787617423000000000,70b3d57ed00778cc,2346
device_uplink,1787617439000000000,70b3d57ed00778cc,2347
device_uplink,1787617457000000000,70b3d57ed00778cc,2348
device_uplink,1787617473000000000,70b3d57ed00778cc,2349
device_uplink,1787617489000000000,70b3d57ed00778cc,2350
device_uplink,1787617505000000000,70b3d57ed00778cc,2351
device_uplink,1787617521000000000,70b3d57ed00778cc,2352
device_uplink,1787617537000000000,70b3d57ed00778cc,2353
device_uplink,1787617553000000000,70b3d57ed00778cc,2354
device_uplink,1787617569000000000,70b3d57ed00778cc,2355
device_uplink,1787617587000000000,70b3d57ed00778cc,2356
device_uplink,1787617603000000000,70b3d57ed00778cc,2357
device_uplink,1787617619000000000,70b3d57ed00778cc,2358
device_uplink,1787617635000000000,70b3d57ed0077801,8
device_uplink,1787617635000000000,70b3d57ed00778cc,2359
device_uplink,1787617651000000000,70b3d57ed00778cc,2360
device_uplink,1787617667000000000,70b3d57ed00778cc,2361
device_uplink,1787617683000000000,70b3d57ed00778cc,2362
device_uplink,1787617699000000000,70b3d57ed00778cc,2363
device_uplink,1787617717000000000,70b3d57ed00778cc,2364
device_uplink,1787617733000000000,70b3d57ed00778cc,2365
device_uplink,1787617749000000000,70b3d57ed00778cc,2366
device_uplink,1787617765000000000,70b3d57ed00778cc,2367
device_uplink,1787617781000000000,70b3d57ed00778cc,2368
device_uplink,1787617797000000000,70b3d57ed00778cc,2369
device_uplink,1787617815000000000,70b3d57ed00778cc,2370
device_uplink,1787617831000000000,70b3d57ed00778cc,2371
device_uplink,1787617847000000000,70b3d57ed00778cc,2372
device_uplink,1787617863000000000,70b3d57ed00778cc,2373
device_uplink,1787617879000000000,70b3d57ed00778cc,2374
device_uplink,1787617895000000000,70b3d57ed00778cc,2375
device_uplink,1787617911000000000,70b3d57ed00778cc,2376
device_uplink,1787617927000000000,70b3d57ed00778cc,2377
device_uplink,1787617945000000000,70b3d57ed00778cc,2378
device_uplink,1787617961000000000,70b3d57ed00778cc,2379
device_uplink,1787617977000000000,70b3d57ed00778cc,2380
device_uplink,1787617993000000000,70b3d57ed00778cc,2381
device_uplink,1787618009000000000,70b3d57ed00778cc,2382
device_uplink,1787618025000000000,70b3d57ed00778cc,2383
device_uplink,1787618041000000000,70b3d57ed00778cc,2384
device_uplink,1787618057000000000,70b3d57ed00778cc,2385
device_uplink,1787618075000000000,70b3d57ed00778cc,2386
device_uplink,1787618091000000000,70b3d57ed00778cc,2387
device_uplink,1787618107000000000,70b3d57ed00778cc,2388
device_uplink,1787618123000000000,70b3d57ed00778cc,2389
device_uplink,1787618139000000000,70b3d57ed00778cc,2390
device_uplink,1787618155000000000,70b3d57ed00778cc,2391
device_uplink,1787618171000000000,70b3d57ed00778cc,2392
device_uplink,1787618187000000000,70b3d57ed00778cc,2393
device_uplink,1787618205000000000,70b3d57ed00778cc,2394
device_uplink,1787618221000000000,70b3d57ed00778cc,2395
device_uplink,1787618237000000000,70b3d57ed00778cc,2396
device_uplink,1787618253000000000,70b3d57ed00778cc,2397
device_uplink,1787618269000000000,70b3d57ed00778cc,2398
device_uplink,1787618285000000000,70b3d57ed00778cc,2399
device_uplink,1787618301000000000,70b3d57ed00778cc,2400
device_uplink,1787618317000000000,70b3d57ed00778cc,2401
device_uplink,1787618335000000000,70b3d57ed00778cc,2402
device_uplink,1787618351000000000,70b3d57ed00778cc,2403
device_uplink,1787618367000000000,70b3d57ed00778cc,2404
device_uplink,1787618383000000000,70b3d57ed00778cc,2405
device_uplink,1787618399000000000,70b3d57ed00778cc,2406
device_uplink,1787618415000000000,70b3d57ed00778cc,2407
device_uplink,1787618433000000000,70b3d57ed00778cc,2408
device_uplink,1787618449000000000,70b3d57ed00778cc,2409
device_uplink,1787618465000000000,70b3d57ed00778cc,2410
device_uplink,1787618481000000000,70b3d57ed00778cc,2411
device_uplink,1787618497000000000,70b3d57ed00778cc,2412
device_uplink,1787618513000000000,70b3d57ed00778cc,2413
device_uplink,1787618529000000000,70b3d57ed00778cc,2414
device_uplink,1787618543000000000,70b3d57ed0077801,9
device_uplink,1787618545000000000,70b3d57ed00778cc,2415
device_uplink,1787618563000000000,70b3d57ed00778cc,2416
device_uplink,1787618579000000000,70b3d57ed00778cc,2417
device_uplink,1787618595000000000,70b3d57ed00778cc,2418
device_uplink,1787618611000000000,70b3d57ed00778cc,2419
device_uplink,1787618627000000000,70b3d57ed00778cc,2420
device_uplink,1787618643000000000,70b3d57ed00778cc,2421
device_uplink,1787618659000000000,70b3d57ed00778cc,2422
device_uplink,1787618675000000000,70b3d57ed00778cc,2423
device_uplink,1787618693000000000,70b3d57ed00778cc,2424
device_uplink,1787618709000000000,70b3d57ed00778cc,2425
device_uplink,1787618725000000000,70b3d57ed00778cc,2426
device_uplink,1787618741000000000,70b3d57ed00778cc,2427
device_uplink,1787618757000000000,70b3d57ed00778cc,2428
device_uplink,1787618773000000000,70b3d57ed00778cc,2429
device_uplink,1787618789000000000,70b3d57ed00778cc,2430
device_uplink,1787618805000000000,70b3d57ed00778cc,2431
device_uplink,1787618823000000000,70b3d57ed00778cc,2432
device_uplink,1787618839000000000,70b3d57ed00778cc,2433
device_uplink,1787618855000000000,70b3d57ed00778cc,2434
device_uplink,1787618871000000000,70b3d57ed00778cc,2435
device_uplink,1787618887000000000,70b3d57ed00778cc,2436
device_uplink,1787618903000000000,70b3d57ed00778cc,2437
device_uplink,1787618919000000000,70b3d57ed00778cc,2438
device_uplink,1787618935000000000,70b3d57ed00778cc,2439
device_uplink,1787618953000000000,70b3d57ed00778cc,2440
device_uplink,1787618969000000000,70b3d57ed00778cc,2441
device_uplink,1787618985000000000,70b3d57ed00778cc,2442
device_uplink,1787619001000000000,70b3d57ed00778cc,2443
device_uplink,1787619017000000000,70b3d57ed00778cc,2444
device_uplink,1787619033000000000,70b3d57ed00778cc,2445
device_uplink,1787619049000000000,70b3d57ed00778cc,2446
device_uplink,1787619065000000000,70b3d57ed00778cc,2447
device_uplink,1787619083000000000,70b3d57ed00778cc,2448
device_uplink,1787619099000000000,70b3d57ed00778cc,2449
device_uplink,1787619115000000000,70b3d57ed00778cc,2450
device_uplink,1787619131000000000,70b3d57ed00778cc,2451
device_uplink,1787619147000000000,70b3d57ed00778cc,2452
device_uplink,1787619163000000000,70b3d57ed00778cc,2453
device_uplink,1787619179000000000,70b3d57ed00778cc,2454
device_uplink,1787619195000000000,70b3d57ed00778cc,2455
device_uplink,1787619213000000000,70b3d57ed00778cc,2456
device_uplink,1787619229000000000,70b3d57ed00778cc,2457
device_uplink,1787619245000000000,70b3d57ed00778cc,2458
device_uplink,1787619261000000000,70b3d57ed00778cc,2459
device_uplink,1787619277000000000,70b3d57ed00778cc,2460
device_uplink,1787619293000000000,70b3d57ed00778cc,2461
device_uplink,1787619309000000000,70b3d57ed00778cc,2462
device_uplink,1787619325000000000,70b3d57ed00778cc,2463
device_uplink,1787619343000000000,70b3d57ed00778cc,2464
device_uplink,1787619359000000000,70b3d57ed00778cc,2465
device_uplink,1787619375000000000,70b3d57ed00778cc,2466
device_uplink,1787619391000000000,70b3d57ed00778cc,2467
device_uplink,1787619407000000000,70b3d57ed00778cc,2468
device_uplink,1787619423000000000,70b3d57ed00778cc,2469
device_uplink,1787619439000000000,70b3d57ed00778cc,2470
device_uplink,1787619451000000000,70b3d57ed0077801,10
device_uplink,1787619455000000000,70b3d57ed00778cc,2471
device_uplink,1787619473000000000,70b3d57ed00778cc,2472
device_uplink,1787619489000000000,70b3d57ed00778cc,2473
device_uplink,1787619505000000000,70b3d57ed00778cc,2474
device_uplink,1787619521000000000,70b3d57ed00778cc,2475
device_uplink,1787619537000000000,70b3d57ed00778cc,2476
device_uplink,1787619553000000000,70b3d57ed00778cc,2477
device_uplink,1787619569000000000,70b3d57ed00778cc,2478
device_uplink,1787619587000000000,70b3d57ed00778cc,2479
device_uplink,1787619603000000000,70b3d57ed00778cc,2480
device_uplink,1787619619000000000,70b3d57ed00778cc,2481
device_uplink,1787619635000000000,70b3d57ed00778cc,2482
device_uplink,1787619651000000000,70b3d57ed00778cc,2483
device_uplink,1787619667000000000,70b3d57ed00778cc,2484
device_uplink,1787619683000000000,70b3d57ed00778cc,2485
device_uplink,1787619701000000000,70b3d57ed00778cc,2486
device_uplink,1787619717000000000,70b3d57ed00778cc,2487
device_uplink,1787619733000000000,70b3d57ed00778cc,2488
device_uplink,1787619749000000000,70b3d57ed00778cc,2489
device_uplink,1787619765000000000,70b3d57ed00778cc,2490
device_uplink,1787619781000000000,70b3d57ed00778cc,2491
device_uplink,1787619797000000000,70b3d57ed00778cc,2492
device_uplink,1787619813000000000,70b3d57ed00778cc,2493
device_uplink,1787619831000000000,70b3d57ed00778cc,2494
device_uplink,1787619847000000000,70b3d57ed00778cc,2495
device_uplink,1787619863000000000,70b3d57ed00778cc,2496
device_uplink,1787619879000000000,70b3d57ed00778cc,2497
device_uplink,1787619895000000000,70b3d57ed00778cc,2498
device_uplink,1787619911000000000,70b3d57ed00778cc,2499
device_uplink,1787619927000000000,70b3d57ed00778cc,2500
device_uplink,1787619943000000000,70b3d57ed00778cc,2501
device_uplink,1787619959000000000,70b3d57ed00778cc,2502
device_uplink,1787619977000000000,70b3d57ed00778cc,2503
device_uplink,1787619993000000000,70b3d57ed00778cc,2504
device_uplink,1787620009000000000,70b3d57ed00778cc,2505
device_uplink,1787620025000000000,70b3d57ed00778cc,2506
device_uplink,1787620041000000000,70b3d57ed00778cc,2507
device_uplink,1787620057000000000,70b3d57ed00778cc,2508
device_uplink,1787620073000000000,70b3d57ed00778cc,2509
device_uplink,1787620091000000000,70b3d57ed00778cc,2510
device_uplink,1787620107000000000,70b3d57ed00778cc,2511
device_uplink,1787620123000000000,70b3d57ed00778cc,2512
device_uplink,1787620139000000000,70b3d57ed00778cc,2513
device_uplink,1787620155000000000,70b3d57ed00778cc,2514
device_uplink,1787620171000000000,70b3d57ed00778cc,2515
device_uplink,1787620189000000000,70b3d57ed00778cc,2516
device_uplink,1787620205000000000,70b3d57ed00778cc,2517
device_uplink,1787620221000000000,70b3d57ed00778cc,2518
device_uplink,1787620237000000000,70b3d57ed00778cc,2519
device_uplink,1787620253000000000,70b3d57ed00778cc,2520
device_uplink,1787620269000000000,70b3d57ed00778cc,2521
device_uplink,1787620285000000000,70b3d57ed00778cc,2522
device_uplink,1787620301000000000,70b3d57ed00778cc,2523
device_uplink,1787620319000000000,70b3d57ed00778cc,2524
device_uplink,1787620335000000000,70b3d57ed00778cc,2525
device_uplink,1787620351000000000,70b3d57ed00778cc,2526
device_uplink,1787620359000000000,70b3d57ed0077801,11
device_uplink,1787620367000000000,70b3d57ed00778cc,2527
device_uplink,1787620383000000000,70b3d57ed00778cc,2528
device_uplink,1787620399000000000,70b3d57ed00778cc,2529
device_uplink,1787620415000000000,70b3d57ed00778cc,2530
device_uplink,1787620431000000000,70b3d57ed00778cc,2531
device_uplink,1787620449000000000,70b3d57ed00778cc,2532
device_uplink,1787620465000000000,70b3d57ed00778cc,2533
device_uplink,1787620481000000000,70b3d57ed00778cc,2534
device_uplink,1787620497000000000,70b3d57ed00778cc,2535
device_uplink,1787620513000000000,70b3d57ed00778cc,2536
device_uplink,1787620529000000000,70b3d57ed00778cc,2537
device_uplink,1787620545000000000,70b3d57ed00778cc,2538
device_uplink,1787620561000000000,70b3d57ed00778cc,2539
device_uplink,1787620579000000000,70b3d57ed00778cc,2540
device_uplink,1787620595000000000,70b3d57ed00778cc,2541
device_uplink,1787620611000000000,70b3d57ed00778cc,2542
device_uplink,1787620627000000000,70b3d57ed00778cc,2543
device_uplink,1787620643000000000,70b3d57ed00778cc,2544
device_uplink,1787620659000000000,70b3d57ed00778cc,2545
device_uplink,1787620675000000000,70b3d57ed00778cc,2546
device_uplink,1787620691000000000,70b3d57ed00778cc,2547
device_uplink,1787620709000000000,70b3d57ed00778cc,2548
device_uplink,1787620725000000000,70b3d57ed00778cc,2549
device_uplink,1787620741000000000,70b3d57ed00778cc,2550
device_uplink,1787620757000000000,70b3d57ed00778cc,2551
device_uplink,1787620773000000000,70b3d57ed00778cc,2552
device_uplink,1787620789000000000,70b3d57ed00778cc,2553
device_uplink,1787620805000000000,70b3d57ed00778cc,2554
device_uplink,1787620821000000000,70b3d57ed00778cc,2555
device_uplink,1787620839000000000,70b3d57ed00778cc,2556
device_uplink,1787620855000000000,70b3d57ed00778cc,2557
device_uplink,1787620871000000000,70b3d57ed00778cc,2558
device_uplink,1787620887000000000,70b3d57ed00778cc,2559
device_uplink,1787620903000000000,70b3d57ed00778cc,2560
device_uplink,1787620919000000000,70b3d57ed00778cc,2561
device_uplink,1787620935000000000,70b3d57ed00778cc,2562
device_uplink,1787620951000000000,70b3d57ed00778cc,2563
device_uplink,1787620969000000000,70b3d57ed00778cc,2564
device_uplink,1787620985000000000,70b3d57ed00778cc,2565
device_uplink,1787621001000000000,70b3d57ed00778cc,2566
device_uplink,1787621017000000000,70b3d57ed00778cc,2567
device_uplink,1787621033000000000,70b3d57ed00778cc,2568
device_uplink,1787621049000000000,70b3d57ed00778cc,2569
device_uplink,1787621065000000000,70b3d57ed00778cc,2570
device_uplink,1787621081000000000,70b3d57ed00778cc,2571
device_uplink,1787621099000000000,70b3d57ed00778cc,2572
device_uplink,1787621115000000000,70b3d57ed00778cc,2573
device_uplink,1787621131000000000,70b3d57ed00778cc,2574
device_uplink,1787621147000000000,70b3d57ed00778cc,2575
device_uplink,1787621163000000000,70b3d57ed00778cc,2576
device_uplink,1787621179000000000,70b3d57ed00778cc,2577
device_uplink,1787621195000000000,70b3d57ed00778cc,2578
device_uplink,1787621211000000000,70b3d57ed00778cc,2579
device_uplink,1787621229000000000,70b3d57ed00778cc,2580
device_uplink,1787621245000000000,70b3d57ed00778cc,2581
device_uplink,1787621261000000000,70b3d57ed00778cc,2582
device_uplink,1787621266000000000,70b3d57ed0077801,12
device_uplink,1787621277000000000,70b3d57ed00778cc,2583
device_uplink,1787621293000000000,70b3d57ed00778cc,2584
device_uplink,1787621309000000000,70b3d57ed00778cc,2585
device_uplink,1787621325000000000,70b3d57ed00778cc,2586
device_uplink,1787621341000000000,70b3d57ed00778cc,2587
device_uplink,1787621359000000000,70b3d57ed00778cc,2588
device_uplink,1787621375000000000,70b3d57ed00778cc,2589
device_uplink,1787621391000000000,70b3d57ed00778cc,2590
device_uplink,1787621407000000000,70b3d57ed00778cc,2591
device_uplink,1787621423000000000,70b3d57ed00778cc,2592
device_uplink,1787621439000000000,70b3d57ed00778cc,2593
device_uplink,1787621455000000000,70b3d57ed00778cc,2594
device_uplink,1787621471000000000,70b3d57ed00778cc,2595
device_uplink,1787621489000000000,70b3d57ed00778cc,2596
device_uplink,1787621505000000000,70b3d57ed00778cc,2597
device_uplink,1787621521000000000,70b3d57ed00778cc,2598
device_uplink,1787621537000000000,70b3d57ed00778cc,2599
device_uplink,1787621553000000000,70b3d57ed00778cc,2600
device_uplink,1787621569000000000,70b3d57ed00778cc,2601
device_uplink,1787621585000000000,70b3d57ed00778cc,2602
device_uplink,1787621603000000000,70b3d57ed00778cc,2603
device_uplink,1787621619000000000,70b3d57ed00778cc,2604
device_uplink,1787621635000000000,70b3d57ed00778cc,2605
device_uplink,1787621651000000000,70b3d57ed00778cc,2606
device_uplink,1787621667000000000,70b3d57ed00778cc,2607
device_uplink,1787621683000000000,70b3d57ed00778cc,2608
device_uplink,1787621699000000000,70b3d57ed00778cc,2609
device_uplink,1787621715000000000,70b3d57ed00778cc,2610
device_uplink,1787621731000000000,70b3d57ed00778cc,2611
device_uplink,1787621749000000000,70b3d57ed00778cc,2612
device_uplink,1787621765000000000,70b3d57ed00778cc,2613
device_uplink,1787621781000000000,70b3d57ed00778cc,2614
device_uplink,1787621797000000000,70b3d57ed00778cc,2615
device_uplink,1787621813000000000,70b3d57ed00778cc,2616
device_uplink,1787621829000000000,70b3d57ed00778cc,2617
device_uplink,1787621847000000000,70b3d57ed00778cc,2618
device_uplink,1787621863000000000,70b3d57ed00778cc,2619
device_uplink,1787621879000000000,70b3d57ed00778cc,2620
device_uplink,1787621895000000000,70b3d57ed00778cc,2621
device_uplink,1787621911000000000,70b3d57ed00778cc,2622
device_uplink,1787621927000000000,70b3d57ed00778cc,2623
device_uplink,1787621943000000000,70b3d57ed00778cc,2624
device_uplink,1787621959000000000,70b3d57ed00778cc,2625
device_uplink,1787621977000000000,70b3d57ed00778cc,2626
device_uplink,1787621993000000000,70b3d57ed00778cc,2627
device_uplink,1787622009000000000,70b3d57ed00778cc,2628
device_uplink,1787622025000000000,70b3d57ed00778cc,2629
device_uplink,1787622041000000000,70b3d57ed00778cc,2630
device_uplink,1787622057000000000,70b3d57ed00778cc,2631
device_uplink,1787622073000000000,70b3d57ed00778cc,2632
device_uplink,1787622091000000000,70b3d57ed00778cc,2633
device_uplink,1787622107000000000,70b3d57ed00778cc,2634
device_uplink,1787622123000000000,70b3d57ed00778cc,2635
device_uplink,1787622139000000000,70b3d57ed00778cc,2636
device_uplink,1787622155000000000,70b3d57ed00778cc,2637
device_uplink,1787622171000000000,70b3d57ed00778cc,2638
device_uplink,1787622174000000000,70b3d57ed0077801,13
device_uplink,1787622187000000000,70b3d57ed00778cc,2639
device_uplink,1787622203000000000,70b3d57ed00778cc,2640
device_uplink,1787622221000000000,70b3d57ed00778cc,2641
device_uplink,1787622237000000000,70b3d57ed00778cc,2642
device_uplink,1787622253000000000,70b3d57ed00778cc,2643
device_uplink,1787622269000000000,70b3d57ed00778cc,2644
device_uplink,1787622285000000000,70b3d57ed00778cc,2645
device_uplink,1787622301000000000,70b3d57ed00778cc,2646
device_uplink,1787622317000000000,70b3d57ed00778cc,2647
device_uplink,1787622333000000000,70b3d57ed00778cc,2648
device_uplink,1787622351000000000,70b3d57ed00778cc,2649
device_uplink,1787622367000000000,70b3d57ed00778cc,2650
device_uplink,1787622383000000000,70b3d57ed00778cc,2651
device_uplink,1787622399000000000,70b3d57ed00778cc,2652
device_uplink,1787622415000000000,70b3d57ed00778cc,2653
device_uplink,1787622431000000000,70b3d57ed00778cc,2654
device_uplink,1787622447000000000,70b3d57ed00778cc,2655
device_uplink,1787622465000000000,70b3d57ed00778cc,2656
device_uplink,1787622481000000000,70b3d57ed00778cc,2657
device_uplink,1787622497000000000,70b3d57ed00778cc,2658
device_uplink,1787622513000000000,70b3d57ed00778cc,2659
device_uplink,1787622529000000000,70b3d57ed00778cc,2660
device_uplink,1787622545000000000,70b3d57ed00778cc,2661
device_uplink,1787622561000000000,70b3d57ed00778cc,2662
device_uplink,1787622577000000000,70b3d57ed00778cc,2663
device_uplink,1787622595000000000,70b3d57ed00778cc,2664
device_uplink,1787622611000000000,70b3d57ed00778cc,2665
device_uplink,1787622627000000000,70b3d57ed00778cc,2666
device_uplink,1787622643000000000,70b3d57ed00778cc,2667
device_uplink,1787622659000000000,70b3d57ed00778cc,2668
device_uplink,1787622675000000000,70b3d57ed00778cc,2669
device_uplink,1787622691000000000,70b3d57ed00778cc,2670
device_uplink,1787622707000000000,70b3d57ed00778cc,2671
device_uplink,1787622725000000000,70b3d57ed00778cc,2672
device_uplink,1787622741000000000,70b3d57ed00778cc,2673
device_uplink,1787622757000000000,70b3d57ed00778cc,2674
device_uplink,1787622773000000000,70b3d57ed00778cc,2675
device_uplink,1787622789000000000,70b3d57ed00778cc,2676
device_uplink,1787622805000000000,70b3d57ed00778cc,2677
device_uplink,1787622823000000000,70b3d57ed00778cc,2678
device_uplink,1787622839000000000,70b3d57ed00778cc,2679
device_uplink,1787622855000000000,70b3d57ed00778cc,2680
device_uplink,1787622871000000000,70b3d57ed00778cc,2681
device_uplink,1787622887000000000,70b3d57ed00778cc,2682
device_uplink,1787622903000000000,70b3d57ed00778cc,2683
device_uplink,1787622919000000000,70b3d57ed00778cc,2684
device_uplink,1787622935000000000,70b3d57ed00778cc,2685
device_uplink,1787622953000000000,70b3d57ed00778cc,2686
device_uplink,1787622969000000000,70b3d57ed00778cc,2687
device_uplink,1787622985000000000,70b3d57ed00778cc,2688
device_uplink,1787623001000000000,70b3d57ed00778cc,2689
device_uplink,1787623017000000000,70b3d57ed00778cc,2690
device_uplink,1787623033000000000,70b3d57ed00778cc,2691
device_uplink,1787623049000000000,70b3d57ed00778cc,2692
device_uplink,1787623065000000000,70b3d57ed00778cc,2693
device_uplink,1787623082000000000,70b3d57ed0077801,14
device_uplink,1787623083000000000,70b3d57ed00778cc,2694
device_uplink,1787623099000000000,70b3d57ed00778cc,2695
device_uplink,1787623115000000000,70b3d57ed00778cc,2696
device_uplink,1787623131000000000,70b3d57ed00778cc,2697
device_uplink,1787623147000000000,70b3d57ed00778cc,2698
device_uplink,1787623163000000000,70b3d57ed00778cc,2699
device_uplink,1787623181000000000,70b3d57ed00778cc,2700
device_uplink,1787623197000000000,70b3d57ed00778cc,2701
device_uplink,1787623213000000000,70b3d57ed00778cc,2702
device_uplink,1787623229000000000,70b3d57ed00778cc,2703
device_uplink,1787623245000000000,70b3d57ed00778cc,2704
device_uplink,1787623261000000000,70b3d57ed00778cc,2705
device_uplink,1787623277000000000,70b3d57ed00778cc,2706
device_uplink,1787623293000000000,70b3d57ed00778cc,2707
device_uplink,1787623311000000000,70b3d57ed00778cc,2708
device_uplink,1787623327000000000,70b3d57ed00778cc,2709
device_uplink,1787623343000000000,70b3d57ed00778cc,2710
device_uplink,1787623359000000000,70b3d57ed00778cc,2711
device_uplink,1787623375000000000,70b3d57ed00778cc,2712
device_uplink,1787623391000000000,70b3d57ed00778cc,2713
device_uplink,1787623407000000000,70b3d57ed00778cc,2714
device_uplink,1787623425000000000,70b3d57ed00778cc,2715
device_uplink,1787623441000000000,70b3d57ed00778cc,2716
device_uplink,1787623457000000000,70b3d57ed00778cc,2717
device_uplink,1787623473000000000,70b3d57ed00778cc,2718
device_uplink,1787623489000000000,70b3d57ed00778cc,2719
device_uplink,1787623505000000000,70b3d57ed00778cc,2720
device_uplink,1787623521000000000,70b3d57ed00778cc,2721
device_uplink,1787623539000000000,70b3d57ed00778cc,2722
device_uplink,1787623555000000000,70b3d57ed00778cc,2723
device_uplink,1787623571000000000,70b3d57ed00778cc,2724
device_uplink,1787623587000000000,70b3d57ed00778cc,2725
device_uplink,1787623603000000000,70b3d57ed00778cc,2726
device_uplink,1787623619000000000,70b3d57ed00778cc,2727
device_uplink,1787623635000000000,70b3d57ed00778cc,2728
device_uplink,1787623651000000000,70b3d57ed00778cc,2729
device_uplink,1787623669000000000,70b3d57ed00778cc,2730
device_uplink,1787623685000000000,70b3d57ed00778cc,2731
device_uplink,1787623701000000000,70b3d57ed00778cc,2732
device_uplink,1787623717000000000,70b3d57ed00778cc,2733
device_uplink,1787623733000000000,70b3d57ed00778cc,2734
device_uplink,1787623749000000000,70b3d57ed00778cc,2735
device_uplink,1787623765000000000,70b3d57ed00778cc,2736
device_uplink,1787623781000000000,70b3d57ed00778cc,2737
device_uplink,1787623799000000000,70b3d57ed00778cc,2738
device_uplink,1787623815000000000,70b3d57ed00778cc,2739
device_uplink,1787623831000000000,70b3d57ed00778cc,2740
device_uplink,1787623847000000000,70b3d57ed00778cc,2741
device_uplink,1787623863000000000,70b3d57ed00778cc,2742
device_uplink,1787623879000000000,70b3d57ed00778cc,2743
device_uplink,1787623897000000000,70b3d57ed00778cc,2744
device_uplink,1787623913000000000,70b3d57ed00778cc,2745
device_uplink,1787623929000000000,70b3d57ed00778cc,2746
device_uplink,1787623945000000000,70b3d57ed00778cc,2747
device_uplink,1787623961000000000,70b3d57ed00778cc,2748
device_uplink,1787623977000000000,70b3d57ed00778cc,2749
device_uplink,1787623990000000000,70b3d57ed0077801,15
device_uplink,1787623993000000000,70b3d57ed00778cc,2750
device_uplink,1787624011000000000,70b3d57ed00778cc,2751
device_uplink,1787624027000000000,70b3d57ed00778cc,2752
device_uplink,1787624043000000000,70b3d57ed00778cc,2753
device_uplink,1787624059000000000,70b3d57ed00778cc,2754
device_uplink,1787624075000000000,70b3d57ed00778cc,2755
device_uplink,1787624091000000000,70b3d57ed00778cc,2756
device_uplink,1787624107000000000,70b3d57ed00778cc,2757
device_uplink,1787624125000000000,70b3d57ed00778cc,2758
device_uplink,1787624141000000000,70b3d57ed00778cc,2759
device_uplink,1787624157000000000,70b3d57ed00778cc,2760
device_uplink,1787624173000000000,70b3d57ed00778cc,2761
device_uplink,1787624189000000000,70b3d57ed00778cc,2762
device_uplink,1787624205000000000,70b3d57ed00778cc,2763
device_uplink,1787624221000000000,70b3d57ed00778cc,2764
device_uplink,1787624237000000000,70b3d57ed00778cc,2765
device_uplink,1787624255000000000,70b3d57ed00778cc,2766
device_uplink,1787624271000000000,70b3d57ed00778cc,2767
device_uplink,1787624287000000000,70b3d57ed00778cc,2768
device_uplink,1787624303000000000,70b3d57ed00778cc,2769
device_uplink,1787624319000000000,70b3d57ed00778cc,2770
device_uplink,1787624335000000000,70b3d57ed00778cc,2771
device_uplink,1787624351000000000,70b3d57ed00778cc,2772
device_uplink,1787624369000000000,70b3d57ed00778cc,2773
device_uplink,1787624385000000000,70b3d57ed00778cc,2774
device_uplink,1787624401000000000,70b3d57ed00778cc,2775
device_uplink,1787624417000000000,70b3d57ed00778cc,2776
device_uplink,1787624433000000000,70b3d57ed00778cc,2777
device_uplink,1787624449000000000,70b3d57ed00778cc,2778
device_uplink,1787624465000000000,70b3d57ed00778cc,2779
device_uplink,1787624483000000000,70b3d57ed00778cc,2780
device_uplink,1787624499000000000,70b3d57ed00778cc,2781
device_uplink,1787624515000000000,70b3d57ed00778cc,2782
device_uplink,1787624531000000000,70b3d57ed00778cc,2783
device_uplink,1787624547000000000,70b3d57ed00778cc,2784
device_uplink,1787624563000000000,70b3d57ed00778cc,2785
device_uplink,1787624579000000000,70b3d57ed00778cc,2786
device_uplink,1787624595000000000,70b3d57ed00778cc,2787
device_uplink,1787624613000000000,70b3d57ed00778cc,2788
device_uplink,1787624629000000000,70b3d57ed00778cc,2789
device_uplink,1787624645000000000,70b3d57ed00778cc,2790
device_uplink,1787624661000000000,70b3d57ed00778cc,2791
device_uplink,1787624677000000000,70b3d57ed00778cc,2792
device_uplink,1787624693000000000,70b3d57ed00778cc,2793
device_uplink,1787624711000000000,70b3d57ed00778cc,2794
device_uplink,1787624727000000000,70b3d57ed00778cc,2795
device_uplink,1787624743000000000,70b3d57ed00778cc,2796
device_uplink,1787624759000000000,70b3d57ed00778cc,2797
device_uplink,1787624775000000000,70b3d57ed00778cc,2798
device_uplink,1787624791000000000,70b3d57ed00778cc,2799
device_uplink,1787624807000000000,70b3d57ed00778cc,2800
device_uplink,1787624823000000000,70b3d57ed00778cc,2801
device_uplink,1787624841000000000,70b3d57ed00778cc,2802
device_uplink,1787624857000000000,70b3d57ed00778cc,2803
device_uplink,1787624873000000000,70b3d57ed00778cc,2804
device_uplink,1787624889000000000,70b3d57ed00778cc,2805
device_uplink,1787624898000000000,70b3d57ed0077801,16
device_uplink,1787624905000000000,70b3d57ed00778cc,2806
device_uplink,1787624921000000000,70b3d57ed00778cc,2807
device_uplink,1787624937000000000,70b3d57ed00778cc,2808
device_uplink,1787624953000000000,70b3d57ed00778cc,2809
device_uplink,1787624971000000000,70b3d57ed00778cc,2810
device_uplink,1787624987000000000,70b3d57ed00778cc,2811
device_uplink,1787625003000000000,70b3d57ed00778cc,2812
device_uplink,1787625019000000000,70b3d57ed00778cc,2813
device_uplink,1787625035000000000,70b3d57ed00778cc,2814
device_uplink,1787625051000000000,70b3d57ed00778cc,2815
device_uplink,1787625067000000000,70b3d57ed00778cc,2816
device_uplink,1787625085000000000,70b3d57ed00778cc,2817
device_uplink,1787625101000000000,70b3d57ed00778cc,2818
device_uplink,1787625117000000000,70b3d57ed00778cc,2819
device_uplink,1787625133000000000,70b3d57ed00778cc,2820
device_uplink,1787625149000000000,70b3d57ed00778cc,2821
device_uplink,1787625165000000000,70b3d57ed00778cc,2822
device_uplink,1787625181000000000,70b3d57ed00778cc,2823
device_uplink,1787625197000000000,70b3d57ed00778cc,2824
device_uplink,1787625215000000000,70b3d57ed00778cc,2825
device_uplink,1787625231000000000,70b3d57ed00778cc,2826
device_uplink,1787625247000000000,70b3d57ed00778cc,2827
device_uplink,1787625263000000000,70b3d57ed00778cc,2828
device_uplink,1787625279000000000,70b3d57ed00778cc,2829
device_uplink,1787625295000000000,70b3d57ed00778cc,2830
device_uplink,1787625313000000000,70b3d57ed00778cc,2831
device_uplink,1787625329000000000,70b3d57ed00778cc,2832
device_uplink,1787625345000000000,70b3d57ed00778cc,2833
device_uplink,1787625361000000000,70b3d57ed00778cc,2834
device_uplink,1787625377000000000,70b3d57ed00778cc,2835
device_uplink,1787625393000000000,70b3d57ed00778cc,2836
device_uplink,1787625409000000000,70b3d57ed00778cc,2837
device_uplink,1787625425000000000,70b3d57ed00778cc,2838
device_uplink,1787625443000000000,70b3d57ed00778cc,2839
device_uplink,1787625459000000000,70b3d57ed00778cc,2840
device_uplink,1787625475000000000,70b3d57ed00778cc,2841
device_uplink,1787625491000000000,70b3d57ed00778cc,2842
device_uplink,1787625507000000000,70b3d57ed00778cc,2843
device_uplink,1787625523000000000,70b3d57ed00778cc,2844
device_uplink,1787625539000000000,70b3d57ed00778cc,2845
device_uplink,1787625557000000000,70b3d57ed00778cc,2846
device_uplink,1787625573000000000,70b3d57ed00778cc,2847
device_uplink,1787625589000000000,70b3d57ed00778cc,2848
device_uplink,1787625605000000000,70b3d57ed00778cc,2849
device_uplink,1787625621000000000,70b3d57ed00778cc,2850
device_uplink,1787625637000000000,70b3d57ed00778cc,2851
device_uplink,1787625653000000000,70b3d57ed00778cc,2852
device_uplink,1787625671000000000,70b3d57ed00778cc,2853
device_uplink,1787625687000000000,70b3d57ed00778cc,2854
device_uplink,1787625703000000000,70b3d57ed00778cc,2855
device_uplink,1787625719000000000,70b3d57ed00778cc,2856
device_uplink,1787625735000000000,70b3d57ed00778cc,2857
device_uplink,1787625751000000000,70b3d57ed00778cc,2858
device_uplink,1787625767000000000,70b3d57ed00778cc,2859
device_uplink,1787625783000000000,70b3d57ed00778cc,2860
device_uplink,1787625801000000000,70b3d57ed00778cc,2861
device_uplink,1787625805000000000,70b3d57ed0077801,17
device_uplink,1787625817000000000,70b3d57ed00778cc,2862
device_uplink,1787625833000000000,70b3d57ed00778cc,2863
device_uplink,1787625849000000000,70b3d57ed00778cc,2864
device_uplink,1787625865000000000,70b3d57ed00778cc,2865
device_uplink,1787625881000000000,70b3d57ed00778cc,2866
device_uplink,1787625899000000000,70b3d57ed00778cc,2867
device_uplink,1787625915000000000,70b3d57ed00778cc,2868
device_uplink,1787625931000000000,70b3d57ed00778cc,2869
device_uplink,1787625947000000000,70b3d57ed00778cc,2870
device_uplink,1787625963000000000,70b3d57ed00778cc,2871
device_uplink,1787625979000000000,70b3d57ed00778cc,2872
device_uplink,1787625995000000000,70b3d57ed00778cc,2873
device_uplink,1787626011000000000,70b3d57ed00778cc,2874
device_uplink,1787626027000000000,70b3d57ed00778cc,2875
device_uplink,1787626045000000000,70b3d57ed00778cc,2876
device_uplink,1787626061000000000,70b3d57ed00778cc,2877
device_uplink,1787626077000000000,70b3d57ed00778cc,2878
device_uplink,1787626093000000000,70b3d57ed00778cc,2879
device_uplink,1787626109000000000,70b3d57ed00778cc,2880
device_uplink,1787626125000000000,70b3d57ed00778cc,2881
device_uplink,1787626141000000000,70b3d57ed00778cc,2882
device_uplink,1787626159000000000,70b3d57ed00778cc,2883
device_uplink,1787626175000000000,70b3d57ed00778cc,2884
device_uplink,1787626191000000000,70b3d57ed00778cc,2885
device_uplink,1787626207000000000,70b3d57ed00778cc,2886
device_uplink,1787626223000000000,70b3d57ed00778cc,2887
device_uplink,1787626239000000000,70b3d57ed00778cc,2888
device_uplink,1787626255000000000,70b3d57ed00778cc,2889
device_uplink,1787626273000000000,70b3d57ed00778cc,2890
device_uplink,1787626289000000000,70b3d57ed00778cc,2891
device_uplink,1787626305000000000,70b3d57ed00778cc,2892
device_uplink,1787626321000000000,70b3d57ed00778cc,2893
device_uplink,1787626337000000000,70b3d57ed00778cc,2894
device_uplink,1787626353000000000,70b3d57ed00778cc,2895
device_uplink,1787626369000000000,70b3d57ed00778cc,2896
device_uplink,1787626385000000000,70b3d57ed00778cc,2897
device_uplink,1787626403000000000,70b3d57ed00778cc,2898
device_uplink,1787626419000000000,70b3d57ed00778cc,2899
device_uplink,1787626435000000000,70b3d57ed00778cc,2900
device_uplink,1787626451000000000,70b3d57ed00778cc,2901
device_uplink,1787626467000000000,70b3d57ed00778cc,2902
device_uplink,1787626483000000000,70b3d57ed00778cc,2903
device_uplink,1787626499000000000,70b3d57ed00778cc,2904
device_uplink,1787626515000000000,70b3d57ed00778cc,2905
device_uplink,1787626531000000000,70b3d57ed00778cc,2906
device_uplink,1787626549000000000,70b3d57ed00778cc,2907
device_uplink,1787626565000000000,70b3d57ed00778cc,2908
device_uplink,1787626581000000000,70b3d57ed00778cc,2909
device_uplink,1787626597000000000,70b3d57ed00778cc,2910
device_uplink,1787626613000000000,70b3d57ed00778cc,2911
device_uplink,1787626629000000000,70b3d57ed00778cc,2912
device_uplink,1787626645000000000,70b3d57ed00778cc,2913
device_uplink,1787626663000000000,70b3d57ed00778cc,2914
device_uplink,1787626679000000000,70b3d57ed00778cc,2915
device_uplink,1787626695000000000,70b3d57ed00778cc,2916
device_uplink,1787626711000000000,70b3d57ed00778cc,2917
device_uplink,1787626713000000000,70b3d57ed0077801,18
device_uplink,1787626727000000000,70b3d57ed00778cc,2918
device_uplink,1787626743000000000,70b3d57ed00778cc,2919
device_uplink,1787626759000000000,70b3d57ed00778cc,2920
device_uplink,1787626777000000000,70b3d57ed00778cc,2921
device_uplink,1787626793000000000,70b3d57ed00778cc,2922
device_uplink,1787626809000000000,70b3d57ed00778cc,2923
device_uplink,1787626825000000000,70b3d57ed00778cc,2924
device_uplink,1787626841000000000,70b3d57ed00778cc,2925
device_uplink,1787626857000000000,70b3d57ed00778cc,2926
device_uplink,1787626873000000000,70b3d57ed00778cc,2927
device_uplink,1787626889000000000,70b3d57ed00778cc,2928
device_uplink,1787626905000000000,70b3d57ed00778cc,2929
device_uplink,1787626921000000000,70b3d57ed00778cc,2930
device_uplink,1787626939000000000,70b3d57ed00778cc,2931
device_uplink,1787626955000000000,70b3d57ed00778cc,2932
device_uplink,1787626971000000000,70b3d57ed00778cc,2933
device_uplink,1787626987000000000,70b3d57ed00778cc,2934
device_uplink,1787627003000000000,70b3d57ed00778cc,2935
device_uplink,1787627019000000000,70b3d57ed00778cc,2936
device_uplink,1787627035000000000,70b3d57ed00778cc,2937
device_uplink,1787627053000000000,70b3d57ed00778cc,2938
device_uplink,1787627069000000000,70b3d57ed00778cc,2939
device_uplink,1787627085000000000,70b3d57ed00778cc,2940
device_uplink,1787627101000000000,70b3d57ed00778cc,2941
device_uplink,1787627117000000000,70b3d57ed00778cc,2942
device_uplink,1787627133000000000,70b3d57ed00778cc,2943
device_uplink,1787627149000000000,70b3d57ed00778cc,2944
device_uplink,1787627165000000000,70b3d57ed00778cc,2945
device_uplink,1787627183000000000,70b3d57ed00778cc,2946
device_uplink,1787627199000000000,70b3d57ed00778cc,2947
device_uplink,1787627215000000000,70b3d57ed00778cc,2948
device_uplink,1787627231000000000,70b3d57ed00778cc,2949
device_uplink,1787627247000000000,70b3d57ed00778cc,2950
device_uplink,1787627263000000000,70b3d57ed00778cc,2951
device_uplink,1787627279000000000,70b3d57ed00778cc,2952
device_uplink,1787627295000000000,70b3d57ed00778cc,2953
device_uplink,1787627313000000000,70b3d57ed00778cc,2954
device_uplink,1787627329000000000,70b3d57ed00778cc,2955
device_uplink,1787627345000000000,70b3d57ed00778cc,2956
device_uplink,1787627361000000000,70b3d57ed00778cc,2957
device_uplink,1787627377000000000,70b3d57ed00778cc,2958
device_uplink,1787627393000000000,70b3d57ed00778cc,2959
device_uplink,1787627409000000000,70b3d57ed00778cc,2960
device_uplink,1787627425000000000,70b3d57ed00778cc,2961
device_uplink,1787627441000000000,70b3d57ed00778cc,2962
device_uplink,1787627459000000000,70b3d57ed00778cc,2963
device_uplink,1787627475000000000,70b3d57ed00778cc,2964
device_uplink,1787627491000000000,70b3d57ed00778cc,2965
device_uplink,1787627507000000000,70b3d57ed00778cc,2966
device_uplink,1787627523000000000,70b3d57ed00778cc,2967
device_uplink,1787627539000000000,70b3d57ed00778cc,2968
device_uplink,1787627555000000000,70b3d57ed00778cc,2969
device_uplink,1787627571000000000,70b3d57ed00778cc,2970
device_uplink,1787627589000000000,70b3d57ed00778cc,2971
device_uplink,1787627605000000000,70b3d57ed00778cc,2972
device_uplink,1787627621000000000,70b3d57ed0077801,19
device_uplink,1787627621000000000,70b3d57ed00778cc,2973
device_uplink,1787627637000000000,70b3d57ed00778cc,2974
device_uplink,1787627653000000000,70b3d57ed00778cc,2975
device_uplink,1787627669000000000,70b3d57ed00778cc,2976
device_uplink,1787627685000000000,70b3d57ed00778cc,2977
device_uplink,1787627703000000000,70b3d57ed00778cc,2978
device_uplink,1787627719000000000,70b3d57ed00778cc,2979
device_uplink,1787627735000000000,70b3d57ed00778cc,2980
device_uplink,1787627751000000000,70b3d57ed00778cc,2981
device_uplink,1787627767000000000,70b3d57ed00778cc,2982
device_uplink,1787627783000000000,70b3d57ed00778cc,2983
device_uplink,1787627799000000000,70b3d57ed00778cc,2984
device_uplink,1787627815000000000,70b3d57ed00778cc,2985
device_uplink,1787627833000000000,70b3d57ed00778cc,2986
device_uplink,1787627849000000000,70b3d57ed00778cc,2987
device_uplink,1787627865000000000,70b3d57ed00778cc,2988
device_uplink,1787627881000000000,70b3d57ed00778cc,2989
device_uplink,1787627897000000000,70b3d57ed00778cc,2990
device_uplink,1787627913000000000,70b3d57ed00778cc,2991
device_uplink,1787627929000000000,70b3d57ed00778cc,2992
device_uplink,1787627945000000000,70b3d57ed00778cc,2993
device_uplink,1787627963000000000,70b3d57ed00778cc,2994
device_uplink,1787627979000000000,70b3d57ed00778cc,2995
device_uplink,1787627995000000000,70b3d57ed00778cc,2996
device_uplink,1787628011000000000,70b3d57ed00778cc,2997
device_uplink,1787628027000000000,70b3d57ed00778cc,2998
device_uplink,1787628043000000000,70b3d57ed00778cc,2999
device_uplink,1787628059000000000,70b3d57ed00778cc,3000
device_uplink,1787628077000000000,70b3d57ed00778cc,3001
device_uplink,1787628093000000000,70b3d57ed00778cc,3002
device_uplink,1787628109000000000,70b3d57ed00778cc,3003
device_uplink,1787628125000000000,70b3d57ed00778cc,3004
device_uplink,1787628141000000000,70b3d57ed00778cc,3005
device_uplink,1787628157000000000,70b3d57ed00778cc,3006
device_uplink,1787628173000000000,70b3d57ed00778cc,3007
device_uplink,1787628189000000000,70b3d57ed00778cc,3008
device_uplink,1787628207000000000,70b3d57ed00778cc,3009
device_uplink,1787628223000000000,70b3d57ed00778cc,3010
device_uplink,1787628239000000000,70b3d57ed00778cc,3011
device_uplink,1787628255000000000,70b3d57ed00778cc,3012
device_uplink,1787628271000000000,70b3d57ed00778cc,3013
device_uplink,1787628287000000000,70b3d57ed00778cc,3014
device_uplink,1787628303000000000,70b3d57ed00778cc,3015
device_uplink,1787628319000000000,70b3d57ed00778cc,3016
device_uplink,1787628337000000000,70b3d57ed00778cc,3017
device_uplink,1787628353000000000,70b3d57ed00778cc,3018
device_uplink,1787628369000000000,70b3d57ed00778cc,3019
device_uplink,1787628385000000000,70b3d57ed00778cc,3020
device_uplink,1787628401000000000,70b3d57ed00778cc,3021
device_uplink,1787628417000000000,70b3d57ed00778cc,3022
device_uplink,1787628433000000000,70b3d57ed00778cc,3023
device_uplink,1787628451000000000,70b3d57ed00778cc,3024
device_uplink,1787628467000000000,70b3d57ed00778cc,3025
device_uplink,1787628483000000000,70b3d57ed00778cc,3026
device_uplink,1787628499000000000,70b3d57ed00778cc,3027
device_uplink,1787628515000000000,70b3d57ed00778cc,3028
device_uplink,1787628529000000000,70b3d57ed0077801,20
device_uplink,1787628531000000000,70b3d57ed00778cc,3029
device_uplink,1787628547000000000,70b3d57ed00778cc,3030
device_uplink,1787628565000000000,70b3d57ed00778cc,3031
device_uplink,1787628581000000000,70b3d57ed00778cc,3032
device_uplink,1787628597000000000,70b3d57ed00778cc,3033
device_uplink,1787628613000000000,70b3d57ed00778cc,3034
device_uplink,1787628629000000000,70b3d57ed00778cc,3035
device_uplink,1787628645000000000,70b3d57ed00778cc,3036
device_uplink,1787628661000000000,70b3d57ed00778cc,3037
device_uplink,1787628677000000000,70b3d57ed00778cc,3038
device_uplink,1787628695000000000,70b3d57ed00778cc,3039
device_uplink,1787628711000000000,70b3d57ed00778cc,3040
device_uplink,1787628727000000000,70b3d57ed00778cc,3041
device_uplink,1787628743000000000,70b3d57ed00778cc,3042
device_uplink,1787628759000000000,70b3d57ed00778cc,3043
device_uplink,1787628775000000000,70b3d57ed00778cc,3044
device_uplink,1787628791000000000,70b3d57ed00778cc,3045
device_uplink,1787628809000000000,70b3d57ed00778cc,3046
device_uplink,1787628825000000000,70b3d57ed00778cc,3047
device_uplink,1787628841000000000,70b3d57ed00778cc,3048
device_uplink,1787628857000000000,70b3d57ed00778cc,3049
device_uplink,1787628873000000000,70b3d57ed00778cc,3050
device_uplink,1787628889000000000,70b3d57ed00778cc,3051
device_uplink,1787628905000000000,70b3d57ed00778cc,3052
device_uplink,1787628923000000000,70b3d57ed00778cc,3053
device_uplink,1787628939000000000,70b3d57ed00778cc,3054
device_uplink,1787628955000000000,70b3d57ed00778cc,3055
device_uplink,1787628971000000000,70b3d57ed00778cc,3056
device_uplink,1787628987000000000,70b3d57ed00778cc,3057
device_uplink,1787629003000000000,70b3d57ed00778cc,3058
device_uplink,1787629019000000000,70b3d57ed00778cc,3059
device_uplink,1787629035000000000,70b3d57ed00778cc,3060
device_uplink,1787629053000000000,70b3d57ed00778cc,3061
device_uplink,1787629069000000000,70b3d57ed00778cc,3062
device_uplink,1787629085000000000,70b3d57ed00778cc,3063
device_uplink,1787629101000000000,70b3d57ed00778cc,3064
device_uplink,1787629117000000000,70b3d57ed00778cc,3065
device_uplink,1787629133000000000,70b3d57ed00778cc,3066
device_uplink,1787629151000000000,70b3d57ed00778cc,3067
device_uplink,1787629167000000000,70b3d57ed00778cc,3068
device_uplink,1787629183000000000,70b3d57ed00778cc,3069
device_uplink,1787629199000000000,70b3d57ed00778cc,3070
device_uplink,1787629215000000000,70b3d57ed00778cc,3071
device_uplink,1787629231000000000,70b3d57ed00778cc,3072
device_uplink,1787629247000000000,70b3d57ed00778cc,3073
device_uplink,1787629263000000000,70b3d57ed00778cc,3074
device_uplink,1787629279000000000,70b3d57ed00778cc,3075
device_uplink,1787629297000000000,70b3d57ed00778cc,3076
device_uplink,1787629313000000000,70b3d57ed00778cc,3077
device_uplink,1787629329000000000,70b3d57ed00778cc,3078
device_uplink,1787629345000000000,70b3d57ed00778cc,3079
device_uplink,1787629361000000000,70b3d57ed00778cc,3080
device_uplink,1787629377000000000,70b3d57ed00778cc,3081
device_uplink,1787629393000000000,70b3d57ed00778cc,3082
device_uplink,1787629409000000000,70b3d57ed00778cc,3083
device_uplink,1787629427000000000,70b3d57ed00778cc,3084
device_uplink,1787629437000000000,70b3d57ed0077801,21
device_uplink,1787629443000000000,70b3d57ed00778cc,3085
device_uplink,1787629459000000000,70b3d57ed00778cc,3086
device_uplink,1787629475000000000,70b3d57ed00778cc,3087
device_uplink,1787629491000000000,70b3d57ed00778cc,3088
device_uplink,1787629507000000000,70b3d57ed00778cc,3089
device_uplink,1787629525000000000,70b3d57ed00778cc,3090
device_uplink,1787629541000000000,70b3d57ed00778cc,3091
device_uplink,1787629557000000000,70b3d57ed00778cc,3092
device_uplink,1787629573000000000,70b3d57ed00778cc,3093
device_uplink,1787629589000000000,70b3d57ed00778cc,3094
device_uplink,1787629605000000000,70b3d57ed00778cc,3095
device_uplink,1787629621000000000,70b3d57ed00778cc,3096
device_uplink,1787629637000000000,70b3d57ed00778cc,3097
device_uplink,1787629655000000000,70b3d57ed00778cc,3098
device_uplink,1787629671000000000,70b3d57ed00778cc,3099
device_uplink,1787629687000000000,70b3d57ed00778cc,3100
device_uplink,1787629703000000000,70b3d57ed00778cc,3101
device_uplink,1787629719000000000,70b3d57ed00778cc,3102
device_uplink,1787629735000000000,70b3d57ed00778cc,3103
device_uplink,1787629751000000000,70b3d57ed00778cc,3104
device_uplink,1787629769000000000,70b3d57ed00778cc,3105
device_uplink,1787629785000000000,70b3d57ed00778cc,3106
device_uplink,1787629801000000000,70b3d57ed00778cc,3107
device_uplink,1787629817000000000,70b3d57ed00778cc,3108
device_uplink,1787629833000000000,70b3d57ed00778cc,3109
device_uplink,1787629849000000000,70b3d57ed00778cc,3110
device_uplink,1787629865000000000,70b3d57ed00778cc,3111
device_uplink,1787629883000000000,70b3d57ed00778cc,3112
device_uplink,1787629899000000000,70b3d57ed00778cc,3113
device_uplink,1787629915000000000,70b3d57ed00778cc,3114
device_uplink,1787629931000000000,70b3d57ed00778cc,3115
device_uplink,1787629947000000000,70b3d57ed00778cc,3116
device_uplink,1787629963000000000,70b3d57ed00778cc,3117
device_uplink,1787629979000000000,70b3d57ed00778cc,3118
device_uplink,1787629995000000000,70b3d57ed00778cc,3119
device_uplink,1787630013000000000,70b3d57ed00778cc,3120
device_uplink,1787630029000000000,70b3d57ed00778cc,3121
device_uplink,1787630045000000000,70b3d57ed00778cc,3122
device_uplink,1787630061000000000,70b3d57ed00778cc,3123
device_uplink,1787630077000000000,70b3d57ed00778cc,3124
device_uplink,1787630093000000000,70b3d57ed00778cc,3125
device_uplink,1787630109000000000,70b3d57ed00778cc,3126
device_uplink,1787630127000000000,70b3d57ed00778cc,3127
device_uplink,1787630143000000000,70b3d57ed00778cc,3128
device_uplink,1787630159000000000,70b3d57ed00778cc,3129
device_uplink,1787630175000000000,70b3d57ed00778cc,3130
device_uplink,1787630191000000000,70b3d57ed00778cc,3131
device_uplink,1787630207000000000,70b3d57ed00778cc,3132
device_uplink,1787630223000000000,70b3d57ed00778cc,3133
device_uplink,1787630241000000000,70b3d57ed00778cc,3134
device_uplink,1787630257000000000,70b3d57ed00778cc,3135
device_uplink,1787630273000000000,70b3d57ed00778cc,3136
device_uplink,1787630289000000000,70b3d57ed00778cc,3137
device_uplink,1787630305000000000,70b3d57ed00778cc,3138
device_uplink,1787630321000000000,70b3d57ed00778cc,3139
device_uplink,1787630337000000000,70b3d57ed00778cc,3140
device_uplink,1787630344000000000,70b3d57ed0077801,22
device_uplink,1787630353000000000,70b3d57ed00778cc,3141
device_uplink,1787630371000000000,70b3d57ed00778cc,3142
device_uplink,1787630387000000000,70b3d57ed00778cc,3143
device_uplink,1787630403000000000,70b3d57ed00778cc,3144
device_uplink,1787630419000000000,70b3d57ed00778cc,3145
device_uplink,1787630435000000000,70b3d57ed00778cc,3146
device_uplink,1787630451000000000,70b3d57ed00778cc,3147
device_uplink,1787630469000000000,70b3d57ed00778cc,3148
device_uplink,1787630485000000000,70b3d57ed00778cc,3149
device_uplink,1787630501000000000,70b3d57ed00778cc,3150
device_uplink,1787630517000000000,70b3d57ed00778cc,3151
device_uplink,1787630533000000000,70b3d57ed00778cc,3152
device_uplink,1787630549000000000,70b3d57ed00778cc,3153
device_uplink,1787630565000000000,70b3d57ed00778cc,3154
device_uplink,1787630581000000000,70b3d57ed00778cc,3155
device_uplink,1787630599000000000,70b3d57ed00778cc,3156
device_uplink,1787630615000000000,70b3d57ed00778cc,3157
device_uplink,1787630631000000000,70b3d57ed00778cc,3158
device_uplink,1787630647000000000,70b3d57ed00778cc,3159
device_uplink,1787630663000000000,70b3d57ed00778cc,3160
device_uplink,1787630679000000000,70b3d57ed00778cc,3161
device_uplink,1787630695000000000,70b3d57ed00778cc,3162
device_uplink,1787630711000000000,70b3d57ed00778cc,3163
device_uplink,1787630729000000000,70b3d57ed00778cc,3164
device_uplink,1787630745000000000,70b3d57ed00778cc,3165
device_uplink,1787630761000000000,70b3d57ed00778cc,3166
device_uplink,1787630777000000000,70b3d57ed00778cc,3167
device_uplink,1787630793000000000,70b3d57ed00778cc,3168
device_uplink,1787630809000000000,70b3d57ed00778cc,3169
device_uplink,1787630825000000000,70b3d57ed00778cc,3170
device_uplink,1787630841000000000,70b3d57ed00778cc,3171
device_uplink,1787630859000000000,70b3d57ed00778cc,3172
device_uplink,1787630875000000000,70b3d57ed00778cc,3173
device_uplink,1787630891000000000,70b3d57ed00778cc,3174
device_uplink,1787630907000000000,70b3d57ed00778cc,3175
device_uplink,1787630923000000000,70b3d57ed00778cc,3176
device_uplink,1787630939000000000,70b3d57ed00778cc,3177
device_uplink,1787630955000000000,70b3d57ed00778cc,3178
device_uplink,1787630971000000000,70b3d57ed00778cc,3179
device_uplink,1787630989000000000,70b3d57ed00778cc,3180
device_uplink,1787631005000000000,70b3d57ed00778cc,3181
device_uplink,1787631021000000000,70b3d57ed00778cc,3182
device_uplink,1787631037000000000,70b3d57ed00778cc,3183
device_uplink,1787631053000000000,70b3d57ed00778cc,3184
device_uplink,1787631069000000000,70b3d57ed00778cc,3185
device_uplink,1787631087000000000,70b3d57ed00778cc,3186
device_uplink,1787631103000000000,70b3d57ed00778cc,3187
device_uplink,1787631119000000000,70b3d57ed00778cc,3188
device_uplink,1787631135000000000,70b3d57ed00778cc,3189
device_uplink,1787631151000000000,70b3d57ed00778cc,3190
device_uplink,1787631167000000000,70b3d57ed00778cc,3191
device_uplink,1787631185000000000,70b3d57ed00778cc,3192
device_uplink,1787631201000000000,70b3d57ed00778cc,3193
device_uplink,1787631217000000000,70b3d57ed00778cc,3194
device_uplink,1787631233000000000,70b3d57ed00778cc,3195
device_uplink,1787631249000000000,70b3d57ed00778cc,3196
device_uplink,1787631252000000000,70b3d57ed0077801,23
device_uplink,1787631265000000000,70b3d57ed00778cc,3197
device_uplink,1787631281000000000,70b3d57ed00778cc,3198
device_uplink,1787631297000000000,70b3d57ed00778cc,3199
device_uplink,1787631315000000000,70b3d57ed00778cc,3200
device_uplink,1787631331000000000,70b3d57ed00778cc,3201
device_uplink,1787631347000000000,70b3d57ed00778cc,3202
device_uplink,1787631363000000000,70b3d57ed00778cc,3203
device_uplink,1787631379000000000,70b3d57ed00778cc,3204
device_uplink,1787631395000000000,70b3d57ed00778cc,3205
device_uplink,1787631411000000000,70b3d57ed00778cc,3206
device_uplink,1787631427000000000,70b3d57ed00778cc,3207
device_uplink,1787631445000000000,70b3d57ed00778cc,3208
device_uplink,1787631461000000000,70b3d57ed00778cc,3209
device_uplink,1787631477000000000,70b3d57ed00778cc,3210
device_uplink,1787631493000000000,70b3d57ed00778cc,3211
device_uplink,1787631509000000000,70b3d57ed00778cc,3212
device_uplink,1787631525000000000,70b3d57ed00778cc,3213
device_uplink,1787631541000000000,70b3d57ed00778cc,3214
device_uplink,1787631559000000000,70b3d57ed00778cc,3215
device_uplink,1787631575000000000,70b3d57ed00778cc,3216
device_uplink,1787631591000000000,70b3d57ed00778cc,3217
device_uplink,1787631607000000000,70b3d57ed00778cc,3218
device_uplink,1787631623000000000,70b3d57ed00778cc,3219
device_uplink,1787631639000000000,70b3d57ed00778cc,3220
device_uplink,1787631655000000000,70b3d57ed00778cc,3221
device_uplink,1787631673000000000,70b3d57ed00778cc,3222
device_uplink,1787631689000000000,70b3d57ed00778cc,3223
device_uplink,1787631705000000000,70b3d57ed00778cc,3224
device_uplink,1787631721000000000,70b3d57ed00778cc,3225
device_uplink,1787631737000000000,70b3d57ed00778cc,3226
device_uplink,1787631753000000000,70b3d57ed00778cc,3227
device_uplink,1787631771000000000,70b3d57ed00778cc,3228
device_uplink,1787631787000000000,70b3d57ed00778cc,3229
device_uplink,1787631803000000000,70b3d57ed00778cc,3230
device_uplink,1787631819000000000,70b3d57ed00778cc,3231
device_uplink,1787631835000000000,70b3d57ed00778cc,3232
device_uplink,1787631851000000000,70b3d57ed00778cc,3233
device_uplink,1787631867000000000,70b3d57ed00778cc,3234
device_uplink,1787631885000000000,70b3d57ed00778cc,3235
device_uplink,1787631901000000000,70b3d57ed00778cc,3236
device_uplink,1787631917000000000,70b3d57ed00778cc,3237
device_uplink,1787631933000000000,70b3d57ed00778cc,3238
device_uplink,1787631949000000000,70b3d57ed00778cc,3239
device_uplink,1787631965000000000,70b3d57ed00778cc,3240
device_uplink,1787631983000000000,70b3d57ed00778cc,3241
device_uplink,1787631999000000000,70b3d57ed00778cc,3242
device_uplink,1787632015000000000,70b3d57ed00778cc,3243
device_uplink,1787632031000000000,70b3d57ed00778cc,3244
device_uplink,1787632047000000000,70b3d57ed00778cc,3245
device_uplink,1787632063000000000,70b3d57ed00778cc,3246
device_uplink,1787632079000000000,70b3d57ed00778cc,3247
device_uplink,1787632095000000000,70b3d57ed00778cc,3248
device_uplink,1787632113000000000,70b3d57ed00778cc,3249
device_uplink,1787632129000000000,70b3d57ed00778cc,3250
device_uplink,1787632145000000000,70b3d57ed00778cc,3251
device_uplink,1787632160000000000,70b3d57ed0077801,24
device_uplink,1787632161000000000,70b3d57ed00778cc,3252
device_uplink,1787632177000000000,70b3d57ed00778cc,3253
device_uplink,1787632193000000000,70b3d57ed00778cc,3254
device_uplink,1787632209000000000,70b3d57ed00778cc,3255
device_uplink,1787632227000000000,70b3d57ed00778cc,3256
device_uplink,1787632243000000000,70b3d57ed00778cc,3257
device_uplink,1787632259000000000,70b3d57ed00778cc,3258
device_uplink,1787632275000000000,70b3d57ed00778cc,3259
device_uplink,1787632291000000000,70b3d57ed00778cc,3260
device_uplink,1787632307000000000,70b3d57ed00778cc,3261
device_uplink,1787632323000000000,70b3d57ed00778cc,3262
device_uplink,1787632339000000000,70b3d57ed00778cc,3263
device_uplink,1787632355000000000,70b3d57ed00778cc,3264
device_uplink,1787632371000000000,70b3d57ed00778cc,3265
device_uplink,1787632389000000000,70b3d57ed00778cc,3266
device_uplink,1787632405000000000,70b3d57ed00778cc,3267
device_uplink,1787632421000000000,70b3d57ed00778cc,3268
device_uplink,1787632437000000000,70b3d57ed00778cc,3269
device_uplink,1787632453000000000,70b3d57ed00778cc,3270
device_uplink,1787632469000000000,70b3d57ed00778cc,3271
device_uplink,1787632485000000000,70b3d57ed00778cc,3272
device_uplink,1787632501000000000,70b3d57ed00778cc,3273
device_uplink,1787632517000000000,70b3d57ed00778cc,3274
device_uplink,1787632535000000000,70b3d57ed00778cc,3275
device_uplink,1787632551000000000,70b3d57ed00778cc,3276
device_uplink,1787632567000000000,70b3d57ed00778cc,3277
device_uplink,1787632583000000000,70b3d57ed00778cc,3278
device_uplink,1787632599000000000,70b3d57ed00778cc,3279
device_uplink,1787632617000000000,70b3d57ed00778cc,3280
device_uplink,1787632633000000000,70b3d57ed00778cc,3281
device_uplink,1787632649000000000,70b3d57ed00778cc,3282
device_uplink,1787632665000000000,70b3d57ed00778cc,3283
device_uplink,1787632681000000000,70b3d57ed00778cc,3284
device_uplink,1787632697000000000,70b3d57ed00778cc,3285
device_uplink,1787632713000000000,70b3d57ed00778cc,3286
device_uplink,1787632729000000000,70b3d57ed00778cc,3287
device_uplink,1787632747000000000,70b3d57ed00778cc,3288
device_uplink,1787632763000000000,70b3d57ed00778cc,3289
device_uplink,1787632779000000000,70b3d57ed00778cc,3290
device_uplink,1787632795000000000,70b3d57ed00778cc,3291
device_uplink,1787632811000000000,70b3d57ed00778cc,3292
device_uplink,1787632827000000000,70b3d57ed00778cc,3293
device_uplink,1787632843000000000,70b3d57ed00778cc,3294
device_uplink,1787632859000000000,70b3d57ed00778cc,3295
device_uplink,1787632877000000000,70b3d57ed00778cc,3296
device_uplink,1787632893000000000,70b3d57ed00778cc,3297
device_uplink,1787632909000000000,70b3d57ed00778cc,3298
device_uplink,1787632925000000000,70b3d57ed00778cc,3299
device_uplink,1787632941000000000,70b3d57ed00778cc,3300
device_uplink,1787632957000000000,70b3d57ed00778cc,3301
device_uplink,1787632975000000000,70b3d57ed00778cc,3302
device_uplink,1787632991000000000,70b3d57ed00778cc,3303
device_uplink,1787633007000000000,70b3d57ed00778cc,3304
device_uplink,1787633023000000000,70b3d57ed00778cc,3305
device_uplink,1787633039000000000,70b3d57ed00778cc,3306
device_uplink,1787633055000000000,70b3d57ed00778cc,3307
device_uplink,1787633068000000000,70b3d57ed0077801,25
device_uplink,1787633071000000000,70b3d57ed00778cc,3308
device_uplink,1787633087000000000,70b3d57ed00778cc,3309
device_uplink,1787633105000000000,70b3d57ed00778cc,3310
device_uplink,1787633121000000000,70b3d57ed00778cc,3311
device_uplink,1787633137000000000,70b3d57ed00778cc,3312
device_uplink,1787633153000000000,70b3d57ed00778cc,3313
device_uplink,1787633169000000000,70b3d57ed00778cc,3314
device_uplink,1787633185000000000,70b3d57ed00778cc,3315
device_uplink,1787633201000000000,70b3d57ed00778cc,3316
device_uplink,1787633217000000000,70b3d57ed00778cc,3317
device_uplink,1787633235000000000,70b3d57ed00778cc,3318
device_uplink,1787633251000000000,70b3d57ed00778cc,3319
device_uplink,1787633267000000000,70b3d57ed00778cc,3320
device_uplink,1787633283000000000,70b3d57ed00778cc,3321
device_uplink,1787633299000000000,70b3d57ed00778cc,3322
device_uplink,1787633315000000000,70b3d57ed00778cc,3323
device_uplink,1787633333000000000,70b3d57ed00778cc,3324
device_uplink,1787633349000000000,70b3d57ed00778cc,3325
device_uplink,1787633365000000000,70b3d57ed00778cc,3326
device_uplink,1787633381000000000,70b3d57ed00778cc,3327
device_uplink,1787633397000000000,70b3d57ed00778cc,3328
device_uplink,1787633413000000000,70b3d57ed00778cc,3329
device_uplink,1787633429000000000,70b3d57ed00778cc,3330
device_uplink,1787633445000000000,70b3d57ed00778cc,3331
device_uplink,1787633461000000000,70b3d57ed00778cc,3332
device_uplink,1787633479000000000,70b3d57ed00778cc,3333
device_uplink,1787633495000000000,70b3d57ed00778cc,3334
device_uplink,1787633511000000000,70b3d57ed00778cc,3335
device_uplink,1787633527000000000,70b3d57ed00778cc,3336
device_uplink,1787633543000000000,70b3d57ed00778cc,3337
device_uplink,1787633559000000000,70b3d57ed00778cc,3338
device_uplink,1787633577000000000,70b3d57ed00778cc,3339
device_uplink,1787633593000000000,70b3d57ed00778cc,3340
device_uplink,1787633609000000000,70b3d57ed00778cc,3341
device_uplink,1787633625000000000,70b3d57ed00778cc,3342
device_uplink,1787633641000000000,70b3d57ed00778cc,3343
device_uplink,1787633657000000000,70b3d57ed00778cc,3344
device_uplink,1787633673000000000,70b3d57ed00778cc,3345
device_uplink,1787633689000000000,70b3d57ed00778cc,3346
device_uplink,1787633707000000000,70b3d57ed00778cc,3347
device_uplink,1787633723000000000,70b3d57ed00778cc,3348
device_uplink,1787633739000000000,70b3d57ed00778cc,3349
device_uplink,1787633755000000000,70b3d57ed00778cc,3350
device_uplink,1787633771000000000,70b3d57ed00778cc,3351
device_uplink,1787633787000000000,70b3d57ed00778cc,3352
device_uplink,1787633803000000000,70b3d57ed00778cc,3353
device_uplink,1787633821000000000,70b3d57ed00778cc,3354
device_uplink,1787633837000000000,70b3d57ed00778cc,3355
device_uplink,1787633853000000000,70b3d57ed00778cc,3356
device_uplink,1787633869000000000,70b3d57ed00778cc,3357
device_uplink,1787633885000000000,70b3d57ed00778cc,3358
device_uplink,1787633901000000000,70b3d57ed00778cc,3359
device_uplink,1787633917000000000,70b3d57ed00778cc,3360
device_uplink,1787633935000000000,70b3d57ed00778cc,3361
device_uplink,1787633951000000000,70b3d57ed00778cc,3362
device_uplink,1787633967000000000,70b3d57ed00778cc,3363
device_uplink,1787633976000000000,70b3d57ed0077801,26
device_uplink,1787633983000000000,70b3d57ed00778cc,3364
device_uplink,1787633999000000000,70b3d57ed00778cc,3365
device_uplink,1787634015000000000,70b3d57ed00778cc,3366
device_uplink,1787634031000000000,70b3d57ed00778cc,3367
device_uplink,1787634049000000000,70b3d57ed00778cc,3368
device_uplink,1787634065000000000,70b3d57ed00778cc,3369
device_uplink,1787634081000000000,70b3d57ed00778cc,3370
device_uplink,1787634097000000000,70b3d57ed00778cc,3371
device_uplink,1787634113000000000,70b3d57ed00778cc,3372
device_uplink,1787634129000000000,70b3d57ed00778cc,3373
device_uplink,1787634145000000000,70b3d57ed00778cc,3374
device_uplink,1787634163000000000,70b3d57ed00778cc,3375
device_uplink,1787634179000000000,70b3d57ed00778cc,3376
device_uplink,1787634195000000000,70b3d57ed00778cc,3377
device_uplink,1787634211000000000,70b3d57ed00778cc,3378
device_uplink,1787634227000000000,70b3d57ed00778cc,3379
device_uplink,1787634243000000000,70b3d57ed00778cc,3380
device_uplink,1787634259000000000,70b3d57ed00778cc,3381
device_uplink,1787634275000000000,70b3d57ed00778cc,3382
device_uplink,1787634293000000000,70b3d57ed00778cc,3383
device_uplink,1787634309000000000,70b3d57ed00778cc,3384
device_uplink,1787634325000000000,70b3d57ed00778cc,3385
device_uplink,1787634341000000000,70b3d57ed00778cc,3386
device_uplink,1787634357000000000,70b3d57ed00778cc,3387
device_uplink,1787634373000000000,70b3d57ed00778cc,3388
device_uplink,1787634389000000000,70b3d57ed00778cc,3389
device_uplink,1787634405000000000,70b3d57ed00778cc,3390
device_uplink,1787634423000000000,70b3d57ed00778cc,3391
device_uplink,1787634439000000000,70b3d57ed00778cc,3392
device_uplink,1787634455000000000,70b3d57ed00778cc,3393
device_uplink,1787634471000000000,70b3d57ed00778cc,3394
device_uplink,1787634487000000000,70b3d57ed00778cc,3395
device_uplink,1787634503000000000,70b3d57ed00778cc,3396
device_uplink,1787634521000000000,70b3d57ed00778cc,3397
device_uplink,1787634537000000000,70b3d57ed00778cc,3398
device_uplink,1787634553000000000,70b3d57ed00778cc,3399
device_uplink,1787634569000000000,70b3d57ed00778cc,3400
device_uplink,1787634585000000000,70b3d57ed00778cc,3401
device_uplink,1787634601000000000,70b3d57ed00778cc,3402
device_uplink,1787634617000000000,70b3d57ed00778cc,3403
device_uplink,1787634633000000000,70b3d57ed00778cc,3404
device_uplink,1787634651000000000,70b3d57ed00778cc,3405
device_uplink,1787634667000000000,70b3d57ed00778cc,3406
device_uplink,1787634683000000000,70b3d57ed00778cc,3407
device_uplink,1787634699000000000,70b3d57ed00778cc,3408
device_uplink,1787634715000000000,70b3d57ed00778cc,3409
device_uplink,1787634731000000000,70b3d57ed00778cc,3410
device_uplink,1787634747000000000,70b3d57ed00778cc,3411
device_uplink,1787634763000000000,70b3d57ed00778cc,3412
device_uplink,1787634781000000000,70b3d57ed00778cc,3413
device_uplink,1787634797000000000,70b3d57ed00778cc,3414
device_uplink,1787634813000000000,70b3d57ed00778cc,3415
device_uplink,1787634829000000000,70b3d57ed00778cc,3416
device_uplink,1787634845000000000,70b3d57ed00778cc,3417
device_uplink,1787634861000000000,70b3d57ed00778cc,3418
device_uplink,1787634877000000000,70b3d57ed00778cc,3419
device_uplink,1787634884000000000,70b3d57ed0077801,27
device_uplink,1787634895000000000,70b3d57ed00778cc,3420
device_uplink,1787634911000000000,70b3d57ed00778cc,3421
device_uplink,1787634927000000000,70b3d57ed00778cc,3422
device_uplink,1787634943000000000,70b3d57ed00778cc,3423
device_uplink,1787634959000000000,70b3d57ed00778cc,3424
device_uplink,1787634975000000000,70b3d57ed00778cc,3425
device_uplink,1787634991000000000,70b3d57ed00778cc,3426
device_uplink,1787635009000000000,70b3d57ed00778cc,3427
device_uplink,1787635025000000000,70b3d57ed00778cc,3428
device_uplink,1787635041000000000,70b3d57ed00778cc,3429
device_uplink,1787635057000000000,70b3d57ed00778cc,3430
device_uplink,1787635073000000000,70b3d57ed00778cc,3431
device_uplink,1787635089000000000,70b3d57ed00778cc,3432
device_uplink,1787635105000000000,70b3d57ed00778cc,3433
device_uplink,1787635121000000000,70b3d57ed00778cc,3434
device_uplink,1787635139000000000,70b3d57ed00778cc,3435
device_uplink,1787635155000000000,70b3d57ed00778cc,3436
device_uplink,1787635171000000000,70b3d57ed00778cc,3437
device_uplink,1787635187000000000,70b3d57ed00778cc,3438
device_uplink,1787635203000000000,70b3d57ed00778cc,3439
device_uplink,1787635219000000000,70b3d57ed00778cc,3440
device_uplink,1787635235000000000,70b3d57ed00778cc,3441
device_uplink,1787635253000000000,70b3d57ed00778cc,3442
device_uplink,1787635269000000000,70b3d57ed00778cc,3443
device_uplink,1787635285000000000,70b3d57ed00778cc,3444
device_uplink,1787635301000000000,70b3d57ed00778cc,3445
device_uplink,1787635317000000000,70b3d57ed00778cc,3446
device_uplink,1787635333000000000,70b3d57ed00778cc,3447
device_uplink,1787635349000000000,70b3d57ed00778cc,3448
device_uplink,1787635365000000000,70b3d57ed00778cc,3449
device_uplink,1787635383000000000,70b3d57ed00778cc,3450
device_uplink,1787635399000000000,70b3d57ed00778cc,3451
device_uplink,1787635415000000000,70b3d57ed00778cc,3452
device_uplink,1787635431000000000,70b3d57ed00778cc,3453
device_uplink,1787635447000000000,70b3d57ed00778cc,3454
device_uplink,1787635463000000000,70b3d57ed00778cc,3455
device_uplink,1787635479000000000,70b3d57ed00778cc,3456
device_uplink,1787635497000000000,70b3d57ed00778cc,3457
device_uplink,1787635513000000000,70b3d57ed00778cc,3458
device_uplink,1787635529000000000,70b3d57ed00778cc,3459
device_uplink,1787635545000000000,70b3d57ed00778cc,3460
device_uplink,1787635561000000000,70b3d57ed00778cc,3461
device_uplink,1787635577000000000,70b3d57ed00778cc,3462
device_uplink,1787635593000000000,70b3d57ed00778cc,3463
device_uplink,1787635611000000000,70b3d57ed00778cc,3464
device_uplink,1787635627000000000,70b3d57ed00778cc,3465
device_uplink,1787635643000000000,70b3d57ed00778cc,3466
device_uplink,1787635659000000000,70b3d57ed00778cc,3467
device_uplink,1787635675000000000,70b3d57ed00778cc,3468
device_uplink,1787635691000000000,70b3d57ed00778cc,3469
device_uplink,1787635707000000000,70b3d57ed00778cc,3470
device_uplink,1787635723000000000,70b3d57ed00778cc,3471
device_uplink,1787635741000000000,70b3d57ed00778cc,3472
device_uplink,1787635757000000000,70b3d57ed00778cc,3473
device_uplink,1787635773000000000,70b3d57ed00778cc,3474
device_uplink,1787635789000000000,70b3d57ed00778cc,3475
device_uplink,1787635792000000000,70b3d57ed0077801,28
device_uplink,1787635805000000000,70b3d57ed00778cc,3476
device_uplink,1787635821000000000,70b3d57ed00778cc,3477
device_uplink,1787635839000000000,70b3d57ed00778cc,3478
device_uplink,1787635855000000000,70b3d57ed00778cc,3479
device_uplink,1787635871000000000,70b3d57ed00778cc,3480
device_uplink,1787635887000000000,70b3d57ed00778cc,3481
device_uplink,1787635903000000000,70b3d57ed00778cc,3482
device_uplink,1787635919000000000,70b3d57ed00778cc,3483
device_uplink,1787635935000000000,70b3d57ed00778cc,3484
device_uplink,1787635951000000000,70b3d57ed00778cc,3485
device_uplink,1787635969000000000,70b3d57ed00778cc,3486
device_uplink,1787635985000000000,70b3d57ed00778cc,3487
device_uplink,1787636001000000000,70b3d57ed00778cc,3488
device_uplink,1787636017000000000,70b3d57ed00778cc,3489
device_uplink,1787636033000000000,70b3d57ed00778cc,3490
device_uplink,1787636049000000000,70b3d57ed00778cc,3491
device_uplink,1787636065000000000,70b3d57ed00778cc,3492
device_uplink,1787636083000000000,70b3d57ed00778cc,3493
device_uplink,1787636099000000000,70b3d57ed00778cc,3494
device_uplink,1787636115000000000,70b3d57ed00778cc,3495
device_uplink,1787636131000000000,70b3d57ed00778cc,3496
device_uplink,1787636147000000000,70b3d57ed00778cc,3497
device_uplink,1787636163000000000,70b3d57ed00778cc,3498
device_uplink,1787636179000000000,70b3d57ed00778cc,3499
device_uplink,1787636197000000000,70b3d57ed00778cc,3500
device_uplink,1787636213000000000,70b3d57ed00778cc,3501
device_uplink,1787636229000000000,70b3d57ed00778cc,3502
device_uplink,1787636245000000000,70b3d57ed00778cc,3503
device_uplink,1787636261000000000,70b3d57ed00778cc,3504
device_uplink,1787636277000000000,70b3d57ed00778cc,3505
device_uplink,1787636293000000000,70b3d57ed00778cc,3506
device_uplink,1787636311000000000,70b3d57ed00778cc,3507
device_uplink,1787636327000000000,70b3d57ed00778cc,3508
device_uplink,1787636343000000000,70b3d57ed00778cc,3509
device_uplink,1787636359000000000,70b3d57ed00778cc,3510
device_uplink,1787636375000000000,70b3d57ed00778cc,3511
device_uplink,1787636391000000000,70b3d57ed00778cc,3512
device_uplink,1787636409000000000,70b3d57ed00778cc,3513
device_uplink,1787636425000000000,70b3d57ed00778cc,3514
device_uplink,1787636441000000000,70b3d57ed00778cc,3515
device_uplink,1787636457000000000,70b3d57ed00778cc,3516
device_uplink,1787636473000000000,70b3d57ed00778cc,3517
device_uplink,1787636489000000000,70b3d57ed00778cc,3518
device_uplink,1787636505000000000,70b3d57ed00778cc,3519
device_uplink,1787636521000000000,70b3d57ed00778cc,3520
device_uplink,1787636539000000000,70b3d57ed00778cc,3521
device_uplink,1787636555000000000,70b3d57ed00778cc,3522
device_uplink,1787636571000000000,70b3d57ed00778cc,3523
device_uplink,1787636587000000000,70b3d57ed00778cc,3524
device_uplink,1787636603000000000,70b3d57ed00778cc,3525
device_uplink,1787636619000000000,70b3d57ed00778cc,3526
device_uplink,1787636635000000000,70b3d57ed00778cc,3527
device_uplink,1787636651000000000,70b3d57ed00778cc,3528
device_uplink,1787636669000000000,70b3d57ed00778cc,3529
device_uplink,1787636685000000000,70b3d57ed00778cc,3530
device_uplink,1787636699000000000,70b3d57ed0077801,29
device_uplink,1787636701000000000,70b3d57ed00778cc,3531
device_uplink,1787636717000000000,70b3d57ed00778cc,3532
device_uplink,1787636733000000000,70b3d57ed00778cc,3533
device_uplink,1787636749000000000,70b3d57ed00778cc,3534
device_uplink,1787636767000000000,70b3d57ed00778cc,3535
device_uplink,1787636783000000000,70b3d57ed00778cc,3536
device_uplink,1787636799000000000,70b3d57ed00778cc,3537
device_uplink,1787636815000000000,70b3d57ed00778cc,3538
device_uplink,1787636831000000000,70b3d57ed00778cc,3539
device_uplink,1787636847000000000,70b3d57ed00778cc,3540
device_uplink,1787636863000000000,70b3d57ed00778cc,3541
device_uplink,1787636879000000000,70b3d57ed00778cc,3542
device_uplink,1787636897000000000,70b3d57ed00778cc,3543
device_uplink,1787636913000000000,70b3d57ed00778cc,3544
device_uplink,1787636929000000000,70b3d57ed00778cc,3545
device_uplink,1787636945000000000,70b3d57ed00778cc,3546
device_uplink,1787636961000000000,70b3d57ed00778cc,3547
device_uplink,1787636977000000000,70b3d57ed00778cc,3548
device_uplink,1787636993000000000,70b3d57ed00778cc,3549
device_uplink,1787637011000000000,70b3d57ed00778cc,3550
device_uplink,1787637027000000000,70b3d57ed00778cc,3551
device_uplink,1787637043000000000,70b3d57ed00778cc,3552
device_uplink,1787637059000000000,70b3d57ed00778cc,3553
device_uplink,1787637075000000000,70b3d57ed00778cc,3554
device_uplink,1787637091000000000,70b3d57ed00778cc,3555
device_uplink,1787637107000000000,70b3d57ed00778cc,3556
device_uplink,1787637125000000000,70b3d57ed00778cc,3557
device_uplink,1787637141000000000,70b3d57ed00778cc,3558
device_uplink,1787637157000000000,70b3d57ed00778cc,3559
device_uplink,1787637173000000000,70b3d57ed00778cc,3560
device_uplink,1787637189000000000,70b3d57ed00778cc,3561
device_uplink,1787637205000000000,70b3d57ed00778cc,3562
device_uplink,1787637222000000000,70b3d57ed00778cc,3563
device_uplink,1787637237000000000,70b3d57ed00778cc,3564
device_uplink,1787637255000000000,70b3d57ed00778cc,3565
device_uplink,1787637272000000000,70b3d57ed00778cc,3566
device_uplink,1787637287000000000,70b3d57ed00778cc,3567
device_uplink,1787637305000000000,70b3d57ed00778cc,3568
device_uplink,1787637321000000000,70b3d57ed00778cc,3569
device_uplink,1787637336000000000,70b3d57ed00778cc,3570
device_uplink,1787637353000000000,70b3d57ed00778cc,3571
device_uplink,1787637369000000000,70b3d57ed00778cc,3572
device_uplink,1787637386000000000,70b3d57ed00778cc,3573
device_uplink,1787637403000000000,70b3d57ed00778cc,3574
device_uplink,1787637417000000000,70b3d57ed00778cc,3575
device_uplink,1787637434000000000,70b3d57ed00778cc,3576
device_uplink,1787637450000000000,70b3d57ed00778cc,3577
device_uplink,1787637465000000000,70b3d57ed00778cc,3578
device_uplink,1787637484000000000,70b3d57ed00778cc,3579
device_uplink,1787637499000000000,70b3d57ed00778cc,3580
device_uplink,1787637516000000000,70b3d57ed00778cc,3581
device_uplink,1787637532000000000,70b3d57ed00778cc,3582
device_uplink,1787637547000000000,70b3d57ed00778cc,3583
device_uplink,1787637563000000000,70b3d57ed00778cc,3584
device_uplink,1787637580000000000,70b3d57ed00778cc,3585
device_uplink,1787637726000000000,70b3d57ed00778cc,3593
device_uplink,1787637748000000000,70b3d57ed00778cc,3595
device_uplink,1787637759000000000,70b3d57ed00778cc,3596
device_uplink,1787637775000000000,70b3d57ed00778cc,3597
device_uplink,1787637791000000000,70b3d57ed00778cc,3598
device_uplink,1787637892000000000,70b3d57ed00778cc,3604
device_uplink,1787637906000000000,70b3d57ed00778cc,3605
device_uplink,1787637923000000000,70b3d57ed00778cc,3606
device_uplink,1787637938000000000,70b3d57ed00778cc,3607
device_uplink,1787640626000000000,70b3d57ed00778cc,3772
device_uplink,1787640639000000000,70b3d57ed00778cc,3773
device_uplink,1787640655000000000,70b3d57ed00778cc,3774
device_uplink,1787640671000000000,70b3d57ed00778cc,3775
device_uplink,1787640687000000000,70b3d57ed00778cc,3776
device_uplink,1787648641000000000,70b3d57ed00778cc,4265
device_uplink,1787648657000000000,70b3d57ed00778cc,4266
device_uplink,1787648673000000000,70b3d57ed00778cc,4267
device_uplink,1787648689000000000,70b3d57ed00778cc,4268
device_uplink,1787648705000000000,70b3d57ed00778cc,4269
device_uplink,1787648723000000000,70b3d57ed00778cc,4270
device_uplink,1787648739000000000,70b3d57ed00778cc,4271
device_uplink,1787648755000000000,70b3d57ed00778cc,4272
device_uplink,1787648771000000000,70b3d57ed00778cc,4273
device_uplink,1787648787000000000,70b3d57ed00778cc,4274
device_uplink,1787648803000000000,70b3d57ed00778cc,4275
device_uplink,1787648819000000000,70b3d57ed00778cc,4276
device_uplink,1787648835000000000,70b3d57ed00778cc,4277
device_uplink,1787648853000000000,70b3d57ed00778cc,4278
device_uplink,1787648869000000000,70b3d57ed00778cc,4279
device_uplink,1787648885000000000,70b3d57ed00778cc,4280
device_uplink,1787648901000000000,70b3d57ed00778cc,4281
device_uplink,1787648917000000000,70b3d57ed00778cc,4282
device_uplink,1787648933000000000,70b3d57ed00778cc,4283
device_uplink,1787648949000000000,70b3d57ed00778cc,4284
device_uplink,1787648965000000000,70b3d57ed00778cc,4285
device_uplink,1787648983000000000,70b3d57ed00778cc,4286
device_uplink,1787648999000000000,70b3d57ed00778cc,4287
device_uplink,1787649015000000000,70b3d57ed00778cc,4288
device_uplink,1787649031000000000,70b3d57ed00778cc,4289
device_uplink,1787649047000000000,70b3d57ed00778cc,4290
device_uplink,1787649063000000000,70b3d57ed00778cc,4291
device_uplink,1787649079000000000,70b3d57ed00778cc,4292
device_uplink,1787649095000000000,70b3d57ed00778cc,4293
device_uplink,1787649113000000000,70b3d57ed00778cc,4294
device_uplink,1787649129000000000,70b3d57ed00778cc,4295
device_uplink,1787649145000000000,70b3d57ed00778cc,4296
device_uplink,1787649161000000000,70b3d57ed00778cc,4297
device_uplink,1787649177000000000,70b3d57ed00778cc,4298
device_uplink,1787649193000000000,70b3d57ed00778cc,4299
device_uplink,1787649209000000000,70b3d57ed00778cc,4300
device_uplink,1787649225000000000,70b3d57ed00778cc,4301
device_uplink,1787649243000000000,70b3d57ed00778cc,4302
device_uplink,1787649259000000000,70b3d57ed00778cc,4303
device_uplink,1787649275000000000,70b3d57ed00778cc,4304
device_uplink,1787649291000000000,70b3d57ed00778cc,4305
device_uplink,1787649307000000000,70b3d57ed00778cc,4306
device_uplink,1787649323000000000,70b3d57ed00778cc,4307
device_uplink,1787649339000000000,70b3d57ed00778cc,4308
device_uplink,1787649357000000000,70b3d57ed00778cc,4309
device_uplink,1787649373000000000,70b3d57ed00778cc,4310
device_uplink,1787649389000000000,70b3d57ed00778cc,4311
device_uplink,1787649405000000000,70b3d57ed00778cc,4312
device_uplink,1787649421000000000,70b3d57ed00778cc,4313
device_uplink,1787649437000000000,70b3d57ed00778cc,4314
device_uplink,1787649453000000000,70b3d57ed00778cc,4315
device_uplink,1787649469000000000,70b3d57ed00778cc,4316
device_uplink,1787649485000000000,70b3d57ed00778cc,4317
device_uplink,1787649503000000000,70b3d57ed00778cc,4318
device_uplink,1787649519000000000,70b3d57ed00778cc,4319
device_uplink,1787649535000000000,70b3d57ed00778cc,4320
device_uplink,1787649551000000000,70b3d57ed00778cc,4321
device_uplink,1787649567000000000,70b3d57ed00778cc,4322
device_uplink,1787649583000000000,70b3d57ed00778cc,4323
device_uplink,1787649599000000000,70b3d57ed00778cc,4324
device_uplink,1787649615000000000,70b3d57ed00778cc,4325
device_uplink,1787649633000000000,70b3d57ed00778cc,4326
device_uplink,1787649649000000000,70b3d57ed00778cc,4327
device_uplink,1787649665000000000,70b3d57ed00778cc,4328
device_uplink,1787649681000000000,70b3d57ed00778cc,4329
device_uplink,1787649697000000000,70b3d57ed00778cc,4330
device_uplink,1787649713000000000,70b3d57ed00778cc,4331
device_uplink,1787649729000000000,70b3d57ed00778cc,4332
device_uplink,1787649745000000000,70b3d57ed00778cc,4333
device_uplink,1787649763000000000,70b3d57ed00778cc,4334
device_uplink,1787649779000000000,70b3d57ed00778cc,4335
device_uplink,1787649795000000000,70b3d57ed00778cc,4336
device_uplink,1787649811000000000,70b3d57ed00778cc,4337
device_uplink,1787649827000000000,70b3d57ed00778cc,4338
device_uplink,1787649843000000000,70b3d57ed00778cc,4339
device_uplink,1787649859000000000,70b3d57ed00778cc,4340
device_uplink,1787649875000000000,70b3d57ed00778cc,4341
device_uplink,1787649893000000000,70b3d57ed00778cc,4342
device_uplink,1787649909000000000,70b3d57ed00778cc,4343
device_uplink,1787649925000000000,70b3d57ed00778cc,4344
device_uplink,1787649941000000000,70b3d57ed00778cc,4345
device_uplink,1787649957000000000,70b3d57ed00778cc,4346
device_uplink,1787649973000000000,70b3d57ed00778cc,4347
device_uplink,1787649989000000000,70b3d57ed00778cc,4348
device_uplink,1787650007000000000,70b3d57ed00778cc,4349
device_uplink,1787650023000000000,70b3d57ed00778cc,4350
device_uplink,1787650039000000000,70b3d57ed00778cc,4351
device_uplink,1787650055000000000,70b3d57ed00778cc,4352
device_uplink,1787650071000000000,70b3d57ed00778cc,4353
device_uplink,1787650087000000000,70b3d57ed00778cc,4354
device_uplink,1787650103000000000,70b3d57ed00778cc,4355
device_uplink,1787650121000000000,70b3d57ed00778cc,4356
device_uplink,1787650137000000000,70b3d57ed00778cc,4357
device_uplink,1787650153000000000,70b3d57ed00778cc,4358
device_uplink,1787650169000000000,70b3d57ed00778cc,4359
device_uplink,1787650185000000000,70b3d57ed00778cc,4360
device_uplink,1787650201000000000,70b3d57ed00778cc,4361
device_uplink,1787650217000000000,70b3d57ed00778cc,4362
device_uplink,1787650233000000000,70b3d57ed00778cc,4363
device_uplink,1787650251000000000,70b3d57ed00778cc,4364
device_uplink,1787650267000000000,70b3d57ed00778cc,4365
device_uplink,1787650283000000000,70b3d57ed00778cc,4366
device_uplink,1787650299000000000,70b3d57ed00778cc,4367
device_uplink,1787650315000000000,70b3d57ed00778cc,4368
device_uplink,1787650331000000000,70b3d57ed00778cc,4369
device_uplink,1787650349000000000,70b3d57ed00778cc,4370
device_uplink,1787650365000000000,70b3d57ed00778cc,4371
device_uplink,1787650381000000000,70b3d57ed00778cc,4372
device_uplink,1787650397000000000,70b3d57ed00778cc,4373
device_uplink,1787650413000000000,70b3d57ed00778cc,4374
device_uplink,1787650429000000000,70b3d57ed00778cc,4375
device_uplink,1787650445000000000,70b3d57ed00778cc,4376
device_uplink,1787650461000000000,70b3d57ed00778cc,4377
device_uplink,1787650479000000000,70b3d57ed00778cc,4378
device_uplink,1787650495000000000,70b3d57ed00778cc,4379
device_uplink,1787650511000000000,70b3d57ed00778cc,4380
device_uplink,1787650527000000000,70b3d57ed00778cc,4381
device_uplink,1787650543000000000,70b3d57ed00778cc,4382
device_uplink,1787650559000000000,70b3d57ed00778cc,4383
device_uplink,1787650575000000000,70b3d57ed00778cc,4384
device_uplink,1787650591000000000,70b3d57ed00778cc,4385
device_uplink,1787650609000000000,70b3d57ed00778cc,4386
device_uplink,1787650625000000000,70b3d57ed00778cc,4387
device_uplink,1787650641000000000,70b3d57ed00778cc,4388
device_uplink,1787650657000000000,70b3d57ed00778cc,4389
device_uplink,1787650673000000000,70b3d57ed00778cc,4390
device_uplink,1787650689000000000,70b3d57ed00778cc,4391
device_uplink,1787650707000000000,70b3d57ed00778cc,4392
device_uplink,1787650723000000000,70b3d57ed00778cc,4393
device_uplink,1787650739000000000,70b3d57ed00778cc,4394
device_uplink,1787650755000000000,70b3d57ed00778cc,4395
device_uplink,1787650771000000000,70b3d57ed00778cc,4396
device_uplink,1787650787000000000,70b3d57ed00778cc,4397
device_uplink,1787650803000000000,70b3d57ed00778cc,4398
device_uplink,1787650819000000000,70b3d57ed00778cc,4399
device_uplink,1787650837000000000,70b3d57ed00778cc,4400
device_uplink,1787650853000000000,70b3d57ed00778cc,4401
device_uplink,1787650869000000000,70b3d57ed00778cc,4402
device_uplink,1787650885000000000,70b3d57ed00778cc,4403
device_uplink,1787650901000000000,70b3d57ed00778cc,4404
device_uplink,1787650917000000000,70b3d57ed00778cc,4405
device_uplink,1787650933000000000,70b3d57ed00778cc,4406
device_uplink,1787650949000000000,70b3d57ed00778cc,4407
device_uplink,1787650967000000000,70b3d57ed00778cc,4408
device_uplink,1787650983000000000,70b3d57ed00778cc,4409
device_uplink,1787650999000000000,70b3d57ed00778cc,4410
device_uplink,1787651015000000000,70b3d57ed00778cc,4411
device_uplink,1787651031000000000,70b3d57ed00778cc,4412
device_uplink,1787651047000000000,70b3d57ed00778cc,4413
device_uplink,1787651065000000000,70b3d57ed00778cc,4414
device_uplink,1787651081000000000,70b3d57ed00778cc,4415
device_uplink,1787651097000000000,70b3d57ed00778cc,4416
device_uplink,1787651113000000000,70b3d57ed00778cc,4417
device_uplink,1787651129000000000,70b3d57ed00778cc,4418
device_uplink,1787651145000000000,70b3d57ed00778cc,4419
device_uplink,1787651163000000000,70b3d57ed00778cc,4420
device_uplink,1787651179000000000,70b3d57ed00778cc,4421
device_uplink,1787651195000000000,70b3d57ed00778cc,4422
device_uplink,1787651211000000000,70b3d57ed00778cc,4423
device_uplink,1787651227000000000,70b3d57ed00778cc,4424
device_uplink,1787651243000000000,70b3d57ed00778cc,4425
device_uplink,1787651259000000000,70b3d57ed00778cc,4426
device_uplink,1787651275000000000,70b3d57ed00778cc,4427
device_uplink,1787651293000000000,70b3d57ed00778cc,4428
device_uplink,1787651309000000000,70b3d57ed00778cc,4429
device_uplink,1787651325000000000,70b3d57ed00778cc,4430
device_uplink,1787651341000000000,70b3d57ed00778cc,4431
device_uplink,1787651357000000000,70b3d57ed00778cc,4432
device_uplink,1787651373000000000,70b3d57ed00778cc,4433
device_uplink,1787651389000000000,70b3d57ed00778cc,4434
device_uplink,1787651405000000000,70b3d57ed00778cc,4435
device_uplink,1787651423000000000,70b3d57ed00778cc,4436
device_uplink,1787651439000000000,70b3d57ed00778cc,4437
device_uplink,1787651455000000000,70b3d57ed00778cc,4438
device_uplink,1787651471000000000,70b3d57ed00778cc,4439
device_uplink,1787651487000000000,70b3d57ed00778cc,4440
device_uplink,1787651503000000000,70b3d57ed00778cc,4441
device_uplink,1787651521000000000,70b3d57ed00778cc,4442
device_uplink,1787651537000000000,70b3d57ed00778cc,4443
device_uplink,1787651553000000000,70b3d57ed00778cc,4444
device_uplink,1787651569000000000,70b3d57ed00778cc,4445
device_uplink,1787651585000000000,70b3d57ed00778cc,4446
device_uplink,1787651601000000000,70b3d57ed00778cc,4447
device_uplink,1787651617000000000,70b3d57ed00778cc,4448
device_uplink,1787651633000000000,70b3d57ed00778cc,4449
device_uplink,1787651651000000000,70b3d57ed00778cc,4450
device_uplink,1787651667000000000,70b3d57ed00778cc,4451
device_uplink,1787651683000000000,70b3d57ed00778cc,4452
device_uplink,1787651699000000000,70b3d57ed00778cc,4453
device_uplink,1787651715000000000,70b3d57ed00778cc,4454
device_uplink,1787651731000000000,70b3d57ed00778cc,4455
device_uplink,1787651747000000000,70b3d57ed00778cc,4456
device_uplink,1787651763000000000,70b3d57ed00778cc,4457
device_uplink,1787651781000000000,70b3d57ed00778cc,4458
device_uplink,1787651797000000000,70b3d57ed00778cc,4459
device_uplink,1787651813000000000,70b3d57ed00778cc,4460
device_uplink,1787651829000000000,70b3d57ed00778cc,4461
device_uplink,1787651845000000000,70b3d57ed00778cc,4462
device_uplink,1787651861000000000,70b3d57ed00778cc,4463
device_uplink,1787651879000000000,70b3d57ed00778cc,4464
device_uplink,1787651895000000000,70b3d57ed00778cc,4465
device_uplink,1787651911000000000,70b3d57ed00778cc,4466
device_uplink,1787651927000000000,70b3d57ed00778cc,4467
device_uplink,1787651943000000000,70b3d57ed00778cc,4468
device_uplink,1787651959000000000,70b3d57ed00778cc,4469
device_uplink,1787651975000000000,70b3d57ed00778cc,4470
device_uplink,1787651991000000000,70b3d57ed00778cc,4471
device_uplink,1787652009000000000,70b3d57ed00778cc,4472
device_uplink,1787652025000000000,70b3d57ed00778cc,4473
device_uplink,1787652041000000000,70b3d57ed00778cc,4474
device_uplink,1787652057000000000,70b3d57ed00778cc,4475
device_uplink,1787652073000000000,70b3d57ed00778cc,4476
device_uplink,1787652089000000000,70b3d57ed00778cc,4477
device_uplink,1787652105000000000,70b3d57ed00778cc,4478
device_uplink,1787652121000000000,70b3d57ed00778cc,4479
device_uplink,1787652139000000000,70b3d57ed00778cc,4480
device_uplink,1787652155000000000,70b3d57ed00778cc,4481
device_uplink,1787652171000000000,70b3d57ed00778cc,4482
device_uplink,1787652187000000000,70b3d57ed00778cc,4483
device_uplink,1787652203000000000,70b3d57ed00778cc,4484
device_uplink,1787652219000000000,70b3d57ed00778cc,4485
device_uplink,1787652235000000000,70b3d57ed00778cc,4486
device_uplink,1787652253000000000,70b3d57ed00778cc,4487
device_uplink,1787652269000000000,70b3d57ed00778cc,4488
device_uplink,1787652285000000000,70b3d57ed00778cc,4489
device_uplink,1787652301000000000,70b3d57ed00778cc,4490
device_uplink,1787652317000000000,70b3d57ed00778cc,4491
device_uplink,1787652333000000000,70b3d57ed00778cc,4492
device_uplink,1787652349000000000,70b3d57ed00778cc,4493
device_uplink,1787652367000000000,70b3d57ed00778cc,4494
device_uplink,1787652383000000000,70b3d57ed00778cc,4495
device_uplink,1787652399000000000,70b3d57ed00778cc,4496
device_uplink,1787652415000000000,70b3d57ed00778cc,4497
device_uplink,1787652431000000000,70b3d57ed00778cc,4498
device_uplink,1787652447000000000,70b3d57ed00778cc,4499
device_uplink,1787652463000000000,70b3d57ed00778cc,4500
device_uplink,1787652479000000000,70b3d57ed00778cc,4501
device_uplink,1787652497000000000,70b3d57ed00778cc,4502
device_uplink,1787652513000000000,70b3d57ed00778cc,4503
device_uplink,1787652529000000000,70b3d57ed00778cc,4504
device_uplink,1787652545000000000,70b3d57ed00778cc,4505
device_uplink,1787652561000000000,70b3d57ed00778cc,4506
device_uplink,1787652577000000000,70b3d57ed00778cc,4507
device_uplink,1787652593000000000,70b3d57ed00778cc,4508
device_uplink,1787652611000000000,70b3d57ed00778cc,4509
device_uplink,1787652627000000000,70b3d57ed00778cc,4510
device_uplink,1787652643000000000,70b3d57ed00778cc,4511
device_uplink,1787652659000000000,70b3d57ed00778cc,4512
device_uplink,1787652675000000000,70b3d57ed00778cc,4513
device_uplink,1787652691000000000,70b3d57ed00778cc,4514
device_uplink,1787652707000000000,70b3d57ed00778cc,4515
device_uplink,1787652725000000000,70b3d57ed00778cc,4516
device_uplink,1787652741000000000,70b3d57ed00778cc,4517
device_uplink,1787652757000000000,70b3d57ed00778cc,4518
device_uplink,1787652773000000000,70b3d57ed00778cc,4519
device_uplink,1787652789000000000,70b3d57ed00778cc,4520
device_uplink,1787652805000000000,70b3d57ed00778cc,4521
device_uplink,1787652821000000000,70b3d57ed00778cc,4522
device_uplink,1787652837000000000,70b3d57ed00778cc,4523
device_uplink,1787652855000000000,70b3d57ed00778cc,4524
device_uplink,1787652871000000000,70b3d57ed00778cc,4525
device_uplink,1787652887000000000,70b3d57ed00778cc,4526
device_uplink,1787652903000000000,70b3d57ed00778cc,4527
device_uplink,1787652919000000000,70b3d57ed00778cc,4528
device_uplink,1787652935000000000,70b3d57ed00778cc,4529
device_uplink,1787652951000000000,70b3d57ed00778cc,4530
device_uplink,1787652969000000000,70b3d57ed00778cc,4531
device_uplink,1787652985000000000,70b3d57ed00778cc,4532
device_uplink,1787653001000000000,70b3d57ed00778cc,4533
device_uplink,1787653017000000000,70b3d57ed00778cc,4534
device_uplink,1787653033000000000,70b3d57ed00778cc,4535
device_uplink,1787653049000000000,70b3d57ed00778cc,4536
device_uplink,1787653065000000000,70b3d57ed00778cc,4537
device_uplink,1787653081000000000,70b3d57ed00778cc,4538
device_uplink,1787653099000000000,70b3d57ed00778cc,4539
device_uplink,1787653115000000000,70b3d57ed00778cc,4540
device_uplink,1787653131000000000,70b3d57ed00778cc,4541
device_uplink,1787653147000000000,70b3d57ed00778cc,4542
device_uplink,1787653163000000000,70b3d57ed00778cc,4543
device_uplink,1787653179000000000,70b3d57ed00778cc,4544
device_uplink,1787653195000000000,70b3d57ed00778cc,4545
device_uplink,1787653213000000000,70b3d57ed00778cc,4546
device_uplink,1787653229000000000,70b3d57ed00778cc,4547
device_uplink,1787653245000000000,70b3d57ed00778cc,4548
device_uplink,1787653261000000000,70b3d57ed00778cc,4549
device_uplink,1787653277000000000,70b3d57ed00778cc,4550
device_uplink,1787653293000000000,70b3d57ed00778cc,4551
device_uplink,1787653309000000000,70b3d57ed00778cc,4552
device_uplink,1787653325000000000,70b3d57ed00778cc,4553
device_uplink,1787653343000000000,70b3d57ed00778cc,4554
device_uplink,1787653359000000000,70b3d57ed00778cc,4555
device_uplink,1787653375000000000,70b3d57ed00778cc,4556
device_uplink,1787653391000000000,70b3d57ed00778cc,4557
device_uplink,1787653407000000000,70b3d57ed00778cc,4558
device_uplink,1787653423000000000,70b3d57ed00778cc,4559
device_uplink,1787653439000000000,70b3d57ed00778cc,4560
device_uplink,1787653455000000000,70b3d57ed00778cc,4561
device_uplink,1787653473000000000,70b3d57ed00778cc,4562
device_uplink,1787653489000000000,70b3d57ed00778cc,4563
device_uplink,1787653505000000000,70b3d57ed00778cc,4564
device_uplink,1787653521000000000,70b3d57ed00778cc,4565
device_uplink,1787653537000000000,70b3d57ed00778cc,4566
device_uplink,1787653553000000000,70b3d57ed00778cc,4567
device_uplink,1787653571000000000,70b3d57ed00778cc,4568
device_uplink,1787653587000000000,70b3d57ed00778cc,4569
device_uplink,1787653603000000000,70b3d57ed00778cc,4570
device_uplink,1787653619000000000,70b3d57ed00778cc,4571
device_uplink,1787653635000000000,70b3d57ed00778cc,4572
device_uplink,1787653651000000000,70b3d57ed00778cc,4573
device_uplink,1787653667000000000,70b3d57ed00778cc,4574
device_uplink,1787653683000000000,70b3d57ed00778cc,4575
device_uplink,1787653701000000000,70b3d57ed00778cc,4576
device_uplink,1787653717000000000,70b3d57ed00778cc,4577
device_uplink,1787653733000000000,70b3d57ed00778cc,4578
device_uplink,1787653749000000000,70b3d57ed00778cc,4579
device_uplink,1787653765000000000,70b3d57ed00778cc,4580
device_uplink,1787653781000000000,70b3d57ed00778cc,4581
device_uplink,1787653797000000000,70b3d57ed00778cc,4582
device_uplink,1787653813000000000,70b3d57ed00778cc,4583
device_uplink,1787653831000000000,70b3d57ed00778cc,4584
device_uplink,1787653847000000000,70b3d57ed00778cc,4585
device_uplink,1787653863000000000,70b3d57ed00778cc,4586
device_uplink,1787653879000000000,70b3d57ed00778cc,4587
device_uplink,1787653895000000000,70b3d57ed00778cc,4588
device_uplink,1787653911000000000,70b3d57ed00778cc,4589
device_uplink,1787653927000000000,70b3d57ed00778cc,4590
device_uplink,1787653943000000000,70b3d57ed00778cc,4591
device_uplink,1787653961000000000,70b3d57ed00778cc,4592
device_uplink,1787653977000000000,70b3d57ed00778cc,4593
device_uplink,1787653993000000000,70b3d57ed00778cc,4594
device_uplink,1787654009000000000,70b3d57ed00778cc,4595
device_uplink,1787654025000000000,70b3d57ed00778cc,4596
device_uplink,1787654041000000000,70b3d57ed00778cc,4597
device_uplink,1787654057000000000,70b3d57ed00778cc,4598
device_uplink,1787654075000000000,70b3d57ed00778cc,4599
device_uplink,1787654091000000000,70b3d57ed00778cc,4600
device_uplink,1787654107000000000,70b3d57ed00778cc,4601
device_uplink,1787654123000000000,70b3d57ed00778cc,4602
device_uplink,1787654139000000000,70b3d57ed00778cc,4603
device_uplink,1787654155000000000,70b3d57ed00778cc,4604
device_uplink,1787654171000000000,70b3d57ed00778cc,4605
device_uplink,1787654189000000000,70b3d57ed00778cc,4606
device_uplink,1787654205000000000,70b3d57ed00778cc,4607
device_uplink,1787654221000000000,70b3d57ed00778cc,4608
device_uplink,1787654237000000000,70b3d57ed00778cc,4609
device_uplink,1787654253000000000,70b3d57ed00778cc,4610
device_uplink,1787654269000000000,70b3d57ed00778cc,4611
device_uplink,1787654285000000000,70b3d57ed00778cc,4612
device_uplink,1787654301000000000,70b3d57ed00778cc,4613
device_uplink,1787654319000000000,70b3d57ed00778cc,4614
device_uplink,1787654335000000000,70b3d57ed00778cc,4615
device_uplink,1787654351000000000,70b3d57ed00778cc,4616
device_uplink,1787654367000000000,70b3d57ed00778cc,4617
device_uplink,1787654383000000000,70b3d57ed00778cc,4618
device_uplink,1787654399000000000,70b3d57ed00778cc,4619
device_uplink,1787654415000000000,70b3d57ed00778cc,4620
device_uplink,1787654431000000000,70b3d57ed00778cc,4621
device_uplink,1787654449000000000,70b3d57ed00778cc,4622
device_uplink,1787654465000000000,70b3d57ed00778cc,4623
device_uplink,1787654481000000000,70b3d57ed00778cc,4624
device_uplink,1787654497000000000,70b3d57ed00778cc,4625
device_uplink,1787654513000000000,70b3d57ed00778cc,4626
device_uplink,1787654529000000000,70b3d57ed00778cc,4627
device_uplink,1787654545000000000,70b3d57ed00778cc,4628
device_uplink,1787654561000000000,70b3d57ed00778cc,4629
device_uplink,1787654579000000000,70b3d57ed00778cc,4630
device_uplink,1787654595000000000,70b3d57ed00778cc,4631
device_uplink,1787654611000000000,70b3d57ed00778cc,4632
device_uplink,1787654627000000000,70b3d57ed00778cc,4633
device_uplink,1787654643000000000,70b3d57ed00778cc,4634
device_uplink,1787654659000000000,70b3d57ed00778cc,4635
device_uplink,1787654675000000000,70b3d57ed00778cc,4636
device_uplink,1787654693000000000,70b3d57ed00778cc,4637
device_uplink,1787654709000000000,70b3d57ed00778cc,4638
device_uplink,1787654725000000000,70b3d57ed00778cc,4639
device_uplink,1787654741000000000,70b3d57ed00778cc,4640
device_uplink,1787654757000000000,70b3d57ed00778cc,4641
device_uplink,1787654773000000000,70b3d57ed00778cc,4642
device_uplink,1787654789000000000,70b3d57ed00778cc,4643
device_uplink,1787654807000000000,70b3d57ed00778cc,4644
device_uplink,1787654823000000000,70b3d57ed00778cc,4645
device_uplink,1787654839000000000,70b3d57ed00778cc,4646
device_uplink,1787654855000000000,70b3d57ed00778cc,4647
device_uplink,1787654871000000000,70b3d57ed00778cc,4648
device_uplink,1787654887000000000,70b3d57ed00778cc,4649
device_uplink,1787654903000000000,70b3d57ed00778cc,4650
device_uplink,1787654921000000000,70b3d57ed00778cc,4651
device_uplink,1787654937000000000,70b3d57ed00778cc,4652
device_uplink,1787654953000000000,70b3d57ed00778cc,4653
device_uplink,1787654969000000000,70b3d57ed00778cc,4654
device_uplink,1787654985000000000,70b3d57ed00778cc,4655
device_uplink,1787655001000000000,70b3d57ed00778cc,4656
device_uplink,1787655017000000000,70b3d57ed00778cc,4657
device_uplink,1787655035000000000,70b3d57ed00778cc,4658
device_uplink,1787655051000000000,70b3d57ed00778cc,4659
device_uplink,1787655067000000000,70b3d57ed00778cc,4660
device_uplink,1787655083000000000,70b3d57ed00778cc,4661
device_uplink,1787655099000000000,70b3d57ed00778cc,4662
device_uplink,1787655115000000000,70b3d57ed00778cc,4663
device_uplink,1787655131000000000,70b3d57ed00778cc,4664
device_uplink,1787655147000000000,70b3d57ed00778cc,4665
device_uplink,1787655165000000000,70b3d57ed00778cc,4666
device_uplink,1787655181000000000,70b3d57ed00778cc,4667
device_uplink,1787655197000000000,70b3d57ed00778cc,4668
device_uplink,1787655213000000000,70b3d57ed00778cc,4669
device_uplink,1787655229000000000,70b3d57ed00778cc,4670
device_uplink,1787655245000000000,70b3d57ed00778cc,4671
device_uplink,1787655261000000000,70b3d57ed00778cc,4672
device_uplink,1787655279000000000,70b3d57ed00778cc,4673
device_uplink,1787655295000000000,70b3d57ed00778cc,4674
device_uplink,1787655311000000000,70b3d57ed00778cc,4675
device_uplink,1787655327000000000,70b3d57ed00778cc,4676
device_uplink,1787655343000000000,70b3d57ed00778cc,4677
device_uplink,1787655359000000000,70b3d57ed00778cc,4678
device_uplink,1787655375000000000,70b3d57ed00778cc,4679
device_uplink,1787655391000000000,70b3d57ed00778cc,4680
device_uplink,1787655409000000000,70b3d57ed00778cc,4681
device_uplink,1787655425000000000,70b3d57ed00778cc,4682
device_uplink,1787655441000000000,70b3d57ed00778cc,4683
device_uplink,1787655457000000000,70b3d57ed00778cc,4684
device_uplink,1787655473000000000,70b3d57ed00778cc,4685
device_uplink,1787655489000000000,70b3d57ed00778cc,4686
device_uplink,1787655505000000000,70b3d57ed00778cc,4687
device_uplink,1787655523000000000,70b3d57ed00778cc,4688
device_uplink,1787655539000000000,70b3d57ed00778cc,4689
device_uplink,1787655555000000000,70b3d57ed00778cc,4690
device_uplink,1787655571000000000,70b3d57ed00778cc,4691
device_uplink,1787655587000000000,70b3d57ed00778cc,4692
device_uplink,1787655603000000000,70b3d57ed00778cc,4693
device_uplink,1787655619000000000,70b3d57ed00778cc,4694
device_uplink,1787655635000000000,70b3d57ed00778cc,4695
device_uplink,1787655653000000000,70b3d57ed00778cc,4696
device_uplink,1787655669000000000,70b3d57ed00778cc,4697
device_uplink,1787655685000000000,70b3d57ed00778cc,4698
device_uplink,1787655701000000000,70b3d57ed00778cc,4699
device_uplink,1787655717000000000,70b3d57ed00778cc,4700
device_uplink,1787655733000000000,70b3d57ed00778cc,4701
device_uplink,1787655749000000000,70b3d57ed00778cc,4702
device_uplink,1787655765000000000,70b3d57ed00778cc,4703
device_uplink,1787655783000000000,70b3d57ed00778cc,4704
device_uplink,1787655799000000000,70b3d57ed00778cc,4705
device_uplink,1787655815000000000,70b3d57ed00778cc,4706
device_uplink,1787655831000000000,70b3d57ed00778cc,4707
device_uplink,1787655847000000000,70b3d57ed00778cc,4708
device_uplink,1787655863000000000,70b3d57ed00778cc,4709
device_uplink,1787655879000000000,70b3d57ed00778cc,4710
device_uplink,1787655895000000000,70b3d57ed00778cc,4711
device_uplink,1787655913000000000,70b3d57ed00778cc,4712
device_uplink,1787655929000000000,70b3d57ed00778cc,4713
device_uplink,1787655945000000000,70b3d57ed00778cc,4714
device_uplink,1787655961000000000,70b3d57ed00778cc,4715
device_uplink,1787655977000000000,70b3d57ed00778cc,4716
device_uplink,1787655993000000000,70b3d57ed00778cc,4717
device_uplink,1787656009000000000,70b3d57ed00778cc,4718
device_uplink,1787656025000000000,70b3d57ed00778cc,4719
device_uplink,1787656043000000000,70b3d57ed00778cc,4720
device_uplink,1787656059000000000,70b3d57ed00778cc,4721
device_uplink,1787656075000000000,70b3d57ed00778cc,4722
device_uplink,1787656091000000000,70b3d57ed00778cc,4723
device_uplink,1787656107000000000,70b3d57ed00778cc,4724
device_uplink,1787656123000000000,70b3d57ed00778cc,4725
device_uplink,1787656139000000000,70b3d57ed00778cc,4726
device_uplink,1787656155000000000,70b3d57ed00778cc,4727
device_uplink,1787656173000000000,70b3d57ed00778cc,4728
device_uplink,1787656189000000000,70b3d57ed00778cc,4729
device_uplink,1787656205000000000,70b3d57ed00778cc,4730
device_uplink,1787656221000000000,70b3d57ed00778cc,4731
device_uplink,1787656237000000000,70b3d57ed00778cc,4732
device_uplink,1787656253000000000,70b3d57ed00778cc,4733
device_uplink,1787656271000000000,70b3d57ed00778cc,4734
device_uplink,1787656287000000000,70b3d57ed00778cc,4735
device_uplink,1787656303000000000,70b3d57ed00778cc,4736
device_uplink,1787656319000000000,70b3d57ed00778cc,4737
device_uplink,1787656335000000000,70b3d57ed00778cc,4738
device_uplink,1787656351000000000,70b3d57ed00778cc,4739
device_uplink,1787656367000000000,70b3d57ed00778cc,4740
device_uplink,1787656383000000000,70b3d57ed00778cc,4741
device_uplink,1787656401000000000,70b3d57ed00778cc,4742
device_uplink,1787656417000000000,70b3d57ed00778cc,4743
device_uplink,1787656433000000000,70b3d57ed00778cc,4744
device_uplink,1787656449000000000,70b3d57ed00778cc,4745
device_uplink,1787656465000000000,70b3d57ed00778cc,4746
device_uplink,1787656481000000000,70b3d57ed00778cc,4747
device_uplink,1787656497000000000,70b3d57ed00778cc,4748
device_uplink,1787656513000000000,70b3d57ed00778cc,4749
device_uplink,1787656531000000000,70b3d57ed00778cc,4750
device_uplink,1787656547000000000,70b3d57ed00778cc,4751
device_uplink,1787656563000000000,70b3d57ed00778cc,4752
device_uplink,1787656579000000000,70b3d57ed00778cc,4753
device_uplink,1787656595000000000,70b3d57ed00778cc,4754
device_uplink,1787656611000000000,70b3d57ed00778cc,4755
device_uplink,1787656627000000000,70b3d57ed00778cc,4756
device_uplink,1787656643000000000,70b3d57ed00778cc,4757
device_uplink,1787656661000000000,70b3d57ed00778cc,4758
device_uplink,1787656677000000000,70b3d57ed00778cc,4759
device_uplink,1787656693000000000,70b3d57ed00778cc,4760
device_uplink,1787656709000000000,70b3d57ed00778cc,4761
device_uplink,1787656725000000000,70b3d57ed00778cc,4762
device_uplink,1787656741000000000,70b3d57ed00778cc,4763
device_uplink,1787656757000000000,70b3d57ed00778cc,4764
device_uplink,1787656775000000000,70b3d57ed00778cc,4765
device_uplink,1787656791000000000,70b3d57ed00778cc,4766
device_uplink,1787656807000000000,70b3d57ed00778cc,4767
device_uplink,1787656823000000000,70b3d57ed00778cc,4768
device_uplink,1787656839000000000,70b3d57ed00778cc,4769
device_uplink,1787656855000000000,70b3d57ed00778cc,4770
device_uplink,1787656871000000000,70b3d57ed00778cc,4771
device_uplink,1787656889000000000,70b3d57ed00778cc,4772
device_uplink,1787656905000000000,70b3d57ed00778cc,4773
device_uplink,1787656921000000000,70b3d57ed00778cc,4774
device_uplink,1787656937000000000,70b3d57ed00778cc,4775
device_uplink,1787656953000000000,70b3d57ed00778cc,4776
device_uplink,1787656969000000000,70b3d57ed00778cc,4777
device_uplink,1787656985000000000,70b3d57ed00778cc,4778
device_uplink,1787657001000000000,70b3d57ed00778cc,4779
device_uplink,1787657019000000000,70b3d57ed00778cc,4780
device_uplink,1787657035000000000,70b3d57ed00778cc,4781
device_uplink,1787657051000000000,70b3d57ed00778cc,4782
device_uplink,1787657067000000000,70b3d57ed00778cc,4783
device_uplink,1787657083000000000,70b3d57ed00778cc,4784
device_uplink,1787657099000000000,70b3d57ed00778cc,4785
device_uplink,1787657115000000000,70b3d57ed00778cc,4786
device_uplink,1787657131000000000,70b3d57ed00778cc,4787
device_uplink,1787657149000000000,70b3d57ed00778cc,4788
device_uplink,1787657165000000000,70b3d57ed00778cc,4789
device_uplink,1787657181000000000,70b3d57ed00778cc,4790
device_uplink,1787657197000000000,70b3d57ed00778cc,4791
device_uplink,1787657213000000000,70b3d57ed00778cc,4792
device_uplink,1787657229000000000,70b3d57ed00778cc,4793
device_uplink,1787657245000000000,70b3d57ed00778cc,4794
device_uplink,1787657261000000000,70b3d57ed00778cc,4795
device_uplink,1787657279000000000,70b3d57ed00778cc,4796
device_uplink,1787657295000000000,70b3d57ed00778cc,4797
device_uplink,1787657311000000000,70b3d57ed00778cc,4798
device_uplink,1787657327000000000,70b3d57ed00778cc,4799
device_uplink,1787657343000000000,70b3d57ed00778cc,4800
device_uplink,1787657359000000000,70b3d57ed00778cc,4801
device_uplink,1787657375000000000,70b3d57ed00778cc,4802
device_uplink,1787657391000000000,70b3d57ed00778cc,4803
device_uplink,1787657409000000000,70b3d57ed00778cc,4804
device_uplink,1787657425000000000,70b3d57ed00778cc,4805
device_uplink,1787657441000000000,70b3d57ed00778cc,4806
device_uplink,1787657457000000000,70b3d57ed00778cc,4807
device_uplink,1787657473000000000,70b3d57ed00778cc,4808
device_uplink,1787657489000000000,70b3d57ed00778cc,4809
device_uplink,1787657505000000000,70b3d57ed00778cc,4810
device_uplink,1787657521000000000,70b3d57ed00778cc,4811
device_uplink,1787657539000000000,70b3d57ed00778cc,4812
device_uplink,1787657555000000000,70b3d57ed00778cc,4813
device_uplink,1787657571000000000,70b3d57ed00778cc,4814
device_uplink,1787657587000000000,70b3d57ed00778cc,4815
device_uplink,1787657603000000000,70b3d57ed00778cc,4816
device_uplink,1787657619000000000,70b3d57ed00778cc,4817
device_uplink,1787657635000000000,70b3d57ed00778cc,4818
device_uplink,1787657653000000000,70b3d57ed00778cc,4819
device_uplink,1787657669000000000,70b3d57ed00778cc,4820
device_uplink,1787657685000000000,70b3d57ed00778cc,4821
device_uplink,1787657701000000000,70b3d57ed00778cc,4822
device_uplink,1787657717000000000,70b3d57ed00778cc,4823
device_uplink,1787657733000000000,70b3d57ed00778cc,4824
device_uplink,1787657749000000000,70b3d57ed00778cc,4825
device_uplink,1787657767000000000,70b3d57ed00778cc,4826
device_uplink,1787657783000000000,70b3d57ed00778cc,4827
device_uplink,1787657799000000000,70b3d57ed00778cc,4828
device_uplink,1787657815000000000,70b3d57ed00778cc,4829
device_uplink,1787657831000000000,70b3d57ed00778cc,4830
device_uplink,1787657847000000000,70b3d57ed00778cc,4831
device_uplink,1787657863000000000,70b3d57ed00778cc,4832
device_uplink,1787657879000000000,70b3d57ed00778cc,4833
device_uplink,1787657897000000000,70b3d57ed00778cc,4834
device_uplink,1787657913000000000,70b3d57ed00778cc,4835
device_uplink,1787657929000000000,70b3d57ed00778cc,4836
device_uplink,1787657945000000000,70b3d57ed00778cc,4837
device_uplink,1787657961000000000,70b3d57ed00778cc,4838
device_uplink,1787657977000000000,70b3d57ed00778cc,4839
device_uplink,1787657993000000000,70b3d57ed00778cc,4840
device_uplink,1787658009000000000,70b3d57ed00778cc,4841
device_uplink,1787658027000000000,70b3d57ed00778cc,4842
device_uplink,1787658043000000000,70b3d57ed00778cc,4843
device_uplink,1787658059000000000,70b3d57ed00778cc,4844
device_uplink,1787658075000000000,70b3d57ed00778cc,4845
device_uplink,1787658091000000000,70b3d57ed00778cc,4846
device_uplink,1787658107000000000,70b3d57ed00778cc,4847
device_uplink,1787658123000000000,70b3d57ed00778cc,4848
device_uplink,1787658139000000000,70b3d57ed00778cc,4849
device_uplink,1787658157000000000,70b3d57ed00778cc,4850
device_uplink,1787658173000000000,70b3d57ed00778cc,4851
device_uplink,1787658189000000000,70b3d57ed00778cc,4852
device_uplink,1787658205000000000,70b3d57ed00778cc,4853
device_uplink,1787658221000000000,70b3d57ed00778cc,4854
device_uplink,1787658237000000000,70b3d57ed00778cc,4855
device_uplink,1787658253000000000,70b3d57ed00778cc,4856
device_uplink,1787658269000000000,70b3d57ed00778cc,4857
device_uplink,1787658287000000000,70b3d57ed00778cc,4858
device_uplink,1787658303000000000,70b3d57ed00778cc,4859
device_uplink,1787658319000000000,70b3d57ed00778cc,4860
device_uplink,1787658335000000000,70b3d57ed00778cc,4861
device_uplink,1787658351000000000,70b3d57ed00778cc,4862
device_uplink,1787658367000000000,70b3d57ed00778cc,4863
device_uplink,1787658383000000000,70b3d57ed00778cc,4864
device_uplink,1787658399000000000,70b3d57ed00778cc,4865
device_uplink,1787658417000000000,70b3d57ed00778cc,4866
device_uplink,1787658433000000000,70b3d57ed00778cc,4867
device_uplink,1787658449000000000,70b3d57ed00778cc,4868
device_uplink,1787658465000000000,70b3d57ed00778cc,4869
device_uplink,1787658481000000000,70b3d57ed00778cc,4870
device_uplink,1787658497000000000,70b3d57ed00778cc,4871
device_uplink,1787658513000000000,70b3d57ed00778cc,4872
device_uplink,1787658529000000000,70b3d57ed00778cc,4873
device_uplink,1787658547000000000,70b3d57ed00778cc,4874
device_uplink,1787658563000000000,70b3d57ed00778cc,4875
device_uplink,1787658579000000000,70b3d57ed00778cc,4876
device_uplink,1787658595000000000,70b3d57ed00778cc,4877
device_uplink,1787658611000000000,70b3d57ed00778cc,4878
device_uplink,1787658627000000000,70b3d57ed00778cc,4879
device_uplink,1787658643000000000,70b3d57ed00778cc,4880
device_uplink,1787658659000000000,70b3d57ed00778cc,4881
device_uplink,1787658675000000000,70b3d57ed00778cc,4882
device_uplink,1787658693000000000,70b3d57ed00778cc,4883
device_uplink,1787658709000000000,70b3d57ed00778cc,4884
device_uplink,1787658725000000000,70b3d57ed00778cc,4885
device_uplink,1787658741000000000,70b3d57ed00778cc,4886
device_uplink,1787658757000000000,70b3d57ed00778cc,4887
device_uplink,1787658773000000000,70b3d57ed00778cc,4888
device_uplink,1787658789000000000,70b3d57ed00778cc,4889
device_uplink,1787658805000000000,70b3d57ed00778cc,4890
device_uplink,1787658821000000000,70b3d57ed00778cc,4891
device_uplink,1787658837000000000,70b3d57ed00778cc,4892
device_uplink,1787658855000000000,70b3d57ed00778cc,4893
device_uplink,1787658871000000000,70b3d57ed00778cc,4894
device_uplink,1787658887000000000,70b3d57ed00778cc,4895
device_uplink,1787658903000000000,70b3d57ed00778cc,4896
device_uplink,1787658919000000000,70b3d57ed00778cc,4897
device_uplink,1787658935000000000,70b3d57ed00778cc,4898
device_uplink,1787658951000000000,70b3d57ed00778cc,4899
device_uplink,1787658969000000000,70b3d57ed00778cc,4900
device_uplink,1787658985000000000,70b3d57ed00778cc,4901
device_uplink,1787659001000000000,70b3d57ed00778cc,4902
device_uplink,1787659017000000000,70b3d57ed00778cc,4903
device_uplink,1787659033000000000,70b3d57ed00778cc,4904
device_uplink,1787659049000000000,70b3d57ed00778cc,4905
device_uplink,1787659065000000000,70b3d57ed00778cc,4906
device_uplink,1787659081000000000,70b3d57ed00778cc,4907
device_uplink,1787659099000000000,70b3d57ed00778cc,4908
device_uplink,1787659115000000000,70b3d57ed00778cc,4909
device_uplink,1787659131000000000,70b3d57ed00778cc,4910
device_uplink,1787659147000000000,70b3d57ed00778cc,4911
device_uplink,1787659163000000000,70b3d57ed00778cc,4912
device_uplink,1787659179000000000,70b3d57ed00778cc,4913
device_uplink,1787659195000000000,70b3d57ed00778cc,4914
device_uplink,1787659211000000000,70b3d57ed00778cc,4915
device_uplink,1787659229000000000,70b3d57ed00778cc,4916
device_uplink,1787659245000000000,70b3d57ed00778cc,4917
device_uplink,1787659261000000000,70b3d57ed00778cc,4918
device_uplink,1787659277000000000,70b3d57ed00778cc,4919
device_uplink,1787659293000000000,70b3d57ed00778cc,4920
device_uplink,1787659309000000000,70b3d57ed00778cc,4921
device_uplink,1787659325000000000,70b3d57ed00778cc,4922
device_uplink,1787659341000000000,70b3d57ed00778cc,4923
device_uplink,1787659359000000000,70b3d57ed00778cc,4924
device_uplink,1787659375000000000,70b3d57ed00778cc,4925
device_uplink,1787659391000000000,70b3d57ed00778cc,4926
device_uplink,1787659407000000000,70b3d57ed00778cc,4927
device_uplink,1787659423000000000,70b3d57ed00778cc,4928
device_uplink,1787659439000000000,70b3d57ed00778cc,4929
device_uplink,1787659455000000000,70b3d57ed00778cc,4930
device_uplink,1787659471000000000,70b3d57ed00778cc,4931
device_uplink,1787659489000000000,70b3d57ed00778cc,4932
device_uplink,1787659505000000000,70b3d57ed00778cc,4933
device_uplink,1787659521000000000,70b3d57ed00778cc,4934
device_uplink,1787659537000000000,70b3d57ed00778cc,4935
device_uplink,1787659553000000000,70b3d57ed00778cc,4936
device_uplink,1787659569000000000,70b3d57ed00778cc,4937
device_uplink,1787659585000000000,70b3d57ed00778cc,4938
device_uplink,1787659601000000000,70b3d57ed00778cc,4939
device_uplink,1787659633000000000,70b3d57ed00778cc,4941
device_uplink,1787659649000000000,70b3d57ed00778cc,4942
device_uplink,1787659665000000000,70b3d57ed00778cc,4943
device_uplink,1787659683000000000,70b3d57ed00778cc,4944
device_uplink,1787659699000000000,70b3d57ed00778cc,4945
device_uplink,1787659715000000000,70b3d57ed00778cc,4946
device_uplink,1787659731000000000,70b3d57ed00778cc,4947
device_uplink,1787659747000000000,70b3d57ed00778cc,4948
device_uplink,1787659763000000000,70b3d57ed00778cc,4949
device_uplink,1787659779000000000,70b3d57ed00778cc,4950
device_uplink,1787659795000000000,70b3d57ed00778cc,4951
device_uplink,1787659811000000000,70b3d57ed00778cc,4952
device_uplink,1787659829000000000,70b3d57ed00778cc,4953
device_uplink,1787659845000000000,70b3d57ed00778cc,4954
device_uplink,1787659861000000000,70b3d57ed00778cc,4955
device_uplink,1787659877000000000,70b3d57ed00778cc,4956
device_uplink,1787659893000000000,70b3d57ed00778cc,4957
device_uplink,1787659909000000000,70b3d57ed00778cc,4958
device_uplink,1787659925000000000,70b3d57ed00778cc,4959
device_uplink,1787659941000000000,70b3d57ed00778cc,4960
device_uplink,1787659959000000000,70b3d57ed00778cc,4961
device_uplink,1787659975000000000,70b3d57ed00778cc,4962
device_uplink,1787659991000000000,70b3d57ed00778cc,4963
device_uplink,1787660007000000000,70b3d57ed00778cc,4964
device_uplink,1787660023000000000,70b3d57ed00778cc,4965
device_uplink,1787660039000000000,70b3d57ed00778cc,4966
device_uplink,1787660055000000000,70b3d57ed00778cc,4967
device_uplink,1787660071000000000,70b3d57ed00778cc,4968
device_uplink,1787660087000000000,70b3d57ed00778cc,4969
device_uplink,1787660103000000000,70b3d57ed00778cc,4970
device_uplink,1787660121000000000,70b3d57ed00778cc,4971
device_uplink,1787660137000000000,70b3d57ed00778cc,4972
device_uplink,1787660153000000000,70b3d57ed00778cc,4973
device_uplink,1787660169000000000,70b3d57ed00778cc,4974
device_uplink,1787660185000000000,70b3d57ed00778cc,4975
device_uplink,1787660201000000000,70b3d57ed00778cc,4976
device_uplink,1787660217000000000,70b3d57ed00778cc,4977
device_uplink,1787660233000000000,70b3d57ed00778cc,4978
device_uplink,1787660251000000000,70b3d57ed00778cc,4979
device_uplink,1787660267000000000,70b3d57ed00778cc,4980
device_uplink,1787660283000000000,70b3d57ed00778cc,4981
device_uplink,1787660299000000000,70b3d57ed00778cc,4982
device_uplink,1787660315000000000,70b3d57ed00778cc,4983
device_uplink,1787660331000000000,70b3d57ed00778cc,4984
device_uplink,1787660347000000000,70b3d57ed00778cc,4985
device_uplink,1787660363000000000,70b3d57ed00778cc,4986
device_uplink,1787660381000000000,70b3d57ed00778cc,4987
device_uplink,1787660397000000000,70b3d57ed00778cc,4988
device_uplink,1787660413000000000,70b3d57ed00778cc,4989
device_uplink,1787660429000000000,70b3d57ed00778cc,4990
device_uplink,1787660445000000000,70b3d57ed00778cc,4991
device_uplink,1787660461000000000,70b3d57ed00778cc,4992
device_uplink,1787660477000000000,70b3d57ed00778cc,4993
device_uplink,1787660493000000000,70b3d57ed00778cc,4994
device_uplink,1787660511000000000,70b3d57ed00778cc,4995
device_uplink,1787660527000000000,70b3d57ed00778cc,4996
device_uplink,1787660543000000000,70b3d57ed00778cc,4997
device_uplink,1787660559000000000,70b3d57ed00778cc,4998
device_uplink,1787660575000000000,70b3d57ed00778cc,4999
device_uplink,1787660591000000000,70b3d57ed00778cc,5000
device_uplink,1787660607000000000,70b3d57ed00778cc,5001
device_uplink,1787660623000000000,70b3d57ed00778cc,5002
device_uplink,1787660641000000000,70b3d57ed00778cc,5003
device_uplink,1787660657000000000,70b3d57ed00778cc,5004
device_uplink,1787660673000000000,70b3d57ed00778cc,5005
device_uplink,1787660689000000000,70b3d57ed00778cc,5006
device_uplink,1787660705000000000,70b3d57ed00778cc,5007
device_uplink,1787660721000000000,70b3d57ed00778cc,5008
device_uplink,1787660737000000000,70b3d57ed00778cc,5009
device_uplink,1787660753000000000,70b3d57ed00778cc,5010
device_uplink,1787660771000000000,70b3d57ed00778cc,5011
device_uplink,1787660787000000000,70b3d57ed00778cc,5012
device_uplink,1787660803000000000,70b3d57ed00778cc,5013
device_uplink,1787660819000000000,70b3d57ed00778cc,5014
device_uplink,1787660835000000000,70b3d57ed00778cc,5015
device_uplink,1787660851000000000,70b3d57ed00778cc,5016
device_uplink,1787660867000000000,70b3d57ed00778cc,5017
device_uplink,1787660883000000000,70b3d57ed00778cc,5018
device_uplink,1787660901000000000,70b3d57ed00778cc,5019
device_uplink,1787660917000000000,70b3d57ed00778cc,5020
device_uplink,1787660933000000000,70b3d57ed00778cc,5021
device_uplink,1787660949000000000,70b3d57ed00778cc,5022
device_uplink,1787660965000000000,70b3d57ed00778cc,5023
device_uplink,1787660981000000000,70b3d57ed00778cc,5024
device_uplink,1787660997000000000,70b3d57ed00778cc,5025
device_uplink,1787661015000000000,70b3d57ed00778cc,5026
device_uplink,1787661031000000000,70b3d57ed00778cc,5027
device_uplink,1787661047000000000,70b3d57ed00778cc,5028
device_uplink,1787661063000000000,70b3d57ed00778cc,5029
device_uplink,1787661079000000000,70b3d57ed00778cc,5030
device_uplink,1787661095000000000,70b3d57ed00778cc,5031
device_uplink,1787661111000000000,70b3d57ed00778cc,5032
device_uplink,1787661129000000000,70b3d57ed00778cc,5033
device_uplink,1787661145000000000,70b3d57ed00778cc,5034
device_uplink,1787661161000000000,70b3d57ed00778cc,5035
device_uplink,1787661177000000000,70b3d57ed00778cc,5036
device_uplink,1787661193000000000,70b3d57ed00778cc,5037
device_uplink,1787661209000000000,70b3d57ed00778cc,5038
device_uplink,1787661225000000000,70b3d57ed00778cc,5039
device_uplink,1787661241000000000,70b3d57ed00778cc,5040
device_uplink,1787661259000000000,70b3d57ed00778cc,5041
device_uplink,1787661275000000000,70b3d57ed00778cc,5042
device_uplink,1787661291000000000,70b3d57ed00778cc,5043
device_uplink,1787661307000000000,70b3d57ed00778cc,5044
device_uplink,1787661323000000000,70b3d57ed00778cc,5045
device_uplink,1787661339000000000,70b3d57ed00778cc,5046
device_uplink,1787661355000000000,70b3d57ed00778cc,5047
device_uplink,1787661371000000000,70b3d57ed00778cc,5048
device_uplink,1787661389000000000,70b3d57ed00778cc,5049
device_uplink,1787661405000000000,70b3d57ed00778cc,5050
device_uplink,1787661421000000000,70b3d57ed00778cc,5051
device_uplink,1787661437000000000,70b3d57ed00778cc,5052
device_uplink,1787661453000000000,70b3d57ed00778cc,5053
device_uplink,1787661469000000000,70b3d57ed00778cc,5054
device_uplink,1787661485000000000,70b3d57ed00778cc,5055
device_uplink,1787661501000000000,70b3d57ed00778cc,5056
device_uplink,1787661519000000000,70b3d57ed00778cc,5057
device_uplink,1787661535000000000,70b3d57ed00778cc,5058
device_uplink,1787661551000000000,70b3d57ed00778cc,5059
device_uplink,1787661567000000000,70b3d57ed00778cc,5060
device_uplink,1787661583000000000,70b3d57ed00778cc,5061
device_uplink,1787661599000000000,70b3d57ed00778cc,5062
device_uplink,1787661615000000000,70b3d57ed00778cc,5063
device_uplink,1787661633000000000,70b3d57ed00778cc,5064
device_uplink,1787661649000000000,70b3d57ed00778cc,5065
device_uplink,1787661665000000000,70b3d57ed00778cc,5066
device_uplink,1787661681000000000,70b3d57ed00778cc,5067
device_uplink,1787661697000000000,70b3d57ed00778cc,5068
device_uplink,1787661713000000000,70b3d57ed00778cc,5069
device_uplink,1787661729000000000,70b3d57ed00778cc,5070
device_uplink,1787661747000000000,70b3d57ed00778cc,5071
device_uplink,1787661763000000000,70b3d57ed00778cc,5072
device_uplink,1787661779000000000,70b3d57ed00778cc,5073
device_uplink,1787661795000000000,70b3d57ed00778cc,5074
device_uplink,1787661811000000000,70b3d57ed00778cc,5075
device_uplink,1787661827000000000,70b3d57ed00778cc,5076
device_uplink,1787661844000000000,70b3d57ed00778cc,5077
device_uplink,1787661859000000000,70b3d57ed00778cc,5078
device_uplink,1787661877000000000,70b3d57ed00778cc,5079
device_uplink,1787661893000000000,70b3d57ed00778cc,5080
device_uplink,1787661909000000000,70b3d57ed00778cc,5081
device_uplink,1787661925000000000,70b3d57ed00778cc,5082
device_uplink,1787661941000000000,70b3d57ed00778cc,5083
device_uplink,1787661957000000000,70b3d57ed00778cc,5084
device_uplink,1787661973000000000,70b3d57ed00778cc,5085
device_uplink,1787661989000000000,70b3d57ed00778cc,5086
device_uplink,1787662007000000000,70b3d57ed00778cc,5087
device_uplink,1787662023000000000,70b3d57ed00778cc,5088
device_uplink,1787662039000000000,70b3d57ed00778cc,5089
device_uplink,1787662055000000000,70b3d57ed00778cc,5090
device_uplink,1787662071000000000,70b3d57ed00778cc,5091
device_uplink,1787662087000000000,70b3d57ed00778cc,5092
device_uplink,1787662103000000000,70b3d57ed00778cc,5093
device_uplink,1787662119000000000,70b3d57ed00778cc,5094
device_uplink,1787662137000000000,70b3d57ed00778cc,5095
device_uplink,1787662153000000000,70b3d57ed00778cc,5096
device_uplink,1787662169000000000,70b3d57ed00778cc,5097
device_uplink,1787662185000000000,70b3d57ed00778cc,5098
device_uplink,1787662201000000000,70b3d57ed00778cc,5099
device_uplink,1787662217000000000,70b3d57ed00778cc,5100
device_uplink,1787662233000000000,70b3d57ed00778cc,5101
device_uplink,1787662251000000000,70b3d57ed00778cc,5102
device_uplink,1787662267000000000,70b3d57ed00778cc,5103
device_uplink,1787662283000000000,70b3d57ed00778cc,5104
device_uplink,1787662299000000000,70b3d57ed00778cc,5105
device_uplink,1787662315000000000,70b3d57ed00778cc,5106
device_uplink,1787662331000000000,70b3d57ed00778cc,5107
device_uplink,1787662347000000000,70b3d57ed00778cc,5108
device_uplink,1787662365000000000,70b3d57ed00778cc,5109
device_uplink,1787662381000000000,70b3d57ed00778cc,5110
device_uplink,1787662397000000000,70b3d57ed00778cc,5111
device_uplink,1787662413000000000,70b3d57ed00778cc,5112
device_uplink,1787662429000000000,70b3d57ed00778cc,5113
device_uplink,1787662445000000000,70b3d57ed00778cc,5114
device_uplink,1787662461000000000,70b3d57ed00778cc,5115
device_uplink,1787662477000000000,70b3d57ed00778cc,5116
device_uplink,1787662495000000000,70b3d57ed00778cc,5117
device_uplink,1787662511000000000,70b3d57ed00778cc,5118
device_uplink,1787662527000000000,70b3d57ed00778cc,5119
device_uplink,1787662543000000000,70b3d57ed00778cc,5120
device_uplink,1787662559000000000,70b3d57ed00778cc,5121
device_uplink,1787662575000000000,70b3d57ed00778cc,5122
device_uplink,1787662591000000000,70b3d57ed00778cc,5123
device_uplink,1787662607000000000,70b3d57ed00778cc,5124
device_uplink,1787662623000000000,70b3d57ed00778cc,5125
device_uplink,1787662641000000000,70b3d57ed00778cc,5126
device_uplink,1787662657000000000,70b3d57ed00778cc,5127
device_uplink,1787662673000000000,70b3d57ed00778cc,5128
device_uplink,1787662689000000000,70b3d57ed00778cc,5129
device_uplink,1787662705000000000,70b3d57ed00778cc,5130
device_uplink,1787662721000000000,70b3d57ed00778cc,5131
device_uplink,1787662737000000000,70b3d57ed00778cc,5132
device_uplink,1787662755000000000,70b3d57ed00778cc,5133
device_uplink,1787662771000000000,70b3d57ed00778cc,5134
device_uplink,1787662787000000000,70b3d57ed00778cc,5135
device_uplink,1787662803000000000,70b3d57ed00778cc,5136
device_uplink,1787662819000000000,70b3d57ed00778cc,5137
device_uplink,1787662835000000000,70b3d57ed00778cc,5138
device_uplink,1787662851000000000,70b3d57ed00778cc,5139
device_uplink,1787662867000000000,70b3d57ed00778cc,5140
device_uplink,1787662885000000000,70b3d57ed00778cc,5141
device_uplink,1787662901000000000,70b3d57ed00778cc,5142
device_uplink,1787662917000000000,70b3d57ed00778cc,5143
device_uplink,1787662933000000000,70b3d57ed00778cc,5144
device_uplink,1787662949000000000,70b3d57ed00778cc,5145
device_uplink,1787662965000000000,70b3d57ed00778cc,5146
device_uplink,1787662981000000000,70b3d57ed00778cc,5147
device_uplink,1787662997000000000,70b3d57ed00778cc,5148
device_uplink,1787663015000000000,70b3d57ed00778cc,5149
device_uplink,1787663031000000000,70b3d57ed00778cc,5150
device_uplink,1787663047000000000,70b3d57ed00778cc,5151
device_uplink,1787663063000000000,70b3d57ed00778cc,5152
device_uplink,1787663079000000000,70b3d57ed00778cc,5153
device_uplink,1787663095000000000,70b3d57ed00778cc,5154
device_uplink,1787663111000000000,70b3d57ed00778cc,5155
device_uplink,1787663129000000000,70b3d57ed00778cc,5156
device_uplink,1787663145000000000,70b3d57ed00778cc,5157
device_uplink,1787663161000000000,70b3d57ed00778cc,5158
device_uplink,1787663177000000000,70b3d57ed00778cc,5159
device_uplink,1787663193000000000,70b3d57ed00778cc,5160
device_uplink,1787663209000000000,70b3d57ed00778cc,5161
device_uplink,1787663225000000000,70b3d57ed00778cc,5162
device_uplink,1787663243000000000,70b3d57ed00778cc,5163
device_uplink,1787663259000000000,70b3d57ed00778cc,5164
device_uplink,1787663275000000000,70b3d57ed00778cc,5165
device_uplink,1787663291000000000,70b3d57ed00778cc,5166
device_uplink,1787663307000000000,70b3d57ed00778cc,5167
device_uplink,1787663323000000000,70b3d57ed00778cc,5168
device_uplink,1787663339000000000,70b3d57ed00778cc,5169
device_uplink,1787663355000000000,70b3d57ed00778cc,5170
device_uplink,1787663373000000000,70b3d57ed00778cc,5171
device_uplink,1787663389000000000,70b3d57ed00778cc,5172
device_uplink,1787663405000000000,70b3d57ed00778cc,5173
device_uplink,1787663421000000000,70b3d57ed00778cc,5174
device_uplink,1787663437000000000,70b3d57ed00778cc,5175
device_uplink,1787663453000000000,70b3d57ed00778cc,5176
device_uplink,1787663469000000000,70b3d57ed00778cc,5177
device_uplink,1787663485000000000,70b3d57ed00778cc,5178
device_uplink,1787663503000000000,70b3d57ed00778cc,5179
device_uplink,1787663519000000000,70b3d57ed00778cc,5180
device_uplink,1787663535000000000,70b3d57ed00778cc,5181
device_uplink,1787663551000000000,70b3d57ed00778cc,5182
device_uplink,1787663567000000000,70b3d57ed00778cc,5183
device_uplink,1787663583000000000,70b3d57ed00778cc,5184
device_uplink,1787663599000000000,70b3d57ed00778cc,5185
device_uplink,1787663615000000000,70b3d57ed00778cc,5186
device_uplink,1787663633000000000,70b3d57ed00778cc,5187
device_uplink,1787663649000000000,70b3d57ed00778cc,5188
device_uplink,1787663665000000000,70b3d57ed00778cc,5189
device_uplink,1787663681000000000,70b3d57ed00778cc,5190
device_uplink,1787663697000000000,70b3d57ed00778cc,5191
device_uplink,1787663713000000000,70b3d57ed00778cc,5192
device_uplink,1787663729000000000,70b3d57ed00778cc,5193
device_uplink,1787663747000000000,70b3d57ed00778cc,5194
device_uplink,1787663763000000000,70b3d57ed00778cc,5195
device_uplink,1787663779000000000,70b3d57ed00778cc,5196
device_uplink,1787663795000000000,70b3d57ed00778cc,5197
device_uplink,1787663811000000000,70b3d57ed00778cc,5198
device_uplink,1787663827000000000,70b3d57ed00778cc,5199
device_uplink,1787663843000000000,70b3d57ed00778cc,5200
device_uplink,1787663859000000000,70b3d57ed00778cc,5201
device_uplink,1787663877000000000,70b3d57ed00778cc,5202
device_uplink,1787663893000000000,70b3d57ed00778cc,5203
device_uplink,1787663909000000000,70b3d57ed00778cc,5204
device_uplink,1787663925000000000,70b3d57ed00778cc,5205
device_uplink,1787663941000000000,70b3d57ed00778cc,5206
device_uplink,1787663957000000000,70b3d57ed00778cc,5207
device_uplink,1787663973000000000,70b3d57ed00778cc,5208
device_uplink,1787663991000000000,70b3d57ed00778cc,5209
device_uplink,1787664007000000000,70b3d57ed00778cc,5210
device_uplink,1787664023000000000,70b3d57ed00778cc,5211
device_uplink,1787664039000000000,70b3d57ed00778cc,5212
device_uplink,1787664055000000000,70b3d57ed00778cc,5213
device_uplink,1787664071000000000,70b3d57ed00778cc,5214
device_uplink,1787664087000000000,70b3d57ed00778cc,5215
device_uplink,1787664103000000000,70b3d57ed00778cc,5216
device_uplink,1787664119000000000,70b3d57ed00778cc,5217
device_uplink,1787664135000000000,70b3d57ed00778cc,5218
device_uplink,1787664151000000000,70b3d57ed00778cc,5219
device_uplink,1787664169000000000,70b3d57ed00778cc,5220
device_uplink,1787664185000000000,70b3d57ed00778cc,5221
device_uplink,1787664201000000000,70b3d57ed00778cc,5222
device_uplink,1787664217000000000,70b3d57ed00778cc,5223
device_uplink,1787664233000000000,70b3d57ed00778cc,5224
device_uplink,1787664249000000000,70b3d57ed00778cc,5225
device_uplink,1787664265000000000,70b3d57ed00778cc,5226
device_uplink,1787664281000000000,70b3d57ed00778cc,5227
device_uplink,1787664297000000000,70b3d57ed00778cc,5228
device_uplink,1787664313000000000,70b3d57ed00778cc,5229
device_uplink,1787664329000000000,70b3d57ed00778cc,5230
device_uplink,1787664345000000000,70b3d57ed00778cc,5231
device_uplink,1787664363000000000,70b3d57ed00778cc,5232
device_uplink,1787664379000000000,70b3d57ed00778cc,5233
device_uplink,1787664395000000000,70b3d57ed00778cc,5234
device_uplink,1787664411000000000,70b3d57ed00778cc,5235
device_uplink,1787664427000000000,70b3d57ed00778cc,5236
device_uplink,1787664443000000000,70b3d57ed00778cc,5237
device_uplink,1787664459000000000,70b3d57ed00778cc,5238
device_uplink,1787664475000000000,70b3d57ed00778cc,5239
device_uplink,1787664493000000000,70b3d57ed00778cc,5240
device_uplink,1787664509000000000,70b3d57ed00778cc,5241
device_uplink,1787664525000000000,70b3d57ed00778cc,5242
device_uplink,1787664541000000000,70b3d57ed00778cc,5243
device_uplink,1787664557000000000,70b3d57ed00778cc,5244
device_uplink,1787664573000000000,70b3d57ed00778cc,5245
device_uplink,1787664589000000000,70b3d57ed00778cc,5246
device_uplink,1787664607000000000,70b3d57ed00778cc,5247
device_uplink,1787664623000000000,70b3d57ed00778cc,5248
device_uplink,1787664639000000000,70b3d57ed00778cc,5249
device_uplink,1787664655000000000,70b3d57ed00778cc,5250
device_uplink,1787664671000000000,70b3d57ed00778cc,5251
device_uplink,1787664687000000000,70b3d57ed00778cc,5252
device_uplink,1787664703000000000,70b3d57ed00778cc,5253
device_uplink,1787664719000000000,70b3d57ed00778cc,5254
device_uplink,1787664735000000000,70b3d57ed00778cc,5255
device_uplink,1787664751000000000,70b3d57ed00778cc,5256
device_uplink,1787664769000000000,70b3d57ed00778cc,5257
device_uplink,1787664785000000000,70b3d57ed00778cc,5258
device_uplink,1787664801000000000,70b3d57ed00778cc,5259
device_uplink,1787664817000000000,70b3d57ed00778cc,5260
device_uplink,1787664833000000000,70b3d57ed00778cc,5261
device_uplink,1787664849000000000,70b3d57ed00778cc,5262
device_uplink,1787664865000000000,70b3d57ed00778cc,5263
device_uplink,1787664881000000000,70b3d57ed00778cc,5264
device_uplink,1787664897000000000,70b3d57ed00778cc,5265
device_uplink,1787664915000000000,70b3d57ed00778cc,5266
device_uplink,1787664931000000000,70b3d57ed00778cc,5267
device_uplink,1787664947000000000,70b3d57ed00778cc,5268
device_uplink,1787664963000000000,70b3d57ed00778cc,5269
device_uplink,1787664979000000000,70b3d57ed00778cc,5270
device_uplink,1787664997000000000,70b3d57ed00778cc,5271
device_uplink,1787665013000000000,70b3d57ed00778cc,5272
device_uplink,1787665029000000000,70b3d57ed00778cc,5273
device_uplink,1787665045000000000,70b3d57ed00778cc,5274
device_uplink,1787665077000000000,70b3d57ed00778cc,5276
device_uplink,1787665093000000000,70b3d57ed00778cc,5277
device_uplink,1787665109000000000,70b3d57ed00778cc,5278
device_uplink,1787665127000000000,70b3d57ed00778cc,5279
device_uplink,1787665143000000000,70b3d57ed00778cc,5280
device_uplink,1787665159000000000,70b3d57ed00778cc,5281
device_uplink,1787665175000000000,70b3d57ed00778cc,5282
device_uplink,1787665191000000000,70b3d57ed00778cc,5283
device_uplink,1787665207000000000,70b3d57ed00778cc,5284
device_uplink,1787665223000000000,70b3d57ed00778cc,5285
device_uplink,1787665239000000000,70b3d57ed00778cc,5286
device_uplink,1787665255000000000,70b3d57ed00778cc,5287
device_uplink,1787665273000000000,70b3d57ed00778cc,5288
device_uplink,1787665289000000000,70b3d57ed00778cc,5289
device_uplink,1787665305000000000,70b3d57ed00778cc,5290
device_uplink,1787665321000000000,70b3d57ed00778cc,5291
device_uplink,1787665337000000000,70b3d57ed00778cc,5292
device_uplink,1787665353000000000,70b3d57ed00778cc,5293
device_uplink,1787665369000000000,70b3d57ed00778cc,5294
device_uplink,1787665385000000000,70b3d57ed00778cc,5295
device_uplink,1787665403000000000,70b3d57ed00778cc,5296
device_uplink,1787665419000000000,70b3d57ed00778cc,5297
device_uplink,1787665435000000000,70b3d57ed00778cc,5298
device_uplink,1787665451000000000,70b3d57ed00778cc,5299
device_uplink,1787665467000000000,70b3d57ed00778cc,5300
device_uplink,1787665483000000000,70b3d57ed00778cc,5301
device_uplink,1787665499000000000,70b3d57ed00778cc,5302
device_uplink,1787665515000000000,70b3d57ed00778cc,5303
device_uplink,1787665533000000000,70b3d57ed00778cc,5304
device_uplink,1787665549000000000,70b3d57ed00778cc,5305
device_uplink,1787665565000000000,70b3d57ed00778cc,5306
device_uplink,1787665581000000000,70b3d57ed00778cc,5307
device_uplink,1787665597000000000,70b3d57ed00778cc,5308
device_uplink,1787665613000000000,70b3d57ed00778cc,5309
device_uplink,1787665629000000000,70b3d57ed00778cc,5310
device_uplink,1787665647000000000,70b3d57ed00778cc,5311
device_uplink,1787665663000000000,70b3d57ed00778cc,5312
device_uplink,1787665679000000000,70b3d57ed00778cc,5313
device_uplink,1787665695000000000,70b3d57ed00778cc,5314
device_uplink,1787665711000000000,70b3d57ed00778cc,5315
device_uplink,1787665727000000000,70b3d57ed00778cc,5316
device_uplink,1787665743000000000,70b3d57ed00778cc,5317
device_uplink,1787665759000000000,70b3d57ed00778cc,5318
device_uplink,1787665777000000000,70b3d57ed00778cc,5319
device_uplink,1787665793000000000,70b3d57ed00778cc,5320
device_uplink,1787665809000000000,70b3d57ed00778cc,5321
device_uplink,1787665825000000000,70b3d57ed00778cc,5322
device_uplink,1787665841000000000,70b3d57ed00778cc,5323
device_uplink,1787665857000000000,70b3d57ed00778cc,5324
device_uplink,1787665873000000000,70b3d57ed00778cc,5325
device_uplink,1787665889000000000,70b3d57ed00778cc,5326
device_uplink,1787665907000000000,70b3d57ed00778cc,5327
device_uplink,1787665923000000000,70b3d57ed00778cc,5328
device_uplink,1787665939000000000,70b3d57ed00778cc,5329
device_uplink,1787665955000000000,70b3d57ed00778cc,5330
device_uplink,1787665971000000000,70b3d57ed00778cc,5331
device_uplink,1787665987000000000,70b3d57ed00778cc,5332
device_uplink,1787666003000000000,70b3d57ed00778cc,5333
device_uplink,1787666019000000000,70b3d57ed00778cc,5334
device_uplink,1787666035000000000,70b3d57ed00778cc,5335
device_uplink,1787666053000000000,70b3d57ed00778cc,5336
device_uplink,1787666069000000000,70b3d57ed00778cc,5337
device_uplink,1787666085000000000,70b3d57ed00778cc,5338
device_uplink,1787666101000000000,70b3d57ed00778cc,5339
device_uplink,1787666117000000000,70b3d57ed00778cc,5340
device_uplink,1787666133000000000,70b3d57ed00778cc,5341
device_uplink,1787666149000000000,70b3d57ed00778cc,5342
device_uplink,1787666165000000000,70b3d57ed00778cc,5343
device_uplink,1787666183000000000,70b3d57ed00778cc,5344
device_uplink,1787666199000000000,70b3d57ed00778cc,5345
device_uplink,1787666215000000000,70b3d57ed00778cc,5346
device_uplink,1787666231000000000,70b3d57ed00778cc,5347
device_uplink,1787666247000000000,70b3d57ed00778cc,5348
device_uplink,1787666263000000000,70b3d57ed00778cc,5349
device_uplink,1787666279000000000,70b3d57ed00778cc,5350
device_uplink,1787666297000000000,70b3d57ed00778cc,5351
device_uplink,1787666313000000000,70b3d57ed00778cc,5352
device_uplink,1787666329000000000,70b3d57ed00778cc,5353
device_uplink,1787666345000000000,70b3d57ed00778cc,5354
device_uplink,1787666361000000000,70b3d57ed00778cc,5355
device_uplink,1787666377000000000,70b3d57ed00778cc,5356
device_uplink,1787666393000000000,70b3d57ed00778cc,5357
device_uplink,1787666409000000000,70b3d57ed00778cc,5358
device_uplink,1787666427000000000,70b3d57ed00778cc,5359
device_uplink,1787666459000000000,70b3d57ed00778cc,5361
device_uplink,1787666475000000000,70b3d57ed00778cc,5362
device_uplink,1787666491000000000,70b3d57ed00778cc,5363
device_uplink,1787666507000000000,70b3d57ed00778cc,5364
device_uplink,1787666523000000000,70b3d57ed00778cc,5365
device_uplink,1787666539000000000,70b3d57ed00778cc,5366
device_uplink,1787666555000000000,70b3d57ed00778cc,5367
device_uplink,1787666573000000000,70b3d57ed00778cc,5368
device_uplink,1787666589000000000,70b3d57ed00778cc,5369
device_uplink,1787666605000000000,70b3d57ed00778cc,5370
device_uplink,1787666621000000000,70b3d57ed00778cc,5371
device_uplink,1787666637000000000,70b3d57ed00778cc,5372
device_uplink,1787666653000000000,70b3d57ed00778cc,5373
device_uplink,1787666669000000000,70b3d57ed00778cc,5374
device_uplink,1787666685000000000,70b3d57ed00778cc,5375
device_uplink,1787666703000000000,70b3d57ed00778cc,5376
device_uplink,1787666719000000000,70b3d57ed00778cc,5377
device_uplink,1787666735000000000,70b3d57ed00778cc,5378
device_uplink,1787666751000000000,70b3d57ed00778cc,5379
device_uplink,1787666767000000000,70b3d57ed00778cc,5380
device_uplink,1787666783000000000,70b3d57ed00778cc,5381
device_uplink,1787666799000000000,70b3d57ed00778cc,5382
device_uplink,1787666815000000000,70b3d57ed00778cc,5383
device_uplink,1787666831000000000,70b3d57ed00778cc,5384
device_uplink,1787666849000000000,70b3d57ed00778cc,5385
device_uplink,1787666865000000000,70b3d57ed00778cc,5386
device_uplink,1787666881000000000,70b3d57ed00778cc,5387
device_uplink,1787666897000000000,70b3d57ed00778cc,5388
device_uplink,1787666913000000000,70b3d57ed00778cc,5389
device_uplink,1787666929000000000,70b3d57ed00778cc,5390
device_uplink,1787666945000000000,70b3d57ed00778cc,5391
device_uplink,1787666961000000000,70b3d57ed00778cc,5392
device_uplink,1787666977000000000,70b3d57ed00778cc,5393
device_uplink,1787666993000000000,70b3d57ed00778cc,5394
device_uplink,1787667011000000000,70b3d57ed00778cc,5395
device_uplink,1787667027000000000,70b3d57ed00778cc,5396
device_uplink,1787667043000000000,70b3d57ed00778cc,5397
device_uplink,1787667059000000000,70b3d57ed00778cc,5398
device_uplink,1787667075000000000,70b3d57ed00778cc,5399
device_uplink,1787667091000000000,70b3d57ed00778cc,5400
device_uplink,1787667107000000000,70b3d57ed00778cc,5401
