name,time,dev_eui,rssi,snr,f_cnt
device_uplink,1788818876000000000,70b3d57ed0077801,-32,12,0
device_uplink,1788818885000000000,70b3d57ed00778cc,-21,13.8,3925
device_uplink,1788818901000000000,70b3d57ed00778cc,-20,11.2,3926
device_uplink,1788818919000000000,70b3d57ed00778cc,-19,13.5,3927
device_uplink,1788818935000000000,70b3d57ed00778cc,-18,13.5,3928
device_uplink,1788818951000000000,70b3d57ed00778cc,-19,13.2,3929
device_uplink,1788818967000000000,70b3d57ed00778cc,-21,14,3930
device_uplink,1788818983000000000,70b3d57ed00778cc,-20,13.5,3931
device_uplink,1788818999000000000,70b3d57ed00778cc,-19,13.8,3932
device_uplink,1788819015000000000,70b3d57ed00778cc,-19,11.8,3933
device_uplink,1788819031000000000,70b3d57ed00778cc,-18,13.8,3934
device_uplink,1788819049000000000,70b3d57ed00778cc,-18,13.8,3935
device_uplink,1788819065000000000,70b3d57ed00778cc,-18,14,3936
device_uplink,1788819081000000000,70b3d57ed00778cc,-19,14,3937
device_uplink,1788819097000000000,70b3d57ed00778cc,-19,11.8,3938
device_uplink,1788819113000000000,70b3d57ed00778cc,-18,13.8,3939
device_uplink,1788819129000000000,70b3d57ed00778cc,-21,14.2,3940
device_uplink,1788819145000000000,70b3d57ed00778cc,-18,14,3941
device_uplink,1788819163000000000,70b3d57ed00778cc,-20,14,3942
device_uplink,1788819179000000000,70b3d57ed00778cc,-19,14,3943
device_uplink,1788819195000000000,70b3d57ed00778cc,-18,14,3944
device_uplink,1788819211000000000,70b3d57ed00778cc,-20,13.5,3945
device_uplink,1788819227000000000,70b3d57ed00778cc,-18,13.8,3946
device_uplink,1788819243000000000,70b3d57ed00778cc,-17,14,3947
device_uplink,1788819259000000000,70b3d57ed00778cc,-20,13.8,3948
device_uplink,1788819275000000000,70b3d57ed00778cc,-19,13.8,3949
device_uplink,1788819293000000000,70b3d57ed00778cc,-17,14.2,3950
device_uplink,1788819309000000000,70b3d57ed00778cc,-18,14.2,3951
device_uplink,1788819325000000000,70b3d57ed00778cc,-18,10,3952
device_uplink,1788819341000000000,70b3d57ed00778cc,-17,13.8,3953
device_uplink,1788819357000000000,70b3d57ed00778cc,-18,10.2,3954
device_uplink,1788819373000000000,70b3d57ed00778cc,-18,13.8,3955
device_uplink,1788819389000000000,70b3d57ed00778cc,-17,13.8,3956
device_uplink,1788819407000000000,70b3d57ed00778cc,-19,13.8,3957
device_uplink,1788819423000000000,70b3d57ed00778cc,-18,13.5,3958
device_uplink,1788819439000000000,70b3d57ed00778cc,-17,14,3959
device_uplink,1788819455000000000,70b3d57ed00778cc,-17,13.5,3960
device_uplink,1788819471000000000,70b3d57ed00778cc,-17,13.5,3961
device_uplink,1788819489000000000,70b3d57ed00778cc,-17,14.2,3962
device_uplink,1788819505000000000,70b3d57ed00778cc,-18,10.5,3963
device_uplink,1788819521000000000,70b3d57ed00778cc,-17,14,3964
device_uplink,1788819537000000000,70b3d57ed00778cc,-19,13.5,3965
device_uplink,1788819553000000000,70b3d57ed00778cc,-20,13.2,3966
device_uplink,1788819569000000000,70b3d57ed00778cc,-21,13.5,3967
device_uplink,1788819585000000000,70b3d57ed00778cc,-20,13.8,3968
device_uplink,1788819601000000000,70b3d57ed00778cc,-20,13.5,3969
device_uplink,1788819619000000000,70b3d57ed00778cc,-20,11.8,3970
device_uplink,1788819635000000000,70b3d57ed00778cc,-20,13.5,3971
device_uplink,1788819651000000000,70b3d57ed00778cc,-19,13.5,3972
device_uplink,1788819667000000000,70b3d57ed00778cc,-20,13.5,3973
device_uplink,1788819683000000000,70b3d57ed00778cc,-21,14.2,3974
device_uplink,1788819699000000000,70b3d57ed00778cc,-20,13.8,3975
device_uplink,1788819715000000000,70b3d57ed00778cc,-20,13.2,3976
device_uplink,1788819733000000000,70b3d57ed00778cc,-20,13.2,3977
device_uplink,1788819749000000000,70b3d57ed00778cc,-21,13.8,3978
device_uplink,1788819765000000000,70b3d57ed00778cc,-20,13.5,3979
device_uplink,1788819781000000000,70b3d57ed00778cc,-20,13.5,3980
device_uplink,1788819784000000000,70b3d57ed0077801,-26,13,1
device_uplink,1788819797000000000,70b3d57ed00778cc,-21,13.5,3981
device_uplink,1788819813000000000,70b3d57ed00778cc,-21,14,3982
device_uplink,1788819829000000000,70b3d57ed00778cc,-21,9.8,3983
device_uplink,1788819845000000000,70b3d57ed00778cc,-20,13.8,3984
device_uplink,1788819861000000000,70b3d57ed00778cc,-20,13.2,3985
device_uplink,1788819879000000000,70b3d57ed00778cc,-19,14,3986
device_uplink,1788819895000000000,70b3d57ed00778cc,-20,13,3987
device_uplink,1788819911000000000,70b3d57ed00778cc,-20,13.5,3988
device_uplink,1788819927000000000,70b3d57ed00778cc,-21,13.8,3989
device_uplink,1788819943000000000,70b3d57ed00778cc,-20,13.8,3990
device_uplink,1788819959000000000,70b3d57ed00778cc,-20,11.2,3991
device_uplink,1788819977000000000,70b3d57ed00778cc,-20,13.8,3992
device_uplink,1788819993000000000,70b3d57ed00778cc,-20,12.8,3993
device_uplink,1788820009000000000,70b3d57ed00778cc,-21,13.8,3994
device_uplink,1788820025000000000,70b3d57ed00778cc,-20,11.2,3995
device_uplink,1788820041000000000,70b3d57ed00778cc,-20,13.5,3996
device_uplink,1788820057000000000,70b3d57ed00778cc,-20,13.5,3997
device_uplink,1788820073000000000,70b3d57ed00778cc,-21,13.5,3998
device_uplink,1788820089000000000,70b3d57ed00778cc,-21,13.2,3999
device_uplink,1788820107000000000,70b3d57ed00778cc,-20,13,4000
device_uplink,1788820123000000000,70b3d57ed00778cc,-21,13.2,4001
device_uplink,1788820139000000000,70b3d57ed00778cc,-21,13.5,4002
device_uplink,1788820155000000000,70b3d57ed00778cc,-21,14.2,4003
device_uplink,1788820171000000000,70b3d57ed00778cc,-21,13.5,4004
device_uplink,1788820187000000000,70b3d57ed00778cc,-20,13.5,4005
device_uplink,1788820203000000000,70b3d57ed00778cc,-19,13.2,4006
device_uplink,1788820219000000000,70b3d57ed00778cc,-20,13.2,4007
device_uplink,1788820237000000000,70b3d57ed00778cc,-20,11.2,4008
device_uplink,1788820253000000000,70b3d57ed00778cc,-21,13.5,4009
device_uplink,1788820269000000000,70b3d57ed00778cc,-19,13.8,4010
device_uplink,1788820285000000000,70b3d57ed00778cc,-20,13.2,4011
device_uplink,1788820301000000000,70b3d57ed00778cc,-21,13.5,4012
device_uplink,1788820317000000000,70b3d57ed00778cc,-21,14.2,4013
device_uplink,1788820333000000000,70b3d57ed00778cc,-20,11.2,4014
device_uplink,1788820351000000000,70b3d57ed00778cc,-19,13.5,4015
device_uplink,1788820367000000000,70b3d57ed00778cc,-20,13.5,4016
device_uplink,1788820383000000000,70b3d57ed00778cc,-20,13.5,4017
device_uplink,1788820399000000000,70b3d57ed00778cc,-20,13.2,4018
device_uplink,1788820415000000000,70b3d57ed00778cc,-21,14.5,4019
device_uplink,1788820431000000000,70b3d57ed00778cc,-21,10.8,4020
device_uplink,1788820447000000000,70b3d57ed00778cc,-19,13.5,4021
device_uplink,1788820465000000000,70b3d57ed00778cc,-21,13.8,4022
device_uplink,1788820481000000000,70b3d57ed00778cc,-20,13.5,4023
device_uplink,1788820497000000000,70b3d57ed00778cc,-20,13.2,4024
device_uplink,1788820513000000000,70b3d57ed00778cc,-20,13.5,4025
device_uplink,1788820529000000000,70b3d57ed00778cc,-20,13.5,4026
device_uplink,1788820545000000000,70b3d57ed00778cc,-21,13.8,4027
device_uplink,1788820561000000000,70b3d57ed00778cc,-21,13.5,4028
device_uplink,1788820579000000000,70b3d57ed00778cc,-20,13.5,4029
device_uplink,1788820595000000000,70b3d57ed00778cc,-20,11.8,4030
device_uplink,1788820611000000000,70b3d57ed00778cc,-21,13.8,4031
device_uplink,1788820627000000000,70b3d57ed00778cc,-21,13.5,4032
device_uplink,1788820643000000000,70b3d57ed00778cc,-21,13.8,4033
device_uplink,1788820659000000000,70b3d57ed00778cc,-19,14,4034
device_uplink,1788820675000000000,70b3d57ed00778cc,-20,14,4035
device_uplink,1788820693000000000,70b3d57ed0077801,-29,10.5,2
device_uplink,1788820693000000000,70b3d57ed00778cc,-20,11.2,4036
device_uplink,1788820709000000000,70b3d57ed00778cc,-20,13.5,4037
device_uplink,1788820725000000000,70b3d57ed00778cc,-20,14,4038
device_uplink,1788820741000000000,70b3d57ed00778cc,-21,13.8,4039
device_uplink,1788820757000000000,70b3d57ed00778cc,-21,14.2,4040
device_uplink,1788820773000000000,70b3d57ed00778cc,-21,13.8,4041
device_uplink,1788820789000000000,70b3d57ed00778cc,-19,13.5,4042
device_uplink,1788820805000000000,70b3d57ed00778cc,-20,13.5,4043
device_uplink,1788820823000000000,70b3d57ed00778cc,-20,13.8,4044
device_uplink,1788820839000000000,70b3d57ed00778cc,-20,13.5,4045
device_uplink,1788820855000000000,70b3d57ed00778cc,-20,13.5,4046
device_uplink,1788820871000000000,70b3d57ed00778cc,-22,9.8,4047
device_uplink,1788820887000000000,70b3d57ed00778cc,-20,13.5,4048
device_uplink,1788820903000000000,70b3d57ed00778cc,-19,13.8,4049
device_uplink,1788820919000000000,70b3d57ed00778cc,-18,13.8,4050
device_uplink,1788820937000000000,70b3d57ed00778cc,-21,10.2,4051
device_uplink,1788820953000000000,70b3d57ed00778cc,-20,13.5,4052
device_uplink,1788820969000000000,70b3d57ed00778cc,-20,13,4053
device_uplink,1788820985000000000,70b3d57ed00778cc,-23,13.2,4054
device_uplink,1788821001000000000,70b3d57ed00778cc,-21,14,4055
device_uplink,1788821017000000000,70b3d57ed00778cc,-21,14,4056
device_uplink,1788821033000000000,70b3d57ed00778cc,-21,14,4057
device_uplink,1788821049000000000,70b3d57ed00778cc,-22,10.5,4058
device_uplink,1788821065000000000,70b3d57ed00778cc,-21,13.5,4059
device_uplink,1788821083000000000,70b3d57ed00778cc,-20,13.8,4060
device_uplink,1788821099000000000,70b3d57ed00778cc,-20,13.2,4061
device_uplink,1788821115000000000,70b3d57ed00778cc,-22,14,4062
device_uplink,1788821131000000000,70b3d57ed00778cc,-21,13.8,4063
device_uplink,1788821147000000000,70b3d57ed00778cc,-21,13.5,4064
device_uplink,1788821163000000000,70b3d57ed00778cc,-20,13.8,4065
device_uplink,1788821179000000000,70b3d57ed00778cc,-21,14,4066
device_uplink,1788821195000000000,70b3d57ed00778cc,-21,14,4067
device_uplink,1788821213000000000,70b3d57ed00778cc,-19,13.5,4068
device_uplink,1788821229000000000,70b3d57ed00778cc,-23,13.5,4069
device_uplink,1788821245000000000,70b3d57ed00778cc,-20,13.5,4070
device_uplink,1788821261000000000,70b3d57ed00778cc,-19,11.5,4071
device_uplink,1788821277000000000,70b3d57ed00778cc,-16,13.5,4072
device_uplink,1788821293000000000,70b3d57ed00778cc,-18,13,4073
device_uplink,1788821311000000000,70b3d57ed00778cc,-19,11.2,4074
device_uplink,1788821327000000000,70b3d57ed00778cc,-19,13.8,4075
device_uplink,1788821343000000000,70b3d57ed00778cc,-17,14.5,4076
device_uplink,1788821359000000000,70b3d57ed00778cc,-20,13.8,4077
device_uplink,1788821375000000000,70b3d57ed00778cc,-17,14,4078
device_uplink,1788821391000000000,70b3d57ed00778cc,-17,14.2,4079
device_uplink,1788821407000000000,70b3d57ed00778cc,-18,14,4080
device_uplink,1788821423000000000,70b3d57ed00778cc,-17,13.2,4081
device_uplink,1788821441000000000,70b3d57ed00778cc,-18,14,4082
device_uplink,1788821457000000000,70b3d57ed00778cc,-18,13.5,4083
device_uplink,1788821473000000000,70b3d57ed00778cc,-19,13.8,4084
device_uplink,1788821489000000000,70b3d57ed00778cc,-18,14,4085
device_uplink,1788821505000000000,70b3d57ed00778cc,-18,14,4086
device_uplink,1788821521000000000,70b3d57ed00778cc,-18,13.5,4087
device_uplink,1788821537000000000,70b3d57ed00778cc,-19,11.5,4088
device_uplink,1788821555000000000,70b3d57ed00778cc,-18,13.5,4089
device_uplink,1788821571000000000,70b3d57ed00778cc,-20,13.5,4090
device_uplink,1788821587000000000,70b3d57ed00778cc,-20,13.8,4091
device_uplink,1788821601000000000,70b3d57ed0077801,-27,13.8,3
device_uplink,1788821603000000000,70b3d57ed00778cc,-22,9.8,4092
device_uplink,1788821619000000000,70b3d57ed00778cc,-20,13.8,4093
device_uplink,1788821635000000000,70b3d57ed00778cc,-22,13.8,4094
device_uplink,1788821651000000000,70b3d57ed00778cc,-21,14,4095
device_uplink,1788821669000000000,70b3d57ed00778cc,-23,13,4096
device_uplink,1788821685000000000,70b3d57ed00778cc,-21,14,4097
device_uplink,1788821701000000000,70b3d57ed00778cc,-26,13.8,4098
device_uplink,1788821717000000000,70b3d57ed00778cc,-20,13,4099
device_uplink,1788821733000000000,70b3d57ed00778cc,-21,13.5,4100
device_uplink,1788821749000000000,70b3d57ed00778cc,-24,13.8,4101
device_uplink,1788821765000000000,70b3d57ed00778cc,-24,10.2,4102
device_uplink,1788821781000000000,70b3d57ed00778cc,-22,14.2,4103
device_uplink,1788821799000000000,70b3d57ed00778cc,-22,13.8,4104
device_uplink,1788821815000000000,70b3d57ed00778cc,-22,13.8,4105
device_uplink,1788821831000000000,70b3d57ed00778cc,-22,13.5,4106
device_uplink,1788821847000000000,70b3d57ed00778cc,-22,13.5,4107
device_uplink,1788821863000000000,70b3d57ed00778cc,-22,10.5,4108
device_uplink,1788821879000000000,70b3d57ed00778cc,-22,14.2,4109
device_uplink,1788821895000000000,70b3d57ed00778cc,-23,13.8,4110
device_uplink,1788821911000000000,70b3d57ed00778cc,-24,13.5,4111
device_uplink,1788821929000000000,70b3d57ed00778cc,-23,13,4112
device_uplink,1788821945000000000,70b3d57ed00778cc,-22,13.8,4113
device_uplink,1788821961000000000,70b3d57ed00778cc,-24,10.5,4114
device_uplink,1788821977000000000,70b3d57ed00778cc,-24,13.8,4115
device_uplink,1788821993000000000,70b3d57ed00778cc,-21,13.5,4116
device_uplink,1788822009000000000,70b3d57ed00778cc,-23,13.5,4117
device_uplink,1788822025000000000,70b3d57ed00778cc,-23,13.8,4118
device_uplink,1788822043000000000,70b3d57ed00778cc,-22,13.8,4119
device_uplink,1788822059000000000,70b3d57ed00778cc,-23,13.2,4120
device_uplink,1788822075000000000,70b3d57ed00778cc,-23,13.5,4121
device_uplink,1788822091000000000,70b3d57ed00778cc,-24,13.2,4122
device_uplink,1788822107000000000,70b3d57ed00778cc,-22,10.8,4123
device_uplink,1788822139000000000,70b3d57ed00778cc,-23,13.8,4125
device_uplink,1788822157000000000,70b3d57ed00778cc,-23,14.5,4126
device_uplink,1788822173000000000,70b3d57ed00778cc,-22,13.8,4127
device_uplink,1788822189000000000,70b3d57ed00778cc,-23,13.2,4128
device_uplink,1788822205000000000,70b3d57ed00778cc,-23,13.5,4129
device_uplink,1788822221000000000,70b3d57ed00778cc,-23,14,4130
device_uplink,1788822237000000000,70b3d57ed00778cc,-23,13.5,4131
device_uplink,1788822253000000000,70b3d57ed00778cc,-32,10,4132
device_uplink,1788822271000000000,70b3d57ed00778cc,-23,14,4133
device_uplink,1788822287000000000,70b3d57ed00778cc,-22,14,4134
device_uplink,1788822303000000000,70b3d57ed00778cc,-22,13.8,4135
device_uplink,1788822319000000000,70b3d57ed00778cc,-22,13,4136
device_uplink,1788822335000000000,70b3d57ed00778cc,-23,13.5,4137
device_uplink,1788822351000000000,70b3d57ed00778cc,-22,13.8,4138
device_uplink,1788822367000000000,70b3d57ed00778cc,-22,14,4139
device_uplink,1788822383000000000,70b3d57ed00778cc,-23,13.5,4140
device_uplink,1788822399000000000,70b3d57ed00778cc,-24,13.8,4141
device_uplink,1788822417000000000,70b3d57ed00778cc,-22,13.8,4142
device_uplink,1788822433000000000,70b3d57ed00778cc,-22,13.8,4143
device_uplink,1788822449000000000,70b3d57ed00778cc,-24,9.8,4144
device_uplink,1788822465000000000,70b3d57ed00778cc,-23,14.5,4145
device_uplink,1788822481000000000,70b3d57ed00778cc,-24,13.8,4146
device_uplink,1788822497000000000,70b3d57ed00778cc,-24,14,4147
device_uplink,1788822510000000000,70b3d57ed0077801,-26,13.2,4
device_uplink,1788822515000000000,70b3d57ed00778cc,-24,13,4148
device_uplink,1788822531000000000,70b3d57ed00778cc,-23,14.5,4149
device_uplink,1788822547000000000,70b3d57ed00778cc,-23,13,4150
device_uplink,1788822563000000000,70b3d57ed00778cc,-23,10.5,4151
device_uplink,1788822579000000000,70b3d57ed00778cc,-22,13.8,4152
device_uplink,1788822595000000000,70b3d57ed00778cc,-23,13.8,4153
device_uplink,1788822611000000000,70b3d57ed00778cc,-22,13,4154
device_uplink,1788822627000000000,70b3d57ed00778cc,-22,13.8,4155
device_uplink,1788822645000000000,70b3d57ed00778cc,-22,13.5,4156
device_uplink,1788822661000000000,70b3d57ed00778cc,-21,14,4157
device_uplink,1788822677000000000,70b3d57ed00778cc,-26,13.2,4158
device_uplink,1788822693000000000,70b3d57ed00778cc,-28,14,4159
device_uplink,1788822709000000000,70b3d57ed00778cc,-24,9.8,4160
device_uplink,1788822725000000000,70b3d57ed00778cc,-24,12.2,4161
device_uplink,1788822743000000000,70b3d57ed00778cc,-22,13.5,4162
device_uplink,1788822759000000000,70b3d57ed00778cc,-25,11.5,4163
device_uplink,1788822775000000000,70b3d57ed00778cc,-24,11.8,4164
device_uplink,1788822791000000000,70b3d57ed00778cc,-24,13.2,4165
device_uplink,1788822807000000000,70b3d57ed00778cc,-25,14.5,4166
device_uplink,1788822823000000000,70b3d57ed00778cc,-27,13.2,4167
device_uplink,1788822839000000000,70b3d57ed00778cc,-24,14,4168
device_uplink,1788822855000000000,70b3d57ed00778cc,-23,14,4169
device_uplink,1788822873000000000,70b3d57ed00778cc,-25,11.2,4170
device_uplink,1788822889000000000,70b3d57ed00778cc,-24,14,4171
device_uplink,1788822905000000000,70b3d57ed00778cc,-24,13.8,4172
device_uplink,1788822921000000000,70b3d57ed00778cc,-23,13.2,4173
device_uplink,1788822937000000000,70b3d57ed00778cc,-22,13.8,4174
device_uplink,1788822953000000000,70b3d57ed00778cc,-24,13.5,4175
device_uplink,1788822969000000000,70b3d57ed00778cc,-26,13.8,4176
device_uplink,1788822985000000000,70b3d57ed00778cc,-25,13.5,4177
device_uplink,1788823003000000000,70b3d57ed00778cc,-30,11,4178
device_uplink,1788823019000000000,70b3d57ed00778cc,-23,13.8,4179
device_uplink,1788823035000000000,70b3d57ed00778cc,-23,14.2,4180
device_uplink,1788823051000000000,70b3d57ed00778cc,-26,13.8,4181
device_uplink,1788823067000000000,70b3d57ed00778cc,-23,14.5,4182
device_uplink,1788823083000000000,70b3d57ed00778cc,-25,13.2,4183
device_uplink,1788823099000000000,70b3d57ed00778cc,-27,13.2,4184
device_uplink,1788823115000000000,70b3d57ed00778cc,-25,13.8,4185
device_uplink,1788823133000000000,70b3d57ed00778cc,-27,14,4186
device_uplink,1788823149000000000,70b3d57ed00778cc,-25,13.5,4187
device_uplink,1788823165000000000,70b3d57ed00778cc,-23,14.2,4188
device_uplink,1788823181000000000,70b3d57ed00778cc,-23,13.2,4189
device_uplink,1788823197000000000,70b3d57ed00778cc,-23,14.2,4190
device_uplink,1788823213000000000,70b3d57ed00778cc,-24,10,4191
device_uplink,1788823231000000000,70b3d57ed00778cc,-22,13.5,4192
device_uplink,1788823247000000000,70b3d57ed00778cc,-23,14,4193
device_uplink,1788823263000000000,70b3d57ed00778cc,-23,13.8,4194
device_uplink,1788823279000000000,70b3d57ed00778cc,-24,9.8,4195
device_uplink,1788823295000000000,70b3d57ed00778cc,-23,14,4196
device_uplink,1788823311000000000,70b3d57ed00778cc,-24,14,4197
device_uplink,1788823327000000000,70b3d57ed00778cc,-23,14.5,4198
device_uplink,1788823343000000000,70b3d57ed00778cc,-22,13.2,4199
device_uplink,1788823361000000000,70b3d57ed00778cc,-21,13.8,4200
device_uplink,1788823377000000000,70b3d57ed00778cc,-22,13.8,4201
device_uplink,1788823393000000000,70b3d57ed00778cc,-24,13.5,4202
device_uplink,1788823409000000000,70b3d57ed00778cc,-23,14,4203
device_uplink,1788823418000000000,70b3d57ed0077801,-22,13.8,5
device_uplink,1788823425000000000,70b3d57ed00778cc,-24,9.8,4204
device_uplink,1788823441000000000,70b3d57ed00778cc,-23,14,4205
device_uplink,1788823459000000000,70b3d57ed00778cc,-23,14.5,4206
device_uplink,1788823475000000000,70b3d57ed00778cc,-22,13.8,4207
device_uplink,1788823491000000000,70b3d57ed00778cc,-27,14.2,4208
device_uplink,1788823507000000000,70b3d57ed00778cc,-24,13.8,4209
device_uplink,1788823523000000000,70b3d57ed00778cc,-26,13.8,4210
device_uplink,1788823539000000000,70b3d57ed00778cc,-24,13.8,4211
device_uplink,1788823555000000000,70b3d57ed00778cc,-24,13.8,4212
device_uplink,1788823571000000000,70b3d57ed00778cc,-24,13,4213
device_uplink,1788823589000000000,70b3d57ed00778cc,-25,13.5,4214
device_uplink,1788823605000000000,70b3d57ed00778cc,-25,11,4215
device_uplink,1788823621000000000,70b3d57ed00778cc,-24,13,4216
device_uplink,1788823637000000000,70b3d57ed00778cc,-25,13.5,4217
device_uplink,1788823653000000000,70b3d57ed00778cc,-26,13.2,4218
device_uplink,1788823669000000000,70b3d57ed00778cc,-25,13.8,4219
device_uplink,1788823685000000000,70b3d57ed00778cc,-24,13.8,4220
device_uplink,1788823701000000000,70b3d57ed00778cc,-26,13.8,4221
device_uplink,1788823719000000000,70b3d57ed00778cc,-24,13.5,4222
device_uplink,1788823735000000000,70b3d57ed00778cc,-24,9.8,4223
device_uplink,1788823751000000000,70b3d57ed00778cc,-23,14,4224
device_uplink,1788823767000000000,70b3d57ed00778cc,-24,13.8,4225
device_uplink,1788823783000000000,70b3d57ed00778cc,-24,13.5,4226
device_uplink,1788823799000000000,70b3d57ed00778cc,-24,10,4227
device_uplink,1788823815000000000,70b3d57ed00778cc,-26,13.8,4228
device_uplink,1788823833000000000,70b3d57ed00778cc,-26,13.5,4229
device_uplink,1788823849000000000,70b3d57ed00778cc,-24,14,4230
device_uplink,1788823865000000000,70b3d57ed00778cc,-24,12.2,4231
device_uplink,1788823881000000000,70b3d57ed00778cc,-24,13.5,4232
device_uplink,1788823897000000000,70b3d57ed00778cc,-24,14,4233
device_uplink,1788823913000000000,70b3d57ed00778cc,-24,13.5,4234
device_uplink,1788823929000000000,70b3d57ed00778cc,-29,13.5,4235
device_uplink,1788823945000000000,70b3d57ed00778cc,-23,13.8,4236
device_uplink,1788823963000000000,70b3d57ed00778cc,-23,13.2,4237
device_uplink,1788823979000000000,70b3d57ed00778cc,-20,11.5,4238
device_uplink,1788823995000000000,70b3d57ed00778cc,-21,14,4239
device_uplink,1788824011000000000,70b3d57ed00778cc,-22,13.5,4240
device_uplink,1788824027000000000,70b3d57ed00778cc,-22,14,4241
device_uplink,1788824043000000000,70b3d57ed00778cc,-21,13.5,4242
device_uplink,1788824059000000000,70b3d57ed00778cc,-24,10.2,4243
device_uplink,1788824075000000000,70b3d57ed00778cc,-22,13.8,4244
device_uplink,1788824093000000000,70b3d57ed00778cc,-20,13.5,4245
device_uplink,1788824109000000000,70b3d57ed00778cc,-20,13.2,4246
device_uplink,1788824125000000000,70b3d57ed00778cc,-21,14.2,4247
device_uplink,1788824141000000000,70b3d57ed00778cc,-21,13.8,4248
device_uplink,1788824157000000000,70b3d57ed00778cc,-21,13.5,4249
device_uplink,1788824173000000000,70b3d57ed00778cc,-25,13.8,4250
device_uplink,1788824189000000000,70b3d57ed00778cc,-21,13.5,4251
device_uplink,1788824205000000000,70b3d57ed00778cc,-22,14,4252
device_uplink,1788824221000000000,70b3d57ed00778cc,-24,13.5,4253
device_uplink,1788824239000000000,70b3d57ed00778cc,-22,13,4254
device_uplink,1788824255000000000,70b3d57ed00778cc,-21,14,4255
device_uplink,1788824271000000000,70b3d57ed00778cc,-21,11,4256
device_uplink,1788824287000000000,70b3d57ed00778cc,-21,13.5,4257
device_uplink,1788824303000000000,70b3d57ed00778cc,-22,14,4258
device_uplink,1788824319000000000,70b3d57ed00778cc,-22,10.8,4259
device_uplink,1788824327000000000,70b3d57ed0077801,-27,14,6
device_uplink,1788824335000000000,70b3d57ed00778cc,-23,14,4260
device_uplink,1788824351000000000,70b3d57ed00778cc,-20,13.8,4261
device_uplink,1788824369000000000,70b3d57ed00778cc,-21,13.8,4262
device_uplink,1788824385000000000,70b3d57ed00778cc,-23,14.2,4263
device_uplink,1788824401000000000,70b3d57ed00778cc,-21,13.8,4264
device_uplink,1788824417000000000,70b3d57ed00778cc,-20,13.8,4265
device_uplink,1788824433000000000,70b3d57ed00778cc,-18,13.8,4266
device_uplink,1788824449000000000,70b3d57ed00778cc,-21,10,4267
device_uplink,1788824467000000000,70b3d57ed00778cc,-23,14.5,4268
device_uplink,1788824483000000000,70b3d57ed00778cc,-22,13.8,4269
device_uplink,1788824499000000000,70b3d57ed00778cc,-21,13.5,4270
device_uplink,1788824515000000000,70b3d57ed00778cc,-25,13.8,4271
device_uplink,1788824531000000000,70b3d57ed00778cc,-21,14,4272
device_uplink,1788824547000000000,70b3d57ed00778cc,-21,13.2,4273
device_uplink,1788824565000000000,70b3d57ed00778cc,-20,13.5,4274
device_uplink,1788824581000000000,70b3d57ed00778cc,-21,13.8,4275
device_uplink,1788824597000000000,70b3d57ed00778cc,-22,14,4276
device_uplink,1788824613000000000,70b3d57ed00778cc,-18,13.2,4277
device_uplink,1788824629000000000,70b3d57ed00778cc,-23,13.2,4278
device_uplink,1788824645000000000,70b3d57ed00778cc,-23,13.8,4279
device_uplink,1788824661000000000,70b3d57ed00778cc,-26,11.5,4280
device_uplink,1788824679000000000,70b3d57ed00778cc,-19,13.8,4281
device_uplink,1788824695000000000,70b3d57ed00778cc,-22,14,4282
device_uplink,1788824711000000000,70b3d57ed00778cc,-24,13.5,4283
device_uplink,1788824727000000000,70b3d57ed00778cc,-23,13.8,4284
device_uplink,1788824743000000000,70b3d57ed00778cc,-22,13.2,4285
device_uplink,1788824759000000000,70b3d57ed00778cc,-22,13.8,4286
device_uplink,1788824775000000000,70b3d57ed00778cc,-22,13.5,4287
device_uplink,1788824791000000000,70b3d57ed00778cc,-21,9,4288
device_uplink,1788824807000000000,70b3d57ed00778cc,-20,13.2,4289
device_uplink,1788824825000000000,70b3d57ed00778cc,-22,13.2,4290
device_uplink,1788824841000000000,70b3d57ed00778cc,-21,11.2,4291
device_uplink,1788824857000000000,70b3d57ed00778cc,-23,14.2,4292
device_uplink,1788824873000000000,70b3d57ed00778cc,-21,14,4293
device_uplink,1788824889000000000,70b3d57ed00778cc,-24,13,4294
device_uplink,1788824905000000000,70b3d57ed00778cc,-21,14,4295
device_uplink,1788824921000000000,70b3d57ed00778cc,-21,13.8,4296
device_uplink,1788824939000000000,70b3d57ed00778cc,-22,13.2,4297
device_uplink,1788824955000000000,70b3d57ed00778cc,-22,9,4298
device_uplink,1788824971000000000,70b3d57ed00778cc,-21,14,4299
device_uplink,1788824987000000000,70b3d57ed00778cc,-22,13.8,4300
device_uplink,1788825003000000000,70b3d57ed00778cc,-23,13.8,4301
device_uplink,1788825019000000000,70b3d57ed00778cc,-21,13.8,4302
device_uplink,1788825035000000000,70b3d57ed00778cc,-22,13.8,4303
device_uplink,1788825051000000000,70b3d57ed00778cc,-19,13.8,4304
device_uplink,1788825069000000000,70b3d57ed00778cc,-24,13.2,4305
device_uplink,1788825085000000000,70b3d57ed00778cc,-21,13.8,4306
device_uplink,1788825101000000000,70b3d57ed00778cc,-19,13.8,4307
device_uplink,1788825117000000000,70b3d57ed00778cc,-24,9.8,4308
device_uplink,1788825133000000000,70b3d57ed00778cc,-23,14,4309
device_uplink,1788825149000000000,70b3d57ed00778cc,-23,13.8,4310
device_uplink,1788825165000000000,70b3d57ed00778cc,-21,13.8,4311
device_uplink,1788825181000000000,70b3d57ed00778cc,-22,13.5,4312
device_uplink,1788825197000000000,70b3d57ed00778cc,-22,13.5,4313
device_uplink,1788825215000000000,70b3d57ed00778cc,-23,14.2,4314
device_uplink,1788825231000000000,70b3d57ed00778cc,-25,13.5,4315
device_uplink,1788825235000000000,70b3d57ed0077801,-29,13.5,7
device_uplink,1788825247000000000,70b3d57ed00778cc,-22,14,4316
device_uplink,1788825263000000000,70b3d57ed00778cc,-23,10.2,4317
device_uplink,1788825279000000000,70b3d57ed00778cc,-21,14,4318
device_uplink,1788825295000000000,70b3d57ed00778cc,-20,13,4319
device_uplink,1788825313000000000,70b3d57ed00778cc,-22,13.5,4320
device_uplink,1788825329000000000,70b3d57ed00778cc,-23,13.8,4321
device_uplink,1788825345000000000,70b3d57ed00778cc,-22,10.2,4322
device_uplink,1788825361000000000,70b3d57ed00778cc,-22,14,4323
device_uplink,1788825377000000000,70b3d57ed00778cc,-21,14.2,4324
device_uplink,1788825393000000000,70b3d57ed00778cc,-22,13.5,4325
device_uplink,1788825409000000000,70b3d57ed00778cc,-23,14.2,4326
device_uplink,1788825425000000000,70b3d57ed00778cc,-24,13.8,4327
device_uplink,1788825443000000000,70b3d57ed00778cc,-26,13.5,4328
device_uplink,1788825459000000000,70b3d57ed00778cc,-23,14.5,4329
device_uplink,1788825475000000000,70b3d57ed00778cc,-24,9.8,4330
device_uplink,1788825491000000000,70b3d57ed00778cc,-24,13.2,4331
device_uplink,1788825507000000000,70b3d57ed00778cc,-24,13.5,4332
device_uplink,1788825523000000000,70b3d57ed00778cc,-23,13.5,4333
device_uplink,1788825539000000000,70b3d57ed00778cc,-23,14.5,4334
device_uplink,1788825555000000000,70b3d57ed00778cc,-21,13.5,4335
device_uplink,1788825573000000000,70b3d57ed00778cc,-22,13.2,4336
device_uplink,1788825589000000000,70b3d57ed00778cc,-22,14,4337
device_uplink,1788825605000000000,70b3d57ed00778cc,-24,11.2,4338
device_uplink,1788825621000000000,70b3d57ed00778cc,-21,14.2,4339
device_uplink,1788825637000000000,70b3d57ed00778cc,-21,14,4340
device_uplink,1788825653000000000,70b3d57ed00778cc,-23,13.5,4341
device_uplink,1788825669000000000,70b3d57ed00778cc,-21,13.8,4342
device_uplink,1788825685000000000,70b3d57ed00778cc,-23,14.5,4343
device_uplink,1788825703000000000,70b3d57ed00778cc,-24,14.2,4344
device_uplink,1788825719000000000,70b3d57ed00778cc,-23,14.2,4345
device_uplink,1788825735000000000,70b3d57ed00778cc,-25,13.2,4346
device_uplink,1788825751000000000,70b3d57ed00778cc,-24,14,4347
device_uplink,1788825767000000000,70b3d57ed00778cc,-24,10,4348
device_uplink,1788825783000000000,70b3d57ed00778cc,-23,13.8,4349
device_uplink,1788825799000000000,70b3d57ed00778cc,-23,13.5,4350
device_uplink,1788825815000000000,70b3d57ed00778cc,-22,13.5,4351
device_uplink,1788825833000000000,70b3d57ed00778cc,-24,12.2,4352
device_uplink,1788825849000000000,70b3d57ed00778cc,-24,13.8,4353
device_uplink,1788825865000000000,70b3d57ed00778cc,-25,13.5,4354
device_uplink,1788825881000000000,70b3d57ed00778cc,-22,13.8,4355
device_uplink,1788825897000000000,70b3d57ed00778cc,-26,11.5,4356
device_uplink,1788825913000000000,70b3d57ed00778cc,-20,13.8,4357
device_uplink,1788825929000000000,70b3d57ed00778cc,-23,14,4358
device_uplink,1788825945000000000,70b3d57ed00778cc,-27,14.2,4359
device_uplink,1788825963000000000,70b3d57ed00778cc,-25,13.8,4360
device_uplink,1788825979000000000,70b3d57ed00778cc,-24,14,4361
device_uplink,1788825995000000000,70b3d57ed00778cc,-26,13.5,4362
device_uplink,1788826011000000000,70b3d57ed00778cc,-26,13.5,4363
device_uplink,1788826027000000000,70b3d57ed00778cc,-23,13.5,4364
device_uplink,1788826043000000000,70b3d57ed00778cc,-28,13.8,4365
device_uplink,1788826059000000000,70b3d57ed00778cc,-22,14,4366
device_uplink,1788826075000000000,70b3d57ed00778cc,-22,14.5,4367
device_uplink,1788826093000000000,70b3d57ed00778cc,-23,10.2,4368
device_uplink,1788826109000000000,70b3d57ed00778cc,-24,13.8,4369
device_uplink,1788826125000000000,70b3d57ed00778cc,-25,13.5,4370
device_uplink,1788826141000000000,70b3d57ed00778cc,-24,10,4371
device_uplink,1788826144000000000,70b3d57ed0077801,-23,13.5,8
device_uplink,1788826157000000000,70b3d57ed00778cc,-25,14,4372
device_uplink,1788826173000000000,70b3d57ed00778cc,-24,13.8,4373
device_uplink,1788826189000000000,70b3d57ed00778cc,-21,14.2,4374
device_uplink,1788826205000000000,70b3d57ed00778cc,-24,13.8,4375
device_uplink,1788826223000000000,70b3d57ed00778cc,-22,13.5,4376
device_uplink,1788826239000000000,70b3d57ed00778cc,-23,13.5,4377
device_uplink,1788826255000000000,70b3d57ed00778cc,-24,13.8,4378
device_uplink,1788826271000000000,70b3d57ed00778cc,-22,14,4379
device_uplink,1788826287000000000,70b3d57ed00778cc,-24,8.8,4380
device_uplink,1788826303000000000,70b3d57ed00778cc,-23,13.8,4381
device_uplink,1788826319000000000,70b3d57ed00778cc,-24,13.8,4382
device_uplink,1788826335000000000,70b3d57ed00778cc,-23,13.8,4383
device_uplink,1788826353000000000,70b3d57ed00778cc,-23,14,4384
device_uplink,1788826369000000000,70b3d57ed00778cc,-22,13.5,4385
device_uplink,1788826385000000000,70b3d57ed00778cc,-24,13.8,4386
device_uplink,1788826401000000000,70b3d57ed00778cc,-24,10,4387
device_uplink,1788826417000000000,70b3d57ed00778cc,-27,14.2,4388
device_uplink,1788826433000000000,70b3d57ed00778cc,-23,14.2,4389
device_uplink,1788826449000000000,70b3d57ed00778cc,-23,14.2,4390
device_uplink,1788826465000000000,70b3d57ed00778cc,-23,14,4391
device_uplink,1788826483000000000,70b3d57ed00778cc,-24,14,4392
device_uplink,1788826499000000000,70b3d57ed00778cc,-24,13.5,4393
device_uplink,1788826515000000000,70b3d57ed00778cc,-23,14.2,4394
device_uplink,1788826531000000000,70b3d57ed00778cc,-24,9.8,4395
device_uplink,1788826547000000000,70b3d57ed00778cc,-25,13.8,4396
device_uplink,1788826563000000000,70b3d57ed00778cc,-23,13.8,4397
device_uplink,1788826579000000000,70b3d57ed00778cc,-23,14.8,4398
device_uplink,1788826595000000000,70b3d57ed00778cc,-22,13.8,4399
device_uplink,1788826613000000000,70b3d57ed00778cc,-24,14,4400
device_uplink,1788826629000000000,70b3d57ed00778cc,-24,13.5,4401
device_uplink,1788826645000000000,70b3d57ed00778cc,-23,14,4402
device_uplink,1788826661000000000,70b3d57ed00778cc,-22,13.8,4403
device_uplink,1788826677000000000,70b3d57ed00778cc,-24,13.5,4404
device_uplink,1788826693000000000,70b3d57ed00778cc,-22,14,4405
device_uplink,1788826709000000000,70b3d57ed00778cc,-25,11.5,4406
device_uplink,1788826725000000000,70b3d57ed00778cc,-24,14,4407
device_uplink,1788826743000000000,70b3d57ed00778cc,-24,13.8,4408
device_uplink,1788826759000000000,70b3d57ed00778cc,-30,12,4409
device_uplink,1788826775000000000,70b3d57ed00778cc,-24,10,4410
device_uplink,1788826791000000000,70b3d57ed00778cc,-26,13.8,4411
device_uplink,1788826807000000000,70b3d57ed00778cc,-22,13.8,4412
device_uplink,1788826823000000000,70b3d57ed00778cc,-24,13.8,4413
device_uplink,1788826839000000000,70b3d57ed00778cc,-24,13,4414
device_uplink,1788826855000000000,70b3d57ed00778cc,-24,13.8,4415
device_uplink,1788826873000000000,70b3d57ed00778cc,-24,12.5,4416
device_uplink,1788826889000000000,70b3d57ed00778cc,-23,13.5,4417
device_uplink,1788826905000000000,70b3d57ed00778cc,-22,14,4418
device_uplink,1788826921000000000,70b3d57ed00778cc,-22,13.2,4419
device_uplink,1788826937000000000,70b3d57ed00778cc,-25,13.8,4420
device_uplink,1788826953000000000,70b3d57ed00778cc,-25,14.2,4421
device_uplink,1788826969000000000,70b3d57ed00778cc,-24,9.5,4422
device_uplink,1788826985000000000,70b3d57ed00778cc,-21,14.5,4423
device_uplink,1788827003000000000,70b3d57ed00778cc,-23,13.8,4424
device_uplink,1788827019000000000,70b3d57ed00778cc,-24,14,4425
device_uplink,1788827035000000000,70b3d57ed00778cc,-23,12.8,4426
device_uplink,1788827051000000000,70b3d57ed00778cc,-23,14.2,4427
device_uplink,1788827052000000000,70b3d57ed0077801,-21,14,9
device_uplink,1788827067000000000,70b3d57ed00778cc,-27,14,4428
device_uplink,1788827083000000000,70b3d57ed00778cc,-25,13.8,4429
device_uplink,1788827099000000000,70b3d57ed00778cc,-24,12.8,4430
device_uplink,1788827115000000000,70b3d57ed00778cc,-24,10.2,4431
device_uplink,1788827133000000000,70b3d57ed00778cc,-24,13.5,4432
device_uplink,1788827149000000000,70b3d57ed00778cc,-23,14,4433
device_uplink,1788827165000000000,70b3d57ed00778cc,-22,12.5,4434
device_uplink,1788827181000000000,70b3d57ed00778cc,-25,13.2,4435
device_uplink,1788827197000000000,70b3d57ed00778cc,-23,13.5,4436
device_uplink,1788827213000000000,70b3d57ed00778cc,-24,13.8,4437
device_uplink,1788827229000000000,70b3d57ed00778cc,-23,14.2,4438
device_uplink,1788827245000000000,70b3d57ed00778cc,-24,10,4439
device_uplink,1788827263000000000,70b3d57ed00778cc,-25,13.2,4440
device_uplink,1788827279000000000,70b3d57ed00778cc,-24,13.5,4441
device_uplink,1788827295000000000,70b3d57ed00778cc,-25,14.2,4442
device_uplink,1788827311000000000,70b3d57ed00778cc,-23,14,4443
device_uplink,1788827327000000000,70b3d57ed00778cc,-22,14.8,4444
device_uplink,1788827343000000000,70b3d57ed00778cc,-28,14.2,4445
device_uplink,1788827359000000000,70b3d57ed00778cc,-24,10.2,4446
device_uplink,1788827375000000000,70b3d57ed00778cc,-24,13,4447
device_uplink,1788827391000000000,70b3d57ed00778cc,-26,13.8,4448
device_uplink,1788827409000000000,70b3d57ed00778cc,-22,14,4449
device_uplink,1788827425000000000,70b3d57ed00778cc,-25,13.8,4450
device_uplink,1788827441000000000,70b3d57ed00778cc,-23,13.5,4451
device_uplink,1788827457000000000,70b3d57ed00778cc,-24,12.8,4452
device_uplink,1788827473000000000,70b3d57ed00778cc,-21,13.8,4453
device_uplink,1788827489000000000,70b3d57ed00778cc,-23,10.5,4454
device_uplink,1788827505000000000,70b3d57ed00778cc,-23,14,4455
device_uplink,1788827523000000000,70b3d57ed00778cc,-27,13.5,4456
device_uplink,1788827539000000000,70b3d57ed00778cc,-22,13.5,4457
device_uplink,1788827555000000000,70b3d57ed00778cc,-24,13.2,4458
device_uplink,1788827571000000000,70b3d57ed00778cc,-26,13.5,4459
device_uplink,1788827587000000000,70b3d57ed00778cc,-28,14,4460
device_uplink,1788827603000000000,70b3d57ed00778cc,-22,13.2,4461
device_uplink,1788827619000000000,70b3d57ed00778cc,-24,11,4462
device_uplink,1788827635000000000,70b3d57ed00778cc,-27,13.8,4463
device_uplink,1788827653000000000,70b3d57ed00778cc,-23,14.2,4464
device_uplink,1788827669000000000,70b3d57ed00778cc,-24,13.8,4465
device_uplink,1788827685000000000,70b3d57ed00778cc,-24,13.8,4466
device_uplink,1788827701000000000,70b3d57ed00778cc,-22,13.8,4467
device_uplink,1788827717000000000,70b3d57ed00778cc,-24,14,4468
device_uplink,1788827733000000000,70b3d57ed00778cc,-23,13.8,4469
device_uplink,1788827749000000000,70b3d57ed00778cc,-24,13,4470
device_uplink,1788827765000000000,70b3d57ed00778cc,-25,14,4471
device_uplink,1788827783000000000,70b3d57ed00778cc,-24,10,4472
device_uplink,1788827799000000000,70b3d57ed00778cc,-22,14,4473
device_uplink,1788827815000000000,70b3d57ed00778cc,-23,13.8,4474
device_uplink,1788827831000000000,70b3d57ed00778cc,-22,13.8,4475
device_uplink,1788827847000000000,70b3d57ed00778cc,-25,13.8,4476
device_uplink,1788827863000000000,70b3d57ed00778cc,-26,13.2,4477
device_uplink,1788827879000000000,70b3d57ed00778cc,-24,13.5,4478
device_uplink,1788827895000000000,70b3d57ed00778cc,-25,12,4479
device_uplink,1788827913000000000,70b3d57ed00778cc,-23,14,4480
device_uplink,1788827929000000000,70b3d57ed00778cc,-23,14.2,4481
device_uplink,1788827945000000000,70b3d57ed00778cc,-22,14,4482
device_uplink,1788827961000000000,70b3d57ed0077801,-22,13.8,10
device_uplink,1788827961000000000,70b3d57ed00778cc,-21,14.8,4483
device_uplink,1788827977000000000,70b3d57ed00778cc,-24,10.5,4484
device_uplink,1788827993000000000,70b3d57ed00778cc,-25,13.8,4485
device_uplink,1788828009000000000,70b3d57ed00778cc,-24,14,4486
device_uplink,1788828025000000000,70b3d57ed00778cc,-24,13.8,4487
device_uplink,1788828043000000000,70b3d57ed00778cc,-24,13,4488
device_uplink,1788828059000000000,70b3d57ed00778cc,-24,14,4489
device_uplink,1788828075000000000,70b3d57ed00778cc,-25,14,4490
device_uplink,1788828091000000000,70b3d57ed00778cc,-24,13.5,4491
device_uplink,1788828107000000000,70b3d57ed00778cc,-23,13.5,4492
device_uplink,1788828123000000000,70b3d57ed00778cc,-24,13.5,4493
device_uplink,1788828139000000000,70b3d57ed00778cc,-24,13,4494
device_uplink,1788828155000000000,70b3d57ed00778cc,-24,9.8,4495
device_uplink,1788828173000000000,70b3d57ed00778cc,-22,13.8,4496
device_uplink,1788828189000000000,70b3d57ed00778cc,-24,13.2,4497
device_uplink,1788828205000000000,70b3d57ed00778cc,-24,14,4498
device_uplink,1788828221000000000,70b3d57ed00778cc,-24,13.8,4499
device_uplink,1788828237000000000,70b3d57ed00778cc,-23,14,4500
device_uplink,1788828253000000000,70b3d57ed00778cc,-26,13.2,4501
device_uplink,1788828269000000000,70b3d57ed00778cc,-25,11.5,4502
device_uplink,1788828285000000000,70b3d57ed00778cc,-24,13.8,4503
device_uplink,1788828303000000000,70b3d57ed00778cc,-24,13.8,4504
device_uplink,1788828319000000000,70b3d57ed00778cc,-23,14.2,4505
device_uplink,1788828335000000000,70b3d57ed00778cc,-22,13.5,4506
device_uplink,1788828351000000000,70b3d57ed00778cc,-21,13.5,4507
device_uplink,1788828367000000000,70b3d57ed00778cc,-24,10,4508
device_uplink,1788828383000000000,70b3d57ed00778cc,-25,13.8,4509
device_uplink,1788828399000000000,70b3d57ed00778cc,-23,13.5,4510
device_uplink,1788828415000000000,70b3d57ed00778cc,-23,13.5,4511
device_uplink,1788828433000000000,70b3d57ed00778cc,-23,13.2,4512
device_uplink,1788828449000000000,70b3d57ed00778cc,-26,13.8,4513
device_uplink,1788828465000000000,70b3d57ed00778cc,-22,13.8,4514
device_uplink,1788828481000000000,70b3d57ed00778cc,-24,13.5,4515
device_uplink,1788828497000000000,70b3d57ed00778cc,-25,14,4516
device_uplink,1788828513000000000,70b3d57ed00778cc,-21,14,4517
device_uplink,1788828529000000000,70b3d57ed00778cc,-24,10,4518
device_uplink,1788828545000000000,70b3d57ed00778cc,-23,13.2,4519
device_uplink,1788828563000000000,70b3d57ed00778cc,-24,13.5,4520
device_uplink,1788828579000000000,70b3d57ed00778cc,-24,13,4521
device_uplink,1788828595000000000,70b3d57ed00778cc,-23,13.8,4522
device_uplink,1788828611000000000,70b3d57ed00778cc,-23,10.2,4523
device_uplink,1788828627000000000,70b3d57ed00778cc,-25,13.8,4524
device_uplink,1788828643000000000,70b3d57ed00778cc,-23,14.2,4525
device_uplink,1788828661000000000,70b3d57ed00778cc,-25,13.8,4526
device_uplink,1788828677000000000,70b3d57ed00778cc,-24,14,4527
device_uplink,1788828693000000000,70b3d57ed00778cc,-24,13.2,4528
device_uplink,1788828709000000000,70b3d57ed00778cc,-24,14,4529
device_uplink,1788828725000000000,70b3d57ed00778cc,-25,14,4530
device_uplink,1788828741000000000,70b3d57ed00778cc,-24,13.8,4531
device_uplink,1788828757000000000,70b3d57ed00778cc,-26,13.5,4532
device_uplink,1788828773000000000,70b3d57ed00778cc,-23,13.5,4533
device_uplink,1788828791000000000,70b3d57ed00778cc,-26,13.8,4534
device_uplink,1788828807000000000,70b3d57ed00778cc,-24,10.2,4535
device_uplink,1788828823000000000,70b3d57ed00778cc,-23,13.8,4536
device_uplink,1788828839000000000,70b3d57ed00778cc,-24,13.5,4537
device_uplink,1788828855000000000,70b3d57ed00778cc,-23,13.5,4538
device_uplink,1788828869000000000,70b3d57ed0077801,-23,13.5,11
device_uplink,1788828871000000000,70b3d57ed00778cc,-25,11.5,4539
device_uplink,1788828887000000000,70b3d57ed00778cc,-23,14,4540
device_uplink,1788828903000000000,70b3d57ed00778cc,-24,13.8,4541
device_uplink,1788828921000000000,70b3d57ed00778cc,-27,14.5,4542
device_uplink,1788828937000000000,70b3d57ed00778cc,-24,13.8,4543
device_uplink,1788828953000000000,70b3d57ed00778cc,-25,13.2,4544
device_uplink,1788828969000000000,70b3d57ed00778cc,-25,13.5,4545
device_uplink,1788828985000000000,70b3d57ed00778cc,-23,13.2,4546
device_uplink,1788829001000000000,70b3d57ed00778cc,-22,13.8,4547
device_uplink,1788829017000000000,70b3d57ed00778cc,-22,13.8,4548
device_uplink,1788829033000000000,70b3d57ed00778cc,-26,13.5,4549
device_uplink,1788829051000000000,70b3d57ed00778cc,-25,11.5,4550
device_uplink,1788829067000000000,70b3d57ed00778cc,-21,14,4551
device_uplink,1788829083000000000,70b3d57ed00778cc,-21,13.5,4552
device_uplink,1788829099000000000,70b3d57ed00778cc,-22,14.2,4553
device_uplink,1788829115000000000,70b3d57ed00778cc,-20,11.8,4554
device_uplink,1788829131000000000,70b3d57ed00778cc,-21,14,4555
device_uplink,1788829147000000000,70b3d57ed00778cc,-21,13.8,4556
device_uplink,1788829163000000000,70b3d57ed00778cc,-21,14,4557
device_uplink,1788829181000000000,70b3d57ed00778cc,-20,13.8,4558
device_uplink,1788829197000000000,70b3d57ed00778cc,-22,14,4559
device_uplink,1788829213000000000,70b3d57ed00778cc,-21,14,4560
device_uplink,1788829229000000000,70b3d57ed00778cc,-21,13.8,4561
device_uplink,1788829245000000000,70b3d57ed00778cc,-21,14,4562
device_uplink,1788829261000000000,70b3d57ed00778cc,-20,13.8,4563
device_uplink,1788829277000000000,70b3d57ed00778cc,-22,13.8,4564
device_uplink,1788829293000000000,70b3d57ed00778cc,-22,13.5,4565
device_uplink,1788829311000000000,70b3d57ed00778cc,-26,13.8,4566
device_uplink,1788829327000000000,70b3d57ed00778cc,-24,14.5,4567
device_uplink,1788829343000000000,70b3d57ed00778cc,-22,9.8,4568
device_uplink,1788829359000000000,70b3d57ed00778cc,-23,13.2,4569
device_uplink,1788829375000000000,70b3d57ed00778cc,-21,14,4570
device_uplink,1788829391000000000,70b3d57ed00778cc,-20,13.2,4571
device_uplink,1788829407000000000,70b3d57ed00778cc,-23,13.5,4572
device_uplink,1788829425000000000,70b3d57ed00778cc,-21,13.5,4573
device_uplink,1788829441000000000,70b3d57ed00778cc,-24,13.5,4574
device_uplink,1788829457000000000,70b3d57ed00778cc,-25,10.5,4575
device_uplink,1788829473000000000,70b3d57ed00778cc,-28,14,4576
device_uplink,1788829489000000000,70b3d57ed00778cc,-22,14,4577
device_uplink,1788829505000000000,70b3d57ed00778cc,-21,13.8,4578
device_uplink,1788829521000000000,70b3d57ed00778cc,-23,14,4579
device_uplink,1788829537000000000,70b3d57ed00778cc,-21,14,4580
device_uplink,1788829555000000000,70b3d57ed00778cc,-23,13.8,4581
device_uplink,1788829571000000000,70b3d57ed00778cc,-23,13.2,4582
device_uplink,1788829587000000000,70b3d57ed00778cc,-20,11.5,4583
device_uplink,1788829603000000000,70b3d57ed00778cc,-23,14,4584
device_uplink,1788829619000000000,70b3d57ed00778cc,-21,13.8,4585
device_uplink,1788829635000000000,70b3d57ed00778cc,-22,13.8,4586
device_uplink,1788829651000000000,70b3d57ed00778cc,-28,13.8,4587
device_uplink,1788829667000000000,70b3d57ed00778cc,-26,14.5,4588
device_uplink,1788829685000000000,70b3d57ed00778cc,-22,14,4589
device_uplink,1788829701000000000,70b3d57ed00778cc,-28,13.8,4590
device_uplink,1788829717000000000,70b3d57ed00778cc,-26,11.2,4591
device_uplink,1788829733000000000,70b3d57ed00778cc,-26,13.8,4592
device_uplink,1788829749000000000,70b3d57ed00778cc,-25,13.2,4593
device_uplink,1788829765000000000,70b3d57ed00778cc,-24,13.5,4594
device_uplink,1788829778000000000,70b3d57ed0077801,-26,13.5,12
device_uplink,1788829781000000000,70b3d57ed00778cc,-25,13.8,4595
device_uplink,1788829797000000000,70b3d57ed00778cc,-22,14,4596
device_uplink,1788829815000000000,70b3d57ed00778cc,-30,13.2,4597
device_uplink,1788829831000000000,70b3d57ed00778cc,-24,13.5,4598
device_uplink,1788829847000000000,70b3d57ed00778cc,-24,13.5,4599
device_uplink,1788829863000000000,70b3d57ed00778cc,-26,11.2,4600
device_uplink,1788829879000000000,70b3d57ed00778cc,-24,13.8,4601
device_uplink,1788829895000000000,70b3d57ed00778cc,-26,13.2,4602
device_uplink,1788829911000000000,70b3d57ed00778cc,-26,11.2,4603
device_uplink,1788829927000000000,70b3d57ed00778cc,-24,13.5,4604
device_uplink,1788829945000000000,70b3d57ed00778cc,-23,14,4605
device_uplink,1788829961000000000,70b3d57ed00778cc,-28,14,4606
device_uplink,1788829977000000000,70b3d57ed00778cc,-23,14,4607
device_uplink,1788829993000000000,70b3d57ed00778cc,-28,13.8,4608
device_uplink,1788830009000000000,70b3d57ed00778cc,-23,14,4609
device_uplink,1788830025000000000,70b3d57ed00778cc,-23,14,4610
device_uplink,1788830041000000000,70b3d57ed00778cc,-25,14.2,4611
device_uplink,1788830057000000000,70b3d57ed00778cc,-27,13.8,4612
device_uplink,1788830075000000000,70b3d57ed00778cc,-23,13.5,4613
device_uplink,1788830091000000000,70b3d57ed00778cc,-24,13.5,4614
device_uplink,1788830107000000000,70b3d57ed00778cc,-25,13.5,4615
device_uplink,1788830123000000000,70b3d57ed00778cc,-25,11.2,4616
device_uplink,1788830139000000000,70b3d57ed00778cc,-25,13.8,4617
device_uplink,1788830155000000000,70b3d57ed00778cc,-25,14,4618
device_uplink,1788830171000000000,70b3d57ed00778cc,-24,14.2,4619
device_uplink,1788830187000000000,70b3d57ed00778cc,-27,14,4620
device_uplink,1788830205000000000,70b3d57ed00778cc,-24,12.5,4621
device_uplink,1788830221000000000,70b3d57ed00778cc,-26,13.8,4622
device_uplink,1788830237000000000,70b3d57ed00778cc,-23,14,4623
device_uplink,1788830253000000000,70b3d57ed00778cc,-24,10,4624
device_uplink,1788830269000000000,70b3d57ed00778cc,-25,14.2,4625
device_uplink,1788830285000000000,70b3d57ed00778cc,-25,11.5,4626
device_uplink,1788830301000000000,70b3d57ed00778cc,-24,14,4627
device_uplink,1788830319000000000,70b3d57ed00778cc,-24,13.5,4628
device_uplink,1788830335000000000,70b3d57ed00778cc,-27,13.8,4629
device_uplink,1788830351000000000,70b3d57ed00778cc,-25,12.8,4630
device_uplink,1788830367000000000,70b3d57ed00778cc,-24,13.8,4631
device_uplink,1788830383000000000,70b3d57ed00778cc,-25,13.8,4632
device_uplink,1788830399000000000,70b3d57ed00778cc,-25,13.5,4633
device_uplink,1788830415000000000,70b3d57ed00778cc,-24,13.5,4634
device_uplink,1788830431000000000,70b3d57ed00778cc,-25,13.8,4635
device_uplink,1788830449000000000,70b3d57ed00778cc,-24,13.8,4636
device_uplink,1788830465000000000,70b3d57ed00778cc,-24,12.8,4637
device_uplink,1788830481000000000,70b3d57ed00778cc,-26,11.8,4638
device_uplink,1788830497000000000,70b3d57ed00778cc,-28,14,4639
device_uplink,1788830513000000000,70b3d57ed00778cc,-27,13.2,4640
device_uplink,1788830529000000000,70b3d57ed00778cc,-24,13.5,4641
device_uplink,1788830545000000000,70b3d57ed00778cc,-25,13.8,4642
device_uplink,1788830561000000000,70b3d57ed00778cc,-26,11.5,4643
device_uplink,1788830579000000000,70b3d57ed00778cc,-24,14,4644
device_uplink,1788830595000000000,70b3d57ed00778cc,-23,13.2,4645
device_uplink,1788830611000000000,70b3d57ed00778cc,-26,13.5,4646
device_uplink,1788830627000000000,70b3d57ed00778cc,-27,14,4647
device_uplink,1788830643000000000,70b3d57ed00778cc,-26,13.2,4648
device_uplink,1788830659000000000,70b3d57ed00778cc,-27,14,4649
device_uplink,1788830675000000000,70b3d57ed00778cc,-27,11.2,4650
device_uplink,1788830686000000000,70b3d57ed0077801,-25,13.8,13
device_uplink,1788830691000000000,70b3d57ed00778cc,-23,14.2,4651
device_uplink,1788830709000000000,70b3d57ed00778cc,-26,13.5,4652
device_uplink,1788830725000000000,70b3d57ed00778cc,-26,13.5,4653
device_uplink,1788830741000000000,70b3d57ed00778cc,-31,13.5,4654
device_uplink,1788830757000000000,70b3d57ed00778cc,-28,13,4655
device_uplink,1788830773000000000,70b3d57ed00778cc,-29,13.5,4656
device_uplink,1788830789000000000,70b3d57ed00778cc,-27,14.2,4657
device_uplink,1788830805000000000,70b3d57ed00778cc,-29,14.2,4658
device_uplink,1788830821000000000,70b3d57ed00778cc,-25,13.8,4659
device_uplink,1788830839000000000,70b3d57ed00778cc,-26,13.2,4660
device_uplink,1788830855000000000,70b3d57ed00778cc,-26,13.8,4661
device_uplink,1788830871000000000,70b3d57ed00778cc,-24,11.2,4662
device_uplink,1788830887000000000,70b3d57ed00778cc,-24,14,4663
device_uplink,1788830903000000000,70b3d57ed00778cc,-22,14.5,4664
device_uplink,1788830919000000000,70b3d57ed00778cc,-24,14,4665
device_uplink,1788830935000000000,70b3d57ed00778cc,-22,14,4666
device_uplink,1788830951000000000,70b3d57ed00778cc,-24,13.8,4667
device_uplink,1788830969000000000,70b3d57ed00778cc,-23,13.5,4668
device_uplink,1788830985000000000,70b3d57ed00778cc,-25,14,4669
device_uplink,1788831001000000000,70b3d57ed00778cc,-24,10,4670
device_uplink,1788831017000000000,70b3d57ed00778cc,-22,14,4671
device_uplink,1788831033000000000,70b3d57ed00778cc,-24,13.8,4672
device_uplink,1788831049000000000,70b3d57ed00778cc,-23,13.5,4673
device_uplink,1788831065000000000,70b3d57ed00778cc,-24,10,4674
device_uplink,1788831083000000000,70b3d57ed00778cc,-23,14.5,4675
device_uplink,1788831099000000000,70b3d57ed00778cc,-23,13.8,4676
device_uplink,1788831115000000000,70b3d57ed00778cc,-24,13.2,4677
device_uplink,1788831131000000000,70b3d57ed00778cc,-22,14,4678
device_uplink,1788831147000000000,70b3d57ed00778cc,-22,13.8,4679
device_uplink,1788831163000000000,70b3d57ed00778cc,-23,14.2,4680
device_uplink,1788831179000000000,70b3d57ed00778cc,-24,13.2,4681
device_uplink,1788831197000000000,70b3d57ed00778cc,-26,13,4682
device_uplink,1788831213000000000,70b3d57ed00778cc,-23,14,4683
device_uplink,1788831229000000000,70b3d57ed00778cc,-24,10.2,4684
device_uplink,1788831245000000000,70b3d57ed00778cc,-21,13.8,4685
device_uplink,1788831261000000000,70b3d57ed00778cc,-23,14,4686
device_uplink,1788831277000000000,70b3d57ed00778cc,-24,13.8,4687
device_uplink,1788831293000000000,70b3d57ed00778cc,-21,13.8,4688
device_uplink,1788831309000000000,70b3d57ed00778cc,-23,14,4689
device_uplink,1788831327000000000,70b3d57ed00778cc,-24,10.5,4690
device_uplink,1788831343000000000,70b3d57ed00778cc,-21,14.2,4691
device_uplink,1788831359000000000,70b3d57ed00778cc,-24,14,4692
device_uplink,1788831375000000000,70b3d57ed00778cc,-22,13.5,4693
device_uplink,1788831391000000000,70b3d57ed00778cc,-23,14.2,4694
device_uplink,1788831407000000000,70b3d57ed00778cc,-24,10,4695
device_uplink,1788831423000000000,70b3d57ed00778cc,-24,13.8,4696
device_uplink,1788831441000000000,70b3d57ed00778cc,-22,13.8,4697
device_uplink,1788831457000000000,70b3d57ed00778cc,-21,14,4698
device_uplink,1788831473000000000,70b3d57ed00778cc,-22,14.2,4699
device_uplink,1788831489000000000,70b3d57ed00778cc,-25,11.2,4700
device_uplink,1788831505000000000,70b3d57ed00778cc,-25,14,4701
device_uplink,1788831521000000000,70b3d57ed00778cc,-22,14.2,4702
device_uplink,1788831537000000000,70b3d57ed00778cc,-23,13.5,4703
device_uplink,1788831555000000000,70b3d57ed00778cc,-21,13.2,4704
device_uplink,1788831571000000000,70b3d57ed00778cc,-22,14,4705
device_uplink,1788831587000000000,70b3d57ed00778cc,-21,14.2,4706
device_uplink,1788831595000000000,70b3d57ed0077801,-20,13.8,14
device_uplink,1788831603000000000,70b3d57ed00778cc,-25,13.5,4707
device_uplink,1788831619000000000,70b3d57ed00778cc,-23,13.5,4708
device_uplink,1788831635000000000,70b3d57ed00778cc,-24,13.5,4709
device_uplink,1788831651000000000,70b3d57ed00778cc,-24,14,4710
device_uplink,1788831667000000000,70b3d57ed00778cc,-24,13.2,4711
device_uplink,1788831685000000000,70b3d57ed00778cc,-24,10,4712
device_uplink,1788831701000000000,70b3d57ed00778cc,-23,14.2,4713
device_uplink,1788831717000000000,70b3d57ed00778cc,-24,13.5,4714
device_uplink,1788831733000000000,70b3d57ed00778cc,-23,14.2,4715
device_uplink,1788831749000000000,70b3d57ed00778cc,-22,14,4716
device_uplink,1788831765000000000,70b3d57ed00778cc,-22,14,4717
device_uplink,1788831781000000000,70b3d57ed00778cc,-24,13.5,4718
device_uplink,1788831797000000000,70b3d57ed00778cc,-23,13.8,4719
device_uplink,1788831815000000000,70b3d57ed00778cc,-23,10,4720
device_uplink,1788831831000000000,70b3d57ed00778cc,-22,13.8,4721
device_uplink,1788831847000000000,70b3d57ed00778cc,-22,14,4722
device_uplink,1788831863000000000,70b3d57ed00778cc,-23,13.2,4723
device_uplink,1788831879000000000,70b3d57ed00778cc,-24,13,4724
device_uplink,1788831895000000000,70b3d57ed00778cc,-23,12.2,4725
device_uplink,1788831911000000000,70b3d57ed00778cc,-23,13.5,4726
device_uplink,1788831927000000000,70b3d57ed00778cc,-24,10.2,4727
device_uplink,1788831945000000000,70b3d57ed00778cc,-22,14,4728
device_uplink,1788831961000000000,70b3d57ed00778cc,-24,12.8,4729
device_uplink,1788831977000000000,70b3d57ed00778cc,-22,14,4730
device_uplink,1788831993000000000,70b3d57ed00778cc,-24,14.2,4731
device_uplink,1788832009000000000,70b3d57ed00778cc,-23,10.5,4732
device_uplink,1788832025000000000,70b3d57ed00778cc,-21,13.8,4733
device_uplink,1788832041000000000,70b3d57ed00778cc,-22,13.8,4734
device_uplink,1788832057000000000,70b3d57ed00778cc,-27,13,4735
device_uplink,1788832075000000000,70b3d57ed00778cc,-24,13.5,4736
device_uplink,1788832091000000000,70b3d57ed00778cc,-23,13.5,4737
device_uplink,1788832107000000000,70b3d57ed00778cc,-24,13.8,4738
device_uplink,1788832123000000000,70b3d57ed00778cc,-22,13.8,4739
device_uplink,1788832139000000000,70b3d57ed00778cc,-21,13.5,4740
device_uplink,1788832155000000000,70b3d57ed00778cc,-22,13.5,4741
device_uplink,1788832171000000000,70b3d57ed00778cc,-24,10.2,4742
device_uplink,1788832187000000000,70b3d57ed00778cc,-24,13.8,4743
device_uplink,1788832205000000000,70b3d57ed00778cc,-23,14,4744
device_uplink,1788832221000000000,70b3d57ed00778cc,-23,14,4745
device_uplink,1788832237000000000,70b3d57ed00778cc,-21,14.2,4746
device_uplink,1788832253000000000,70b3d57ed00778cc,-23,13.8,4747
device_uplink,1788832269000000000,70b3d57ed00778cc,-23,14,4748
device_uplink,1788832285000000000,70b3d57ed00778cc,-25,13,4749
device_uplink,1788832303000000000,70b3d57ed00778cc,-23,10.2,4750
device_uplink,1788832319000000000,70b3d57ed00778cc,-22,13.8,4751
device_uplink,1788832335000000000,70b3d57ed00778cc,-24,13.8,4752
device_uplink,1788832351000000000,70b3d57ed00778cc,-22,14.2,4753
device_uplink,1788832367000000000,70b3d57ed00778cc,-26,13.5,4754
device_uplink,1788832383000000000,70b3d57ed00778cc,-23,14.2,4755
device_uplink,1788832399000000000,70b3d57ed00778cc,-21,13.5,4756
device_uplink,1788832415000000000,70b3d57ed00778cc,-23,13.5,4757
device_uplink,1788832433000000000,70b3d57ed00778cc,-22,14.2,4758
device_uplink,1788832449000000000,70b3d57ed00778cc,-22,10.5,4759
device_uplink,1788832465000000000,70b3d57ed00778cc,-22,13.8,4760
device_uplink,1788832481000000000,70b3d57ed00778cc,-30,11.2,4761
device_uplink,1788832497000000000,70b3d57ed00778cc,-22,13.8,4762
device_uplink,1788832503000000000,70b3d57ed0077801,-23,10.5,15
device_uplink,1788832513000000000,70b3d57ed00778cc,-22,13.5,4763
device_uplink,1788832529000000000,70b3d57ed00778cc,-22,13.5,4764
device_uplink,1788832547000000000,70b3d57ed00778cc,-24,13.8,4765
device_uplink,1788832563000000000,70b3d57ed00778cc,-24,10.2,4766
device_uplink,1788832579000000000,70b3d57ed00778cc,-22,13.2,4767
device_uplink,1788832595000000000,70b3d57ed00778cc,-29,12.2,4768
device_uplink,1788832611000000000,70b3d57ed00778cc,-24,13.5,4769
device_uplink,1788832627000000000,70b3d57ed00778cc,-23,14,4770
device_uplink,1788832643000000000,70b3d57ed00778cc,-24,13.8,4771
device_uplink,1788832661000000000,70b3d57ed00778cc,-23,13.2,4772
device_uplink,1788832677000000000,70b3d57ed00778cc,-23,13.2,4773
device_uplink,1788832693000000000,70b3d57ed00778cc,-23,12.2,4774
device_uplink,1788832709000000000,70b3d57ed00778cc,-22,13.8,4775
device_uplink,1788832725000000000,70b3d57ed00778cc,-25,11.5,4776
device_uplink,1788832741000000000,70b3d57ed00778cc,-25,13.5,4777
device_uplink,1788832757000000000,70b3d57ed00778cc,-26,11.2,4778
device_uplink,1788832773000000000,70b3d57ed00778cc,-23,14,4779
device_uplink,1788832791000000000,70b3d57ed00778cc,-26,13.5,4780
device_uplink,1788832807000000000,70b3d57ed00778cc,-21,14.5,4781
device_uplink,1788832823000000000,70b3d57ed00778cc,-21,14,4782
device_uplink,1788832839000000000,70b3d57ed00778cc,-27,14,4783
device_uplink,1788832855000000000,70b3d57ed00778cc,-23,14,4784
device_uplink,1788832871000000000,70b3d57ed00778cc,-23,13.8,4785
device_uplink,1788832887000000000,70b3d57ed00778cc,-23,13.2,4786
device_uplink,1788832905000000000,70b3d57ed00778cc,-22,13.8,4787
device_uplink,1788832921000000000,70b3d57ed00778cc,-22,13.8,4788
device_uplink,1788832937000000000,70b3d57ed00778cc,-26,12.8,4789
device_uplink,1788832953000000000,70b3d57ed00778cc,-21,13.5,4790
device_uplink,1788832969000000000,70b3d57ed00778cc,-23,14.5,4791
device_uplink,1788832985000000000,70b3d57ed00778cc,-24,10.2,4792
device_uplink,1788833001000000000,70b3d57ed00778cc,-23,14,4793
device_uplink,1788833019000000000,70b3d57ed00778cc,-24,9.8,4794
device_uplink,1788833035000000000,70b3d57ed00778cc,-25,13.8,4795
device_uplink,1788833051000000000,70b3d57ed00778cc,-22,14,4796
device_uplink,1788833067000000000,70b3d57ed00778cc,-22,13.8,4797
device_uplink,1788833083000000000,70b3d57ed00778cc,-24,13.5,4798
device_uplink,1788833099000000000,70b3d57ed00778cc,-23,14.2,4799
device_uplink,1788833115000000000,70b3d57ed00778cc,-22,13.8,4800
device_uplink,1788833131000000000,70b3d57ed00778cc,-22,13.5,4801
device_uplink,1788833149000000000,70b3d57ed00778cc,-22,14,4802
device_uplink,1788833165000000000,70b3d57ed00778cc,-25,13.5,4803
device_uplink,1788833181000000000,70b3d57ed00778cc,-23,14.2,4804
device_uplink,1788833197000000000,70b3d57ed00778cc,-21,13.8,4805
device_uplink,1788833213000000000,70b3d57ed00778cc,-24,13.5,4806
device_uplink,1788833229000000000,70b3d57ed00778cc,-22,14,4807
device_uplink,1788833245000000000,70b3d57ed00778cc,-24,10,4808
device_uplink,1788833261000000000,70b3d57ed00778cc,-23,14.2,4809
device_uplink,1788833279000000000,70b3d57ed00778cc,-24,9.8,4810
device_uplink,1788833295000000000,70b3d57ed00778cc,-24,13.8,4811
device_uplink,1788833311000000000,70b3d57ed00778cc,-23,14,4812
device_uplink,1788833327000000000,70b3d57ed00778cc,-23,13.5,4813
device_uplink,1788833343000000000,70b3d57ed00778cc,-23,13.8,4814
device_uplink,1788833359000000000,70b3d57ed00778cc,-22,13.8,4815
device_uplink,1788833375000000000,70b3d57ed00778cc,-22,14,4816
device_uplink,1788833393000000000,70b3d57ed00778cc,-24,14,4817
device_uplink,1788833409000000000,70b3d57ed00778cc,-21,13.5,4818
device_uplink,1788833411000000000,70b3d57ed0077801,-20,13.5,16
device_uplink,1788833425000000000,70b3d57ed00778cc,-24,14.2,4819
device_uplink,1788833441000000000,70b3d57ed00778cc,-25,11.8,4820
device_uplink,1788833457000000000,70b3d57ed00778cc,-21,14.5,4821
device_uplink,1788833473000000000,70b3d57ed00778cc,-23,13.8,4822
device_uplink,1788833489000000000,70b3d57ed00778cc,-22,13.8,4823
device_uplink,1788833507000000000,70b3d57ed00778cc,-22,14.2,4824
device_uplink,1788833523000000000,70b3d57ed00778cc,-22,13.8,4825
device_uplink,1788833539000000000,70b3d57ed00778cc,-23,14,4826
device_uplink,1788833555000000000,70b3d57ed00778cc,-22,13.5,4827
device_uplink,1788833571000000000,70b3d57ed00778cc,-22,13.2,4828
device_uplink,1788833587000000000,70b3d57ed00778cc,-24,13.5,4829
device_uplink,1788833603000000000,70b3d57ed00778cc,-24,10,4830
device_uplink,1788833619000000000,70b3d57ed00778cc,-21,14.2,4831
device_uplink,1788833637000000000,70b3d57ed00778cc,-22,14.2,4832
device_uplink,1788833653000000000,70b3d57ed00778cc,-23,13.8,4833
device_uplink,1788833669000000000,70b3d57ed00778cc,-24,13.2,4834
device_uplink,1788833685000000000,70b3d57ed00778cc,-22,13,4835
device_uplink,1788833701000000000,70b3d57ed00778cc,-24,10,4836
device_uplink,1788833717000000000,70b3d57ed00778cc,-23,13.5,4837
device_uplink,1788833733000000000,70b3d57ed00778cc,-24,13.5,4838
device_uplink,1788833749000000000,70b3d57ed00778cc,-23,14.2,4839
device_uplink,1788833767000000000,70b3d57ed00778cc,-22,13.8,4840
device_uplink,1788833783000000000,70b3d57ed00778cc,-23,14.2,4841
device_uplink,1788833799000000000,70b3d57ed00778cc,-22,14,4842
device_uplink,1788833815000000000,70b3d57ed00778cc,-24,14.2,4843
device_uplink,1788833831000000000,70b3d57ed00778cc,-21,13.8,4844
device_uplink,1788833847000000000,70b3d57ed00778cc,-21,14,4845
device_uplink,1788833863000000000,70b3d57ed00778cc,-25,13.5,4846
device_uplink,1788833879000000000,70b3d57ed00778cc,-22,13.8,4847
device_uplink,1788833897000000000,70b3d57ed00778cc,-24,10.5,4848
device_uplink,1788833913000000000,70b3d57ed00778cc,-24,14.2,4849
device_uplink,1788833929000000000,70b3d57ed00778cc,-22,14.2,4850
device_uplink,1788833945000000000,70b3d57ed00778cc,-21,13.8,4851
device_uplink,1788833961000000000,70b3d57ed00778cc,-24,13.8,4852
device_uplink,1788833977000000000,70b3d57ed00778cc,-22,13.8,4853
device_uplink,1788833993000000000,70b3d57ed00778cc,-23,10.8,4854
device_uplink,1788834009000000000,70b3d57ed00778cc,-21,13.2,4855
device_uplink,1788834027000000000,70b3d57ed00778cc,-23,14,4856
device_uplink,1788834043000000000,70b3d57ed00778cc,-23,14.2,4857
device_uplink,1788834059000000000,70b3d57ed00778cc,-24,14,4858
device_uplink,1788834075000000000,70b3d57ed00778cc,-22,13.8,4859
device_uplink,1788834091000000000,70b3d57ed00778cc,-21,13.8,4860
device_uplink,1788834107000000000,70b3d57ed00778cc,-24,13.5,4861
device_uplink,1788834123000000000,70b3d57ed00778cc,-23,10.2,4862
device_uplink,1788834139000000000,70b3d57ed00778cc,-24,13.5,4863
device_uplink,1788834157000000000,70b3d57ed00778cc,-24,13.5,4864
device_uplink,1788834173000000000,70b3d57ed00778cc,-22,14,4865
device_uplink,1788834189000000000,70b3d57ed00778cc,-24,14,4866
device_uplink,1788834205000000000,70b3d57ed00778cc,-22,13.5,4867
device_uplink,1788834221000000000,70b3d57ed00778cc,-25,11.5,4868
device_uplink,1788834237000000000,70b3d57ed00778cc,-27,14,4869
device_uplink,1788834253000000000,70b3d57ed00778cc,-21,14,4870
device_uplink,1788834269000000000,70b3d57ed00778cc,-24,13,4871
device_uplink,1788834287000000000,70b3d57ed00778cc,-22,14.5,4872
device_uplink,1788834303000000000,70b3d57ed00778cc,-22,14.2,4873
device_uplink,1788834319000000000,70b3d57ed00778cc,-22,14.2,4874
device_uplink,1788834320000000000,70b3d57ed0077801,-20,13.8,17
device_uplink,1788834335000000000,70b3d57ed00778cc,-23,13.2,4875
device_uplink,1788834351000000000,70b3d57ed00778cc,-24,9.8,4876
device_uplink,1788834367000000000,70b3d57ed00778cc,-24,13.2,4877
device_uplink,1788834383000000000,70b3d57ed00778cc,-22,14.2,4878
device_uplink,1788834399000000000,70b3d57ed00778cc,-23,13.8,4879
device_uplink,1788834417000000000,70b3d57ed00778cc,-23,13.8,4880
device_uplink,1788834433000000000,70b3d57ed00778cc,-23,14.2,4881
device_uplink,1788834449000000000,70b3d57ed00778cc,-24,14,4882
device_uplink,1788834465000000000,70b3d57ed00778cc,-25,13.2,4883
device_uplink,1788834481000000000,70b3d57ed00778cc,-24,10,4884
device_uplink,1788834497000000000,70b3d57ed00778cc,-24,14.5,4885
device_uplink,1788834513000000000,70b3d57ed00778cc,-23,13,4886
device_uplink,1788834529000000000,70b3d57ed00778cc,-24,13.5,4887
device_uplink,1788834547000000000,70b3d57ed00778cc,-22,13.5,4888
device_uplink,1788834563000000000,70b3d57ed00778cc,-24,13,4889
device_uplink,1788834579000000000,70b3d57ed00778cc,-21,14,4890
device_uplink,1788834595000000000,70b3d57ed00778cc,-26,11.5,4891
device_uplink,1788834611000000000,70b3d57ed00778cc,-26,13.5,4892
device_uplink,1788834627000000000,70b3d57ed00778cc,-26,13.8,4893
device_uplink,1788834643000000000,70b3d57ed00778cc,-24,13.8,4894
device_uplink,1788834659000000000,70b3d57ed00778cc,-22,13.5,4895
device_uplink,1788834677000000000,70b3d57ed00778cc,-22,13.8,4896
device_uplink,1788834693000000000,70b3d57ed00778cc,-23,13.5,4897
device_uplink,1788834709000000000,70b3d57ed00778cc,-23,14,4898
device_uplink,1788834725000000000,70b3d57ed00778cc,-27,13.5,4899
device_uplink,1788834741000000000,70b3d57ed00778cc,-22,14.2,4900
device_uplink,1788834757000000000,70b3d57ed00778cc,-23,14,4901
device_uplink,1788834773000000000,70b3d57ed00778cc,-25,13.2,4902
device_uplink,1788834789000000000,70b3d57ed00778cc,-24,10.2,4903
device_uplink,1788834807000000000,70b3d57ed00778cc,-23,13.8,4904
device_uplink,1788834823000000000,70b3d57ed00778cc,-24,13.5,4905
device_uplink,1788834839000000000,70b3d57ed00778cc,-24,13.5,4906
device_uplink,1788834855000000000,70b3d57ed00778cc,-26,14,4907
device_uplink,1788834871000000000,70b3d57ed00778cc,-22,13.5,4908
device_uplink,1788834887000000000,70b3d57ed00778cc,-24,12.8,4909
device_uplink,1788834903000000000,70b3d57ed00778cc,-24,10.5,4910
device_uplink,1788834919000000000,70b3d57ed00778cc,-24,13.8,4911
device_uplink,1788834937000000000,70b3d57ed00778cc,-22,13.8,4912
device_uplink,1788834953000000000,70b3d57ed00778cc,-23,13.8,4913
device_uplink,1788834969000000000,70b3d57ed00778cc,-24,12.2,4914
device_uplink,1788834985000000000,70b3d57ed00778cc,-26,13.5,4915
device_uplink,1788835001000000000,70b3d57ed00778cc,-24,12.5,4916
device_uplink,1788835017000000000,70b3d57ed00778cc,-24,9.5,4917
device_uplink,1788835033000000000,70b3d57ed00778cc,-22,14,4918
device_uplink,1788835049000000000,70b3d57ed00778cc,-23,13.2,4919
device_uplink,1788835067000000000,70b3d57ed00778cc,-22,13.8,4920
device_uplink,1788835083000000000,70b3d57ed00778cc,-24,13.2,4921
device_uplink,1788835099000000000,70b3d57ed00778cc,-23,14,4922
device_uplink,1788835115000000000,70b3d57ed00778cc,-24,9.5,4923
device_uplink,1788835131000000000,70b3d57ed00778cc,-22,14,4924
device_uplink,1788835147000000000,70b3d57ed00778cc,-23,13.8,4925
device_uplink,1788835163000000000,70b3d57ed00778cc,-26,13.5,4926
device_uplink,1788835181000000000,70b3d57ed00778cc,-23,13.5,4927
device_uplink,1788835197000000000,70b3d57ed00778cc,-24,13.8,4928
device_uplink,1788835213000000000,70b3d57ed00778cc,-23,13.8,4929
device_uplink,1788835228000000000,70b3d57ed0077801,-23,13.8,18
device_uplink,1788835229000000000,70b3d57ed00778cc,-24,13.5,4930
device_uplink,1788835245000000000,70b3d57ed00778cc,-24,9.5,4931
device_uplink,1788835261000000000,70b3d57ed00778cc,-22,13.2,4932
device_uplink,1788835277000000000,70b3d57ed00778cc,-22,13.8,4933
device_uplink,1788835293000000000,70b3d57ed00778cc,-24,12.5,4934
device_uplink,1788835311000000000,70b3d57ed00778cc,-25,13.8,4935
device_uplink,1788835327000000000,70b3d57ed00778cc,-24,13.2,4936
device_uplink,1788835343000000000,70b3d57ed00778cc,-24,13.5,4937
device_uplink,1788835359000000000,70b3d57ed00778cc,-25,14,4938
device_uplink,1788835375000000000,70b3d57ed00778cc,-24,13.5,4939
device_uplink,1788835391000000000,70b3d57ed00778cc,-22,14.5,4940
device_uplink,1788835407000000000,70b3d57ed00778cc,-24,10.2,4941
device_uplink,1788835425000000000,70b3d57ed00778cc,-23,14,4942
device_uplink,1788835441000000000,70b3d57ed00778cc,-24,14,4943
device_uplink,1788835457000000000,70b3d57ed00778cc,-24,14,4944
device_uplink,1788835473000000000,70b3d57ed00778cc,-24,14,4945
device_uplink,1788835489000000000,70b3d57ed00778cc,-21,13.8,4946
device_uplink,1788835505000000000,70b3d57ed00778cc,-24,9.2,4947
device_uplink,1788835521000000000,70b3d57ed00778cc,-24,12.2,4948
device_uplink,1788835537000000000,70b3d57ed00778cc,-22,13.8,4949
device_uplink,1788835555000000000,70b3d57ed00778cc,-23,14.2,4950
device_uplink,1788835571000000000,70b3d57ed00778cc,-24,12.2,4951
device_uplink,1788835587000000000,70b3d57ed00778cc,-26,13.8,4952
device_uplink,1788835603000000000,70b3d57ed00778cc,-23,13.5,4953
device_uplink,1788835619000000000,70b3d57ed00778cc,-23,13.8,4954
device_uplink,1788835635000000000,70b3d57ed00778cc,-23,13.2,4955
device_uplink,1788835651000000000,70b3d57ed00778cc,-27,10.2,4956
device_uplink,1788835667000000000,70b3d57ed00778cc,-23,14,4957
device_uplink,1788835685000000000,70b3d57ed00778cc,-24,14.2,4958
device_uplink,1788835701000000000,70b3d57ed00778cc,-23,14.2,4959
device_uplink,1788835717000000000,70b3d57ed00778cc,-25,13.5,4960
device_uplink,1788835733000000000,70b3d57ed00778cc,-24,13.5,4961
device_uplink,1788835749000000000,70b3d57ed00778cc,-22,13.8,4962
device_uplink,1788835765000000000,70b3d57ed00778cc,-25,13.5,4963
device_uplink,1788835781000000000,70b3d57ed00778cc,-23,13.8,4964
device_uplink,1788835797000000000,70b3d57ed00778cc,-22,13.2,4965
device_uplink,1788835815000000000,70b3d57ed00778cc,-25,11,4966
device_uplink,1788835831000000000,70b3d57ed00778cc,-24,14,4967
device_uplink,1788835847000000000,70b3d57ed00778cc,-23,14.5,4968
device_uplink,1788835863000000000,70b3d57ed00778cc,-23,14,4969
device_uplink,1788835879000000000,70b3d57ed00778cc,-25,14,4970
device_uplink,1788835895000000000,70b3d57ed00778cc,-24,13.8,4971
device_uplink,1788835911000000000,70b3d57ed00778cc,-22,13.5,4972
device_uplink,1788835927000000000,70b3d57ed00778cc,-22,13.5,4973
device_uplink,1788835945000000000,70b3d57ed00778cc,-23,14,4974
device_uplink,1788835961000000000,70b3d57ed00778cc,-23,13.8,4975
device_uplink,1788835977000000000,70b3d57ed00778cc,-24,10.2,4976
device_uplink,1788835993000000000,70b3d57ed00778cc,-23,14.2,4977
device_uplink,1788836009000000000,70b3d57ed00778cc,-24,13.2,4978
device_uplink,1788836025000000000,70b3d57ed00778cc,-24,9.2,4979
device_uplink,1788836041000000000,70b3d57ed00778cc,-24,13,4980
device_uplink,1788836057000000000,70b3d57ed00778cc,-23,13.8,4981
device_uplink,1788836075000000000,70b3d57ed00778cc,-23,14,4982
device_uplink,1788836091000000000,70b3d57ed00778cc,-24,12.8,4983
device_uplink,1788836107000000000,70b3d57ed00778cc,-27,13.5,4984
device_uplink,1788836123000000000,70b3d57ed00778cc,-22,13.8,4985
device_uplink,1788836137000000000,70b3d57ed0077801,-24,13.2,19
device_uplink,1788836139000000000,70b3d57ed00778cc,-24,13.2,4986
device_uplink,1788836155000000000,70b3d57ed00778cc,-23,13.5,4987
device_uplink,1788836171000000000,70b3d57ed00778cc,-23,14.5,4988
device_uplink,1788836187000000000,70b3d57ed00778cc,-23,14,4989
device_uplink,1788836205000000000,70b3d57ed00778cc,-23,14,4990
device_uplink,1788836221000000000,70b3d57ed00778cc,-24,9.8,4991
device_uplink,1788836237000000000,70b3d57ed00778cc,-24,13.2,4992
device_uplink,1788836253000000000,70b3d57ed00778cc,-24,14,4993
device_uplink,1788836269000000000,70b3d57ed00778cc,-26,13.5,4994
device_uplink,1788836285000000000,70b3d57ed00778cc,-24,13,4995
device_uplink,1788836301000000000,70b3d57ed00778cc,-23,14,4996
device_uplink,1788836317000000000,70b3d57ed00778cc,-24,10.2,4997
device_uplink,1788836335000000000,70b3d57ed00778cc,-22,13.8,4998
device_uplink,1788836351000000000,70b3d57ed00778cc,-24,12.8,4999
device_uplink,1788836367000000000,70b3d57ed00778cc,-22,14,5000
device_uplink,1788836383000000000,70b3d57ed00778cc,-22,13.8,5001
device_uplink,1788836399000000000,70b3d57ed00778cc,-22,13.2,5002
device_uplink,1788836415000000000,70b3d57ed00778cc,-25,14,5003
device_uplink,1788836431000000000,70b3d57ed00778cc,-24,10.5,5004
device_uplink,1788836447000000000,70b3d57ed00778cc,-24,11.5,5005
device_uplink,1788836465000000000,70b3d57ed00778cc,-26,13.5,5006
device_uplink,1788836481000000000,70b3d57ed00778cc,-22,13.8,5007
device_uplink,1788836497000000000,70b3d57ed00778cc,-23,14.2,5008
device_uplink,1788836513000000000,70b3d57ed00778cc,-25,14,5009
device_uplink,1788836529000000000,70b3d57ed00778cc,-25,13.5,5010
device_uplink,1788836545000000000,70b3d57ed00778cc,-23,14.5,5011
device_uplink,1788836561000000000,70b3d57ed00778cc,-24,10,5012
device_uplink,1788836577000000000,70b3d57ed00778cc,-23,13.8,5013
device_uplink,1788836595000000000,70b3d57ed00778cc,-23,12.2,5014
device_uplink,1788836611000000000,70b3d57ed00778cc,-25,13.5,5015
device_uplink,1788836627000000000,70b3d57ed00778cc,-22,13.8,5016
device_uplink,1788836643000000000,70b3d57ed00778cc,-23,13.8,5017
device_uplink,1788836659000000000,70b3d57ed00778cc,-24,10.8,5018
device_uplink,1788836675000000000,70b3d57ed00778cc,-23,14.2,5019
device_uplink,1788836691000000000,70b3d57ed00778cc,-23,13.5,5020
device_uplink,1788836707000000000,70b3d57ed00778cc,-22,14,5021
device_uplink,1788836725000000000,70b3d57ed00778cc,-27,13.5,5022
device_uplink,1788836741000000000,70b3d57ed00778cc,-26,13.2,5023
device_uplink,1788836757000000000,70b3d57ed00778cc,-23,14,5024
device_uplink,1788836773000000000,70b3d57ed00778cc,-24,13.5,5025
device_uplink,1788836789000000000,70b3d57ed00778cc,-18,13.8,5026
device_uplink,1788836805000000000,70b3d57ed00778cc,-22,14.8,5027
device_uplink,1788836821000000000,70b3d57ed00778cc,-26,11.5,5028
device_uplink,1788836837000000000,70b3d57ed00778cc,-27,13.8,5029
device_uplink,1788836855000000000,70b3d57ed00778cc,-21,13,5030
device_uplink,1788836871000000000,70b3d57ed00778cc,-29,13.2,5031
device_uplink,1788836887000000000,70b3d57ed00778cc,-28,14,5032
device_uplink,1788836903000000000,70b3d57ed00778cc,-24,13.8,5033
device_uplink,1788836919000000000,70b3d57ed00778cc,-25,12.8,5034
device_uplink,1788836935000000000,70b3d57ed00778cc,-27,13.8,5035
device_uplink,1788836953000000000,70b3d57ed00778cc,-22,13.8,5036
device_uplink,1788836969000000000,70b3d57ed00778cc,-23,14.5,5037
device_uplink,1788836985000000000,70b3d57ed00778cc,-24,13.8,5038
device_uplink,1788837001000000000,70b3d57ed00778cc,-23,10.5,5039
device_uplink,1788837017000000000,70b3d57ed00778cc,-23,14.2,5040
device_uplink,1788837033000000000,70b3d57ed00778cc,-23,14,5041
device_uplink,1788837045000000000,70b3d57ed0077801,-20,13.5,20
device_uplink,1788837049000000000,70b3d57ed00778cc,-22,13.5,5042
device_uplink,1788837065000000000,70b3d57ed00778cc,-21,14,5043
device_uplink,1788837083000000000,70b3d57ed00778cc,-23,14.2,5044
device_uplink,1788837099000000000,70b3d57ed00778cc,-24,13.5,5045
device_uplink,1788837115000000000,70b3d57ed00778cc,-25,10.8,5046
device_uplink,1788837131000000000,70b3d57ed00778cc,-26,13.8,5047
device_uplink,1788837147000000000,70b3d57ed00778cc,-22,14.2,5048
device_uplink,1788837163000000000,70b3d57ed00778cc,-24,13.2,5049
device_uplink,1788837179000000000,70b3d57ed00778cc,-21,13.8,5050
device_uplink,1788837195000000000,70b3d57ed00778cc,-23,14,5051
device_uplink,1788837213000000000,70b3d57ed00778cc,-24,13.8,5052
device_uplink,1788837229000000000,70b3d57ed00778cc,-22,13.5,5053
device_uplink,1788837245000000000,70b3d57ed00778cc,-26,13.8,5054
device_uplink,1788837261000000000,70b3d57ed00778cc,-24,12.8,5055
device_uplink,1788837277000000000,70b3d57ed00778cc,-24,10,5056
device_uplink,1788837293000000000,70b3d57ed00778cc,-24,13.8,5057
device_uplink,1788837309000000000,70b3d57ed00778cc,-24,9.5,5058
device_uplink,1788837325000000000,70b3d57ed00778cc,-21,13.8,5059
device_uplink,1788837341000000000,70b3d57ed00778cc,-24,12.8,5060
device_uplink,1788837359000000000,70b3d57ed00778cc,-25,14,5061
device_uplink,1788837375000000000,70b3d57ed00778cc,-22,14.2,5062
device_uplink,1788837391000000000,70b3d57ed00778cc,-23,13.5,5063
device_uplink,1788837407000000000,70b3d57ed00778cc,-22,14,5064
device_uplink,1788837423000000000,70b3d57ed00778cc,-24,13.8,5065
device_uplink,1788837439000000000,70b3d57ed00778cc,-25,14,5066
device_uplink,1788837455000000000,70b3d57ed00778cc,-23,10.8,5067
device_uplink,1788837471000000000,70b3d57ed00778cc,-23,14,5068
device_uplink,1788837487000000000,70b3d57ed00778cc,-23,13.8,5069
device_uplink,1788837505000000000,70b3d57ed00778cc,-24,13.8,5070
device_uplink,1788837521000000000,70b3d57ed00778cc,-22,14,5071
device_uplink,1788837537000000000,70b3d57ed00778cc,-23,14.2,5072
device_uplink,1788837553000000000,70b3d57ed00778cc,-23,13.8,5073
device_uplink,1788837569000000000,70b3d57ed00778cc,-25,13.5,5074
device_uplink,1788837585000000000,70b3d57ed00778cc,-24,8.8,5075
device_uplink,1788837603000000000,70b3d57ed00778cc,-22,14,5076
device_uplink,1788837619000000000,70b3d57ed00778cc,-24,14,5077
device_uplink,1788837635000000000,70b3d57ed00778cc,-22,14,5078
device_uplink,1788837651000000000,70b3d57ed00778cc,-24,12.8,5079
device_uplink,1788837667000000000,70b3d57ed00778cc,-23,14.2,5080
device_uplink,1788837683000000000,70b3d57ed00778cc,-23,14,5081
device_uplink,1788837701000000000,70b3d57ed00778cc,-24,13.8,5082
device_uplink,1788837717000000000,70b3d57ed00778cc,-22,13.8,5083
device_uplink,1788837733000000000,70b3d57ed00778cc,-22,13.8,5084
device_uplink,1788837749000000000,70b3d57ed00778cc,-26,14,5085
device_uplink,1788837765000000000,70b3d57ed00778cc,-24,14,5086
device_uplink,1788837781000000000,70b3d57ed00778cc,-24,10,5087
device_uplink,1788837797000000000,70b3d57ed00778cc,-23,13.5,5088
device_uplink,1788837813000000000,70b3d57ed00778cc,-23,13.8,5089
device_uplink,1788837831000000000,70b3d57ed00778cc,-22,13.5,5090
device_uplink,1788837847000000000,70b3d57ed00778cc,-22,13.8,5091
device_uplink,1788837863000000000,70b3d57ed00778cc,-25,13.8,5092
device_uplink,1788837879000000000,70b3d57ed00778cc,-23,14,5093
device_uplink,1788837895000000000,70b3d57ed00778cc,-23,8.5,5094
device_uplink,1788837911000000000,70b3d57ed00778cc,-23,14.2,5095
device_uplink,1788837927000000000,70b3d57ed00778cc,-23,13.8,5096
device_uplink,1788837943000000000,70b3d57ed00778cc,-24,13.8,5097
device_uplink,1788837953000000000,70b3d57ed0077801,-20,13.5,21
device_uplink,1788837961000000000,70b3d57ed00778cc,-22,14.5,5098
device_uplink,1788837977000000000,70b3d57ed00778cc,-23,12.8,5099
device_uplink,1788837993000000000,70b3d57ed00778cc,-23,14.2,5100
device_uplink,1788838009000000000,70b3d57ed00778cc,-22,14,5101
device_uplink,1788838025000000000,70b3d57ed00778cc,-23,13.2,5102
device_uplink,1788838041000000000,70b3d57ed00778cc,-27,13.8,5103
device_uplink,1788838057000000000,70b3d57ed00778cc,-25,11.5,5104
device_uplink,1788838073000000000,70b3d57ed00778cc,-23,14,5105
device_uplink,1788838091000000000,70b3d57ed00778cc,-22,14.2,5106
device_uplink,1788838107000000000,70b3d57ed00778cc,-26,13.8,5107
device_uplink,1788838123000000000,70b3d57ed00778cc,-24,14,5108
device_uplink,1788838139000000000,70b3d57ed00778cc,-23,14,5109
device_uplink,1788838155000000000,70b3d57ed00778cc,-25,14.2,5110
device_uplink,1788838171000000000,70b3d57ed00778cc,-23,10.8,5111
device_uplink,1788838187000000000,70b3d57ed00778cc,-28,14.5,5112
device_uplink,1788838205000000000,70b3d57ed00778cc,-22,14.2,5113
device_uplink,1788838221000000000,70b3d57ed00778cc,-22,14,5114
device_uplink,1788838237000000000,70b3d57ed00778cc,-23,13.5,5115
device_uplink,1788838253000000000,70b3d57ed00778cc,-25,13.8,5116
device_uplink,1788838269000000000,70b3d57ed00778cc,-25,13.5,5117
device_uplink,1788838285000000000,70b3d57ed00778cc,-23,13.8,5118
device_uplink,1788838301000000000,70b3d57ed00778cc,-24,9.5,5119
device_uplink,1788838319000000000,70b3d57ed00778cc,-24,14.2,5120
device_uplink,1788838335000000000,70b3d57ed00778cc,-23,14.2,5121
device_uplink,1788838351000000000,70b3d57ed00778cc,-22,14.5,5122
device_uplink,1788838367000000000,70b3d57ed00778cc,-24,10.2,5123
device_uplink,1788838383000000000,70b3d57ed00778cc,-24,13.2,5124
device_uplink,1788838399000000000,70b3d57ed00778cc,-22,14.2,5125
device_uplink,1788838415000000000,70b3d57ed00778cc,-22,14,5126
device_uplink,1788838431000000000,70b3d57ed00778cc,-25,13.8,5127
device_uplink,1788838449000000000,70b3d57ed00778cc,-23,14.2,5128
device_uplink,1788838465000000000,70b3d57ed00778cc,-24,13.8,5129
device_uplink,1788838481000000000,70b3d57ed00778cc,-28,14.5,5130
device_uplink,1788838497000000000,70b3d57ed00778cc,-25,13.2,5131
device_uplink,1788838513000000000,70b3d57ed00778cc,-23,14,5132
device_uplink,1788838529000000000,70b3d57ed00778cc,-23,13.8,5133
device_uplink,1788838545000000000,70b3d57ed00778cc,-24,10,5134
device_uplink,1788838561000000000,70b3d57ed00778cc,-24,13.5,5135
device_uplink,1788838579000000000,70b3d57ed00778cc,-22,13.5,5136
device_uplink,1788838595000000000,70b3d57ed00778cc,-23,13.8,5137
device_uplink,1788838611000000000,70b3d57ed00778cc,-24,14,5138
device_uplink,1788838627000000000,70b3d57ed00778cc,-21,14,5139
device_uplink,1788838643000000000,70b3d57ed00778cc,-23,11.5,5140
device_uplink,1788838659000000000,70b3d57ed00778cc,-22,14,5141
device_uplink,1788838675000000000,70b3d57ed00778cc,-22,14,5142
device_uplink,1788838693000000000,70b3d57ed00778cc,-25,13.2,5143
device_uplink,1788838709000000000,70b3d57ed00778cc,-24,10.5,5144
device_uplink,1788838725000000000,70b3d57ed00778cc,-23,14.2,5145
device_uplink,1788838741000000000,70b3d57ed00778cc,-21,13.5,5146
device_uplink,1788838757000000000,70b3d57ed00778cc,-24,13.8,5147
device_uplink,1788838773000000000,70b3d57ed00778cc,-24,10.5,5148
device_uplink,1788838789000000000,70b3d57ed00778cc,-26,13.2,5149
device_uplink,1788838807000000000,70b3d57ed00778cc,-22,14.2,5150
device_uplink,1788838823000000000,70b3d57ed00778cc,-24,12,5151
device_uplink,1788838839000000000,70b3d57ed00778cc,-23,14.5,5152
device_uplink,1788838855000000000,70b3d57ed00778cc,-23,14.2,5153
device_uplink,1788838862000000000,70b3d57ed0077801,-21,13,22
device_uplink,1788838871000000000,70b3d57ed00778cc,-24,13.8,5154
device_uplink,1788838887000000000,70b3d57ed00778cc,-24,13.8,5155
device_uplink,1788838903000000000,70b3d57ed00778cc,-22,13.5,5156
device_uplink,1788838919000000000,70b3d57ed00778cc,-24,14,5157
device_uplink,1788838937000000000,70b3d57ed00778cc,-22,13.8,5158
device_uplink,1788838953000000000,70b3d57ed00778cc,-23,9,5159
device_uplink,1788838969000000000,70b3d57ed00778cc,-22,13.8,5160
device_uplink,1788838985000000000,70b3d57ed00778cc,-22,14.2,5161
device_uplink,1788839001000000000,70b3d57ed00778cc,-26,13.5,5162
device_uplink,1788839017000000000,70b3d57ed00778cc,-23,14.5,5163
device_uplink,1788839033000000000,70b3d57ed00778cc,-24,13.8,5164
device_uplink,1788839051000000000,70b3d57ed00778cc,-21,14,5165
device_uplink,1788839067000000000,70b3d57ed00778cc,-24,9.8,5166
device_uplink,1788839083000000000,70b3d57ed00778cc,-22,13.8,5167
device_uplink,1788839099000000000,70b3d57ed00778cc,-21,13.2,5168
device_uplink,1788839115000000000,70b3d57ed00778cc,-23,13.8,5169
device_uplink,1788839131000000000,70b3d57ed00778cc,-23,12.5,5170
device_uplink,1788839147000000000,70b3d57ed00778cc,-26,13.5,5171
device_uplink,1788839165000000000,70b3d57ed00778cc,-22,14.2,5172
device_uplink,1788839181000000000,70b3d57ed00778cc,-23,10.5,5173
device_uplink,1788839197000000000,70b3d57ed00778cc,-22,13.5,5174
device_uplink,1788839213000000000,70b3d57ed00778cc,-22,14.2,5175
device_uplink,1788839229000000000,70b3d57ed00778cc,-23,13.5,5176
device_uplink,1788839245000000000,70b3d57ed00778cc,-22,13.8,5177
device_uplink,1788839261000000000,70b3d57ed00778cc,-27,14,5178
device_uplink,1788839277000000000,70b3d57ed00778cc,-21,13.5,5179
device_uplink,1788839295000000000,70b3d57ed00778cc,-23,14,5180
device_uplink,1788839311000000000,70b3d57ed00778cc,-21,14.2,5181
device_uplink,1788839327000000000,70b3d57ed00778cc,-23,10.2,5182
device_uplink,1788839343000000000,70b3d57ed00778cc,-24,13,5183
device_uplink,1788839359000000000,70b3d57ed00778cc,-22,14,5184
device_uplink,1788839375000000000,70b3d57ed00778cc,-24,13.2,5185
device_uplink,1788839391000000000,70b3d57ed00778cc,-23,13.5,5186
device_uplink,1788839407000000000,70b3d57ed00778cc,-24,13.8,5187
device_uplink,1788839425000000000,70b3d57ed00778cc,-24,13.8,5188
device_uplink,1788839441000000000,70b3d57ed00778cc,-24,10.2,5189
device_uplink,1788839457000000000,70b3d57ed00778cc,-22,13.8,5190
device_uplink,1788839473000000000,70b3d57ed00778cc,-21,13.5,5191
device_uplink,1788839489000000000,70b3d57ed00778cc,-22,14.2,5192
device_uplink,1788839505000000000,70b3d57ed00778cc,-23,14,5193
device_uplink,1788839521000000000,70b3d57ed00778cc,-25,14,5194
device_uplink,1788839539000000000,70b3d57ed00778cc,-22,14.2,5195
device_uplink,1788839555000000000,70b3d57ed00778cc,-24,14,5196
device_uplink,1788839571000000000,70b3d57ed00778cc,-23,10.5,5197
device_uplink,1788839587000000000,70b3d57ed00778cc,-23,14.2,5198
device_uplink,1788839603000000000,70b3d57ed00778cc,-23,13.5,5199
device_uplink,1788839619000000000,70b3d57ed00778cc,-21,14,5200
device_uplink,1788839635000000000,70b3d57ed00778cc,-22,14.2,5201
device_uplink,1788839653000000000,70b3d57ed00778cc,-23,13.8,5202
device_uplink,1788839669000000000,70b3d57ed00778cc,-26,13.2,5203
device_uplink,1788839685000000000,70b3d57ed00778cc,-22,14,5204
device_uplink,1788839701000000000,70b3d57ed00778cc,-22,14,5205
device_uplink,1788839717000000000,70b3d57ed00778cc,-22,14.2,5206
device_uplink,1788839733000000000,70b3d57ed00778cc,-23,10.5,5207
device_uplink,1788839749000000000,70b3d57ed00778cc,-24,13.5,5208
device_uplink,1788839765000000000,70b3d57ed00778cc,-22,14.2,5209
device_uplink,1788839770000000000,70b3d57ed0077801,-21,10.8,23
device_uplink,1788839781000000000,70b3d57ed00778cc,-24,13.2,5210
device_uplink,1788839799000000000,70b3d57ed00778cc,-23,8.5,5211
device_uplink,1788839815000000000,70b3d57ed00778cc,-23,13,5212
device_uplink,1788839831000000000,70b3d57ed00778cc,-25,13.8,5213
device_uplink,1788839847000000000,70b3d57ed00778cc,-23,13.5,5214
device_uplink,1788839863000000000,70b3d57ed00778cc,-21,13.8,5215
device_uplink,1788839879000000000,70b3d57ed00778cc,-22,14.2,5216
device_uplink,1788839895000000000,70b3d57ed00778cc,-23,14.2,5217
device_uplink,1788839911000000000,70b3d57ed00778cc,-22,14.2,5218
device_uplink,1788839929000000000,70b3d57ed00778cc,-24,13.2,5219
device_uplink,1788839945000000000,70b3d57ed00778cc,-22,14.2,5220
device_uplink,1788839961000000000,70b3d57ed00778cc,-23,13,5221
device_uplink,1788839977000000000,70b3d57ed00778cc,-27,13.8,5222
device_uplink,1788839993000000000,70b3d57ed00778cc,-24,10.5,5223
device_uplink,1788840009000000000,70b3d57ed00778cc,-23,13.8,5224
device_uplink,1788840025000000000,70b3d57ed00778cc,-23,13.5,5225
device_uplink,1788840043000000000,70b3d57ed00778cc,-23,14,5226
device_uplink,1788840059000000000,70b3d57ed00778cc,-24,13.8,5227
device_uplink,1788840075000000000,70b3d57ed00778cc,-23,14.2,5228
device_uplink,1788840091000000000,70b3d57ed00778cc,-22,14.2,5229
device_uplink,1788840107000000000,70b3d57ed00778cc,-24,13.5,5230
device_uplink,1788840123000000000,70b3d57ed00778cc,-23,8.8,5231
device_uplink,1788840141000000000,70b3d57ed00778cc,-24,14.5,5232
device_uplink,1788840157000000000,70b3d57ed00778cc,-21,14,5233
device_uplink,1788840173000000000,70b3d57ed00778cc,-22,13.5,5234
device_uplink,1788840189000000000,70b3d57ed00778cc,-24,8.8,5235
device_uplink,1788840205000000000,70b3d57ed00778cc,-21,13.5,5236
device_uplink,1788840221000000000,70b3d57ed00778cc,-23,14.5,5237
device_uplink,1788840237000000000,70b3d57ed00778cc,-27,13.8,5238
device_uplink,1788840253000000000,70b3d57ed00778cc,-24,13.8,5239
device_uplink,1788840271000000000,70b3d57ed00778cc,-24,13.2,5240
device_uplink,1788840287000000000,70b3d57ed00778cc,-24,13.5,5241
device_uplink,1788840303000000000,70b3d57ed00778cc,-25,13.8,5242
device_uplink,1788840319000000000,70b3d57ed00778cc,-27,14,5243
device_uplink,1788840335000000000,70b3d57ed00778cc,-24,9.8,5244
device_uplink,1788840351000000000,70b3d57ed00778cc,-21,13.8,5245
device_uplink,1788840367000000000,70b3d57ed00778cc,-24,13.8,5246
device_uplink,1788840383000000000,70b3d57ed00778cc,-22,14.8,5247
device_uplink,1788840401000000000,70b3d57ed00778cc,-23,14,5248
device_uplink,1788840417000000000,70b3d57ed00778cc,-23,14.2,5249
device_uplink,1788840433000000000,70b3d57ed00778cc,-26,13.8,5250
device_uplink,1788840449000000000,70b3d57ed00778cc,-26,14,5251
device_uplink,1788840465000000000,70b3d57ed00778cc,-23,13.8,5252
device_uplink,1788840481000000000,70b3d57ed00778cc,-23,14.2,5253
device_uplink,1788840497000000000,70b3d57ed00778cc,-24,13.5,5254
device_uplink,1788840513000000000,70b3d57ed00778cc,-26,13.8,5255
device_uplink,1788840531000000000,70b3d57ed00778cc,-24,10,5256
device_uplink,1788840547000000000,70b3d57ed00778cc,-23,14.5,5257
device_uplink,1788840563000000000,70b3d57ed00778cc,-23,13.8,5258
device_uplink,1788840579000000000,70b3d57ed00778cc,-23,13.5,5259
device_uplink,1788840595000000000,70b3d57ed00778cc,-24,9.8,5260
device_uplink,1788840611000000000,70b3d57ed00778cc,-22,14.5,5261
device_uplink,1788840629000000000,70b3d57ed00778cc,-23,14,5262
device_uplink,1788840645000000000,70b3d57ed00778cc,-27,14.2,5263
device_uplink,1788840661000000000,70b3d57ed00778cc,-25,13.8,5264
device_uplink,1788840677000000000,70b3d57ed00778cc,-24,13.8,5265
device_uplink,1788840679000000000,70b3d57ed0077801,-17,14.2,24
device_uplink,1788840693000000000,70b3d57ed00778cc,-23,14.2,5266
device_uplink,1788840709000000000,70b3d57ed00778cc,-22,13.8,5267
device_uplink,1788840725000000000,70b3d57ed00778cc,-23,14,5268
device_uplink,1788840741000000000,70b3d57ed00778cc,-23,14.2,5269
device_uplink,1788840759000000000,70b3d57ed00778cc,-25,14.5,5270
device_uplink,1788840775000000000,70b3d57ed00778cc,-24,12.5,5271
device_uplink,1788840791000000000,70b3d57ed00778cc,-25,11,5272
device_uplink,1788840807000000000,70b3d57ed00778cc,-22,14,5273
device_uplink,1788840823000000000,70b3d57ed00778cc,-23,14,5274
device_uplink,1788840839000000000,70b3d57ed00778cc,-23,14.2,5275
device_uplink,1788840855000000000,70b3d57ed00778cc,-21,13.5,5276
device_uplink,1788840871000000000,70b3d57ed00778cc,-25,13.8,5277
device_uplink,1788840889000000000,70b3d57ed00778cc,-24,13,5278
device_uplink,1788840905000000000,70b3d57ed00778cc,-23,12.5,5279
device_uplink,1788840921000000000,70b3d57ed00778cc,-25,12,5280
device_uplink,1788840937000000000,70b3d57ed00778cc,-22,13.8,5281
device_uplink,1788840953000000000,70b3d57ed00778cc,-25,14,5282
device_uplink,1788840969000000000,70b3d57ed00778cc,-25,13.2,5283
device_uplink,1788840985000000000,70b3d57ed00778cc,-24,13.2,5284
device_uplink,1788841001000000000,70b3d57ed00778cc,-24,8.5,5285
device_uplink,1788841019000000000,70b3d57ed00778cc,-23,13.8,5286
device_uplink,1788841035000000000,70b3d57ed00778cc,-22,14.2,5287
device_uplink,1788841051000000000,70b3d57ed00778cc,-24,12.5,5288
device_uplink,1788841067000000000,70b3d57ed00778cc,-23,14,5289
device_uplink,1788841083000000000,70b3d57ed00778cc,-23,10.2,5290
device_uplink,1788841099000000000,70b3d57ed00778cc,-26,13.5,5291
device_uplink,1788841115000000000,70b3d57ed00778cc,-21,14,5292
device_uplink,1788841131000000000,70b3d57ed00778cc,-21,13.2,5293
device_uplink,1788841149000000000,70b3d57ed00778cc,-23,13.5,5294
device_uplink,1788841165000000000,70b3d57ed00778cc,-23,13.8,5295
device_uplink,1788841181000000000,70b3d57ed00778cc,-23,13.8,5296
device_uplink,1788841197000000000,70b3d57ed00778cc,-22,14,5297
device_uplink,1788841213000000000,70b3d57ed00778cc,-22,14.2,5298
device_uplink,1788841229000000000,70b3d57ed00778cc,-22,14.2,5299
device_uplink,1788841245000000000,70b3d57ed00778cc,-22,13.8,5300
device_uplink,1788841261000000000,70b3d57ed00778cc,-22,13.8,5301
device_uplink,1788841279000000000,70b3d57ed00778cc,-26,14.2,5302
device_uplink,1788841295000000000,70b3d57ed00778cc,-25,13.5,5303
device_uplink,1788841311000000000,70b3d57ed00778cc,-25,11.2,5304
device_uplink,1788841327000000000,70b3d57ed00778cc,-23,14.2,5305
device_uplink,1788841343000000000,70b3d57ed00778cc,-22,13.8,5306
device_uplink,1788841359000000000,70b3d57ed00778cc,-22,14.2,5307
device_uplink,1788841377000000000,70b3d57ed00778cc,-25,13.5,5308
device_uplink,1788841393000000000,70b3d57ed00778cc,-26,13.5,5309
device_uplink,1788841409000000000,70b3d57ed00778cc,-24,10,5310
device_uplink,1788841425000000000,70b3d57ed00778cc,-24,14,5311
device_uplink,1788841441000000000,70b3d57ed00778cc,-21,13.8,5312
device_uplink,1788841457000000000,70b3d57ed00778cc,-24,13.2,5313
device_uplink,1788841473000000000,70b3d57ed00778cc,-22,14.2,5314
device_uplink,1788841489000000000,70b3d57ed00778cc,-25,10.2,5315
device_uplink,1788841507000000000,70b3d57ed00778cc,-23,13.8,5316
device_uplink,1788841523000000000,70b3d57ed00778cc,-23,14.2,5317
device_uplink,1788841539000000000,70b3d57ed00778cc,-23,13.8,5318
device_uplink,1788841555000000000,70b3d57ed00778cc,-25,13.2,5319
device_uplink,1788841571000000000,70b3d57ed00778cc,-27,13.5,5320
device_uplink,1788841587000000000,70b3d57ed0077801,-18,13.8,25
device_uplink,1788841587000000000,70b3d57ed00778cc,-22,14.5,5321
device_uplink,1788841603000000000,70b3d57ed00778cc,-24,9.5,5322
device_uplink,1788841619000000000,70b3d57ed00778cc,-24,14,5323
device_uplink,1788841637000000000,70b3d57ed00778cc,-23,13.2,5324
device_uplink,1788841653000000000,70b3d57ed00778cc,-22,14.2,5325
device_uplink,1788841669000000000,70b3d57ed00778cc,-23,14,5326
device_uplink,1788841685000000000,70b3d57ed00778cc,-26,14,5327
device_uplink,1788841701000000000,70b3d57ed00778cc,-24,13.2,5328
device_uplink,1788841717000000000,70b3d57ed00778cc,-23,14.2,5329
device_uplink,1788841733000000000,70b3d57ed00778cc,-23,13.8,5330
device_uplink,1788841749000000000,70b3d57ed00778cc,-23,14,5331
device_uplink,1788841767000000000,70b3d57ed00778cc,-25,14,5332
device_uplink,1788841783000000000,70b3d57ed00778cc,-21,14,5333
device_uplink,1788841799000000000,70b3d57ed00778cc,-26,11.2,5334
device_uplink,1788841815000000000,70b3d57ed00778cc,-30,13.8,5335
device_uplink,1788841831000000000,70b3d57ed00778cc,-24,13,5336
device_uplink,1788841847000000000,70b3d57ed00778cc,-23,14,5337
device_uplink,1788841863000000000,70b3d57ed00778cc,-22,14.5,5338
device_uplink,1788841879000000000,70b3d57ed00778cc,-25,13.8,5339
device_uplink,1788841897000000000,70b3d57ed00778cc,-26,14,5340
device_uplink,1788841913000000000,70b3d57ed00778cc,-23,14,5341
device_uplink,1788841929000000000,70b3d57ed00778cc,-25,11.2,5342
device_uplink,1788841945000000000,70b3d57ed00778cc,-22,14.5,5343
device_uplink,1788841961000000000,70b3d57ed00778cc,-23,14,5344
device_uplink,1788841977000000000,70b3d57ed00778cc,-25,14.2,5345
device_uplink,1788841993000000000,70b3d57ed00778cc,-24,14.2,5346
device_uplink,1788842011000000000,70b3d57ed00778cc,-24,13.2,5347
device_uplink,1788842027000000000,70b3d57ed00778cc,-24,13.2,5348
device_uplink,1788842043000000000,70b3d57ed00778cc,-22,14,5349
device_uplink,1788842059000000000,70b3d57ed00778cc,-23,13.5,5350
device_uplink,1788842075000000000,70b3d57ed00778cc,-24,13.8,5351
device_uplink,1788842091000000000,70b3d57ed00778cc,-25,10,5352
device_uplink,1788842107000000000,70b3d57ed00778cc,-25,13.5,5353
device_uplink,1788842125000000000,70b3d57ed00778cc,-21,14,5354
device_uplink,1788842141000000000,70b3d57ed00778cc,-24,13.8,5355
device_uplink,1788842157000000000,70b3d57ed00778cc,-22,13.8,5356
device_uplink,1788842173000000000,70b3d57ed00778cc,-25,13,5357
device_uplink,1788842189000000000,70b3d57ed00778cc,-26,13.8,5358
device_uplink,1788842205000000000,70b3d57ed00778cc,-32,11.8,5359
device_uplink,1788842223000000000,70b3d57ed00778cc,-27,13.8,5360
device_uplink,1788842239000000000,70b3d57ed00778cc,-23,14,5361
device_uplink,1788842255000000000,70b3d57ed00778cc,-28,14,5362
device_uplink,1788842271000000000,70b3d57ed00778cc,-25,13,5363
device_uplink,1788842287000000000,70b3d57ed00778cc,-20,13.8,5364
device_uplink,1788842303000000000,70b3d57ed00778cc,-26,13.8,5365
device_uplink,1788842319000000000,70b3d57ed00778cc,-25,11,5366
device_uplink,1788842335000000000,70b3d57ed00778cc,-21,13.2,5367
device_uplink,1788842353000000000,70b3d57ed00778cc,-24,13.2,5368
device_uplink,1788842369000000000,70b3d57ed00778cc,-26,14,5369
device_uplink,1788842385000000000,70b3d57ed00778cc,-24,13.5,5370
device_uplink,1788842401000000000,70b3d57ed00778cc,-25,13.8,5371
device_uplink,1788842417000000000,70b3d57ed00778cc,-21,13.8,5372
device_uplink,1788842433000000000,70b3d57ed00778cc,-27,13.8,5373
device_uplink,1788842449000000000,70b3d57ed00778cc,-23,13.8,5374
device_uplink,1788842465000000000,70b3d57ed00778cc,-30,12,5375
device_uplink,1788842483000000000,70b3d57ed00778cc,-27,11.2,5376
device_uplink,1788842495000000000,70b3d57ed0077801,-20,13.5,26
device_uplink,1788842499000000000,70b3d57ed00778cc,-24,13.8,5377
device_uplink,1788842515000000000,70b3d57ed00778cc,-22,14,5378
device_uplink,1788842531000000000,70b3d57ed00778cc,-25,13.8,5379
device_uplink,1788842547000000000,70b3d57ed00778cc,-29,14.2,5380
device_uplink,1788842563000000000,70b3d57ed00778cc,-27,13.5,5381
device_uplink,1788842581000000000,70b3d57ed00778cc,-23,14,5382
device_uplink,1788842597000000000,70b3d57ed00778cc,-22,14,5383
device_uplink,1788842613000000000,70b3d57ed00778cc,-23,10.5,5384
device_uplink,1788842629000000000,70b3d57ed00778cc,-24,13.5,5385
device_uplink,1788842645000000000,70b3d57ed00778cc,-24,13.8,5386
device_uplink,1788842661000000000,70b3d57ed00778cc,-25,14,5387
device_uplink,1788842677000000000,70b3d57ed00778cc,-24,13.8,5388
device_uplink,1788842693000000000,70b3d57ed00778cc,-24,12.5,5389
device_uplink,1788842711000000000,70b3d57ed00778cc,-27,13.8,5390
device_uplink,1788842727000000000,70b3d57ed00778cc,-25,11.8,5391
device_uplink,1788842743000000000,70b3d57ed00778cc,-23,12.5,5392
device_uplink,1788842759000000000,70b3d57ed00778cc,-23,13.8,5393
device_uplink,1788842775000000000,70b3d57ed00778cc,-24,13.8,5394
device_uplink,1788842791000000000,70b3d57ed00778cc,-24,9.8,5395
device_uplink,1788842807000000000,70b3d57ed00778cc,-21,14,5396
device_uplink,1788842823000000000,70b3d57ed00778cc,-22,14,5397
device_uplink,1788842841000000000,70b3d57ed00778cc,-30,13,5398
device_uplink,1788842857000000000,70b3d57ed00778cc,-25,13.5,5399
device_uplink,1788842873000000000,70b3d57ed00778cc,-22,14.5,5400
device_uplink,1788842889000000000,70b3d57ed00778cc,-24,12.8,5401
device_uplink,1788842905000000000,70b3d57ed00778cc,-21,14,5402
device_uplink,1788842921000000000,70b3d57ed00778cc,-25,13.5,5403
device_uplink,1788842937000000000,70b3d57ed00778cc,-23,14,5404
device_uplink,1788842953000000000,70b3d57ed00778cc,-22,14.2,5405
device_uplink,1788842971000000000,70b3d57ed00778cc,-26,13.5,5406
device_uplink,1788842987000000000,70b3d57ed00778cc,-25,11.8,5407
device_uplink,1788843003000000000,70b3d57ed00778cc,-23,14.5,5408
device_uplink,1788843019000000000,70b3d57ed00778cc,-24,13.8,5409
device_uplink,1788843035000000000,70b3d57ed00778cc,-26,13.2,5410
device_uplink,1788843051000000000,70b3d57ed00778cc,-24,13.8,5411
device_uplink,1788843067000000000,70b3d57ed00778cc,-26,13.2,5412
device_uplink,1788843083000000000,70b3d57ed00778cc,-24,10,5413
device_uplink,1788843101000000000,70b3d57ed00778cc,-23,13.5,5414
device_uplink,1788843117000000000,70b3d57ed00778cc,-23,14.2,5415
device_uplink,1788843133000000000,70b3d57ed00778cc,-22,14,5416
device_uplink,1788843149000000000,70b3d57ed00778cc,-24,13.5,5417
device_uplink,1788843165000000000,70b3d57ed00778cc,-24,13.5,5418
device_uplink,1788843181000000000,70b3d57ed00778cc,-25,11.8,5419
device_uplink,1788843199000000000,70b3d57ed00778cc,-24,13.5,5420
device_uplink,1788843215000000000,70b3d57ed00778cc,-25,13.5,5421
device_uplink,1788843231000000000,70b3d57ed00778cc,-22,14,5422
device_uplink,1788843247000000000,70b3d57ed00778cc,-26,13.5,5423
device_uplink,1788843263000000000,70b3d57ed00778cc,-26,13.5,5424
device_uplink,1788843279000000000,70b3d57ed00778cc,-24,13.8,5425
device_uplink,1788843295000000000,70b3d57ed00778cc,-24,13.5,5426
device_uplink,1788843311000000000,70b3d57ed00778cc,-26,12.8,5427
device_uplink,1788843329000000000,70b3d57ed00778cc,-24,13.8,5428
device_uplink,1788843345000000000,70b3d57ed00778cc,-25,13.5,5429
device_uplink,1788843361000000000,70b3d57ed00778cc,-25,10.2,5430
device_uplink,1788843377000000000,70b3d57ed00778cc,-25,13.8,5431
device_uplink,1788843393000000000,70b3d57ed00778cc,-22,14.5,5432
device_uplink,1788843404000000000,70b3d57ed0077801,-21,13.8,27
device_uplink,1788843409000000000,70b3d57ed00778cc,-24,13,5433
device_uplink,1788843425000000000,70b3d57ed00778cc,-23,14.2,5434
device_uplink,1788843441000000000,70b3d57ed00778cc,-24,14,5435
device_uplink,1788843459000000000,70b3d57ed00778cc,-23,8.8,5436
device_uplink,1788843475000000000,70b3d57ed00778cc,-23,14.5,5437
device_uplink,1788843491000000000,70b3d57ed00778cc,-23,13.2,5438
device_uplink,1788843507000000000,70b3d57ed00778cc,-24,13.8,5439
device_uplink,1788843523000000000,70b3d57ed00778cc,-27,13.8,5440
device_uplink,1788843539000000000,70b3d57ed00778cc,-24,13.8,5441
device_uplink,1788843555000000000,70b3d57ed00778cc,-24,10.2,5442
device_uplink,1788843571000000000,70b3d57ed00778cc,-27,13.8,5443
device_uplink,1788843589000000000,70b3d57ed00778cc,-24,13.8,5444
device_uplink,1788843605000000000,70b3d57ed00778cc,-22,14,5445
device_uplink,1788843621000000000,70b3d57ed00778cc,-24,13.8,5446
device_uplink,1788843637000000000,70b3d57ed00778cc,-25,14,5447
device_uplink,1788843653000000000,70b3d57ed00778cc,-22,14,5448
device_uplink,1788843669000000000,70b3d57ed00778cc,-23,13.2,5449
device_uplink,1788843685000000000,70b3d57ed00778cc,-21,14,5450
device_uplink,1788843703000000000,70b3d57ed00778cc,-23,14.5,5451
device_uplink,1788843719000000000,70b3d57ed00778cc,-23,13.5,5452
device_uplink,1788843735000000000,70b3d57ed00778cc,-22,13.8,5453
device_uplink,1788843751000000000,70b3d57ed00778cc,-25,11,5454
device_uplink,1788843767000000000,70b3d57ed00778cc,-26,13.5,5455
device_uplink,1788843783000000000,70b3d57ed00778cc,-24,14,5456
device_uplink,1788843799000000000,70b3d57ed00778cc,-23,14.2,5457
device_uplink,1788843817000000000,70b3d57ed00778cc,-24,13.8,5458
device_uplink,1788843833000000000,70b3d57ed00778cc,-22,13.5,5459
device_uplink,1788843849000000000,70b3d57ed00778cc,-22,14.2,5460
device_uplink,1788843865000000000,70b3d57ed00778cc,-22,14.2,5461
device_uplink,1788843881000000000,70b3d57ed00778cc,-24,13.8,5462
device_uplink,1788843897000000000,70b3d57ed00778cc,-25,13.8,5463
device_uplink,1788843913000000000,70b3d57ed00778cc,-24,10.8,5464
device_uplink,1788843929000000000,70b3d57ed00778cc,-22,14,5465
device_uplink,1788843947000000000,70b3d57ed00778cc,-24,14,5466
device_uplink,1788843963000000000,70b3d57ed00778cc,-21,13.2,5467
device_uplink,1788843979000000000,70b3d57ed00778cc,-25,13.5,5468
device_uplink,1788843995000000000,70b3d57ed00778cc,-27,13.8,5469
device_uplink,1788844011000000000,70b3d57ed00778cc,-25,14,5470
device_uplink,1788844027000000000,70b3d57ed00778cc,-22,14.2,5471
device_uplink,1788844043000000000,70b3d57ed00778cc,-23,8.8,5472
device_uplink,1788844059000000000,70b3d57ed00778cc,-23,14,5473
device_uplink,1788844077000000000,70b3d57ed00778cc,-27,13.8,5474
device_uplink,1788844093000000000,70b3d57ed00778cc,-24,14.2,5475
device_uplink,1788844109000000000,70b3d57ed00778cc,-27,11.2,5476
device_uplink,1788844125000000000,70b3d57ed00778cc,-25,13.2,5477
device_uplink,1788844141000000000,70b3d57ed00778cc,-24,13.5,5478
device_uplink,1788844157000000000,70b3d57ed00778cc,-23,13.5,5479
device_uplink,1788844173000000000,70b3d57ed00778cc,-22,13.8,5480
device_uplink,1788844189000000000,70b3d57ed00778cc,-26,13.8,5481
device_uplink,1788844205000000000,70b3d57ed00778cc,-28,14,5482
device_uplink,1788844223000000000,70b3d57ed00778cc,-22,13.8,5483
device_uplink,1788844239000000000,70b3d57ed00778cc,-22,14.2,5484
device_uplink,1788844255000000000,70b3d57ed00778cc,-23,14.2,5485
device_uplink,1788844271000000000,70b3d57ed00778cc,-22,13.8,5486
device_uplink,1788844287000000000,70b3d57ed00778cc,-29,10.5,5487
device_uplink,1788844303000000000,70b3d57ed00778cc,-28,14,5488
device_uplink,1788844312000000000,70b3d57ed0077801,-19,11.8,28
device_uplink,1788844319000000000,70b3d57ed00778cc,-23,14,5489
device_uplink,1788844337000000000,70b3d57ed00778cc,-28,13.8,5490
device_uplink,1788844353000000000,70b3d57ed00778cc,-23,13.5,5491
device_uplink,1788844369000000000,70b3d57ed00778cc,-22,14.2,5492
device_uplink,1788844385000000000,70b3d57ed00778cc,-26,13.8,5493
device_uplink,1788844401000000000,70b3d57ed00778cc,-23,14.5,5494
device_uplink,1788844417000000000,70b3d57ed00778cc,-24,14,5495
device_uplink,1788844433000000000,70b3d57ed00778cc,-27,11.5,5496
device_uplink,1788844449000000000,70b3d57ed00778cc,-25,14,5497
device_uplink,1788844467000000000,70b3d57ed00778cc,-24,12.5,5498
device_uplink,1788844483000000000,70b3d57ed00778cc,-26,13.5,5499
device_uplink,1788844499000000000,70b3d57ed00778cc,-26,11.5,5500
device_uplink,1788844515000000000,70b3d57ed00778cc,-23,14.2,5501
device_uplink,1788844531000000000,70b3d57ed00778cc,-25,13.5,5502
device_uplink,1788844547000000000,70b3d57ed00778cc,-23,13.2,5503
device_uplink,1788844563000000000,70b3d57ed00778cc,-27,13.8,5504
device_uplink,1788844579000000000,70b3d57ed00778cc,-23,14.2,5505
device_uplink,1788844597000000000,70b3d57ed00778cc,-26,14.2,5506
device_uplink,1788844613000000000,70b3d57ed00778cc,-24,12.8,5507
device_uplink,1788844629000000000,70b3d57ed00778cc,-25,11.5,5508
device_uplink,1788844645000000000,70b3d57ed00778cc,-26,13.5,5509
device_uplink,1788844661000000000,70b3d57ed00778cc,-22,14,5510
device_uplink,1788844677000000000,70b3d57ed00778cc,-23,13.5,5511
device_uplink,1788844693000000000,70b3d57ed00778cc,-24,14.2,5512
device_uplink,1788844709000000000,70b3d57ed00778cc,-24,14,5513
device_uplink,1788844727000000000,70b3d57ed00778cc,-24,9,5514
device_uplink,1788844743000000000,70b3d57ed00778cc,-27,13.8,5515
device_uplink,1788844759000000000,70b3d57ed00778cc,-24,13.8,5516
device_uplink,1788844775000000000,70b3d57ed00778cc,-23,14,5517
device_uplink,1788844791000000000,70b3d57ed00778cc,-23,14.2,5518
device_uplink,1788844807000000000,70b3d57ed00778cc,-23,13.2,5519
device_uplink,1788844823000000000,70b3d57ed00778cc,-23,14,5520
device_uplink,1788844839000000000,70b3d57ed00778cc,-23,14,5521
device_uplink,1788844857000000000,70b3d57ed00778cc,-24,14,5522
device_uplink,1788844873000000000,70b3d57ed00778cc,-24,13.2,5523
device_uplink,1788844889000000000,70b3d57ed00778cc,-24,14,5524
device_uplink,1788844905000000000,70b3d57ed00778cc,-23,14.2,5525
device_uplink,1788844921000000000,70b3d57ed00778cc,-26,11.5,5526
device_uplink,1788844937000000000,70b3d57ed00778cc,-26,13.2,5527
device_uplink,1788844955000000000,70b3d57ed00778cc,-28,13.8,5528
device_uplink,1788844971000000000,70b3d57ed00778cc,-23,13.8,5529
device_uplink,1788844987000000000,70b3d57ed00778cc,-24,13,5530
device_uplink,1788845003000000000,70b3d57ed00778cc,-22,14,5531
device_uplink,1788845019000000000,70b3d57ed00778cc,-24,11.2,5532
device_uplink,1788845035000000000,70b3d57ed00778cc,-26,13.8,5533
device_uplink,1788845051000000000,70b3d57ed00778cc,-22,13.5,5534
device_uplink,1788845067000000000,70b3d57ed00778cc,-25,13.5,5535
device_uplink,1788845085000000000,70b3d57ed00778cc,-23,14,5536
device_uplink,1788845101000000000,70b3d57ed00778cc,-24,14.2,5537
device_uplink,1788845117000000000,70b3d57ed00778cc,-26,11.5,5538
device_uplink,1788845133000000000,70b3d57ed00778cc,-22,14,5539
device_uplink,1788845149000000000,70b3d57ed00778cc,-27,13.5,5540
device_uplink,1788845165000000000,70b3d57ed00778cc,-20,6,5541
device_uplink,1788845181000000000,70b3d57ed00778cc,-25,13.8,5542
device_uplink,1788845199000000000,70b3d57ed00778cc,-24,14,5543
device_uplink,1788845215000000000,70b3d57ed00778cc,-24,13.8,5544
device_uplink,1788845221000000000,70b3d57ed0077801,-19,14,29
device_uplink,1788845231000000000,70b3d57ed00778cc,-25,13.5,5545
device_uplink,1788845247000000000,70b3d57ed00778cc,-22,14,5546
device_uplink,1788845263000000000,70b3d57ed00778cc,-24,13.5,5547
device_uplink,1788845279000000000,70b3d57ed00778cc,-26,13.2,5548
device_uplink,1788845295000000000,70b3d57ed00778cc,-24,13.8,5549
device_uplink,1788845313000000000,70b3d57ed00778cc,-24,14,5550
device_uplink,1788845329000000000,70b3d57ed00778cc,-24,13.8,5551
device_uplink,1788845345000000000,70b3d57ed00778cc,-24,9.5,5552
device_uplink,1788845361000000000,70b3d57ed00778cc,-23,14,5553
device_uplink,1788845377000000000,70b3d57ed00778cc,-26,11.8,5554
device_uplink,1788845393000000000,70b3d57ed00778cc,-27,14.2,5555
device_uplink,1788845409000000000,70b3d57ed00778cc,-24,13.5,5556
device_uplink,1788845425000000000,70b3d57ed00778cc,-24,14,5557
device_uplink,1788845443000000000,70b3d57ed00778cc,-24,13.8,5558
device_uplink,1788845459000000000,70b3d57ed00778cc,-23,13.8,5559
device_uplink,1788845475000000000,70b3d57ed00778cc,-30,12.2,5560
device_uplink,1788845491000000000,70b3d57ed00778cc,-24,12.5,5561
device_uplink,1788845507000000000,70b3d57ed00778cc,-26,13.8,5562
device_uplink,1788845523000000000,70b3d57ed00778cc,-24,13.8,5563
device_uplink,1788845539000000000,70b3d57ed00778cc,-34,10.8,5564
device_uplink,1788845557000000000,70b3d57ed00778cc,-27,14.2,5565
device_uplink,1788845573000000000,70b3d57ed00778cc,-29,13.2,5566
device_uplink,1788845589000000000,70b3d57ed00778cc,-25,14,5567
device_uplink,1788845605000000000,70b3d57ed00778cc,-26,13.8,5568
device_uplink,1788845621000000000,70b3d57ed00778cc,-25,13.8,5569
device_uplink,1788845637000000000,70b3d57ed00778cc,-24,13.5,5570
device_uplink,1788845653000000000,70b3d57ed00778cc,-26,13.5,5571
device_uplink,1788845669000000000,70b3d57ed00778cc,-26,13.5,5572
device_uplink,1788845687000000000,70b3d57ed00778cc,-22,13.5,5573
device_uplink,1788845703000000000,70b3d57ed00778cc,-26,14,5574
device_uplink,1788845719000000000,70b3d57ed00778cc,-24,8.8,5575
device_uplink,1788845735000000000,70b3d57ed00778cc,-25,13.2,5576
device_uplink,1788845751000000000,70b3d57ed00778cc,-23,13.5,5577
device_uplink,1788845767000000000,70b3d57ed00778cc,-23,14,5578
device_uplink,1788845783000000000,70b3d57ed00778cc,-28,13.8,5579
device_uplink,1788845801000000000,70b3d57ed00778cc,-23,14,5580
device_uplink,1788845817000000000,70b3d57ed00778cc,-26,13.5,5581
device_uplink,1788845833000000000,70b3d57ed00778cc,-24,9.2,5582
device_uplink,1788845849000000000,70b3d57ed00778cc,-23,13.5,5583
device_uplink,1788845865000000000,70b3d57ed00778cc,-23,14,5584
device_uplink,1788845881000000000,70b3d57ed00778cc,-22,13.8,5585
device_uplink,1788845897000000000,70b3d57ed00778cc,-21,14,5586
device_uplink,1788845913000000000,70b3d57ed00778cc,-22,14,5587
device_uplink,1788845931000000000,70b3d57ed00778cc,-23,14.2,5588
device_uplink,1788845947000000000,70b3d57ed00778cc,-27,13.8,5589
device_uplink,1788845963000000000,70b3d57ed00778cc,-24,9.8,5590
device_uplink,1788845979000000000,70b3d57ed00778cc,-25,13.5,5591
device_uplink,1788845995000000000,70b3d57ed00778cc,-24,13,5592
device_uplink,1788846011000000000,70b3d57ed00778cc,-29,13.8,5593
device_uplink,1788846027000000000,70b3d57ed00778cc,-28,14,5594
device_uplink,1788846043000000000,70b3d57ed00778cc,-24,13.2,5595
device_uplink,1788846061000000000,70b3d57ed00778cc,-24,13.2,5596
device_uplink,1788846077000000000,70b3d57ed00778cc,-23,13.8,5597
device_uplink,1788846093000000000,70b3d57ed00778cc,-28,13.8,5598
device_uplink,1788846109000000000,70b3d57ed00778cc,-24,12.2,5599
device_uplink,1788846125000000000,70b3d57ed00778cc,-26,11.8,5600
device_uplink,1788846129000000000,70b3d57ed0077801,-19,13.5,30
device_uplink,1788846141000000000,70b3d57ed00778cc,-24,14,5601
device_uplink,1788846157000000000,70b3d57ed00778cc,-24,12.2,5602
device_uplink,1788846173000000000,70b3d57ed00778cc,-23,13.5,5603
device_uplink,1788846191000000000,70b3d57ed00778cc,-25,14,5604
device_uplink,1788846207000000000,70b3d57ed00778cc,-27,14.5,5605
device_uplink,1788846223000000000,70b3d57ed00778cc,-24,12.5,5606
device_uplink,1788846239000000000,70b3d57ed00778cc,-26,12,5607
device_uplink,1788846255000000000,70b3d57ed00778cc,-24,13.5,5608
device_uplink,1788846271000000000,70b3d57ed00778cc,-23,14,5609
device_uplink,1788846287000000000,70b3d57ed00778cc,-25,11,5610
device_uplink,1788846303000000000,70b3d57ed00778cc,-25,14,5611
device_uplink,1788846321000000000,70b3d57ed00778cc,-26,13.8,5612
device_uplink,1788846337000000000,70b3d57ed00778cc,-23,14,5613
device_uplink,1788846353000000000,70b3d57ed00778cc,-23,14,5614
device_uplink,1788846369000000000,70b3d57ed00778cc,-23,14,5615
device_uplink,1788846385000000000,70b3d57ed00778cc,-24,13.5,5616
device_uplink,1788846401000000000,70b3d57ed00778cc,-25,13,5617
device_uplink,1788846417000000000,70b3d57ed00778cc,-24,13.2,5618
device_uplink,1788846433000000000,70b3d57ed00778cc,-25,13.5,5619
device_uplink,1788846451000000000,70b3d57ed00778cc,-24,13.2,5620
device_uplink,1788846467000000000,70b3d57ed00778cc,-25,13.2,5621
device_uplink,1788846483000000000,70b3d57ed00778cc,-25,11.2,5622
device_uplink,1788846499000000000,70b3d57ed00778cc,-23,14,5623
device_uplink,1788846515000000000,70b3d57ed00778cc,-24,14.2,5624
device_uplink,1788846531000000000,70b3d57ed00778cc,-24,13.2,5625
device_uplink,1788846547000000000,70b3d57ed00778cc,-23,14.2,5626
device_uplink,1788846563000000000,70b3d57ed00778cc,-24,14,5627
device_uplink,1788846581000000000,70b3d57ed00778cc,-23,14,5628
device_uplink,1788846597000000000,70b3d57ed00778cc,-22,13.8,5629
device_uplink,1788846613000000000,70b3d57ed00778cc,-24,13.5,5630
device_uplink,1788846629000000000,70b3d57ed00778cc,-26,11.8,5631
device_uplink,1788846645000000000,70b3d57ed00778cc,-30,13,5632
device_uplink,1788846661000000000,70b3d57ed00778cc,-25,13.5,5633
device_uplink,1788846677000000000,70b3d57ed00778cc,-25,13.2,5634
device_uplink,1788846693000000000,70b3d57ed00778cc,-26,14,5635
device_uplink,1788846711000000000,70b3d57ed00778cc,-25,11.5,5636
device_uplink,1788846727000000000,70b3d57ed00778cc,-30,12.2,5637
device_uplink,1788846743000000000,70b3d57ed00778cc,-24,13,5638
device_uplink,1788846759000000000,70b3d57ed00778cc,-23,14,5639
device_uplink,1788846775000000000,70b3d57ed00778cc,-22,13.8,5640
device_uplink,1788846791000000000,70b3d57ed00778cc,-23,13.5,5641
device_uplink,1788846807000000000,70b3d57ed00778cc,-22,14.2,5642
device_uplink,1788846825000000000,70b3d57ed00778cc,-25,13.8,5643
device_uplink,1788846841000000000,70b3d57ed00778cc,-24,10.5,5644
device_uplink,1788846857000000000,70b3d57ed00778cc,-22,14.5,5645
device_uplink,1788846873000000000,70b3d57ed00778cc,-23,14.2,5646
device_uplink,1788846889000000000,70b3d57ed00778cc,-24,13.5,5647
device_uplink,1788846905000000000,70b3d57ed00778cc,-24,12.5,5648
device_uplink,1788846921000000000,70b3d57ed00778cc,-23,14,5649
device_uplink,1788846937000000000,70b3d57ed00778cc,-22,14,5650
device_uplink,1788846955000000000,70b3d57ed00778cc,-24,13.8,5651
device_uplink,1788846971000000000,70b3d57ed00778cc,-23,14.2,5652
device_uplink,1788846987000000000,70b3d57ed00778cc,-23,14,5653
device_uplink,1788847003000000000,70b3d57ed00778cc,-25,13.5,5654
device_uplink,1788847019000000000,70b3d57ed00778cc,-24,10,5655
device_uplink,1788847035000000000,70b3d57ed00778cc,-27,14,5656
device_uplink,1788847038000000000,70b3d57ed0077801,-19,13.8,31
device_uplink,1788847051000000000,70b3d57ed00778cc,-25,13.8,5657
device_uplink,1788847069000000000,70b3d57ed00778cc,-22,13.8,5658
device_uplink,1788847085000000000,70b3d57ed00778cc,-24,12,5659
device_uplink,1788847101000000000,70b3d57ed00778cc,-23,13.5,5660
device_uplink,1788847117000000000,70b3d57ed00778cc,-25,13.5,5661
device_uplink,1788847133000000000,70b3d57ed00778cc,-23,14.2,5662
device_uplink,1788847149000000000,70b3d57ed00778cc,-25,10.8,5663
device_uplink,1788847165000000000,70b3d57ed00778cc,-24,13.8,5664
device_uplink,1788847181000000000,70b3d57ed00778cc,-23,13.8,5665
device_uplink,1788847199000000000,70b3d57ed00778cc,-26,14,5666
device_uplink,1788847215000000000,70b3d57ed00778cc,-23,14.2,5667
device_uplink,1788847231000000000,70b3d57ed00778cc,-23,14,5668
device_uplink,1788847247000000000,70b3d57ed00778cc,-22,14,5669
device_uplink,1788847263000000000,70b3d57ed00778cc,-24,9.5,5670
device_uplink,1788847279000000000,70b3d57ed00778cc,-24,13.8,5671
device_uplink,1788847295000000000,70b3d57ed00778cc,-23,14.2,5672
device_uplink,1788847311000000000,70b3d57ed00778cc,-25,13.5,5673
device_uplink,1788847327000000000,70b3d57ed00778cc,-28,13.8,5674
device_uplink,1788847345000000000,70b3d57ed00778cc,-24,12.8,5675
device_uplink,1788847361000000000,70b3d57ed00778cc,-24,10.5,5676
device_uplink,1788847377000000000,70b3d57ed00778cc,-23,13.2,5677
device_uplink,1788847393000000000,70b3d57ed00778cc,-24,14,5678
device_uplink,1788847409000000000,70b3d57ed00778cc,-21,14,5679
device_uplink,1788847425000000000,70b3d57ed00778cc,-25,13.5,5680
device_uplink,1788847441000000000,70b3d57ed00778cc,-25,13.5,5681
device_uplink,1788847457000000000,70b3d57ed00778cc,-23,13.8,5682
device_uplink,1788847475000000000,70b3d57ed00778cc,-22,13.5,5683
device_uplink,1788847491000000000,70b3d57ed00778cc,-28,13.5,5684
device_uplink,1788847507000000000,70b3d57ed00778cc,-23,14.2,5685
device_uplink,1788847523000000000,70b3d57ed00778cc,-24,9,5686
device_uplink,1788847539000000000,70b3d57ed00778cc,-25,13.5,5687
device_uplink,1788847555000000000,70b3d57ed00778cc,-24,13.5,5688
device_uplink,1788847571000000000,70b3d57ed00778cc,-23,13.8,5689
device_uplink,1788847587000000000,70b3d57ed00778cc,-23,14,5690
device_uplink,1788847605000000000,70b3d57ed00778cc,-27,14,5691
device_uplink,1788847621000000000,70b3d57ed00778cc,-23,14.5,5692
device_uplink,1788847637000000000,70b3d57ed00778cc,-22,14.2,5693
device_uplink,1788847653000000000,70b3d57ed00778cc,-24,10,5694
device_uplink,1788847669000000000,70b3d57ed00778cc,-24,13.2,5695
device_uplink,1788847685000000000,70b3d57ed00778cc,-27,13.5,5696
device_uplink,1788847701000000000,70b3d57ed00778cc,-22,14,5697
device_uplink,1788847719000000000,70b3d57ed00778cc,-26,13.5,5698
device_uplink,1788847735000000000,70b3d57ed00778cc,-24,13,5699
device_uplink,1788847751000000000,70b3d57ed00778cc,-23,8.8,5700
device_uplink,1788847767000000000,70b3d57ed00778cc,-23,13.2,5701
device_uplink,1788847783000000000,70b3d57ed00778cc,-22,14,5702
device_uplink,1788847799000000000,70b3d57ed00778cc,-24,13.8,5703
device_uplink,1788847815000000000,70b3d57ed00778cc,-24,12.8,5704
device_uplink,1788847831000000000,70b3d57ed00778cc,-25,13.5,5705
device_uplink,1788847849000000000,70b3d57ed00778cc,-26,11.5,5706
device_uplink,1788847865000000000,70b3d57ed00778cc,-23,14.2,5707
device_uplink,1788847881000000000,70b3d57ed00778cc,-24,13.2,5708
device_uplink,1788847897000000000,70b3d57ed00778cc,-23,14,5709
device_uplink,1788847913000000000,70b3d57ed00778cc,-24,13.5,5710
device_uplink,1788847929000000000,70b3d57ed00778cc,-24,13.8,5711
device_uplink,1788847945000000000,70b3d57ed00778cc,-24,13.2,5712
device_uplink,1788847946000000000,70b3d57ed0077801,-18,13.8,32
device_uplink,1788847961000000000,70b3d57ed00778cc,-24,13.8,5713
device_uplink,1788847979000000000,70b3d57ed00778cc,-22,14,5714
device_uplink,1788847995000000000,70b3d57ed00778cc,-21,13.8,5715
device_uplink,1788848011000000000,70b3d57ed00778cc,-24,14.2,5716
device_uplink,1788848027000000000,70b3d57ed00778cc,-26,13.8,5717
device_uplink,1788848043000000000,70b3d57ed00778cc,-24,10.8,5718
device_uplink,1788848059000000000,70b3d57ed00778cc,-23,14.5,5719
device_uplink,1788848075000000000,70b3d57ed00778cc,-25,13.8,5720
device_uplink,1788848091000000000,70b3d57ed00778cc,-24,13.8,5721
device_uplink,1788848109000000000,70b3d57ed00778cc,-24,8.8,5722
device_uplink,1788848125000000000,70b3d57ed00778cc,-24,13.2,5723
device_uplink,1788848141000000000,70b3d57ed00778cc,-27,14.2,5724
device_uplink,1788848157000000000,70b3d57ed00778cc,-23,13.8,5725
device_uplink,1788848173000000000,70b3d57ed00778cc,-22,14.2,5726
device_uplink,1788848189000000000,70b3d57ed00778cc,-22,14,5727
device_uplink,1788848205000000000,70b3d57ed00778cc,-23,14,5728
device_uplink,1788848223000000000,70b3d57ed00778cc,-23,13.2,5729
device_uplink,1788848239000000000,70b3d57ed00778cc,-24,13.2,5730
device_uplink,1788848255000000000,70b3d57ed00778cc,-28,13.5,5731
device_uplink,1788848271000000000,70b3d57ed00778cc,-29,12,5732
device_uplink,1788848287000000000,70b3d57ed00778cc,-27,14,5733
device_uplink,1788848303000000000,70b3d57ed00778cc,-24,8.8,5734
device_uplink,1788848319000000000,70b3d57ed00778cc,-23,14.2,5735
device_uplink,1788848337000000000,70b3d57ed00778cc,-25,13.8,5736
device_uplink,1788848353000000000,70b3d57ed00778cc,-23,13.5,5737
device_uplink,1788848369000000000,70b3d57ed00778cc,-23,14.2,5738
device_uplink,1788848385000000000,70b3d57ed00778cc,-25,11.2,5739
device_uplink,1788848401000000000,70b3d57ed00778cc,-27,14,5740
device_uplink,1788848417000000000,70b3d57ed00778cc,-24,11.8,5741
device_uplink,1788848433000000000,70b3d57ed00778cc,-26,13,5742
device_uplink,1788848449000000000,70b3d57ed00778cc,-24,12.8,5743
device_uplink,1788848467000000000,70b3d57ed00778cc,-23,13.5,5744
device_uplink,1788848483000000000,70b3d57ed00778cc,-24,13.5,5745
device_uplink,1788848499000000000,70b3d57ed00778cc,-24,14,5746
device_uplink,1788848515000000000,70b3d57ed00778cc,-25,13.5,5747
device_uplink,1788848531000000000,70b3d57ed00778cc,-22,14,5748
device_uplink,1788848547000000000,70b3d57ed00778cc,-23,14.2,5749
device_uplink,1788848563000000000,70b3d57ed00778cc,-24,13.8,5750
device_uplink,1788848579000000000,70b3d57ed00778cc,-23,13.8,5751
device_uplink,1788848597000000000,70b3d57ed00778cc,-25,11,5752
device_uplink,1788848613000000000,70b3d57ed00778cc,-24,13.2,5753
device_uplink,1788848629000000000,70b3d57ed00778cc,-25,11,5754
device_uplink,1788848645000000000,70b3d57ed00778cc,-22,14.2,5755
device_uplink,1788848661000000000,70b3d57ed00778cc,-25,13.8,5756
device_uplink,1788848677000000000,70b3d57ed00778cc,-27,14,5757
device_uplink,1788848693000000000,70b3d57ed00778cc,-23,13.5,5758
device_uplink,1788848709000000000,70b3d57ed00778cc,-24,13.5,5759
device_uplink,1788848727000000000,70b3d57ed00778cc,-21,13.8,5760
device_uplink,1788848743000000000,70b3d57ed00778cc,-23,13,5761
device_uplink,1788848759000000000,70b3d57ed00778cc,-25,11.2,5762
device_uplink,1788848775000000000,70b3d57ed00778cc,-25,13.8,5763
device_uplink,1788848791000000000,70b3d57ed00778cc,-25,13.5,5764
device_uplink,1788848807000000000,70b3d57ed00778cc,-22,14.2,5765
device_uplink,1788848823000000000,70b3d57ed00778cc,-23,13.5,5766
device_uplink,1788848839000000000,70b3d57ed00778cc,-23,14.2,5767
device_uplink,1788848854000000000,70b3d57ed0077801,-18,13.8,33
device_uplink,1788848857000000000,70b3d57ed00778cc,-23,13.5,5768
device_uplink,1788848873000000000,70b3d57ed00778cc,-24,13.2,5769
device_uplink,1788848889000000000,70b3d57ed00778cc,-23,13.8,5770
device_uplink,1788848905000000000,70b3d57ed00778cc,-24,13.5,5771
device_uplink,1788848921000000000,70b3d57ed00778cc,-25,13.8,5772
device_uplink,1788848937000000000,70b3d57ed00778cc,-26,14,5773
device_uplink,1788848953000000000,70b3d57ed00778cc,-23,13.2,5774
device_uplink,1788848969000000000,70b3d57ed00778cc,-26,11.2,5775
device_uplink,1788848987000000000,70b3d57ed00778cc,-23,14.5,5776
device_uplink,1788849003000000000,70b3d57ed00778cc,-22,14,5777
device_uplink,1788849019000000000,70b3d57ed00778cc,-23,13.8,5778
device_uplink,1788849035000000000,70b3d57ed00778cc,-24,9.8,5779
device_uplink,1788849051000000000,70b3d57ed00778cc,-24,12.8,5780
device_uplink,1788849067000000000,70b3d57ed00778cc,-29,13,5781
device_uplink,1788849083000000000,70b3d57ed00778cc,-23,12.2,5782
device_uplink,1788849099000000000,70b3d57ed00778cc,-22,13.8,5783
device_uplink,1788849117000000000,70b3d57ed00778cc,-25,14,5784
device_uplink,1788849133000000000,70b3d57ed00778cc,-22,14.5,5785
device_uplink,1788849149000000000,70b3d57ed00778cc,-24,11.2,5786
device_uplink,1788849165000000000,70b3d57ed00778cc,-23,10.2,5787
device_uplink,1788849181000000000,70b3d57ed00778cc,-23,13.2,5788
device_uplink,1788849197000000000,70b3d57ed00778cc,-23,13.5,5789
device_uplink,1788849213000000000,70b3d57ed00778cc,-22,14,5790
device_uplink,1788849231000000000,70b3d57ed00778cc,-21,13.8,5791
device_uplink,1788849247000000000,70b3d57ed00778cc,-31,13.5,5792
device_uplink,1788849263000000000,70b3d57ed00778cc,-23,14,5793
device_uplink,1788849279000000000,70b3d57ed00778cc,-22,14.5,5794
device_uplink,1788849295000000000,70b3d57ed00778cc,-25,11.8,5795
device_uplink,1788849311000000000,70b3d57ed00778cc,-25,14,5796
device_uplink,1788849327000000000,70b3d57ed00778cc,-25,13.8,5797
device_uplink,1788849343000000000,70b3d57ed00778cc,-24,13.2,5798
device_uplink,1788849361000000000,70b3d57ed00778cc,-23,13.5,5799
device_uplink,1788849377000000000,70b3d57ed00778cc,-23,14,5800
device_uplink,1788849393000000000,70b3d57ed00778cc,-23,14,5801
device_uplink,1788849409000000000,70b3d57ed00778cc,-23,14,5802
device_uplink,1788849425000000000,70b3d57ed00778cc,-24,10,5803
device_uplink,1788849441000000000,70b3d57ed00778cc,-24,13.5,5804
device_uplink,1788849457000000000,70b3d57ed00778cc,-27,14,5805
device_uplink,1788849473000000000,70b3d57ed00778cc,-24,12,5806
device_uplink,1788849491000000000,70b3d57ed00778cc,-25,13.5,5807
device_uplink,1788849507000000000,70b3d57ed00778cc,-25,13.8,5808
device_uplink,1788849523000000000,70b3d57ed00778cc,-24,14.2,5809
device_uplink,1788849539000000000,70b3d57ed00778cc,-23,14,5810
device_uplink,1788849555000000000,70b3d57ed00778cc,-23,14.5,5811
device_uplink,1788849571000000000,70b3d57ed00778cc,-23,14,5812
device_uplink,1788849587000000000,70b3d57ed00778cc,-25,13.8,5813
device_uplink,1788849605000000000,70b3d57ed00778cc,-22,14.2,5814
device_uplink,1788849621000000000,70b3d57ed00778cc,-25,11.5,5815
device_uplink,1788849637000000000,70b3d57ed00778cc,-23,14,5816
device_uplink,1788849653000000000,70b3d57ed00778cc,-24,13.8,5817
device_uplink,1788849669000000000,70b3d57ed00778cc,-24,14,5818
device_uplink,1788849685000000000,70b3d57ed00778cc,-24,13.5,5819
device_uplink,1788849703000000000,70b3d57ed00778cc,-22,14,5820
device_uplink,1788849719000000000,70b3d57ed00778cc,-23,13.8,5821
device_uplink,1788849735000000000,70b3d57ed00778cc,-24,13.8,5822
device_uplink,1788849751000000000,70b3d57ed00778cc,-26,13.8,5823
device_uplink,1788849763000000000,70b3d57ed0077801,-18,10.2,34
device_uplink,1788849767000000000,70b3d57ed00778cc,-26,11.2,5824
device_uplink,1788849783000000000,70b3d57ed00778cc,-24,12.8,5825
device_uplink,1788849799000000000,70b3d57ed00778cc,-29,14,5826
device_uplink,1788849815000000000,70b3d57ed00778cc,-24,14.2,5827
device_uplink,1788849833000000000,70b3d57ed00778cc,-24,10,5828
device_uplink,1788849849000000000,70b3d57ed00778cc,-27,13.2,5829
device_uplink,1788849865000000000,70b3d57ed00778cc,-24,14,5830
device_uplink,1788849881000000000,70b3d57ed00778cc,-22,14,5831
device_uplink,1788849897000000000,70b3d57ed00778cc,-25,13.5,5832
device_uplink,1788849913000000000,70b3d57ed00778cc,-24,13.5,5833
device_uplink,1788849929000000000,70b3d57ed00778cc,-26,13.2,5834
device_uplink,1788849945000000000,70b3d57ed00778cc,-24,13.8,5835
device_uplink,1788849963000000000,70b3d57ed00778cc,-25,10.8,5836
device_uplink,1788849979000000000,70b3d57ed00778cc,-25,14,5837
device_uplink,1788849995000000000,70b3d57ed00778cc,-20,13.5,5838
device_uplink,1788850011000000000,70b3d57ed00778cc,-22,14.2,5839
device_uplink,1788850027000000000,70b3d57ed00778cc,-26,14,5840
device_uplink,1788850043000000000,70b3d57ed00778cc,-25,13.8,5841
device_uplink,1788850059000000000,70b3d57ed00778cc,-23,14,5842
device_uplink,1788850077000000000,70b3d57ed00778cc,-25,13.8,5843
device_uplink,1788850093000000000,70b3d57ed00778cc,-23,14,5844
device_uplink,1788850109000000000,70b3d57ed00778cc,-23,13.8,5845
device_uplink,1788850125000000000,70b3d57ed00778cc,-26,13.8,5846
device_uplink,1788850141000000000,70b3d57ed00778cc,-26,11.2,5847
device_uplink,1788850157000000000,70b3d57ed00778cc,-26,13.8,5848
device_uplink,1788850173000000000,70b3d57ed00778cc,-23,14.2,5849
device_uplink,1788850189000000000,70b3d57ed00778cc,-25,13.8,5850
device_uplink,1788850207000000000,70b3d57ed00778cc,-22,14,5851
device_uplink,1788850223000000000,70b3d57ed00778cc,-24,9.8,5852
device_uplink,1788850239000000000,70b3d57ed00778cc,-22,13.8,5853
device_uplink,1788850255000000000,70b3d57ed00778cc,-24,14,5854
device_uplink,1788850271000000000,70b3d57ed00778cc,-24,13.8,5855
device_uplink,1788850287000000000,70b3d57ed00778cc,-23,13.8,5856
device_uplink,1788850303000000000,70b3d57ed00778cc,-23,13.8,5857
device_uplink,1788850321000000000,70b3d57ed00778cc,-24,10.2,5858
device_uplink,1788850337000000000,70b3d57ed00778cc,-24,13.5,5859
device_uplink,1788850353000000000,70b3d57ed00778cc,-22,14.5,5860
device_uplink,1788850369000000000,70b3d57ed00778cc,-24,14,5861
device_uplink,1788850385000000000,70b3d57ed00778cc,-24,13.2,5862
device_uplink,1788850401000000000,70b3d57ed00778cc,-22,14.2,5863
device_uplink,1788850417000000000,70b3d57ed00778cc,-25,13.2,5864
device_uplink,1788850433000000000,70b3d57ed00778cc,-23,14,5865
device_uplink,1788850451000000000,70b3d57ed00778cc,-22,14.5,5866
device_uplink,1788850467000000000,70b3d57ed00778cc,-23,13.5,5867
device_uplink,1788850483000000000,70b3d57ed00778cc,-23,13.8,5868
device_uplink,1788850499000000000,70b3d57ed00778cc,-18,14,5869
device_uplink,1788850515000000000,70b3d57ed00778cc,-22,14.5,5870
device_uplink,1788850531000000000,70b3d57ed00778cc,-24,10.2,5871
device_uplink,1788850547000000000,70b3d57ed00778cc,-25,13,5872
device_uplink,1788850563000000000,70b3d57ed00778cc,-23,13.8,5873
device_uplink,1788850581000000000,70b3d57ed00778cc,-23,13.5,5874
device_uplink,1788850597000000000,70b3d57ed00778cc,-22,14.2,5875
device_uplink,1788850613000000000,70b3d57ed00778cc,-24,14,5876
device_uplink,1788850629000000000,70b3d57ed00778cc,-23,14,5877
device_uplink,1788850645000000000,70b3d57ed00778cc,-24,13.2,5878
device_uplink,1788850661000000000,70b3d57ed00778cc,-23,14.2,5879
device_uplink,1788850671000000000,70b3d57ed0077801,-18,13.8,35
device_uplink,1788850677000000000,70b3d57ed00778cc,-23,10.5,5880
device_uplink,1788850693000000000,70b3d57ed00778cc,-23,14,5881
device_uplink,1788850711000000000,70b3d57ed00778cc,-24,10.5,5882
device_uplink,1788850727000000000,70b3d57ed00778cc,-24,13.8,5883
device_uplink,1788850743000000000,70b3d57ed00778cc,-22,13.5,5884
device_uplink,1788850759000000000,70b3d57ed00778cc,-28,14.2,5885
device_uplink,1788850775000000000,70b3d57ed00778cc,-23,14,5886
device_uplink,1788850791000000000,70b3d57ed00778cc,-25,13.5,5887
device_uplink,1788850807000000000,70b3d57ed00778cc,-24,12.5,5888
device_uplink,1788850825000000000,70b3d57ed00778cc,-23,14,5889
device_uplink,1788850841000000000,70b3d57ed00778cc,-26,13.8,5890
device_uplink,1788850857000000000,70b3d57ed00778cc,-22,14.2,5891
device_uplink,1788850873000000000,70b3d57ed00778cc,-24,13.8,5892
device_uplink,1788850889000000000,70b3d57ed00778cc,-23,14.2,5893
device_uplink,1788850905000000000,70b3d57ed00778cc,-24,8.5,5894
device_uplink,1788850921000000000,70b3d57ed00778cc,-25,14,5895
device_uplink,1788850939000000000,70b3d57ed00778cc,-25,14,5896
device_uplink,1788850955000000000,70b3d57ed00778cc,-24,10.5,5897
device_uplink,1788850971000000000,70b3d57ed00778cc,-25,13.8,5898
device_uplink,1788850987000000000,70b3d57ed00778cc,-21,14,5899
device_uplink,1788851003000000000,70b3d57ed00778cc,-25,14,5900
device_uplink,1788851019000000000,70b3d57ed00778cc,-26,13.5,5901
device_uplink,1788851035000000000,70b3d57ed00778cc,-27,11.5,5902
device_uplink,1788851051000000000,70b3d57ed00778cc,-24,13.2,5903
device_uplink,1788851069000000000,70b3d57ed00778cc,-24,12.5,5904
device_uplink,1788851085000000000,70b3d57ed00778cc,-23,12.5,5905
device_uplink,1788851101000000000,70b3d57ed00778cc,-24,8.8,5906
device_uplink,1788851117000000000,70b3d57ed00778cc,-23,14.2,5907
device_uplink,1788851133000000000,70b3d57ed00778cc,-26,13.5,5908
device_uplink,1788851149000000000,70b3d57ed00778cc,-23,13.8,5909
device_uplink,1788851165000000000,70b3d57ed00778cc,-23,13.8,5910
device_uplink,1788851181000000000,70b3d57ed00778cc,-24,13.2,5911
device_uplink,1788851199000000000,70b3d57ed00778cc,-27,14,5912
device_uplink,1788851215000000000,70b3d57ed00778cc,-25,13.5,5913
device_uplink,1788851231000000000,70b3d57ed00778cc,-22,13.8,5914
device_uplink,1788851247000000000,70b3d57ed00778cc,-23,13.8,5915
device_uplink,1788851263000000000,70b3d57ed00778cc,-24,12.2,5916
device_uplink,1788851279000000000,70b3d57ed00778cc,-23,14,5917
device_uplink,1788851295000000000,70b3d57ed00778cc,-23,13.5,5918
device_uplink,1788851311000000000,70b3d57ed00778cc,-26,11.5,5919
device_uplink,1788851329000000000,70b3d57ed00778cc,-23,13.8,5920
device_uplink,1788851345000000000,70b3d57ed00778cc,-25,13.5,5921
device_uplink,1788851361000000000,70b3d57ed00778cc,-24,13.5,5922
device_uplink,1788851377000000000,70b3d57ed00778cc,-24,14,5923
device_uplink,1788851393000000000,70b3d57ed00778cc,-24,14,5924
device_uplink,1788851409000000000,70b3d57ed00778cc,-24,13.2,5925
device_uplink,1788851425000000000,70b3d57ed00778cc,-24,13.8,5926
device_uplink,1788851441000000000,70b3d57ed00778cc,-25,11.2,5927
device_uplink,1788851459000000000,70b3d57ed00778cc,-26,13.5,5928
device_uplink,1788851475000000000,70b3d57ed00778cc,-22,14.5,5929
device_uplink,1788851491000000000,70b3d57ed00778cc,-24,8.8,5930
device_uplink,1788851507000000000,70b3d57ed00778cc,-27,14.2,5931
device_uplink,1788851523000000000,70b3d57ed00778cc,-24,13.8,5932
device_uplink,1788851539000000000,70b3d57ed00778cc,-23,14,5933
device_uplink,1788851555000000000,70b3d57ed00778cc,-23,13.5,5934
device_uplink,1788851571000000000,70b3d57ed00778cc,-22,14.5,5935
device_uplink,1788851580000000000,70b3d57ed0077801,-17,14,36
device_uplink,1788851589000000000,70b3d57ed00778cc,-22,13.8,5936
device_uplink,1788851605000000000,70b3d57ed00778cc,-23,14,5937
device_uplink,1788851621000000000,70b3d57ed00778cc,-26,13.5,5938
device_uplink,1788851637000000000,70b3d57ed00778cc,-24,13.2,5939
device_uplink,1788851653000000000,70b3d57ed00778cc,-24,13.8,5940
device_uplink,1788851669000000000,70b3d57ed00778cc,-25,11.2,5941
device_uplink,1788851685000000000,70b3d57ed00778cc,-24,13.5,5942
device_uplink,1788851701000000000,70b3d57ed00778cc,-23,14.2,5943
device_uplink,1788851719000000000,70b3d57ed00778cc,-23,14.2,5944
device_uplink,1788851735000000000,70b3d57ed00778cc,-22,14.2,5945
device_uplink,1788851751000000000,70b3d57ed00778cc,-23,10.8,5946
device_uplink,1788851767000000000,70b3d57ed00778cc,-26,13.2,5947
device_uplink,1788851783000000000,70b3d57ed00778cc,-23,13.8,5948
device_uplink,1788851799000000000,70b3d57ed00778cc,-25,13.2,5949
device_uplink,1788851815000000000,70b3d57ed00778cc,-21,14,5950
device_uplink,1788851831000000000,70b3d57ed00778cc,-23,13.5,5951
device_uplink,1788851849000000000,70b3d57ed00778cc,-23,14,5952
device_uplink,1788851865000000000,70b3d57ed00778cc,-23,14,5953
device_uplink,1788851881000000000,70b3d57ed00778cc,-24,13.8,5954
device_uplink,1788851897000000000,70b3d57ed00778cc,-24,13.8,5955
device_uplink,1788851913000000000,70b3d57ed00778cc,-28,12.5,5956
device_uplink,1788851929000000000,70b3d57ed00778cc,-22,14.2,5957
device_uplink,1788851945000000000,70b3d57ed00778cc,-25,13.5,5958
device_uplink,1788851961000000000,70b3d57ed00778cc,-24,9,5959
device_uplink,1788851979000000000,70b3d57ed00778cc,-24,13.5,5960
device_uplink,1788851995000000000,70b3d57ed00778cc,-23,13.2,5961
device_uplink,1788852011000000000,70b3d57ed00778cc,-27,13.5,5962
device_uplink,1788852027000000000,70b3d57ed00778cc,-22,14,5963
device_uplink,1788852043000000000,70b3d57ed00778cc,-24,10.2,5964
device_uplink,1788852059000000000,70b3d57ed00778cc,-22,14,5965
device_uplink,1788852075000000000,70b3d57ed00778cc,-23,13.5,5966
device_uplink,1788852091000000000,70b3d57ed00778cc,-27,13.5,5967
device_uplink,1788852109000000000,70b3d57ed00778cc,-22,13.5,5968
device_uplink,1788852125000000000,70b3d57ed00778cc,-23,13.8,5969
device_uplink,1788852141000000000,70b3d57ed00778cc,-24,11,5970
device_uplink,1788852157000000000,70b3d57ed00778cc,-24,14,5971
device_uplink,1788852173000000000,70b3d57ed00778cc,-22,13.5,5972
device_uplink,1788852189000000000,70b3d57ed00778cc,-24,12.8,5973
device_uplink,1788852205000000000,70b3d57ed00778cc,-24,13,5974
device_uplink,1788852223000000000,70b3d57ed00778cc,-24,13.8,5975
device_uplink,1788852239000000000,70b3d57ed00778cc,-23,12.8,5976
device_uplink,1788852255000000000,70b3d57ed00778cc,-23,14.5,5977
device_uplink,1788852271000000000,70b3d57ed00778cc,-24,13,5978
device_uplink,1788852287000000000,70b3d57ed00778cc,-23,14.5,5979
device_uplink,1788852303000000000,70b3d57ed00778cc,-25,12.2,5980
device_uplink,1788852319000000000,70b3d57ed00778cc,-22,14,5981
device_uplink,1788852337000000000,70b3d57ed00778cc,-24,13.8,5982
device_uplink,1788852353000000000,70b3d57ed00778cc,-24,9.2,5983
device_uplink,1788852369000000000,70b3d57ed00778cc,-23,13.2,5984
device_uplink,1788852385000000000,70b3d57ed00778cc,-23,14.2,5985
device_uplink,1788852401000000000,70b3d57ed00778cc,-24,14,5986
device_uplink,1788852417000000000,70b3d57ed00778cc,-26,14.2,5987
device_uplink,1788852433000000000,70b3d57ed00778cc,-25,10.2,5988
device_uplink,1788852449000000000,70b3d57ed00778cc,-24,14,5989
device_uplink,1788852467000000000,70b3d57ed00778cc,-23,13,5990
device_uplink,1788852483000000000,70b3d57ed00778cc,-25,14,5991
device_uplink,1788852488000000000,70b3d57ed0077801,-18,13.2,37
device_uplink,1788852499000000000,70b3d57ed00778cc,-24,14,5992
device_uplink,1788852515000000000,70b3d57ed00778cc,-24,13.2,5993
device_uplink,1788852531000000000,70b3d57ed00778cc,-24,13.2,5994
device_uplink,1788852547000000000,70b3d57ed00778cc,-22,14.2,5995
device_uplink,1788852563000000000,70b3d57ed00778cc,-25,11.8,5996
device_uplink,1788852581000000000,70b3d57ed00778cc,-24,13.5,5997
device_uplink,1788852597000000000,70b3d57ed00778cc,-22,14.2,5998
device_uplink,1788852613000000000,70b3d57ed00778cc,-23,14,5999
device_uplink,1788852629000000000,70b3d57ed00778cc,-23,14,6000
device_uplink,1788852645000000000,70b3d57ed00778cc,-22,14.5,6001
device_uplink,1788852661000000000,70b3d57ed00778cc,-26,13.5,6002
device_uplink,1788852677000000000,70b3d57ed00778cc,-22,11,6003
device_uplink,1788852695000000000,70b3d57ed00778cc,-23,13.8,6004
device_uplink,1788852711000000000,70b3d57ed00778cc,-22,13.8,6005
device_uplink,1788852727000000000,70b3d57ed00778cc,-23,14.2,6006
device_uplink,1788852743000000000,70b3d57ed00778cc,-23,14,6007
device_uplink,1788852759000000000,70b3d57ed00778cc,-21,14,6008
device_uplink,1788852775000000000,70b3d57ed00778cc,-24,13.8,6009
device_uplink,1788852791000000000,70b3d57ed00778cc,-24,13.5,6010
device_uplink,1788852807000000000,70b3d57ed00778cc,-25,14,6011
device_uplink,1788852825000000000,70b3d57ed00778cc,-23,14.5,6012
device_uplink,1788852841000000000,70b3d57ed00778cc,-21,14,6013
device_uplink,1788852857000000000,70b3d57ed00778cc,-24,10.2,6014
device_uplink,1788852873000000000,70b3d57ed00778cc,-23,13.5,6015
device_uplink,1788852889000000000,70b3d57ed00778cc,-22,14.2,6016
device_uplink,1788852905000000000,70b3d57ed00778cc,-23,14,6017
device_uplink,1788852921000000000,70b3d57ed00778cc,-23,13.2,6018
device_uplink,1788852937000000000,70b3d57ed00778cc,-25,13.8,6019
device_uplink,1788852955000000000,70b3d57ed00778cc,-24,9.2,6020
device_uplink,1788852971000000000,70b3d57ed00778cc,-24,14.2,6021
device_uplink,1788852987000000000,70b3d57ed00778cc,-23,13.5,6022
device_uplink,1788853003000000000,70b3d57ed00778cc,-22,14,6023
device_uplink,1788853019000000000,70b3d57ed00778cc,-23,14.2,6024
device_uplink,1788853035000000000,70b3d57ed00778cc,-23,14.2,6025
device_uplink,1788853051000000000,70b3d57ed00778cc,-24,13.8,6026
device_uplink,1788853067000000000,70b3d57ed00778cc,-22,14,6027
device_uplink,1788853085000000000,70b3d57ed00778cc,-23,14,6028
device_uplink,1788853101000000000,70b3d57ed00778cc,-23,14,6029
device_uplink,1788853117000000000,70b3d57ed00778cc,-23,14.2,6030
device_uplink,1788853133000000000,70b3d57ed00778cc,-24,9,6031
device_uplink,1788853149000000000,70b3d57ed00778cc,-25,13.5,6032
device_uplink,1788853165000000000,70b3d57ed00778cc,-23,14,6033
device_uplink,1788853183000000000,70b3d57ed00778cc,-23,14.2,6034
device_uplink,1788853199000000000,70b3d57ed00778cc,-23,14,6035
device_uplink,1788853215000000000,70b3d57ed00778cc,-27,14,6036
device_uplink,1788853231000000000,70b3d57ed00778cc,-28,8.5,6037
device_uplink,1788853247000000000,70b3d57ed00778cc,-26,13.2,6038
device_uplink,1788853263000000000,70b3d57ed00778cc,-20,13.5,6039
device_uplink,1788853281000000000,70b3d57ed00778cc,-18,13.2,6040
device_uplink,1788853297000000000,70b3d57ed00778cc,-21,13.8,6041
device_uplink,1788853313000000000,70b3d57ed00778cc,-23,13.8,6042
device_uplink,1788853329000000000,70b3d57ed00778cc,-22,13.2,6043
device_uplink,1788853345000000000,70b3d57ed00778cc,-24,14,6044
device_uplink,1788853361000000000,70b3d57ed00778cc,-27,13,6045
device_uplink,1788853377000000000,70b3d57ed00778cc,-22,13.8,6046
device_uplink,1788853393000000000,70b3d57ed00778cc,-24,9,6047
device_uplink,1788853396000000000,70b3d57ed0077801,-19,13.8,38
device_uplink,1788853411000000000,70b3d57ed00778cc,-23,13.8,6048
device_uplink,1788853427000000000,70b3d57ed00778cc,-24,13.5,6049
device_uplink,1788853443000000000,70b3d57ed00778cc,-22,14,6050
device_uplink,1788853459000000000,70b3d57ed00778cc,-24,14,6051
device_uplink,1788853475000000000,70b3d57ed00778cc,-23,14,6052
device_uplink,1788853491000000000,70b3d57ed00778cc,-22,14.2,6053
device_uplink,1788853507000000000,70b3d57ed00778cc,-23,14,6054
device_uplink,1788853525000000000,70b3d57ed00778cc,-24,13.5,6055
device_uplink,1788853541000000000,70b3d57ed00778cc,-26,11,6056
device_uplink,1788853557000000000,70b3d57ed00778cc,-22,13.8,6057
device_uplink,1788853573000000000,70b3d57ed00778cc,-23,14.2,6058
device_uplink,1788853589000000000,70b3d57ed00778cc,-23,10.5,6059
device_uplink,1788853605000000000,70b3d57ed00778cc,-24,14.2,6060
device_uplink,1788853621000000000,70b3d57ed00778cc,-21,14,6061
device_uplink,1788853639000000000,70b3d57ed00778cc,-22,14,6062
device_uplink,1788853655000000000,70b3d57ed00778cc,-25,13.5,6063
device_uplink,1788853671000000000,70b3d57ed00778cc,-23,13.8,6064
device_uplink,1788853687000000000,70b3d57ed00778cc,-21,14,6065
device_uplink,1788853703000000000,70b3d57ed00778cc,-22,14,6066
device_uplink,1788853719000000000,70b3d57ed00778cc,-23,10.5,6067
device_uplink,1788853735000000000,70b3d57ed00778cc,-23,13.8,6068
device_uplink,1788853751000000000,70b3d57ed00778cc,-22,13.8,6069
device_uplink,1788853769000000000,70b3d57ed00778cc,-22,13.8,6070
device_uplink,1788853785000000000,70b3d57ed00778cc,-24,13.5,6071
device_uplink,1788853801000000000,70b3d57ed00778cc,-21,14,6072
device_uplink,1788853817000000000,70b3d57ed00778cc,-25,13.8,6073
device_uplink,1788853833000000000,70b3d57ed00778cc,-23,9,6074
device_uplink,1788853849000000000,70b3d57ed00778cc,-25,14,6075
device_uplink,1788853865000000000,70b3d57ed00778cc,-23,14,6076
device_uplink,1788853883000000000,70b3d57ed00778cc,-24,14,6077
device_uplink,1788853915000000000,70b3d57ed00778cc,-22,13.8,6079
device_uplink,1788853931000000000,70b3d57ed00778cc,-22,14.5,6080
device_uplink,1788853947000000000,70b3d57ed00778cc,-22,13.5,6081
device_uplink,1788853963000000000,70b3d57ed00778cc,-25,13.8,6082
device_uplink,1788853979000000000,70b3d57ed00778cc,-25,13.2,6083
device_uplink,1788853995000000000,70b3d57ed00778cc,-21,13.2,6084
device_uplink,1788854013000000000,70b3d57ed00778cc,-23,14,6085
device_uplink,1788854029000000000,70b3d57ed00778cc,-24,13.8,6086
device_uplink,1788854045000000000,70b3d57ed00778cc,-22,14,6087
device_uplink,1788854061000000000,70b3d57ed00778cc,-24,9.5,6088
device_uplink,1788854077000000000,70b3d57ed00778cc,-23,14,6089
device_uplink,1788854093000000000,70b3d57ed00778cc,-22,14.5,6090
device_uplink,1788854109000000000,70b3d57ed00778cc,-22,14.2,6091
device_uplink,1788854127000000000,70b3d57ed00778cc,-22,13.8,6092
device_uplink,1788854143000000000,70b3d57ed00778cc,-24,13.8,6093
device_uplink,1788854159000000000,70b3d57ed00778cc,-22,14.2,6094
device_uplink,1788854175000000000,70b3d57ed00778cc,-24,8.8,6095
device_uplink,1788854191000000000,70b3d57ed00778cc,-22,13.8,6096
device_uplink,1788854207000000000,70b3d57ed00778cc,-24,13.5,6097
device_uplink,1788854223000000000,70b3d57ed00778cc,-22,12.8,6098
device_uplink,1788854239000000000,70b3d57ed00778cc,-25,11,6099
device_uplink,1788854257000000000,70b3d57ed00778cc,-21,14,6100
device_uplink,1788854273000000000,70b3d57ed00778cc,-22,14,6101
device_uplink,1788854289000000000,70b3d57ed00778cc,-25,13.8,6102
device_uplink,1788854305000000000,70b3d57ed0077801,-20,13.8,39
device_uplink,1788854305000000000,70b3d57ed00778cc,-24,14,6103
device_uplink,1788854321000000000,70b3d57ed00778cc,-23,14.2,6104
device_uplink,1788854337000000000,70b3d57ed00778cc,-23,14,6105
device_uplink,1788854353000000000,70b3d57ed00778cc,-24,13.5,6106
device_uplink,1788854369000000000,70b3d57ed00778cc,-22,14,6107
device_uplink,1788854387000000000,70b3d57ed00778cc,-23,14.2,6108
device_uplink,1788854403000000000,70b3d57ed00778cc,-26,13,6109
device_uplink,1788854419000000000,70b3d57ed00778cc,-23,13.5,6110
device_uplink,1788854435000000000,70b3d57ed00778cc,-22,14,6111
device_uplink,1788854451000000000,70b3d57ed00778cc,-24,9,6112
device_uplink,1788854467000000000,70b3d57ed00778cc,-23,13.8,6113
device_uplink,1788854485000000000,70b3d57ed00778cc,-24,14.2,6114
device_uplink,1788854501000000000,70b3d57ed00778cc,-24,8.5,6115
device_uplink,1788854517000000000,70b3d57ed00778cc,-22,14.2,6116
device_uplink,1788854533000000000,70b3d57ed00778cc,-25,13.5,6117
device_uplink,1788854549000000000,70b3d57ed00778cc,-22,13.8,6118
device_uplink,1788854565000000000,70b3d57ed00778cc,-22,14.5,6119
device_uplink,1788854581000000000,70b3d57ed00778cc,-22,14.5,6120
device_uplink,1788854597000000000,70b3d57ed00778cc,-23,14.2,6121
device_uplink,1788854615000000000,70b3d57ed00778cc,-22,14,6122
device_uplink,1788854631000000000,70b3d57ed00778cc,-24,9.5,6123
device_uplink,1788854647000000000,70b3d57ed00778cc,-23,14,6124
device_uplink,1788854663000000000,70b3d57ed00778cc,-24,14.2,6125
device_uplink,1788854679000000000,70b3d57ed00778cc,-23,14,6126
device_uplink,1788854695000000000,70b3d57ed00778cc,-23,13.8,6127
device_uplink,1788854711000000000,70b3d57ed00778cc,-23,14.2,6128
device_uplink,1788854729000000000,70b3d57ed00778cc,-24,13.2,6129
device_uplink,1788854745000000000,70b3d57ed00778cc,-23,14,6130
device_uplink,1788854761000000000,70b3d57ed00778cc,-22,14.2,6131
device_uplink,1788854777000000000,70b3d57ed00778cc,-24,14,6132
device_uplink,1788854793000000000,70b3d57ed00778cc,-24,8.8,6133
device_uplink,1788854809000000000,70b3d57ed00778cc,-22,14.2,6134
device_uplink,1788854825000000000,70b3d57ed00778cc,-23,14,6135
device_uplink,1788854843000000000,70b3d57ed00778cc,-22,13.8,6136
device_uplink,1788854859000000000,70b3d57ed00778cc,-24,13,6137
device_uplink,1788854875000000000,70b3d57ed00778cc,-24,13.5,6138
device_uplink,1788854891000000000,70b3d57ed00778cc,-21,14,6139
device_uplink,1788854907000000000,70b3d57ed00778cc,-23,13.5,6140
device_uplink,1788854923000000000,70b3d57ed00778cc,-24,13.8,6141
device_uplink,1788854939000000000,70b3d57ed00778cc,-22,14.2,6142
device_uplink,1788854957000000000,70b3d57ed00778cc,-24,10,6143
device_uplink,1788854973000000000,70b3d57ed00778cc,-22,13.8,6144
device_uplink,1788854989000000000,70b3d57ed00778cc,-24,13.2,6145
device_uplink,1788855005000000000,70b3d57ed00778cc,-24,13.5,6146
device_uplink,1788855021000000000,70b3d57ed00778cc,-23,10.8,6147
device_uplink,1788855037000000000,70b3d57ed00778cc,-22,14,6148
device_uplink,1788855053000000000,70b3d57ed00778cc,-22,14.5,6149
device_uplink,1788855071000000000,70b3d57ed00778cc,-24,13.8,6150
device_uplink,1788855087000000000,70b3d57ed00778cc,-24,14,6151
device_uplink,1788855103000000000,70b3d57ed00778cc,-22,14.2,6152
device_uplink,1788855119000000000,70b3d57ed00778cc,-23,13.5,6153
device_uplink,1788855135000000000,70b3d57ed00778cc,-22,14.2,6154
device_uplink,1788855151000000000,70b3d57ed00778cc,-22,14.2,6155
device_uplink,1788855167000000000,70b3d57ed00778cc,-22,14,6156
device_uplink,1788855183000000000,70b3d57ed00778cc,-24,14.2,6157
device_uplink,1788855201000000000,70b3d57ed00778cc,-23,14.2,6158
device_uplink,1788855213000000000,70b3d57ed0077801,-19,13.5,40
device_uplink,1788855217000000000,70b3d57ed00778cc,-23,10.5,6159
device_uplink,1788855233000000000,70b3d57ed00778cc,-22,14.2,6160
device_uplink,1788855249000000000,70b3d57ed00778cc,-22,14,6161
device_uplink,1788855265000000000,70b3d57ed00778cc,-23,14,6162
device_uplink,1788855281000000000,70b3d57ed00778cc,-23,14.2,6163
device_uplink,1788855297000000000,70b3d57ed00778cc,-24,12.2,6164
device_uplink,1788855315000000000,70b3d57ed00778cc,-22,14.5,6165
device_uplink,1788855331000000000,70b3d57ed00778cc,-21,13.8,6166
device_uplink,1788855347000000000,70b3d57ed00778cc,-23,10.8,6167
device_uplink,1788855363000000000,70b3d57ed00778cc,-22,14.2,6168
device_uplink,1788855379000000000,70b3d57ed00778cc,-22,14,6169
device_uplink,1788855395000000000,70b3d57ed00778cc,-23,13.5,6170
device_uplink,1788855411000000000,70b3d57ed00778cc,-24,14.2,6171
device_uplink,1788855427000000000,70b3d57ed00778cc,-24,14,6172
device_uplink,1788855445000000000,70b3d57ed00778cc,-21,14.8,6173
device_uplink,1788855461000000000,70b3d57ed00778cc,-26,14,6174
device_uplink,1788855477000000000,70b3d57ed00778cc,-24,13.5,6175
device_uplink,1788855493000000000,70b3d57ed00778cc,-24,9.8,6176
device_uplink,1788855509000000000,70b3d57ed00778cc,-23,14,6177
device_uplink,1788855525000000000,70b3d57ed00778cc,-24,12,6178
device_uplink,1788855541000000000,70b3d57ed00778cc,-22,14,6179
device_uplink,1788855559000000000,70b3d57ed00778cc,-25,13.8,6180
device_uplink,1788855575000000000,70b3d57ed00778cc,-23,14,6181
device_uplink,1788855591000000000,70b3d57ed00778cc,-24,13.2,6182
device_uplink,1788855607000000000,70b3d57ed00778cc,-25,13.5,6183
device_uplink,1788855623000000000,70b3d57ed00778cc,-24,9.5,6184
device_uplink,1788855639000000000,70b3d57ed00778cc,-23,13.2,6185
device_uplink,1788855655000000000,70b3d57ed00778cc,-23,13.8,6186
device_uplink,1788855671000000000,70b3d57ed00778cc,-24,13.5,6187
device_uplink,1788855689000000000,70b3d57ed00778cc,-24,14.2,6188
device_uplink,1788855705000000000,70b3d57ed00778cc,-24,13.2,6189
device_uplink,1788855721000000000,70b3d57ed00778cc,-24,10.2,6190
device_uplink,1788855737000000000,70b3d57ed00778cc,-22,14.2,6191
device_uplink,1788855753000000000,70b3d57ed00778cc,-24,13.2,6192
device_uplink,1788855769000000000,70b3d57ed00778cc,-23,14.2,6193
device_uplink,1788855785000000000,70b3d57ed00778cc,-22,14.2,6194
device_uplink,1788855803000000000,70b3d57ed00778cc,-23,14.2,6195
device_uplink,1788855819000000000,70b3d57ed00778cc,-23,14.2,6196
device_uplink,1788855835000000000,70b3d57ed00778cc,-21,13.8,6197
device_uplink,1788855851000000000,70b3d57ed00778cc,-26,13.5,6198
device_uplink,1788855867000000000,70b3d57ed00778cc,-22,14.2,6199
device_uplink,1788855883000000000,70b3d57ed00778cc,-22,10.5,6200
device_uplink,1788855899000000000,70b3d57ed00778cc,-22,14.5,6201
device_uplink,1788855917000000000,70b3d57ed00778cc,-25,13.5,6202
device_uplink,1788855933000000000,70b3d57ed00778cc,-21,14,6203
device_uplink,1788855949000000000,70b3d57ed00778cc,-22,14,6204
device_uplink,1788855965000000000,70b3d57ed00778cc,-22,13.8,6205
device_uplink,1788855981000000000,70b3d57ed00778cc,-24,8.8,6206
device_uplink,1788855997000000000,70b3d57ed00778cc,-23,13.2,6207
device_uplink,1788856013000000000,70b3d57ed00778cc,-22,14,6208
device_uplink,1788856029000000000,70b3d57ed00778cc,-23,13.5,6209
device_uplink,1788856047000000000,70b3d57ed00778cc,-22,14.2,6210
device_uplink,1788856063000000000,70b3d57ed00778cc,-25,14,6211
device_uplink,1788856079000000000,70b3d57ed00778cc,-27,11.2,6212
device_uplink,1788856095000000000,70b3d57ed00778cc,-24,13,6213
device_uplink,1788856111000000000,70b3d57ed00778cc,-26,13.8,6214
device_uplink,1788856122000000000,70b3d57ed0077801,-18,13.8,41
device_uplink,1788856127000000000,70b3d57ed00778cc,-23,13.5,6215
device_uplink,1788856143000000000,70b3d57ed00778cc,-23,14,6216
device_uplink,1788856159000000000,70b3d57ed00778cc,-22,13.5,6217
device_uplink,1788856177000000000,70b3d57ed00778cc,-24,13,6218
device_uplink,1788856193000000000,70b3d57ed00778cc,-24,11.8,6219
device_uplink,1788856209000000000,70b3d57ed00778cc,-26,11.2,6220
device_uplink,1788856225000000000,70b3d57ed00778cc,-25,13.8,6221
device_uplink,1788856241000000000,70b3d57ed00778cc,-27,14,6222
device_uplink,1788856257000000000,70b3d57ed00778cc,-23,14,6223
device_uplink,1788856273000000000,70b3d57ed00778cc,-24,13.8,6224
device_uplink,1788856291000000000,70b3d57ed00778cc,-30,12,6225
device_uplink,1788856307000000000,70b3d57ed00778cc,-23,13.8,6226
device_uplink,1788856323000000000,70b3d57ed00778cc,-23,14,6227
device_uplink,1788856339000000000,70b3d57ed00778cc,-25,11.5,6228
device_uplink,1788856355000000000,70b3d57ed00778cc,-26,14,6229
device_uplink,1788856371000000000,70b3d57ed00778cc,-24,13.2,6230
device_uplink,1788856387000000000,70b3d57ed00778cc,-24,13.5,6231
device_uplink,1788856405000000000,70b3d57ed00778cc,-23,13.8,6232
device_uplink,1788856421000000000,70b3d57ed00778cc,-25,13.8,6233
device_uplink,1788856437000000000,70b3d57ed00778cc,-24,13.5,6234
device_uplink,1788856453000000000,70b3d57ed00778cc,-24,13.5,6235
device_uplink,1788856469000000000,70b3d57ed00778cc,-24,10,6236
device_uplink,1788856485000000000,70b3d57ed00778cc,-24,14,6237
device_uplink,1788856501000000000,70b3d57ed00778cc,-26,14,6238
device_uplink,1788856517000000000,70b3d57ed00778cc,-24,13.8,6239
device_uplink,1788856535000000000,70b3d57ed00778cc,-23,14,6240
device_uplink,1788856551000000000,70b3d57ed00778cc,-24,14,6241
device_uplink,1788856567000000000,70b3d57ed00778cc,-25,13.5,6242
device_uplink,1788856583000000000,70b3d57ed00778cc,-25,13.5,6243
device_uplink,1788856599000000000,70b3d57ed00778cc,-23,10.2,6244
device_uplink,1788856615000000000,70b3d57ed00778cc,-23,14.2,6245
device_uplink,1788856631000000000,70b3d57ed00778cc,-24,13.5,6246
device_uplink,1788856649000000000,70b3d57ed00778cc,-24,13.2,6247
device_uplink,1788856665000000000,70b3d57ed00778cc,-22,14,6248
device_uplink,1788856681000000000,70b3d57ed00778cc,-23,14.2,6249
device_uplink,1788856697000000000,70b3d57ed00778cc,-20,13.8,6250
device_uplink,1788856713000000000,70b3d57ed00778cc,-21,13.8,6251
device_uplink,1788856729000000000,70b3d57ed00778cc,-23,14.2,6252
device_uplink,1788856745000000000,70b3d57ed00778cc,-21,14,6253
device_uplink,1788856763000000000,70b3d57ed00778cc,-22,14,6254
device_uplink,1788856779000000000,70b3d57ed00778cc,-24,8.8,6255
device_uplink,1788856795000000000,70b3d57ed00778cc,-24,13,6256
device_uplink,1788856811000000000,70b3d57ed00778cc,-25,13,6257
device_uplink,1788856827000000000,70b3d57ed00778cc,-24,12.5,6258
device_uplink,1788856843000000000,70b3d57ed00778cc,-28,13.5,6259
device_uplink,1788856859000000000,70b3d57ed00778cc,-24,13,6260
device_uplink,1788856875000000000,70b3d57ed00778cc,-25,13.8,6261
device_uplink,1788856893000000000,70b3d57ed00778cc,-23,14,6262
device_uplink,1788856909000000000,70b3d57ed00778cc,-25,11.5,6263
device_uplink,1788856925000000000,70b3d57ed00778cc,-22,14.5,6264
device_uplink,1788856941000000000,70b3d57ed00778cc,-22,13.8,6265
device_uplink,1788856957000000000,70b3d57ed00778cc,-21,14,6266
device_uplink,1788856973000000000,70b3d57ed00778cc,-21,14.5,6267
device_uplink,1788856989000000000,70b3d57ed00778cc,-24,14,6268
device_uplink,1788857005000000000,70b3d57ed00778cc,-24,12.8,6269
device_uplink,1788857023000000000,70b3d57ed00778cc,-23,13.5,6270
device_uplink,1788857030000000000,70b3d57ed0077801,-20,13.5,42
device_uplink,1788857039000000000,70b3d57ed00778cc,-22,10.5,6271
device_uplink,1788857055000000000,70b3d57ed00778cc,-22,14.2,6272
device_uplink,1788857071000000000,70b3d57ed00778cc,-23,13.5,6273
device_uplink,1788857087000000000,70b3d57ed00778cc,-23,14,6274
device_uplink,1788857103000000000,70b3d57ed00778cc,-22,13.5,6275
device_uplink,1788857121000000000,70b3d57ed00778cc,-27,13.8,6276
device_uplink,1788857137000000000,70b3d57ed00778cc,-23,9,6277
device_uplink,1788857153000000000,70b3d57ed00778cc,-22,14,6278
device_uplink,1788857169000000000,70b3d57ed00778cc,-22,14,6279
device_uplink,1788857185000000000,70b3d57ed00778cc,-21,14.2,6280
device_uplink,1788857201000000000,70b3d57ed00778cc,-23,13.8,6281
device_uplink,1788857217000000000,70b3d57ed00778cc,-24,10,6282
device_uplink,1788857233000000000,70b3d57ed00778cc,-22,13.2,6283
device_uplink,1788857251000000000,70b3d57ed00778cc,-23,13.8,6284
device_uplink,1788857267000000000,70b3d57ed00778cc,-26,13.5,6285
device_uplink,1788857283000000000,70b3d57ed00778cc,-22,14,6286
device_uplink,1788857299000000000,70b3d57ed00778cc,-30,12.2,6287
device_uplink,1788857315000000000,70b3d57ed00778cc,-24,13.2,6288
device_uplink,1788857331000000000,70b3d57ed00778cc,-22,13.8,6289
device_uplink,1788857347000000000,70b3d57ed00778cc,-25,13.2,6290
device_uplink,1788857363000000000,70b3d57ed00778cc,-23,10.8,6291
device_uplink,1788857381000000000,70b3d57ed00778cc,-23,14,6292
device_uplink,1788857397000000000,70b3d57ed00778cc,-27,13.8,6293
device_uplink,1788857413000000000,70b3d57ed00778cc,-30,12.2,6294
device_uplink,1788857429000000000,70b3d57ed00778cc,-22,14.5,6295
device_uplink,1788857445000000000,70b3d57ed00778cc,-21,13.8,6296
device_uplink,1788857461000000000,70b3d57ed00778cc,-23,14,6297
device_uplink,1788857477000000000,70b3d57ed00778cc,-23,8.5,6298
device_uplink,1788857495000000000,70b3d57ed00778cc,-24,14,6299
device_uplink,1788857511000000000,70b3d57ed00778cc,-22,14,6300
device_uplink,1788857527000000000,70b3d57ed00778cc,-24,14.2,6301
device_uplink,1788857543000000000,70b3d57ed00778cc,-22,13.5,6302
device_uplink,1788857559000000000,70b3d57ed00778cc,-20,13.2,6303
device_uplink,1788857575000000000,70b3d57ed00778cc,-21,13.8,6304
device_uplink,1788857591000000000,70b3d57ed00778cc,-20,13.5,6305
device_uplink,1788857609000000000,70b3d57ed00778cc,-22,13.5,6306
device_uplink,1788857625000000000,70b3d57ed00778cc,-22,10.8,6307
device_uplink,1788857641000000000,70b3d57ed00778cc,-21,13.8,6308
device_uplink,1788857657000000000,70b3d57ed00778cc,-24,13.2,6309
device_uplink,1788857673000000000,70b3d57ed00778cc,-20,13,6310
device_uplink,1788857689000000000,70b3d57ed00778cc,-23,13.8,6311
device_uplink,1788857705000000000,70b3d57ed00778cc,-21,14.2,6312
device_uplink,1788857721000000000,70b3d57ed00778cc,-21,14,6313
device_uplink,1788857739000000000,70b3d57ed00778cc,-22,14,6314
device_uplink,1788857755000000000,70b3d57ed00778cc,-24,13.8,6315
device_uplink,1788857771000000000,70b3d57ed00778cc,-20,13.5,6316
device_uplink,1788857787000000000,70b3d57ed00778cc,-20,13.5,6317
device_uplink,1788857803000000000,70b3d57ed00778cc,-23,10.5,6318
device_uplink,1788857819000000000,70b3d57ed00778cc,-22,13.8,6319
device_uplink,1788857835000000000,70b3d57ed00778cc,-22,14,6320
device_uplink,1788857853000000000,70b3d57ed00778cc,-24,13.2,6321
device_uplink,1788857869000000000,70b3d57ed00778cc,-23,13.8,6322
device_uplink,1788857885000000000,70b3d57ed00778cc,-21,13.8,6323
device_uplink,1788857901000000000,70b3d57ed00778cc,-20,13.8,6324
device_uplink,1788857917000000000,70b3d57ed00778cc,-20,13.8,6325
device_uplink,1788857933000000000,70b3d57ed00778cc,-23,14.2,6326
device_uplink,1788857938000000000,70b3d57ed0077801,-20,13.8,43
device_uplink,1788857949000000000,70b3d57ed00778cc,-20,13.8,6327
device_uplink,1788857967000000000,70b3d57ed00778cc,-23,8.8,6328
device_uplink,1788857983000000000,70b3d57ed00778cc,-21,14,6329
device_uplink,1788857999000000000,70b3d57ed00778cc,-18,14,6330
device_uplink,1788858015000000000,70b3d57ed00778cc,-24,13.8,6331
device_uplink,1788858031000000000,70b3d57ed00778cc,-20,13.5,6332
device_uplink,1788858047000000000,70b3d57ed00778cc,-22,14,6333
device_uplink,1788858063000000000,70b3d57ed00778cc,-21,11.2,6334
device_uplink,1788858079000000000,70b3d57ed00778cc,-21,13.8,6335
device_uplink,1788858097000000000,70b3d57ed00778cc,-20,13.5,6336
device_uplink,1788858113000000000,70b3d57ed00778cc,-21,14,6337
device_uplink,1788858129000000000,70b3d57ed00778cc,-25,13.5,6338
device_uplink,1788858145000000000,70b3d57ed00778cc,-20,13.8,6339
device_uplink,1788858161000000000,70b3d57ed00778cc,-23,12.2,6340
device_uplink,1788858177000000000,70b3d57ed00778cc,-21,13.8,6341
device_uplink,1788858193000000000,70b3d57ed00778cc,-21,14.2,6342
device_uplink,1788858209000000000,70b3d57ed00778cc,-22,11.2,6343
device_uplink,1788858227000000000,70b3d57ed00778cc,-21,14,6344
device_uplink,1788858243000000000,70b3d57ed00778cc,-21,13.8,6345
device_uplink,1788858259000000000,70b3d57ed00778cc,-20,13,6346
device_uplink,1788858275000000000,70b3d57ed00778cc,-22,13.5,6347
device_uplink,1788858291000000000,70b3d57ed00778cc,-22,11.5,6348
device_uplink,1788858307000000000,70b3d57ed00778cc,-19,13.8,6349
device_uplink,1788858323000000000,70b3d57ed00778cc,-24,13.8,6350
device_uplink,1788858339000000000,70b3d57ed00778cc,-20,14,6351
device_uplink,1788858357000000000,70b3d57ed00778cc,-20,13.5,6352
device_uplink,1788858373000000000,70b3d57ed00778cc,-22,14,6353
device_uplink,1788858389000000000,70b3d57ed00778cc,-22,14.2,6354
device_uplink,1788858405000000000,70b3d57ed00778cc,-22,13.8,6355
device_uplink,1788858421000000000,70b3d57ed00778cc,-24,10,6356
device_uplink,1788858437000000000,70b3d57ed00778cc,-24,14,6357
device_uplink,1788858453000000000,70b3d57ed00778cc,-21,14,6358
device_uplink,1788858471000000000,70b3d57ed00778cc,-24,12.2,6359
device_uplink,1788858487000000000,70b3d57ed00778cc,-21,14.5,6360
device_uplink,1788858503000000000,70b3d57ed00778cc,-22,14,6361
device_uplink,1788858519000000000,70b3d57ed00778cc,-21,14,6362
device_uplink,1788858535000000000,70b3d57ed00778cc,-21,13.8,6363
device_uplink,1788858551000000000,70b3d57ed00778cc,-20,13.2,6364
device_uplink,1788858567000000000,70b3d57ed00778cc,-25,13.8,6365
device_uplink,1788858585000000000,70b3d57ed00778cc,-23,14.5,6366
device_uplink,1788858601000000000,70b3d57ed00778cc,-23,10.5,6367
device_uplink,1788858617000000000,70b3d57ed00778cc,-21,13.8,6368
device_uplink,1788858633000000000,70b3d57ed00778cc,-21,14,6369
device_uplink,1788858649000000000,70b3d57ed00778cc,-24,14,6370
device_uplink,1788858665000000000,70b3d57ed00778cc,-22,14,6371
device_uplink,1788858681000000000,70b3d57ed00778cc,-20,13.8,6372
device_uplink,1788858697000000000,70b3d57ed00778cc,-22,11,6373
device_uplink,1788858715000000000,70b3d57ed00778cc,-21,13.8,6374
device_uplink,1788858731000000000,70b3d57ed00778cc,-21,13.2,6375
device_uplink,1788858747000000000,70b3d57ed00778cc,-20,14,6376
device_uplink,1788858763000000000,70b3d57ed00778cc,-21,13.8,6377
device_uplink,1788858779000000000,70b3d57ed00778cc,-24,8.5,6378
device_uplink,1788858795000000000,70b3d57ed00778cc,-25,13.8,6379
device_uplink,1788858811000000000,70b3d57ed00778cc,-22,13.8,6380
device_uplink,1788858827000000000,70b3d57ed00778cc,-22,14,6381
device_uplink,1788858845000000000,70b3d57ed00778cc,-23,13.8,6382
device_uplink,1788858847000000000,70b3d57ed0077801,-20,13.5,44
device_uplink,1788858861000000000,70b3d57ed00778cc,-25,13.8,6383
device_uplink,1788858877000000000,70b3d57ed00778cc,-22,13.2,6384
device_uplink,1788858893000000000,70b3d57ed00778cc,-21,14,6385
device_uplink,1788858909000000000,70b3d57ed00778cc,-20,13.8,6386
device_uplink,1788858925000000000,70b3d57ed00778cc,-22,13.5,6387
device_uplink,1788858941000000000,70b3d57ed00778cc,-22,14,6388
device_uplink,1788858959000000000,70b3d57ed00778cc,-25,14,6389
device_uplink,1788858975000000000,70b3d57ed00778cc,-22,11,6390
device_uplink,1788858991000000000,70b3d57ed00778cc,-22,14.5,6391
device_uplink,1788859007000000000,70b3d57ed00778cc,-22,14.2,6392
device_uplink,1788859023000000000,70b3d57ed00778cc,-22,13.8,6393
device_uplink,1788859039000000000,70b3d57ed00778cc,-20,13.8,6394
device_uplink,1788859055000000000,70b3d57ed00778cc,-23,14,6395
device_uplink,1788859073000000000,70b3d57ed00778cc,-21,14,6396
device_uplink,1788859089000000000,70b3d57ed00778cc,-26,13.8,6397
device_uplink,1788859105000000000,70b3d57ed00778cc,-22,14,6398
device_uplink,1788859121000000000,70b3d57ed00778cc,-23,10.8,6399
device_uplink,1788859137000000000,70b3d57ed00778cc,-22,13.2,6400
device_uplink,1788859153000000000,70b3d57ed00778cc,-21,13.8,6401
device_uplink,1788859169000000000,70b3d57ed00778cc,-21,14,6402
device_uplink,1788859185000000000,70b3d57ed00778cc,-24,12.2,6403
device_uplink,1788859203000000000,70b3d57ed00778cc,-21,14.2,6404
device_uplink,1788859219000000000,70b3d57ed00778cc,-25,13.8,6405
device_uplink,1788859235000000000,70b3d57ed00778cc,-23,10,6406
device_uplink,1788859251000000000,70b3d57ed00778cc,-21,13.8,6407
device_uplink,1788859267000000000,70b3d57ed00778cc,-22,14,6408
device_uplink,1788859283000000000,70b3d57ed00778cc,-22,13.2,6409
device_uplink,1788859299000000000,70b3d57ed00778cc,-22,14.5,6410
device_uplink,1788859315000000000,70b3d57ed00778cc,-26,13.5,6411
device_uplink,1788859333000000000,70b3d57ed00778cc,-22,14.5,6412
device_uplink,1788859349000000000,70b3d57ed00778cc,-24,12.5,6413
device_uplink,1788859365000000000,70b3d57ed00778cc,-20,13.2,6414
device_uplink,1788859381000000000,70b3d57ed00778cc,-22,14.2,6415
device_uplink,1788859397000000000,70b3d57ed00778cc,-24,10,6416
device_uplink,1788859413000000000,70b3d57ed00778cc,-24,14,6417
device_uplink,1788859429000000000,70b3d57ed00778cc,-26,14,6418
device_uplink,1788859447000000000,70b3d57ed00778cc,-25,13.2,6419
device_uplink,1788859463000000000,70b3d57ed00778cc,-27,14,6420
device_uplink,1788859479000000000,70b3d57ed00778cc,-24,8.5,6421
device_uplink,1788859495000000000,70b3d57ed00778cc,-24,13.5,6422
device_uplink,1788859511000000000,70b3d57ed00778cc,-23,14.2,6423
device_uplink,1788859527000000000,70b3d57ed00778cc,-23,13.8,6424
device_uplink,1788859543000000000,70b3d57ed00778cc,-23,14,6425
device_uplink,1788859561000000000,70b3d57ed00778cc,-28,11,6426
device_uplink,1788859577000000000,70b3d57ed00778cc,-30,11.8,6427
device_uplink,1788859593000000000,70b3d57ed00778cc,-21,14.2,6428
device_uplink,1788859609000000000,70b3d57ed00778cc,-23,13.5,6429
device_uplink,1788859625000000000,70b3d57ed00778cc,-24,12.8,6430
device_uplink,1788859641000000000,70b3d57ed00778cc,-23,12.8,6431
device_uplink,1788859657000000000,70b3d57ed00778cc,-24,14,6432
device_uplink,1788859673000000000,70b3d57ed00778cc,-23,13.8,6433
device_uplink,1788859691000000000,70b3d57ed00778cc,-21,14.2,6434
device_uplink,1788859707000000000,70b3d57ed00778cc,-27,14,6435
device_uplink,1788859723000000000,70b3d57ed00778cc,-24,13.5,6436
device_uplink,1788859739000000000,70b3d57ed00778cc,-28,14,6437
device_uplink,1788859755000000000,70b3d57ed0077801,-25,13.8,45
device_uplink,1788859755000000000,70b3d57ed00778cc,-23,14,6438
device_uplink,1788859771000000000,70b3d57ed00778cc,-26,11.5,6439
device_uplink,1788859787000000000,70b3d57ed00778cc,-25,13.2,6440
device_uplink,1788859803000000000,70b3d57ed00778cc,-25,13.5,6441
device_uplink,1788859821000000000,70b3d57ed00778cc,-24,10.2,6442
device_uplink,1788859837000000000,70b3d57ed00778cc,-24,12.8,6443
device_uplink,1788859853000000000,70b3d57ed00778cc,-23,13.8,6444
device_uplink,1788859869000000000,70b3d57ed00778cc,-30,13,6445
device_uplink,1788859885000000000,70b3d57ed00778cc,-24,11.5,6446
device_uplink,1788859901000000000,70b3d57ed00778cc,-24,13.2,6447
device_uplink,1788859917000000000,70b3d57ed00778cc,-28,14,6448
device_uplink,1788859935000000000,70b3d57ed00778cc,-24,13.5,6449
device_uplink,1788859951000000000,70b3d57ed00778cc,-23,13.8,6450
device_uplink,1788859967000000000,70b3d57ed00778cc,-24,8.8,6451
device_uplink,1788859983000000000,70b3d57ed00778cc,-24,13,6452
device_uplink,1788859999000000000,70b3d57ed00778cc,-30,12.8,6453
device_uplink,1788860015000000000,70b3d57ed00778cc,-24,13.2,6454
device_uplink,1788860031000000000,70b3d57ed00778cc,-24,12.5,6455
device_uplink,1788860049000000000,70b3d57ed00778cc,-23,13.8,6456
device_uplink,1788860065000000000,70b3d57ed00778cc,-24,13.8,6457
device_uplink,1788860081000000000,70b3d57ed00778cc,-24,13.2,6458
device_uplink,1788860097000000000,70b3d57ed00778cc,-28,14.2,6459
device_uplink,1788860113000000000,70b3d57ed00778cc,-26,13.5,6460
device_uplink,1788860129000000000,70b3d57ed00778cc,-27,11.2,6461
device_uplink,1788860145000000000,70b3d57ed00778cc,-26,14,6462
device_uplink,1788860161000000000,70b3d57ed00778cc,-23,14,6463
device_uplink,1788860179000000000,70b3d57ed00778cc,-25,14,6464
device_uplink,1788860195000000000,70b3d57ed00778cc,-43,10,6465
device_uplink,1788860211000000000,70b3d57ed00778cc,-26,11.5,6466
device_uplink,1788860227000000000,70b3d57ed00778cc,-29,14,6467
device_uplink,1788860243000000000,70b3d57ed00778cc,-27,13.5,6468
device_uplink,1788860259000000000,70b3d57ed00778cc,-24,13.5,6469
device_uplink,1788860275000000000,70b3d57ed00778cc,-24,13.5,6470
device_uplink,1788860291000000000,70b3d57ed00778cc,-27,13.8,6471
device_uplink,1788860309000000000,70b3d57ed00778cc,-24,13.2,6472
device_uplink,1788860325000000000,70b3d57ed00778cc,-24,14,6473
device_uplink,1788860341000000000,70b3d57ed00778cc,-23,13.8,6474
device_uplink,1788860357000000000,70b3d57ed00778cc,-23,13.2,6475
device_uplink,1788860373000000000,70b3d57ed00778cc,-23,13.8,6476
device_uplink,1788860389000000000,70b3d57ed00778cc,-27,14,6477
device_uplink,1788860405000000000,70b3d57ed00778cc,-24,14,6478
device_uplink,1788860423000000000,70b3d57ed00778cc,-24,10.5,6479
device_uplink,1788860439000000000,70b3d57ed00778cc,-24,14,6480
device_uplink,1788860455000000000,70b3d57ed00778cc,-23,14,6481
device_uplink,1788860471000000000,70b3d57ed00778cc,-22,14.2,6482
device_uplink,1788860487000000000,70b3d57ed00778cc,-23,13.2,6483
device_uplink,1788860503000000000,70b3d57ed00778cc,-24,12,6484
device_uplink,1788860519000000000,70b3d57ed00778cc,-28,14.2,6485
device_uplink,1788860537000000000,70b3d57ed00778cc,-24,13.5,6486
device_uplink,1788860553000000000,70b3d57ed00778cc,-27,14,6487
device_uplink,1788860569000000000,70b3d57ed00778cc,-24,9.2,6488
device_uplink,1788860585000000000,70b3d57ed00778cc,-19,13.8,6489
device_uplink,1788860601000000000,70b3d57ed00778cc,-26,14,6490
device_uplink,1788860617000000000,70b3d57ed00778cc,-22,14.2,6491
device_uplink,1788860633000000000,70b3d57ed00778cc,-24,13,6492
device_uplink,1788860649000000000,70b3d57ed00778cc,-29,13.8,6493
device_uplink,1788860664000000000,70b3d57ed0077801,-23,14.2,46
device_uplink,1788860667000000000,70b3d57ed00778cc,-24,9.8,6494
device_uplink,1788860683000000000,70b3d57ed00778cc,-23,13.8,6495
device_uplink,1788860699000000000,70b3d57ed00778cc,-23,14,6496
device_uplink,1788860715000000000,70b3d57ed00778cc,-23,14,6497
device_uplink,1788860731000000000,70b3d57ed00778cc,-26,14.2,6498
device_uplink,1788860747000000000,70b3d57ed00778cc,-24,9.8,6499
device_uplink,1788860763000000000,70b3d57ed00778cc,-23,13.8,6500
device_uplink,1788860781000000000,70b3d57ed00778cc,-25,14,6501
device_uplink,1788860797000000000,70b3d57ed00778cc,-37,12.5,6502
device_uplink,1788860813000000000,70b3d57ed00778cc,-26,13.5,6503
device_uplink,1788860829000000000,70b3d57ed00778cc,-22,14.2,6504
device_uplink,1788860845000000000,70b3d57ed00778cc,-24,13.8,6505
device_uplink,1788860861000000000,70b3d57ed00778cc,-26,13.5,6506
device_uplink,1788860877000000000,70b3d57ed00778cc,-25,13.8,6507
device_uplink,1788860895000000000,70b3d57ed00778cc,-22,10.5,6508
device_uplink,1788860911000000000,70b3d57ed00778cc,-22,13.5,6509
device_uplink,1788860927000000000,70b3d57ed00778cc,-24,13,6510
device_uplink,1788860943000000000,70b3d57ed00778cc,-21,14,6511
device_uplink,1788860959000000000,70b3d57ed00778cc,-24,13.5,6512
device_uplink,1788860975000000000,70b3d57ed00778cc,-24,13.5,6513
device_uplink,1788860991000000000,70b3d57ed00778cc,-25,13.5,6514
device_uplink,1788861007000000000,70b3d57ed00778cc,-24,10.5,6515
device_uplink,1788861025000000000,70b3d57ed00778cc,-23,14.2,6516
device_uplink,1788861041000000000,70b3d57ed00778cc,-29,14.2,6517
device_uplink,1788861057000000000,70b3d57ed00778cc,-24,12.2,6518
device_uplink,1788861073000000000,70b3d57ed00778cc,-30,12,6519
device_uplink,1788861089000000000,70b3d57ed00778cc,-24,13.8,6520
device_uplink,1788861105000000000,70b3d57ed00778cc,-25,13.8,6521
device_uplink,1788861121000000000,70b3d57ed00778cc,-24,13.2,6522
device_uplink,1788861137000000000,70b3d57ed00778cc,-25,13.5,6523
device_uplink,1788861155000000000,70b3d57ed00778cc,-24,13.5,6524
device_uplink,1788861171000000000,70b3d57ed00778cc,-26,13.8,6525
device_uplink,1788861187000000000,70b3d57ed00778cc,-25,13.2,6526
device_uplink,1788861203000000000,70b3d57ed00778cc,-25,11.5,6527
device_uplink,1788861219000000000,70b3d57ed00778cc,-26,13.8,6528
device_uplink,1788861235000000000,70b3d57ed00778cc,-25,13.2,6529
device_uplink,1788861251000000000,70b3d57ed00778cc,-22,14.2,6530
device_uplink,1788861267000000000,70b3d57ed00778cc,-23,12.8,6531
device_uplink,1788861285000000000,70b3d57ed00778cc,-30,12.2,6532
device_uplink,1788861301000000000,70b3d57ed00778cc,-32,14.2,6533
device_uplink,1788861317000000000,70b3d57ed00778cc,-25,13.8,6534
device_uplink,1788861333000000000,70b3d57ed00778cc,-23,13,6535
device_uplink,1788861349000000000,70b3d57ed00778cc,-24,9.2,6536
device_uplink,1788861365000000000,70b3d57ed00778cc,-24,13,6537
device_uplink,1788861381000000000,70b3d57ed00778cc,-26,13,6538
device_uplink,1788861399000000000,70b3d57ed00778cc,-24,12.2,6539
device_uplink,1788861415000000000,70b3d57ed00778cc,-24,14,6540
device_uplink,1788861431000000000,70b3d57ed00778cc,-25,13.5,6541
device_uplink,1788861447000000000,70b3d57ed00778cc,-24,9.8,6542
device_uplink,1788861463000000000,70b3d57ed00778cc,-23,14.5,6543
device_uplink,1788861479000000000,70b3d57ed00778cc,-24,13.5,6544
device_uplink,1788861495000000000,70b3d57ed00778cc,-24,13.8,6545
device_uplink,1788861511000000000,70b3d57ed00778cc,-29,13.5,6546
device_uplink,1788861529000000000,70b3d57ed00778cc,-26,13.5,6547
device_uplink,1788861545000000000,70b3d57ed00778cc,-26,11.2,6548
device_uplink,1788861561000000000,70b3d57ed00778cc,-27,13.5,6549
device_uplink,1788861572000000000,70b3d57ed0077801,-24,10,47
device_uplink,1788861577000000000,70b3d57ed00778cc,-27,13,6550
device_uplink,1788861593000000000,70b3d57ed00778cc,-28,14.2,6551
device_uplink,1788861609000000000,70b3d57ed00778cc,-24,13.5,6552
device_uplink,1788861625000000000,70b3d57ed00778cc,-26,13,6553
device_uplink,1788861641000000000,70b3d57ed00778cc,-40,12.8,6554
device_uplink,1788861659000000000,70b3d57ed00778cc,-36,13.2,6555
device_uplink,1788861675000000000,70b3d57ed00778cc,-34,13.8,6556
device_uplink,1788861691000000000,70b3d57ed00778cc,-39,11,6557
device_uplink,1788861707000000000,70b3d57ed00778cc,-37,12.5,6558
device_uplink,1788861723000000000,70b3d57ed00778cc,-45,10,6559
device_uplink,1788861739000000000,70b3d57ed00778cc,-30,12,6560
device_uplink,1788861755000000000,70b3d57ed00778cc,-28,13.5,6561
device_uplink,1788861773000000000,70b3d57ed00778cc,-35,13.2,6562
device_uplink,1788861789000000000,70b3d57ed00778cc,-31,13.5,6563
device_uplink,1788861805000000000,70b3d57ed00778cc,-30,11.8,6564
device_uplink,1788861821000000000,70b3d57ed00778cc,-29,14.2,6565
device_uplink,1788861837000000000,70b3d57ed00778cc,-33,14,6566
device_uplink,1788861853000000000,70b3d57ed00778cc,-32,13.2,6567
device_uplink,1788861869000000000,70b3d57ed00778cc,-31,12,6568
device_uplink,1788861885000000000,70b3d57ed00778cc,-32,13.5,6569
device_uplink,1788861903000000000,70b3d57ed00778cc,-42,10.8,6570
device_uplink,1788861919000000000,70b3d57ed00778cc,-27,9,6571
device_uplink,1788861935000000000,70b3d57ed00778cc,-29,13.2,6572
device_uplink,1788861951000000000,70b3d57ed00778cc,-25,13.8,6573
device_uplink,1788861967000000000,70b3d57ed00778cc,-27,13.8,6574
device_uplink,1788861983000000000,70b3d57ed00778cc,-42,11.5,6575
device_uplink,1788861999000000000,70b3d57ed00778cc,-23,13.8,6576
device_uplink,1788862015000000000,70b3d57ed00778cc,-34,13.5,6577
device_uplink,1788862033000000000,70b3d57ed00778cc,-33,13.2,6578
device_uplink,1788862049000000000,70b3d57ed00778cc,-31,13,6579
device_uplink,1788862065000000000,70b3d57ed00778cc,-33,10.8,6580
device_uplink,1788862081000000000,70b3d57ed00778cc,-31,13,6581
device_uplink,1788862097000000000,70b3d57ed00778cc,-33,13.2,6582
device_uplink,1788862113000000000,70b3d57ed00778cc,-39,12.8,6583
device_uplink,1788862129000000000,70b3d57ed00778cc,-31,13.2,6584
device_uplink,1788862145000000000,70b3d57ed00778cc,-32,12.5,6585
device_uplink,1788862163000000000,70b3d57ed00778cc,-37,9.5,6586
device_uplink,1788862179000000000,70b3d57ed00778cc,-35,12.5,6587
device_uplink,1788862195000000000,70b3d57ed00778cc,-31,12.5,6588
device_uplink,1788862211000000000,70b3d57ed00778cc,-33,13,6589
device_uplink,1788862243000000000,70b3d57ed00778cc,-35,12.8,6591
device_uplink,1788862261000000000,70b3d57ed00778cc,-31,14,6592
device_uplink,1788862277000000000,70b3d57ed00778cc,-32,13.5,6593
device_uplink,1788862293000000000,70b3d57ed00778cc,-33,10.8,6594
device_uplink,1788862309000000000,70b3d57ed00778cc,-34,13,6595
device_uplink,1788862325000000000,70b3d57ed00778cc,-30,12.8,6596
device_uplink,1788862341000000000,70b3d57ed00778cc,-33,13.8,6597
device_uplink,1788862357000000000,70b3d57ed00778cc,-34,12.8,6598
device_uplink,1788862373000000000,70b3d57ed00778cc,-34,12.5,6599
device_uplink,1788862391000000000,70b3d57ed00778cc,-30,12.5,6600
device_uplink,1788862407000000000,70b3d57ed00778cc,-34,13.2,6601
device_uplink,1788862423000000000,70b3d57ed00778cc,-37,12.5,6602
device_uplink,1788862439000000000,70b3d57ed00778cc,-33,13.8,6603
device_uplink,1788862455000000000,70b3d57ed00778cc,-31,13.8,6604
device_uplink,1788862471000000000,70b3d57ed00778cc,-31,14,6605
device_uplink,1788862481000000000,70b3d57ed0077801,-33,13,48
device_uplink,1788862487000000000,70b3d57ed00778cc,-35,11.5,6606
device_uplink,1788862503000000000,70b3d57ed00778cc,-35,13.2,6607
device_uplink,1788862521000000000,70b3d57ed00778cc,-41,10.5,6608
device_uplink,1788862537000000000,70b3d57ed00778cc,-30,12.5,6609
device_uplink,1788862553000000000,70b3d57ed00778cc,-28,14,6610
device_uplink,1788862569000000000,70b3d57ed00778cc,-33,13,6611
device_uplink,1788862585000000000,70b3d57ed00778cc,-52,0.8,6612
device_uplink,1788862601000000000,70b3d57ed00778cc,-39,12.2,6613
device_uplink,1788862617000000000,70b3d57ed00778cc,-35,12,6614
device_uplink,1788862633000000000,70b3d57ed00778cc,-33,13.2,6615
device_uplink,1788862651000000000,70b3d57ed00778cc,-36,13,6616
device_uplink,1788862667000000000,70b3d57ed00778cc,-34,12.5,6617
device_uplink,1788862683000000000,70b3d57ed00778cc,-31,12.8,6618
device_uplink,1788862699000000000,70b3d57ed00778cc,-36,12,6619
device_uplink,1788862715000000000,70b3d57ed00778cc,-36,11.2,6620
device_uplink,1788862731000000000,70b3d57ed00778cc,-32,13.8,6621
device_uplink,1788862749000000000,70b3d57ed00778cc,-33,13.2,6622
device_uplink,1788862765000000000,70b3d57ed00778cc,-35,8.5,6623
device_uplink,1788862781000000000,70b3d57ed00778cc,-34,13,6624
device_uplink,1788862797000000000,70b3d57ed00778cc,-33,12.8,6625
device_uplink,1788862813000000000,70b3d57ed00778cc,-32,14,6626
device_uplink,1788862829000000000,70b3d57ed00778cc,-38,9.5,6627
device_uplink,1788862845000000000,70b3d57ed00778cc,-38,12.8,6628
device_uplink,1788862861000000000,70b3d57ed00778cc,-33,13,6629
device_uplink,1788862879000000000,70b3d57ed00778cc,-31,13.8,6630
device_uplink,1788862895000000000,70b3d57ed00778cc,-31,12.5,6631
device_uplink,1788862911000000000,70b3d57ed00778cc,-36,12.5,6632
device_uplink,1788862927000000000,70b3d57ed00778cc,-38,12.2,6633
device_uplink,1788862943000000000,70b3d57ed00778cc,-28,14,6634
device_uplink,1788862959000000000,70b3d57ed00778cc,-34,12.8,6635
device_uplink,1788862975000000000,70b3d57ed00778cc,-34,12.8,6636
device_uplink,1788862991000000000,70b3d57ed00778cc,-26,13.8,6637
device_uplink,1788863009000000000,70b3d57ed00778cc,-28,10.2,6638
device_uplink,1788863025000000000,70b3d57ed00778cc,-31,13.2,6639
device_uplink,1788863041000000000,70b3d57ed00778cc,-44,8.2,6640
device_uplink,1788863057000000000,70b3d57ed00778cc,-32,13.2,6641
device_uplink,1788863073000000000,70b3d57ed00778cc,-41,11.8,6642
device_uplink,1788863089000000000,70b3d57ed00778cc,-40,11.5,6643
device_uplink,1788863105000000000,70b3d57ed00778cc,-43,10.8,6644
device_uplink,1788863123000000000,70b3d57ed00778cc,-30,13.2,6645
device_uplink,1788863139000000000,70b3d57ed00778cc,-39,10.8,6646
device_uplink,1788863155000000000,70b3d57ed00778cc,-43,7.8,6647
device_uplink,1788863171000000000,70b3d57ed00778cc,-35,12.8,6648
device_uplink,1788863187000000000,70b3d57ed00778cc,-32,13.2,6649
device_uplink,1788863203000000000,70b3d57ed00778cc,-29,12.8,6650
device_uplink,1788863219000000000,70b3d57ed00778cc,-34,13.5,6651
device_uplink,1788863235000000000,70b3d57ed00778cc,-40,11.8,6652
device_uplink,1788863253000000000,70b3d57ed00778cc,-39,12.2,6653
device_uplink,1788863269000000000,70b3d57ed00778cc,-42,7.5,6654
device_uplink,1788863285000000000,70b3d57ed00778cc,-48,6,6655
device_uplink,1788863301000000000,70b3d57ed00778cc,-34,13,6656
device_uplink,1788863317000000000,70b3d57ed00778cc,-36,12,6657
device_uplink,1788863333000000000,70b3d57ed00778cc,-36,11.8,6658
device_uplink,1788863349000000000,70b3d57ed00778cc,-30,11.5,6659
device_uplink,1788863365000000000,70b3d57ed00778cc,-35,12.8,6660
device_uplink,1788863383000000000,70b3d57ed00778cc,-40,11,6661
device_uplink,1788863389000000000,70b3d57ed0077801,-39,11.5,49
device_uplink,1788863399000000000,70b3d57ed00778cc,-33,10.5,6662
device_uplink,1788863415000000000,70b3d57ed00778cc,-37,12.5,6663
device_uplink,1788863431000000000,70b3d57ed00778cc,-43,10.8,6664
device_uplink,1788863447000000000,70b3d57ed00778cc,-41,11.5,6665
device_uplink,1788863463000000000,70b3d57ed00778cc,-35,11.8,6666
device_uplink,1788863479000000000,70b3d57ed00778cc,-34,13.5,6667
device_uplink,1788863495000000000,70b3d57ed00778cc,-51,4.8,6668
device_uplink,1788863513000000000,70b3d57ed00778cc,-32,13.5,6669
device_uplink,1788863529000000000,70b3d57ed00778cc,-33,11.8,6670
device_uplink,1788863545000000000,70b3d57ed00778cc,-40,11.2,6671
device_uplink,1788863561000000000,70b3d57ed00778cc,-33,12.5,6672
device_uplink,1788863577000000000,70b3d57ed00778cc,-39,12.2,6673
device_uplink,1788863593000000000,70b3d57ed00778cc,-35,12.8,6674
device_uplink,1788863609000000000,70b3d57ed00778cc,-35,12.2,6675
device_uplink,1788863627000000000,70b3d57ed00778cc,-28,13.2,6676
device_uplink,1788863643000000000,70b3d57ed00778cc,-27,13.8,6677
device_uplink,1788863659000000000,70b3d57ed00778cc,-31,10.5,6678
device_uplink,1788863675000000000,70b3d57ed00778cc,-32,12.8,6679
device_uplink,1788863691000000000,70b3d57ed00778cc,-30,12.8,6680
device_uplink,1788863707000000000,70b3d57ed00778cc,-30,13.2,6681
device_uplink,1788863725000000000,70b3d57ed00778cc,-41,11.5,6682
device_uplink,1788863741000000000,70b3d57ed00778cc,-38,11,6683
device_uplink,1788863757000000000,70b3d57ed00778cc,-31,13.5,6684
device_uplink,1788863773000000000,70b3d57ed00778cc,-34,13.5,6685
device_uplink,1788863789000000000,70b3d57ed00778cc,-33,12.2,6686
device_uplink,1788863805000000000,70b3d57ed00778cc,-35,12,6687
device_uplink,1788863821000000000,70b3d57ed00778cc,-42,11.8,6688
device_uplink,1788863837000000000,70b3d57ed00778cc,-30,13.2,6689
device_uplink,1788863855000000000,70b3d57ed00778cc,-38,13,6690
device_uplink,1788863871000000000,70b3d57ed00778cc,-40,11,6691
device_uplink,1788863887000000000,70b3d57ed00778cc,-28,10,6692
device_uplink,1788863903000000000,70b3d57ed00778cc,-24,13.8,6693
device_uplink,1788863919000000000,70b3d57ed00778cc,-25,13.5,6694
device_uplink,1788863935000000000,70b3d57ed00778cc,-32,12.2,6695
device_uplink,1788863953000000000,70b3d57ed00778cc,-31,14,6696
device_uplink,1788863969000000000,70b3d57ed00778cc,-32,13,6697
device_uplink,1788863985000000000,70b3d57ed00778cc,-32,10.8,6698
device_uplink,1788864001000000000,70b3d57ed00778cc,-30,12.5,6699
device_uplink,1788864017000000000,70b3d57ed00778cc,-31,13.5,6700
device_uplink,1788864033000000000,70b3d57ed00778cc,-36,11.5,6701
device_uplink,1788864051000000000,70b3d57ed00778cc,-25,13.5,6702
device_uplink,1788864067000000000,70b3d57ed00778cc,-28,12.8,6703
device_uplink,1788864083000000000,70b3d57ed00778cc,-27,13.8,6704
device_uplink,1788864099000000000,70b3d57ed00778cc,-31,13.5,6705
device_uplink,1788864115000000000,70b3d57ed00778cc,-28,13.5,6706
device_uplink,1788864131000000000,70b3d57ed00778cc,-31,12.8,6707
device_uplink,1788864147000000000,70b3d57ed00778cc,-29,13.2,6708
device_uplink,1788864163000000000,70b3d57ed00778cc,-27,13.8,6709
device_uplink,1788864181000000000,70b3d57ed00778cc,-23,13.5,6710
device_uplink,1788864197000000000,70b3d57ed00778cc,-26,11.2,6711
device_uplink,1788864213000000000,70b3d57ed00778cc,-26,13.2,6712
device_uplink,1788864229000000000,70b3d57ed00778cc,-26,13.2,6713
device_uplink,1788864245000000000,70b3d57ed00778cc,-25,13.8,6714
device_uplink,1788864261000000000,70b3d57ed00778cc,-29,12.8,6715
device_uplink,1788864278000000000,70b3d57ed00778cc,-27,10.5,6716
device_uplink,1788864295000000000,70b3d57ed00778cc,-31,12.8,6717
device_uplink,1788864297000000000,70b3d57ed0077801,-34,13,50
device_uplink,1788864311000000000,70b3d57ed00778cc,-25,13.8,6718
device_uplink,1788864327000000000,70b3d57ed00778cc,-32,11.8,6719
device_uplink,1788864343000000000,70b3d57ed00778cc,-24,14,6720
device_uplink,1788864359000000000,70b3d57ed00778cc,-26,13,6721
device_uplink,1788864375000000000,70b3d57ed00778cc,-26,13.2,6722
device_uplink,1788864391000000000,70b3d57ed00778cc,-27,9.5,6723
device_uplink,1788864407000000000,70b3d57ed00778cc,-25,13.8,6724
device_uplink,1788864425000000000,70b3d57ed00778cc,-28,13,6725
device_uplink,1788864441000000000,70b3d57ed00778cc,-33,13,6726
device_uplink,1788864457000000000,70b3d57ed00778cc,-28,13.5,6727
device_uplink,1788864473000000000,70b3d57ed00778cc,-29,13.2,6728
device_uplink,1788864489000000000,70b3d57ed00778cc,-27,14,6729
device_uplink,1788864505000000000,70b3d57ed00778cc,-26,13.2,6730
device_uplink,1788864521000000000,70b3d57ed00778cc,-31,13.5,6731
device_uplink,1788864539000000000,70b3d57ed00778cc,-24,13.8,6732
device_uplink,1788864555000000000,70b3d57ed00778cc,-26,13,6733
device_uplink,1788864571000000000,70b3d57ed00778cc,-28,9.8,6734
device_uplink,1788864587000000000,70b3d57ed00778cc,-27,14,6735
device_uplink,1788864603000000000,70b3d57ed00778cc,-29,13,6736
device_uplink,1788864619000000000,70b3d57ed00778cc,-28,13.8,6737
device_uplink,1788864635000000000,70b3d57ed00778cc,-35,12.8,6738
device_uplink,1788864651000000000,70b3d57ed00778cc,-26,13.5,6739
device_uplink,1788864669000000000,70b3d57ed00778cc,-29,13.2,6740
device_uplink,1788864685000000000,70b3d57ed00778cc,-25,13.8,6741
device_uplink,1788864701000000000,70b3d57ed00778cc,-28,14,6742
device_uplink,1788864717000000000,70b3d57ed00778cc,-31,11.5,6743
device_uplink,1788864733000000000,70b3d57ed00778cc,-30,11.8,6744
device_uplink,1788864749000000000,70b3d57ed00778cc,-35,12.8,6745
device_uplink,1788864765000000000,70b3d57ed00778cc,-33,12.5,6746
device_uplink,1788864781000000000,70b3d57ed00778cc,-35,13.2,6747
device_uplink,1788864799000000000,70b3d57ed00778cc,-34,12.8,6748
device_uplink,1788864815000000000,70b3d57ed00778cc,-32,4.8,6749
device_uplink,1788864831000000000,70b3d57ed00778cc,-29,13.2,6750
device_uplink,1788864847000000000,70b3d57ed00778cc,-36,11.8,6751
device_uplink,1788864863000000000,70b3d57ed00778cc,-31,10.8,6752
device_uplink,1788864879000000000,70b3d57ed00778cc,-31,13.8,6753
device_uplink,1788864895000000000,70b3d57ed00778cc,-35,12.5,6754
device_uplink,1788864911000000000,70b3d57ed00778cc,-35,8.5,6755
device_uplink,1788864929000000000,70b3d57ed00778cc,-34,13.8,6756
device_uplink,1788864945000000000,70b3d57ed00778cc,-29,13.5,6757
device_uplink,1788864961000000000,70b3d57ed00778cc,-37,12.5,6758
device_uplink,1788864977000000000,70b3d57ed00778cc,-34,12.5,6759
device_uplink,1788864993000000000,70b3d57ed00778cc,-39,12,6760
device_uplink,1788865009000000000,70b3d57ed00778cc,-39,12.2,6761
device_uplink,1788865025000000000,70b3d57ed00778cc,-36,11.5,6762
device_uplink,1788865041000000000,70b3d57ed00778cc,-30,13,6763
device_uplink,1788865059000000000,70b3d57ed00778cc,-34,13.5,6764
device_uplink,1788865075000000000,70b3d57ed00778cc,-34,12.8,6765
device_uplink,1788865091000000000,70b3d57ed00778cc,-38,12,6766
device_uplink,1788865107000000000,70b3d57ed00778cc,-35,12.8,6767
device_uplink,1788865123000000000,70b3d57ed00778cc,-36,8.5,6768
device_uplink,1788865139000000000,70b3d57ed00778cc,-41,12,6769
device_uplink,1788865155000000000,70b3d57ed00778cc,-38,10.2,6770
device_uplink,1788865171000000000,70b3d57ed00778cc,-39,12.5,6771
device_uplink,1788865189000000000,70b3d57ed00778cc,-37,10.5,6772
device_uplink,1788865205000000000,70b3d57ed00778cc,-37,12.5,6773
device_uplink,1788865206000000000,70b3d57ed0077801,-45,9.8,51
device_uplink,1788865221000000000,70b3d57ed00778cc,-37,11.8,6774
device_uplink,1788865237000000000,70b3d57ed00778cc,-36,13.2,6775
device_uplink,1788865253000000000,70b3d57ed00778cc,-36,12.2,6776
device_uplink,1788865269000000000,70b3d57ed00778cc,-40,12.2,6777
device_uplink,1788865285000000000,70b3d57ed00778cc,-35,12.5,6778
device_uplink,1788865303000000000,70b3d57ed00778cc,-34,13,6779
device_uplink,1788865319000000000,70b3d57ed00778cc,-38,11,6780
device_uplink,1788865335000000000,70b3d57ed00778cc,-33,13.8,6781
device_uplink,1788865351000000000,70b3d57ed00778cc,-36,10.2,6782
device_uplink,1788865367000000000,70b3d57ed00778cc,-41,10.2,6783
device_uplink,1788865383000000000,70b3d57ed00778cc,-33,13.5,6784
device_uplink,1788865399000000000,70b3d57ed00778cc,-34,13.8,6785
device_uplink,1788865415000000000,70b3d57ed00778cc,-36,9.8,6786
device_uplink,1788865433000000000,70b3d57ed00778cc,-32,12.8,6787
device_uplink,1788865449000000000,70b3d57ed00778cc,-36,11.5,6788
device_uplink,1788865465000000000,70b3d57ed00778cc,-31,13.5,6789
device_uplink,1788865481000000000,70b3d57ed00778cc,-33,13.5,6790
device_uplink,1788865497000000000,70b3d57ed00778cc,-30,12.8,6791
device_uplink,1788865513000000000,70b3d57ed00778cc,-37,11.8,6792
device_uplink,1788865529000000000,70b3d57ed00778cc,-36,12.8,6793
device_uplink,1788865547000000000,70b3d57ed00778cc,-31,13.5,6794
device_uplink,1788865563000000000,70b3d57ed00778cc,-33,12.8,6795
device_uplink,1788865579000000000,70b3d57ed00778cc,-30,13,6796
device_uplink,1788865595000000000,70b3d57ed00778cc,-32,13.2,6797
device_uplink,1788865611000000000,70b3d57ed00778cc,-33,10.8,6798
device_uplink,1788865627000000000,70b3d57ed00778cc,-31,13.2,6799
device_uplink,1788865643000000000,70b3d57ed00778cc,-26,13.2,6800
device_uplink,1788865659000000000,70b3d57ed00778cc,-26,14,6801
device_uplink,1788865677000000000,70b3d57ed00778cc,-27,13.8,6802
device_uplink,1788865693000000000,70b3d57ed00778cc,-32,13.2,6803
device_uplink,1788865709000000000,70b3d57ed00778cc,-36,11.5,6804
device_uplink,1788865725000000000,70b3d57ed00778cc,-24,13.2,6805
device_uplink,1788865741000000000,70b3d57ed00778cc,-32,11.5,6806
device_uplink,1788865757000000000,70b3d57ed00778cc,-30,12.2,6807
device_uplink,1788865773000000000,70b3d57ed00778cc,-24,13.2,6808
device_uplink,1788865789000000000,70b3d57ed00778cc,-44,9,6809
device_uplink,1788865807000000000,70b3d57ed00778cc,-31,13.8,6810
device_uplink,1788865823000000000,70b3d57ed00778cc,-32,13.2,6811
device_uplink,1788865839000000000,70b3d57ed00778cc,-27,14,6812
device_uplink,1788865855000000000,70b3d57ed00778cc,-31,14,6813
device_uplink,1788865871000000000,70b3d57ed00778cc,-32,11.2,6814
device_uplink,1788865887000000000,70b3d57ed00778cc,-30,13.2,6815
device_uplink,1788865903000000000,70b3d57ed00778cc,-31,12,6816
device_uplink,1788865919000000000,70b3d57ed00778cc,-32,13,6817
device_uplink,1788865937000000000,70b3d57ed00778cc,-31,12.2,6818
device_uplink,1788865953000000000,70b3d57ed00778cc,-31,13.8,6819
device_uplink,1788865969000000000,70b3d57ed00778cc,-30,12,6820
device_uplink,1788865985000000000,70b3d57ed00778cc,-40,11.8,6821
device_uplink,1788866001000000000,70b3d57ed00778cc,-32,13.2,6822
device_uplink,1788866017000000000,70b3d57ed00778cc,-31,11,6823
device_uplink,1788866033000000000,70b3d57ed00778cc,-30,12.5,6824
device_uplink,1788866049000000000,70b3d57ed00778cc,-35,13.2,6825
device_uplink,1788866067000000000,70b3d57ed00778cc,-35,10.2,6826
device_uplink,1788866083000000000,70b3d57ed00778cc,-47,8,6827
device_uplink,1788866099000000000,70b3d57ed00778cc,-23,14,6828
device_uplink,1788866114000000000,70b3d57ed0077801,-28,13.5,52
device_uplink,1788866115000000000,70b3d57ed00778cc,-31,13.5,6829
device_uplink,1788866131000000000,70b3d57ed00778cc,-33,13,6830
device_uplink,1788866147000000000,70b3d57ed00778cc,-27,13,6831
device_uplink,1788866163000000000,70b3d57ed00778cc,-26,13.2,6832
device_uplink,1788866179000000000,70b3d57ed00778cc,-33,13,6833
device_uplink,1788866197000000000,70b3d57ed00778cc,-41,10.2,6834
device_uplink,1788866213000000000,70b3d57ed00778cc,-33,13.5,6835
device_uplink,1788866229000000000,70b3d57ed00778cc,-33,13.5,6836
device_uplink,1788866245000000000,70b3d57ed00778cc,-24,13.5,6837
device_uplink,1788866261000000000,70b3d57ed00778cc,-36,12,6838
device_uplink,1788866277000000000,70b3d57ed00778cc,-24,13.5,6839
device_uplink,1788866295000000000,70b3d57ed00778cc,-23,13.5,6840
device_uplink,1788866311000000000,70b3d57ed00778cc,-27,13.8,6841
device_uplink,1788866327000000000,70b3d57ed00778cc,-25,13.2,6842
device_uplink,1788866343000000000,70b3d57ed00778cc,-29,13.5,6843
device_uplink,1788866359000000000,70b3d57ed00778cc,-24,14,6844
device_uplink,1788866375000000000,70b3d57ed00778cc,-24,13.8,6845
device_uplink,1788866391000000000,70b3d57ed00778cc,-25,13.2,6846
device_uplink,1788866407000000000,70b3d57ed00778cc,-31,11.2,6847
device_uplink,1788866425000000000,70b3d57ed00778cc,-26,13,6848
device_uplink,1788866441000000000,70b3d57ed00778cc,-28,14,6849
device_uplink,1788866457000000000,70b3d57ed00778cc,-25,13.5,6850
device_uplink,1788866473000000000,70b3d57ed00778cc,-25,13.5,6851
device_uplink,1788866489000000000,70b3d57ed00778cc,-23,13.8,6852
device_uplink,1788866505000000000,70b3d57ed00778cc,-22,13.8,6853
device_uplink,1788866521000000000,70b3d57ed00778cc,-25,11.5,6854
device_uplink,1788866537000000000,70b3d57ed00778cc,-31,13.8,6855
device_uplink,1788866555000000000,70b3d57ed00778cc,-30,11.2,6856
device_uplink,1788866571000000000,70b3d57ed00778cc,-26,13.5,6857
device_uplink,1788866587000000000,70b3d57ed00778cc,-25,13.2,6858
device_uplink,1788866603000000000,70b3d57ed00778cc,-25,13,6859
device_uplink,1788866619000000000,70b3d57ed00778cc,-27,14,6860
device_uplink,1788866635000000000,70b3d57ed00778cc,-28,13.8,6861
device_uplink,1788866651000000000,70b3d57ed00778cc,-23,14,6862
device_uplink,1788866667000000000,70b3d57ed00778cc,-28,11,6863
device_uplink,1788866685000000000,70b3d57ed00778cc,-22,14,6864
device_uplink,1788866701000000000,70b3d57ed00778cc,-28,13.8,6865
device_uplink,1788866717000000000,70b3d57ed00778cc,-24,14,6866
device_uplink,1788866733000000000,70b3d57ed00778cc,-27,14,6867
device_uplink,1788866749000000000,70b3d57ed00778cc,-23,13.8,6868
device_uplink,1788866765000000000,70b3d57ed00778cc,-23,14,6869
device_uplink,1788866781000000000,70b3d57ed00778cc,-26,10.8,6870
device_uplink,1788866797000000000,70b3d57ed00778cc,-23,13.2,6871
device_uplink,1788866815000000000,70b3d57ed00778cc,-26,14,6872
device_uplink,1788866831000000000,70b3d57ed00778cc,-37,9.2,6873
device_uplink,1788866847000000000,70b3d57ed00778cc,-25,11.5,6874
device_uplink,1788866863000000000,70b3d57ed00778cc,-29,12.8,6875
device_uplink,1788866879000000000,70b3d57ed00778cc,-30,13.2,6876
device_uplink,1788866897000000000,70b3d57ed00778cc,-23,13.2,6877
device_uplink,1788866913000000000,70b3d57ed00778cc,-25,13.2,6878
device_uplink,1788866929000000000,70b3d57ed00778cc,-26,13.2,6879
device_uplink,1788866945000000000,70b3d57ed00778cc,-27,14,6880
device_uplink,1788866961000000000,70b3d57ed00778cc,-25,13.5,6881
device_uplink,1788866977000000000,70b3d57ed00778cc,-23,13.2,6882
device_uplink,1788866993000000000,70b3d57ed00778cc,-26,13,6883
device_uplink,1788867011000000000,70b3d57ed00778cc,-27,12.8,6884
device_uplink,1788867023000000000,70b3d57ed0077801,-33,13.2,53
device_uplink,1788867027000000000,70b3d57ed00778cc,-28,14.5,6885
device_uplink,1788867043000000000,70b3d57ed00778cc,-31,11.2,6886
device_uplink,1788867059000000000,70b3d57ed00778cc,-30,12.2,6887
device_uplink,1788867075000000000,70b3d57ed00778cc,-25,13.8,6888
device_uplink,1788867091000000000,70b3d57ed00778cc,-25,13,6889
device_uplink,1788867107000000000,70b3d57ed00778cc,-26,13,6890
device_uplink,1788867123000000000,70b3d57ed00778cc,-29,12.2,6891
device_uplink,1788867141000000000,70b3d57ed00778cc,-25,13.8,6892
device_uplink,1788867157000000000,70b3d57ed00778cc,-24,12.8,6893
device_uplink,1788867173000000000,70b3d57ed00778cc,-29,13.5,6894
device_uplink,1788867189000000000,70b3d57ed00778cc,-33,13.5,6895
device_uplink,1788867205000000000,70b3d57ed00778cc,-26,11.5,6896
device_uplink,1788867221000000000,70b3d57ed00778cc,-25,13.8,6897
device_uplink,1788867237000000000,70b3d57ed00778cc,-30,13.2,6898
device_uplink,1788867253000000000,70b3d57ed00778cc,-28,13.5,6899
device_uplink,1788867271000000000,70b3d57ed00778cc,-28,14.2,6900
device_uplink,1788867287000000000,70b3d57ed00778cc,-30,11.5,6901
device_uplink,1788867303000000000,70b3d57ed00778cc,-29,13.2,6902
device_uplink,1788867319000000000,70b3d57ed00778cc,-28,8.8,6903
device_uplink,1788867335000000000,70b3d57ed00778cc,-29,13.5,6904
device_uplink,1788867351000000000,70b3d57ed00778cc,-27,13.5,6905
device_uplink,1788867367000000000,70b3d57ed00778cc,-26,13.2,6906
device_uplink,1788867383000000000,70b3d57ed00778cc,-27,13.5,6907
device_uplink,1788867401000000000,70b3d57ed00778cc,-33,13.5,6908
device_uplink,1788867417000000000,70b3d57ed00778cc,-25,13.5,6909
device_uplink,1788867433000000000,70b3d57ed00778cc,-28,9.5,6910
device_uplink,1788867449000000000,70b3d57ed00778cc,-26,13.5,6911
device_uplink,1788867465000000000,70b3d57ed00778cc,-24,12.2,6912
device_uplink,1788867481000000000,70b3d57ed00778cc,-26,13.8,6913
device_uplink,1788867497000000000,70b3d57ed00778cc,-28,13.5,6914
device_uplink,1788867513000000000,70b3d57ed00778cc,-27,13.5,6915
device_uplink,1788867531000000000,70b3d57ed00778cc,-27,13,6916
device_uplink,1788867547000000000,70b3d57ed00778cc,-25,13.8,6917
device_uplink,1788867563000000000,70b3d57ed00778cc,-27,13.8,6918
device_uplink,1788867579000000000,70b3d57ed00778cc,-25,11.5,6919
device_uplink,1788867595000000000,70b3d57ed00778cc,-25,13,6920
device_uplink,1788867611000000000,70b3d57ed00778cc,-26,13.2,6921
device_uplink,1788867627000000000,70b3d57ed00778cc,-27,13.8,6922
device_uplink,1788867643000000000,70b3d57ed00778cc,-26,13.5,6923
device_uplink,1788867661000000000,70b3d57ed00778cc,-27,13.5,6924
device_uplink,1788867677000000000,70b3d57ed00778cc,-29,13.5,6925
device_uplink,1788867693000000000,70b3d57ed00778cc,-25,13.8,6926
device_uplink,1788867709000000000,70b3d57ed00778cc,-26,13.5,6927
device_uplink,1788867725000000000,70b3d57ed00778cc,-33,10,6928
device_uplink,1788867741000000000,70b3d57ed00778cc,-33,13,6929
device_uplink,1788867757000000000,70b3d57ed00778cc,-34,12.2,6930
device_uplink,1788867773000000000,70b3d57ed00778cc,-27,9.2,6931
device_uplink,1788867791000000000,70b3d57ed00778cc,-26,13.8,6932
device_uplink,1788867807000000000,70b3d57ed00778cc,-26,13.2,6933
device_uplink,1788867823000000000,70b3d57ed00778cc,-30,14,6934
device_uplink,1788867839000000000,70b3d57ed00778cc,-30,12.2,6935
device_uplink,1788867855000000000,70b3d57ed00778cc,-30,13.2,6936
device_uplink,1788867871000000000,70b3d57ed00778cc,-29,13,6937
device_uplink,1788867889000000000,70b3d57ed00778cc,-23,13.2,6938
device_uplink,1788867905000000000,70b3d57ed00778cc,-29,13.5,6939
device_uplink,1788867921000000000,70b3d57ed00778cc,-31,10,6940
device_uplink,1788867931000000000,70b3d57ed0077801,-27,10.8,54
device_uplink,1788867937000000000,70b3d57ed00778cc,-27,13.8,6941
device_uplink,1788867953000000000,70b3d57ed00778cc,-25,13.2,6942
device_uplink,1788867969000000000,70b3d57ed00778cc,-29,13.2,6943
device_uplink,1788867985000000000,70b3d57ed00778cc,-24,13.8,6944
device_uplink,1788868001000000000,70b3d57ed00778cc,-27,13.2,6945
device_uplink,1788868019000000000,70b3d57ed00778cc,-29,13.5,6946
device_uplink,1788868035000000000,70b3d57ed00778cc,-26,11.2,6947
device_uplink,1788868051000000000,70b3d57ed00778cc,-27,14.5,6948
device_uplink,1788868067000000000,70b3d57ed00778cc,-25,13.5,6949
device_uplink,1788868083000000000,70b3d57ed00778cc,-23,14.2,6950
device_uplink,1788868099000000000,70b3d57ed00778cc,-24,13.5,6951
device_uplink,1788868115000000000,70b3d57ed00778cc,-27,13.5,6952
device_uplink,1788868131000000000,70b3d57ed00778cc,-30,13.2,6953
device_uplink,1788868149000000000,70b3d57ed00778cc,-27,14.5,6954
device_uplink,1788868165000000000,70b3d57ed00778cc,-31,10.5,6955
device_uplink,1788868181000000000,70b3d57ed00778cc,-28,13.5,6956
device_uplink,1788868197000000000,70b3d57ed00778cc,-27,14,6957
device_uplink,1788868213000000000,70b3d57ed00778cc,-26,13.2,6958
device_uplink,1788868229000000000,70b3d57ed00778cc,-27,13.8,6959
device_uplink,1788868245000000000,70b3d57ed00778cc,-25,14,6960
device_uplink,1788868261000000000,70b3d57ed00778cc,-27,14.2,6961
device_uplink,1788868279000000000,70b3d57ed00778cc,-26,11.2,6962
device_uplink,1788868295000000000,70b3d57ed00778cc,-29,13,6963
device_uplink,1788868311000000000,70b3d57ed00778cc,-24,14,6964
device_uplink,1788868327000000000,70b3d57ed00778cc,-31,12.8,6965
device_uplink,1788868343000000000,70b3d57ed00778cc,-28,14.2,6966
device_uplink,1788868359000000000,70b3d57ed00778cc,-25,14,6967
device_uplink,1788868375000000000,70b3d57ed00778cc,-26,13.5,6968
device_uplink,1788868391000000000,70b3d57ed00778cc,-26,13.2,6969
device_uplink,1788868409000000000,70b3d57ed00778cc,-27,10.2,6970
device_uplink,1788868425000000000,70b3d57ed00778cc,-30,13.5,6971
device_uplink,1788868441000000000,70b3d57ed00778cc,-27,13.8,6972
device_uplink,1788868457000000000,70b3d57ed00778cc,-28,14.2,6973
device_uplink,1788868473000000000,70b3d57ed00778cc,-25,13.5,6974
device_uplink,1788868489000000000,70b3d57ed00778cc,-29,13.5,6975
device_uplink,1788868505000000000,70b3d57ed00778cc,-23,13.5,6976
device_uplink,1788868521000000000,70b3d57ed00778cc,-33,13.2,6977
device_uplink,1788868539000000000,70b3d57ed00778cc,-38,12.2,6978
device_uplink,1788868555000000000,70b3d57ed00778cc,-35,12.5,6979
device_uplink,1788868571000000000,70b3d57ed00778cc,-33,11.2,6980
device_uplink,1788868587000000000,70b3d57ed00778cc,-26,13.5,6981
device_uplink,1788868603000000000,70b3d57ed00778cc,-29,13,6982
device_uplink,1788868619000000000,70b3d57ed00778cc,-27,13.5,6983
device_uplink,1788868635000000000,70b3d57ed00778cc,-28,13.8,6984
device_uplink,1788868651000000000,70b3d57ed00778cc,-30,12.2,6985
device_uplink,1788868669000000000,70b3d57ed00778cc,-35,12.8,6986
device_uplink,1788868685000000000,70b3d57ed00778cc,-27,13.8,6987
device_uplink,1788868701000000000,70b3d57ed00778cc,-27,14,6988
device_uplink,1788868717000000000,70b3d57ed00778cc,-24,13.5,6989
device_uplink,1788868733000000000,70b3d57ed00778cc,-20,13.8,6990
device_uplink,1788868749000000000,70b3d57ed00778cc,-23,10.5,6991
device_uplink,1788868765000000000,70b3d57ed00778cc,-21,14.2,6992
device_uplink,1788868783000000000,70b3d57ed00778cc,-21,14,6993
device_uplink,1788868799000000000,70b3d57ed00778cc,-22,13.8,6994
device_uplink,1788868815000000000,70b3d57ed00778cc,-23,13.8,6995
device_uplink,1788868831000000000,70b3d57ed00778cc,-25,13.8,6996
device_uplink,1788868840000000000,70b3d57ed0077801,-27,13.5,55
device_uplink,1788868847000000000,70b3d57ed00778cc,-22,14,6997
device_uplink,1788868863000000000,70b3d57ed00778cc,-25,13.5,6998
device_uplink,1788868879000000000,70b3d57ed00778cc,-24,13.8,6999
device_uplink,1788868895000000000,70b3d57ed00778cc,-23,10.2,7000
device_uplink,1788868913000000000,70b3d57ed00778cc,-23,14,7001
device_uplink,1788868929000000000,70b3d57ed00778cc,-24,14,7002
device_uplink,1788868945000000000,70b3d57ed00778cc,-23,13.8,7003
device_uplink,1788868961000000000,70b3d57ed00778cc,-24,12.8,7004
device_uplink,1788868977000000000,70b3d57ed00778cc,-23,13.2,7005
device_uplink,1788868993000000000,70b3d57ed00778cc,-25,14.5,7006
device_uplink,1788869009000000000,70b3d57ed00778cc,-23,14,7007
device_uplink,1788869027000000000,70b3d57ed00778cc,-22,10.5,7008
device_uplink,1788869043000000000,70b3d57ed00778cc,-22,13.8,7009
device_uplink,1788869059000000000,70b3d57ed00778cc,-23,13.2,7010
device_uplink,1788869075000000000,70b3d57ed00778cc,-24,13.8,7011
device_uplink,1788869091000000000,70b3d57ed00778cc,-22,14,7012
device_uplink,1788869107000000000,70b3d57ed00778cc,-22,13.8,7013
device_uplink,1788869123000000000,70b3d57ed00778cc,-22,14.5,7014
device_uplink,1788869139000000000,70b3d57ed00778cc,-22,9.8,7015
device_uplink,1788869157000000000,70b3d57ed00778cc,-24,13.5,7016
device_uplink,1788869173000000000,70b3d57ed00778cc,-24,14,7017
device_uplink,1788869189000000000,70b3d57ed00778cc,-23,13.5,7018
device_uplink,1788869205000000000,70b3d57ed00778cc,-24,13.2,7019
device_uplink,1788869221000000000,70b3d57ed00778cc,-23,13.5,7020
device_uplink,1788869237000000000,70b3d57ed00778cc,-22,14.2,7021
device_uplink,1788869253000000000,70b3d57ed00778cc,-21,13.8,7022
device_uplink,1788869269000000000,70b3d57ed00778cc,-22,9.5,7023
device_uplink,1788869287000000000,70b3d57ed00778cc,-22,14.2,7024
device_uplink,1788869303000000000,70b3d57ed00778cc,-22,13.2,7025
device_uplink,1788869319000000000,70b3d57ed00778cc,-21,13.8,7026
device_uplink,1788869335000000000,70b3d57ed00778cc,-23,13.5,7027
device_uplink,1788869351000000000,70b3d57ed00778cc,-21,14.2,7028
device_uplink,1788869367000000000,70b3d57ed00778cc,-21,14.2,7029
device_uplink,1788869383000000000,70b3d57ed00778cc,-22,13.5,7030
device_uplink,1788869399000000000,70b3d57ed00778cc,-23,14,7031
device_uplink,1788869417000000000,70b3d57ed00778cc,-20,11.5,7032
device_uplink,1788869433000000000,70b3d57ed00778cc,-21,13.8,7033
device_uplink,1788869449000000000,70b3d57ed00778cc,-21,13.8,7034
device_uplink,1788869465000000000,70b3d57ed00778cc,-22,13.8,7035
device_uplink,1788869481000000000,70b3d57ed00778cc,-23,13.8,7036
device_uplink,1788869497000000000,70b3d57ed00778cc,-21,13.5,7037
device_uplink,1788869513000000000,70b3d57ed00778cc,-22,10.8,7038
device_uplink,1788869531000000000,70b3d57ed00778cc,-21,14.5,7039
device_uplink,1788869547000000000,70b3d57ed00778cc,-23,14.5,7040
device_uplink,1788869563000000000,70b3d57ed00778cc,-22,13.5,7041
device_uplink,1788869579000000000,70b3d57ed00778cc,-22,13.8,7042
device_uplink,1788869595000000000,70b3d57ed00778cc,-22,14.2,7043
device_uplink,1788869611000000000,70b3d57ed00778cc,-22,10.5,7044
device_uplink,1788869627000000000,70b3d57ed00778cc,-23,14.2,7045
device_uplink,1788869645000000000,70b3d57ed00778cc,-22,13.8,7046
device_uplink,1788869661000000000,70b3d57ed00778cc,-20,13.5,7047
device_uplink,1788869677000000000,70b3d57ed00778cc,-20,13.2,7048
device_uplink,1788869693000000000,70b3d57ed00778cc,-20,14,7049
device_uplink,1788869709000000000,70b3d57ed00778cc,-22,13.5,7050
device_uplink,1788869725000000000,70b3d57ed00778cc,-23,13.5,7051
device_uplink,1788869741000000000,70b3d57ed00778cc,-22,8.8,7052
device_uplink,1788869748000000000,70b3d57ed0077801,-26,13.2,56
device_uplink,1788869757000000000,70b3d57ed00778cc,-25,13.2,7053
device_uplink,1788869775000000000,70b3d57ed00778cc,-26,13.8,7054
device_uplink,1788869791000000000,70b3d57ed00778cc,-26,13,7055
device_uplink,1788869807000000000,70b3d57ed00778cc,-24,13.5,7056
device_uplink,1788869823000000000,70b3d57ed00778cc,-27,13.5,7057
device_uplink,1788869839000000000,70b3d57ed00778cc,-24,13.2,7058
device_uplink,1788869855000000000,70b3d57ed00778cc,-25,13.5,7059
device_uplink,1788869871000000000,70b3d57ed00778cc,-24,13.8,7060
device_uplink,1788869887000000000,70b3d57ed00778cc,-23,14,7061
device_uplink,1788869905000000000,70b3d57ed00778cc,-25,13.2,7062
device_uplink,1788869921000000000,70b3d57ed00778cc,-25,11,7063
device_uplink,1788869937000000000,70b3d57ed00778cc,-24,14,7064
device_uplink,1788869953000000000,70b3d57ed00778cc,-24,13.2,7065
device_uplink,1788869969000000000,70b3d57ed00778cc,-27,13.5,7066
device_uplink,1788869987000000000,70b3d57ed00778cc,-26,13.2,7067
device_uplink,1788870003000000000,70b3d57ed00778cc,-25,13.8,7068
device_uplink,1788870019000000000,70b3d57ed00778cc,-19,13.8,7069
device_uplink,1788870035000000000,70b3d57ed00778cc,-23,13.5,7070
device_uplink,1788870051000000000,70b3d57ed00778cc,-24,9.8,7071
device_uplink,1788870067000000000,70b3d57ed00778cc,-22,13.8,7072
device_uplink,1788870083000000000,70b3d57ed00778cc,-21,14.2,7073
device_uplink,1788870101000000000,70b3d57ed00778cc,-23,13.8,7074
device_uplink,1788870117000000000,70b3d57ed00778cc,-22,13.8,7075
device_uplink,1788870133000000000,70b3d57ed00778cc,-24,14,7076
device_uplink,1788870149000000000,70b3d57ed00778cc,-24,13.5,7077
device_uplink,1788870165000000000,70b3d57ed00778cc,-21,9.5,7078
device_uplink,1788870181000000000,70b3d57ed00778cc,-21,13.8,7079
device_uplink,1788870197000000000,70b3d57ed00778cc,-23,13.8,7080
device_uplink,1788870213000000000,70b3d57ed00778cc,-22,13.8,7081
device_uplink,1788870231000000000,70b3d57ed00778cc,-23,13.8,7082
device_uplink,1788870247000000000,70b3d57ed00778cc,-20,13.5,7083
device_uplink,1788870263000000000,70b3d57ed00778cc,-19,11.2,7084
device_uplink,1788870279000000000,70b3d57ed00778cc,-19,14,7085
device_uplink,1788870295000000000,70b3d57ed00778cc,-19,13.8,7086
device_uplink,1788870311000000000,70b3d57ed00778cc,-21,13.2,7087
device_uplink,1788870327000000000,70b3d57ed00778cc,-22,14,7088
device_uplink,1788870343000000000,70b3d57ed00778cc,-22,13.8,7089
device_uplink,1788870361000000000,70b3d57ed00778cc,-21,14.2,7090
device_uplink,1788870377000000000,70b3d57ed00778cc,-24,10,7091
device_uplink,1788870393000000000,70b3d57ed00778cc,-22,14,7092
device_uplink,1788870409000000000,70b3d57ed00778cc,-22,14.2,7093
device_uplink,1788870425000000000,70b3d57ed00778cc,-22,14.2,7094
device_uplink,1788870441000000000,70b3d57ed00778cc,-21,14.2,7095
device_uplink,1788870457000000000,70b3d57ed00778cc,-23,13.8,7096
device_uplink,1788870473000000000,70b3d57ed00778cc,-22,13.8,7097
device_uplink,1788870491000000000,70b3d57ed00778cc,-21,14,7098
device_uplink,1788870507000000000,70b3d57ed00778cc,-21,13.2,7099
device_uplink,1788870523000000000,70b3d57ed00778cc,-21,14.2,7100
device_uplink,1788870539000000000,70b3d57ed00778cc,-21,13.8,7101
device_uplink,1788870555000000000,70b3d57ed00778cc,-20,11,7102
device_uplink,1788870571000000000,70b3d57ed00778cc,-22,14,7103
device_uplink,1788870587000000000,70b3d57ed00778cc,-21,13.2,7104
device_uplink,1788870603000000000,70b3d57ed00778cc,-22,14.5,7105
device_uplink,1788870621000000000,70b3d57ed00778cc,-21,13.2,7106
device_uplink,1788870637000000000,70b3d57ed00778cc,-21,10.5,7107
device_uplink,1788870653000000000,70b3d57ed00778cc,-23,13.8,7108
device_uplink,1788870656000000000,70b3d57ed0077801,-28,13.8,57
device_uplink,1788870669000000000,70b3d57ed00778cc,-22,14.2,7109
device_uplink,1788870685000000000,70b3d57ed00778cc,-22,13.2,7110
device_uplink,1788870701000000000,70b3d57ed00778cc,-21,13.8,7111
device_uplink,1788870717000000000,70b3d57ed00778cc,-21,13.5,7112
device_uplink,1788870735000000000,70b3d57ed00778cc,-21,13.8,7113
device_uplink,1788870751000000000,70b3d57ed00778cc,-21,14,7114
device_uplink,1788870767000000000,70b3d57ed00778cc,-21,14,7115
device_uplink,1788870783000000000,70b3d57ed00778cc,-21,13.8,7116
device_uplink,1788870799000000000,70b3d57ed00778cc,-21,13.8,7117
device_uplink,1788870815000000000,70b3d57ed00778cc,-22,9,7118
device_uplink,1788870831000000000,70b3d57ed00778cc,-22,13.5,7119
device_uplink,1788870847000000000,70b3d57ed00778cc,-21,14,7120
device_uplink,1788870865000000000,70b3d57ed00778cc,-22,13.8,7121
device_uplink,1788870881000000000,70b3d57ed00778cc,-20,11.2,7122
device_uplink,1788870897000000000,70b3d57ed00778cc,-21,14,7123
device_uplink,1788870913000000000,70b3d57ed00778cc,-22,14,7124
device_uplink,1788870929000000000,70b3d57ed00778cc,-21,14,7125
device_uplink,1788870945000000000,70b3d57ed00778cc,-19,13.8,7126
device_uplink,1788870961000000000,70b3d57ed00778cc,-20,13.5,7127
device_uplink,1788870977000000000,70b3d57ed00778cc,-20,13.2,7128
device_uplink,1788870995000000000,70b3d57ed00778cc,-21,14.2,7129
device_uplink,1788871011000000000,70b3d57ed00778cc,-21,13.5,7130
device_uplink,1788871027000000000,70b3d57ed00778cc,-21,14.5,7131
device_uplink,1788871043000000000,70b3d57ed00778cc,-21,14.5,7132
device_uplink,1788871059000000000,70b3d57ed00778cc,-17,14,7133
device_uplink,1788871075000000000,70b3d57ed00778cc,-18,14,7134
device_uplink,1788871091000000000,70b3d57ed00778cc,-19,11.2,7135
device_uplink,1788871107000000000,70b3d57ed00778cc,-19,13.8,7136
device_uplink,1788871125000000000,70b3d57ed00778cc,-18,13.8,7137
device_uplink,1788871141000000000,70b3d57ed00778cc,-20,13.5,7138
device_uplink,1788871157000000000,70b3d57ed00778cc,-21,13.5,7139
device_uplink,1788871173000000000,70b3d57ed00778cc,-20,13.5,7140
device_uplink,1788871189000000000,70b3d57ed00778cc,-20,13.2,7141
device_uplink,1788871205000000000,70b3d57ed00778cc,-22,13.8,7142
device_uplink,1788871221000000000,70b3d57ed00778cc,-22,14,7143
device_uplink,1788871237000000000,70b3d57ed00778cc,-23,10.5,7144
device_uplink,1788871253000000000,70b3d57ed00778cc,-24,13.5,7145
device_uplink,1788871271000000000,70b3d57ed00778cc,-21,9.5,7146
device_uplink,1788871287000000000,70b3d57ed00778cc,-19,13.5,7147
device_uplink,1788871303000000000,70b3d57ed00778cc,-19,13,7148
device_uplink,1788871319000000000,70b3d57ed00778cc,-18,14,7149
device_uplink,1788871335000000000,70b3d57ed00778cc,-22,14.2,7150
device_uplink,1788871351000000000,70b3d57ed00778cc,-21,13.8,7151
device_uplink,1788871369000000000,70b3d57ed00778cc,-19,13.5,7152
device_uplink,1788871385000000000,70b3d57ed00778cc,-21,14,7153
device_uplink,1788871401000000000,70b3d57ed00778cc,-20,13.8,7154
device_uplink,1788871417000000000,70b3d57ed00778cc,-22,13.8,7155
device_uplink,1788871433000000000,70b3d57ed00778cc,-20,11.2,7156
device_uplink,1788871449000000000,70b3d57ed00778cc,-21,13.5,7157
device_uplink,1788871465000000000,70b3d57ed00778cc,-20,13.8,7158
device_uplink,1788871481000000000,70b3d57ed00778cc,-21,13.2,7159
device_uplink,1788871499000000000,70b3d57ed00778cc,-19,13.8,7160
device_uplink,1788871515000000000,70b3d57ed00778cc,-20,13,7161
device_uplink,1788871531000000000,70b3d57ed00778cc,-20,13.5,7162
device_uplink,1788871547000000000,70b3d57ed00778cc,-21,13.8,7163
device_uplink,1788871563000000000,70b3d57ed00778cc,-19,13.8,7164
device_uplink,1788871565000000000,70b3d57ed0077801,-23,13.2,58
device_uplink,1788871579000000000,70b3d57ed00778cc,-20,13.5,7165
device_uplink,1788871595000000000,70b3d57ed00778cc,-19,13.5,7166
device_uplink,1788871611000000000,70b3d57ed00778cc,-21,13.2,7167
device_uplink,1788871629000000000,70b3d57ed00778cc,-20,11.8,7168
device_uplink,1788871645000000000,70b3d57ed00778cc,-21,13.5,7169
device_uplink,1788871661000000000,70b3d57ed00778cc,-20,13.8,7170
device_uplink,1788871677000000000,70b3d57ed00778cc,-19,14,7171
device_uplink,1788871693000000000,70b3d57ed00778cc,-20,13.8,7172
device_uplink,1788871709000000000,70b3d57ed00778cc,-19,14,7173
device_uplink,1788871725000000000,70b3d57ed00778cc,-19,13.5,7174
device_uplink,1788871741000000000,70b3d57ed00778cc,-20,13.5,7175
device_uplink,1788871759000000000,70b3d57ed00778cc,-19,11.5,7176
device_uplink,1788871775000000000,70b3d57ed00778cc,-18,13.8,7177
device_uplink,1788871791000000000,70b3d57ed00778cc,-20,13.8,7178
device_uplink,1788871807000000000,70b3d57ed00778cc,-19,11,7179
device_uplink,1788871823000000000,70b3d57ed00778cc,-18,13.8,7180
device_uplink,1788871839000000000,70b3d57ed00778cc,-19,13.5,7181
device_uplink,1788871855000000000,70b3d57ed00778cc,-21,14,7182
device_uplink,1788871871000000000,70b3d57ed00778cc,-22,14,7183
device_uplink,1788871889000000000,70b3d57ed00778cc,-20,13.5,7184
device_uplink,1788871905000000000,70b3d57ed00778cc,-21,13.8,7185
device_uplink,1788871921000000000,70b3d57ed00778cc,-21,14,7186
device_uplink,1788871937000000000,70b3d57ed00778cc,-23,10,7187
device_uplink,1788871953000000000,70b3d57ed00778cc,-22,13.8,7188
device_uplink,1788871969000000000,70b3d57ed00778cc,-22,13.5,7189
device_uplink,1788871987000000000,70b3d57ed00778cc,-22,13.2,7190
device_uplink,1788872003000000000,70b3d57ed00778cc,-21,13.5,7191
device_uplink,1788872019000000000,70b3d57ed00778cc,-21,13,7192
device_uplink,1788872035000000000,70b3d57ed00778cc,-22,14,7193
device_uplink,1788872051000000000,70b3d57ed00778cc,-21,9.8,7194
device_uplink,1788872067000000000,70b3d57ed00778cc,-21,14.5,7195
device_uplink,1788872083000000000,70b3d57ed00778cc,-20,13.2,7196
device_uplink,1788872099000000000,70b3d57ed00778cc,-21,14,7197
device_uplink,1788872117000000000,70b3d57ed00778cc,-19,13.5,7198
device_uplink,1788872133000000000,70b3d57ed00778cc,-21,13.8,7199
device_uplink,1788872149000000000,70b3d57ed00778cc,-20,13.8,7200
device_uplink,1788872165000000000,70b3d57ed00778cc,-20,13.2,7201
device_uplink,1788872181000000000,70b3d57ed00778cc,-19,13.8,7202
device_uplink,1788872197000000000,70b3d57ed00778cc,-22,10.5,7203
device_uplink,1788872213000000000,70b3d57ed00778cc,-22,13.8,7204
device_uplink,1788872229000000000,70b3d57ed00778cc,-21,13.8,7205
device_uplink,1788872247000000000,70b3d57ed00778cc,-21,14.2,7206
device_uplink,1788872263000000000,70b3d57ed00778cc,-21,13.2,7207
device_uplink,1788872279000000000,70b3d57ed00778cc,-22,13.5,7208
device_uplink,1788872295000000000,70b3d57ed00778cc,-25,13.5,7209
device_uplink,1788872311000000000,70b3d57ed00778cc,-30,12.5,7210
device_uplink,1788872327000000000,70b3d57ed00778cc,-19,11.8,7211
device_uplink,1788872343000000000,70b3d57ed00778cc,-26,13.8,7212
device_uplink,1788872359000000000,70b3d57ed00778cc,-24,13,7213
device_uplink,1788872377000000000,70b3d57ed00778cc,-25,13.2,7214
device_uplink,1788872393000000000,70b3d57ed00778cc,-25,13.8,7215
device_uplink,1788872409000000000,70b3d57ed00778cc,-26,13.2,7216
device_uplink,1788872425000000000,70b3d57ed00778cc,-26,13.2,7217
device_uplink,1788872441000000000,70b3d57ed00778cc,-25,11.2,7218
device_uplink,1788872457000000000,70b3d57ed00778cc,-25,14,7219
device_uplink,1788872473000000000,70b3d57ed0077801,-26,13.5,59
device_uplink,1788872473000000000,70b3d57ed00778cc,-23,14.2,7220
device_uplink,1788872489000000000,70b3d57ed00778cc,-24,13.8,7221
device_uplink,1788872507000000000,70b3d57ed00778cc,-26,13.8,7222
device_uplink,1788872523000000000,70b3d57ed00778cc,-22,13.2,7223
device_uplink,1788872539000000000,70b3d57ed00778cc,-20,13.2,7224
device_uplink,1788872555000000000,70b3d57ed00778cc,-24,13,7225
device_uplink,1788872571000000000,70b3d57ed00778cc,-24,14,7226
device_uplink,1788872587000000000,70b3d57ed00778cc,-27,11.8,7227
device_uplink,1788872603000000000,70b3d57ed00778cc,-24,14,7228
device_uplink,1788872619000000000,70b3d57ed00778cc,-24,13.8,7229
device_uplink,1788872637000000000,70b3d57ed00778cc,-25,13.8,7230
device_uplink,1788872653000000000,70b3d57ed00778cc,-25,13.8,7231
device_uplink,1788872669000000000,70b3d57ed00778cc,-22,13.5,7232
device_uplink,1788872685000000000,70b3d57ed00778cc,-25,14.5,7233
device_uplink,1788872701000000000,70b3d57ed00778cc,-22,13.5,7234
device_uplink,1788872717000000000,70b3d57ed00778cc,-22,13.5,7235
device_uplink,1788872733000000000,70b3d57ed00778cc,-23,13.8,7236
device_uplink,1788872749000000000,70b3d57ed00778cc,-23,13.5,7237
device_uplink,1788872767000000000,70b3d57ed00778cc,-24,10,7238
device_uplink,1788872783000000000,70b3d57ed00778cc,-23,13.8,7239
device_uplink,1788872799000000000,70b3d57ed00778cc,-21,14,7240
device_uplink,1788872815000000000,70b3d57ed00778cc,-26,13.5,7241
device_uplink,1788872831000000000,70b3d57ed00778cc,-22,13.5,7242
device_uplink,1788872847000000000,70b3d57ed00778cc,-23,10.5,7243
device_uplink,1788872863000000000,70b3d57ed00778cc,-23,13.5,7244
device_uplink,1788872879000000000,70b3d57ed00778cc,-23,14.2,7245
device_uplink,1788872897000000000,70b3d57ed00778cc,-24,13.2,7246
device_uplink,1788872913000000000,70b3d57ed00778cc,-26,13,7247
device_uplink,1788872929000000000,70b3d57ed00778cc,-25,13.5,7248
device_uplink,1788872945000000000,70b3d57ed00778cc,-27,13.5,7249
device_uplink,1788872961000000000,70b3d57ed00778cc,-21,14,7250
device_uplink,1788872977000000000,70b3d57ed00778cc,-24,12.8,7251
device_uplink,1788872993000000000,70b3d57ed00778cc,-24,13.2,7252
device_uplink,1788873009000000000,70b3d57ed00778cc,-23,13,7253
device_uplink,1788873027000000000,70b3d57ed00778cc,-23,13.8,7254
device_uplink,1788873043000000000,70b3d57ed00778cc,-25,11,7255
device_uplink,1788873059000000000,70b3d57ed00778cc,-23,13.2,7256
device_uplink,1788873075000000000,70b3d57ed00778cc,-23,13.8,7257
device_uplink,1788873091000000000,70b3d57ed00778cc,-25,13.5,7258
device_uplink,1788873107000000000,70b3d57ed00778cc,-25,13.5,7259
device_uplink,1788873123000000000,70b3d57ed00778cc,-25,11.5,7260
device_uplink,1788873139000000000,70b3d57ed00778cc,-27,13.8,7261
device_uplink,1788873157000000000,70b3d57ed00778cc,-25,13.5,7262
device_uplink,1788873173000000000,70b3d57ed00778cc,-25,13.5,7263
device_uplink,1788873189000000000,70b3d57ed00778cc,-28,13.5,7264
device_uplink,1788873205000000000,70b3d57ed00778cc,-22,13.8,7265
device_uplink,1788873221000000000,70b3d57ed00778cc,-21,14,7266
device_uplink,1788873237000000000,70b3d57ed00778cc,-21,9.8,7267
device_uplink,1788873253000000000,70b3d57ed00778cc,-21,14,7268
device_uplink,1788873269000000000,70b3d57ed00778cc,-24,13.5,7269
device_uplink,1788873287000000000,70b3d57ed00778cc,-26,13.5,7270
device_uplink,1788873303000000000,70b3d57ed00778cc,-25,13.5,7271
device_uplink,1788873319000000000,70b3d57ed00778cc,-28,13.2,7272
device_uplink,1788873335000000000,70b3d57ed00778cc,-25,13.5,7273
device_uplink,1788873351000000000,70b3d57ed00778cc,-23,13.2,7274
device_uplink,1788873367000000000,70b3d57ed00778cc,-20,13.2,7275
device_uplink,1788873382000000000,70b3d57ed0077801,-26,13.5,60
device_uplink,1788873383000000000,70b3d57ed00778cc,-21,13.5,7276
device_uplink,1788873399000000000,70b3d57ed00778cc,-24,11.5,7277
device_uplink,1788873417000000000,70b3d57ed00778cc,-25,14,7278
device_uplink,1788873433000000000,70b3d57ed00778cc,-26,12.8,7279
device_uplink,1788873449000000000,70b3d57ed00778cc,-27,13.8,7280
device_uplink,1788873465000000000,70b3d57ed00778cc,-25,14,7281
device_uplink,1788873481000000000,70b3d57ed00778cc,-24,13.2,7282
device_uplink,1788873497000000000,70b3d57ed00778cc,-24,14.2,7283
device_uplink,1788873513000000000,70b3d57ed00778cc,-24,14.2,7284
device_uplink,1788873531000000000,70b3d57ed00778cc,-23,13,7285
device_uplink,1788873547000000000,70b3d57ed00778cc,-20,13.2,7286
device_uplink,1788873563000000000,70b3d57ed00778cc,-21,13.2,7287
device_uplink,1788873579000000000,70b3d57ed00778cc,-24,10,7288
device_uplink,1788873595000000000,70b3d57ed00778cc,-21,14.2,7289
device_uplink,1788873611000000000,70b3d57ed00778cc,-21,14.2,7290
device_uplink,1788873627000000000,70b3d57ed00778cc,-20,13,7291
device_uplink,1788873643000000000,70b3d57ed00778cc,-22,14,7292
device_uplink,1788873659000000000,70b3d57ed00778cc,-21,14.2,7293
device_uplink,1788873677000000000,70b3d57ed00778cc,-21,9.2,7294
device_uplink,1788873693000000000,70b3d57ed00778cc,-22,14,7295
device_uplink,1788873709000000000,70b3d57ed00778cc,-21,13.8,7296
device_uplink,1788873725000000000,70b3d57ed00778cc,-19,13.8,7297
device_uplink,1788873741000000000,70b3d57ed00778cc,-22,13.5,7298
device_uplink,1788873759000000000,70b3d57ed00778cc,-20,13.5,7299
device_uplink,1788873775000000000,70b3d57ed00778cc,-20,13.2,7300
device_uplink,1788873791000000000,70b3d57ed00778cc,-19,13.5,7301
device_uplink,1788873807000000000,70b3d57ed00778cc,-20,11.2,7302
device_uplink,1788873823000000000,70b3d57ed00778cc,-20,13.5,7303
device_uplink,1788873839000000000,70b3d57ed00778cc,-20,13.2,7304
device_uplink,1788873855000000000,70b3d57ed00778cc,-21,13.8,7305
device_uplink,1788873871000000000,70b3d57ed00778cc,-23,10.5,7306
device_uplink,1788873889000000000,70b3d57ed00778cc,-23,13.5,7307
device_uplink,1788873905000000000,70b3d57ed00778cc,-22,14,7308
device_uplink,1788873921000000000,70b3d57ed00778cc,-20,13.5,7309
device_uplink,1788873937000000000,70b3d57ed00778cc,-22,13.8,7310
device_uplink,1788873953000000000,70b3d57ed00778cc,-21,13.8,7311
device_uplink,1788873969000000000,70b3d57ed00778cc,-20,13.5,7312
device_uplink,1788873985000000000,70b3d57ed00778cc,-22,14,7313
device_uplink,1788874001000000000,70b3d57ed00778cc,-24,10.2,7314
device_uplink,1788874019000000000,70b3d57ed00778cc,-26,13.8,7315
device_uplink,1788874035000000000,70b3d57ed00778cc,-23,13.2,7316
device_uplink,1788874051000000000,70b3d57ed00778cc,-23,13.5,7317
device_uplink,1788874067000000000,70b3d57ed00778cc,-24,13.2,7318
device_uplink,1788874083000000000,70b3d57ed00778cc,-24,13,7319
device_uplink,1788874099000000000,70b3d57ed00778cc,-25,12,7320
device_uplink,1788874115000000000,70b3d57ed00778cc,-22,14,7321
device_uplink,1788874131000000000,70b3d57ed00778cc,-24,10,7322
device_uplink,1788874149000000000,70b3d57ed00778cc,-23,14,7323
device_uplink,1788874165000000000,70b3d57ed00778cc,-23,13.5,7324
device_uplink,1788874181000000000,70b3d57ed00778cc,-22,14,7325
device_uplink,1788874197000000000,70b3d57ed00778cc,-21,13.8,7326
device_uplink,1788874213000000000,70b3d57ed00778cc,-22,14,7327
device_uplink,1788874229000000000,70b3d57ed00778cc,-22,13.8,7328
device_uplink,1788874245000000000,70b3d57ed00778cc,-21,14.2,7329
device_uplink,1788874261000000000,70b3d57ed00778cc,-24,13.5,7330
device_uplink,1788874279000000000,70b3d57ed00778cc,-28,13.5,7331
device_uplink,1788874290000000000,70b3d57ed0077801,-26,12.8,61
device_uplink,1788874295000000000,70b3d57ed00778cc,-23,13.5,7332
device_uplink,1788874311000000000,70b3d57ed00778cc,-25,11.8,7333
device_uplink,1788874327000000000,70b3d57ed00778cc,-22,13.5,7334
device_uplink,1788874343000000000,70b3d57ed00778cc,-24,11.8,7335
device_uplink,1788874359000000000,70b3d57ed00778cc,-23,14,7336
device_uplink,1788874375000000000,70b3d57ed00778cc,-24,13.8,7337
device_uplink,1788874391000000000,70b3d57ed00778cc,-21,14,7338
device_uplink,1788874409000000000,70b3d57ed00778cc,-23,10.5,7339
device_uplink,1788874425000000000,70b3d57ed00778cc,-20,13.8,7340
device_uplink,1788874441000000000,70b3d57ed00778cc,-22,13.8,7341
device_uplink,1788874457000000000,70b3d57ed00778cc,-25,13.2,7342
device_uplink,1788874473000000000,70b3d57ed00778cc,-22,14,7343
device_uplink,1788874489000000000,70b3d57ed00778cc,-22,14,7344
device_uplink,1788874505000000000,70b3d57ed00778cc,-21,13.2,7345
device_uplink,1788874521000000000,70b3d57ed00778cc,-23,13.8,7346
device_uplink,1788874539000000000,70b3d57ed00778cc,-24,13.8,7347
device_uplink,1788874555000000000,70b3d57ed00778cc,-24,13.8,7348
device_uplink,1788874571000000000,70b3d57ed00778cc,-24,13.8,7349
device_uplink,1788874587000000000,70b3d57ed00778cc,-24,12.8,7350
device_uplink,1788874603000000000,70b3d57ed00778cc,-23,13.2,7351
device_uplink,1788874619000000000,70b3d57ed00778cc,-22,10.8,7352
device_uplink,1788874635000000000,70b3d57ed00778cc,-24,13.5,7353
device_uplink,1788874651000000000,70b3d57ed00778cc,-28,13.5,7354
device_uplink,1788874669000000000,70b3d57ed00778cc,-25,13.5,7355
device_uplink,1788874685000000000,70b3d57ed00778cc,-26,13.2,7356
device_uplink,1788874701000000000,70b3d57ed00778cc,-27,14.2,7357
device_uplink,1788874717000000000,70b3d57ed00778cc,-28,13.8,7358
device_uplink,1788874733000000000,70b3d57ed00778cc,-22,13.5,7359
device_uplink,1788874749000000000,70b3d57ed00778cc,-25,10.8,7360
device_uplink,1788874765000000000,70b3d57ed00778cc,-23,13.8,7361
device_uplink,1788874781000000000,70b3d57ed00778cc,-27,13.8,7362
device_uplink,1788874799000000000,70b3d57ed00778cc,-27,13.5,7363
device_uplink,1788874815000000000,70b3d57ed00778cc,-23,13.8,7364
device_uplink,1788874831000000000,70b3d57ed00778cc,-24,13.2,7365
device_uplink,1788874847000000000,70b3d57ed00778cc,-25,13.5,7366
device_uplink,1788874863000000000,70b3d57ed00778cc,-25,13.5,7367
device_uplink,1788874879000000000,70b3d57ed00778cc,-24,9.5,7368
device_uplink,1788874895000000000,70b3d57ed00778cc,-25,13.8,7369
device_uplink,1788874913000000000,70b3d57ed00778cc,-26,12.8,7370
device_uplink,1788874929000000000,70b3d57ed00778cc,-27,14.2,7371
device_uplink,1788874945000000000,70b3d57ed00778cc,-24,13.5,7372
device_uplink,1788874961000000000,70b3d57ed00778cc,-24,9.8,7373
device_uplink,1788874977000000000,70b3d57ed00778cc,-25,13.2,7374
device_uplink,1788874993000000000,70b3d57ed00778cc,-26,13.8,7375
device_uplink,1788875009000000000,70b3d57ed00778cc,-28,13.8,7376
device_uplink,1788875025000000000,70b3d57ed00778cc,-27,13.8,7377
device_uplink,1788875043000000000,70b3d57ed00778cc,-22,14,7378
device_uplink,1788875059000000000,70b3d57ed00778cc,-19,13.5,7379
device_uplink,1788875075000000000,70b3d57ed00778cc,-19,13.5,7380
device_uplink,1788875091000000000,70b3d57ed00778cc,-19,13.5,7381
device_uplink,1788875107000000000,70b3d57ed00778cc,-20,13.2,7382
device_uplink,1788875123000000000,70b3d57ed00778cc,-21,14,7383
device_uplink,1788875139000000000,70b3d57ed00778cc,-20,11.2,7384
device_uplink,1788875155000000000,70b3d57ed00778cc,-21,13.5,7385
device_uplink,1788875173000000000,70b3d57ed00778cc,-22,13.5,7386
device_uplink,1788875189000000000,70b3d57ed00778cc,-21,13.5,7387
device_uplink,1788875198000000000,70b3d57ed0077801,-39,12.2,62
device_uplink,1788875205000000000,70b3d57ed00778cc,-20,13.2,7388
device_uplink,1788875221000000000,70b3d57ed00778cc,-21,14,7389
device_uplink,1788875237000000000,70b3d57ed00778cc,-25,14,7390
device_uplink,1788875253000000000,70b3d57ed00778cc,-28,9,7391
device_uplink,1788875269000000000,70b3d57ed00778cc,-25,13.8,7392
device_uplink,1788875285000000000,70b3d57ed00778cc,-24,13.5,7393
device_uplink,1788875303000000000,70b3d57ed00778cc,-25,11.5,7394
device_uplink,1788875319000000000,70b3d57ed00778cc,-26,13.2,7395
device_uplink,1788875335000000000,70b3d57ed00778cc,-24,13,7396
device_uplink,1788875351000000000,70b3d57ed00778cc,-24,13.8,7397
device_uplink,1788875367000000000,70b3d57ed00778cc,-20,13.5,7398
device_uplink,1788875383000000000,70b3d57ed00778cc,-19,13.5,7399
device_uplink,1788875401000000000,70b3d57ed00778cc,-20,13.5,7400
device_uplink,1788875417000000000,70b3d57ed00778cc,-20,13.5,7401
device_uplink,1788875433000000000,70b3d57ed00778cc,-21,12.8,7402
device_uplink,1788875449000000000,70b3d57ed00778cc,-21,13.5,7403
device_uplink,1788875465000000000,70b3d57ed00778cc,-21,13.8,7404
device_uplink,1788875481000000000,70b3d57ed00778cc,-21,14,7405
device_uplink,1788875497000000000,70b3d57ed00778cc,-21,14.2,7406
device_uplink,1788875513000000000,70b3d57ed00778cc,-21,13.5,7407
device_uplink,1788875531000000000,70b3d57ed00778cc,-22,11.2,7408
device_uplink,1788875547000000000,70b3d57ed00778cc,-21,13.8,7409
device_uplink,1788875563000000000,70b3d57ed00778cc,-20,13.5,7410
device_uplink,1788875579000000000,70b3d57ed00778cc,-20,13.5,7411
device_uplink,1788875595000000000,70b3d57ed00778cc,-21,9.2,7412
device_uplink,1788875611000000000,70b3d57ed00778cc,-22,13.5,7413
device_uplink,1788875627000000000,70b3d57ed00778cc,-22,13.5,7414
device_uplink,1788875643000000000,70b3d57ed00778cc,-21,13,7415
device_uplink,1788875661000000000,70b3d57ed00778cc,-21,14,7416
device_uplink,1788875677000000000,70b3d57ed00778cc,-20,13.8,7417
device_uplink,1788875693000000000,70b3d57ed00778cc,-21,13.8,7418
device_uplink,1788875709000000000,70b3d57ed00778cc,-21,11,7419
device_uplink,1788875725000000000,70b3d57ed00778cc,-26,13.2,7420
device_uplink,1788875741000000000,70b3d57ed00778cc,-24,13,7421
device_uplink,1788875757000000000,70b3d57ed00778cc,-26,13.5,7422
device_uplink,1788875773000000000,70b3d57ed00778cc,-23,13.8,7423
device_uplink,1788875791000000000,70b3d57ed00778cc,-28,12.8,7424
device_uplink,1788875807000000000,70b3d57ed00778cc,-26,13.8,7425
device_uplink,1788875823000000000,70b3d57ed00778cc,-20,13.5,7426
device_uplink,1788875839000000000,70b3d57ed00778cc,-19,13.8,7427
device_uplink,1788875855000000000,70b3d57ed00778cc,-19,13.8,7428
device_uplink,1788875871000000000,70b3d57ed00778cc,-18,13.5,7429
device_uplink,1788875887000000000,70b3d57ed00778cc,-19,11.8,7430
device_uplink,1788875903000000000,70b3d57ed00778cc,-21,14.2,7431
device_uplink,1788875921000000000,70b3d57ed00778cc,-20,13.5,7432
device_uplink,1788875937000000000,70b3d57ed00778cc,-21,14,7433
device_uplink,1788875953000000000,70b3d57ed00778cc,-20,13.8,7434
device_uplink,1788875969000000000,70b3d57ed00778cc,-19,13.8,7435
device_uplink,1788875985000000000,70b3d57ed00778cc,-19,13.5,7436
device_uplink,1788876001000000000,70b3d57ed00778cc,-20,14,7437
device_uplink,1788876017000000000,70b3d57ed00778cc,-21,14.2,7438
device_uplink,1788876033000000000,70b3d57ed00778cc,-20,11.8,7439
device_uplink,1788876051000000000,70b3d57ed00778cc,-20,13.8,7440
device_uplink,1788876067000000000,70b3d57ed00778cc,-21,13.5,7441
device_uplink,1788876083000000000,70b3d57ed00778cc,-21,14,7442
device_uplink,1788876099000000000,70b3d57ed00778cc,-20,13.5,7443
device_uplink,1788876107000000000,70b3d57ed0077801,-36,12,63
device_uplink,1788876115000000000,70b3d57ed00778cc,-20,11,7444
device_uplink,1788876131000000000,70b3d57ed00778cc,-20,13.5,7445
device_uplink,1788876147000000000,70b3d57ed00778cc,-22,14,7446
device_uplink,1788876163000000000,70b3d57ed00778cc,-23,13.5,7447
device_uplink,1788876181000000000,70b3d57ed00778cc,-21,13.8,7448
device_uplink,1788876197000000000,70b3d57ed00778cc,-20,13.5,7449
device_uplink,1788876213000000000,70b3d57ed00778cc,-21,13.2,7450
device_uplink,1788876229000000000,70b3d57ed00778cc,-22,14,7451
device_uplink,1788876245000000000,70b3d57ed00778cc,-21,13.5,7452
device_uplink,1788876263000000000,70b3d57ed00778cc,-21,14.2,7453
device_uplink,1788876279000000000,70b3d57ed00778cc,-23,13.5,7454
device_uplink,1788876295000000000,70b3d57ed00778cc,-22,11,7455
device_uplink,1788876311000000000,70b3d57ed00778cc,-20,13.5,7456
device_uplink,1788876327000000000,70b3d57ed00778cc,-20,13.8,7457
device_uplink,1788876343000000000,70b3d57ed00778cc,-23,13.8,7458
device_uplink,1788876359000000000,70b3d57ed00778cc,-20,13.2,7459
device_uplink,1788876375000000000,70b3d57ed00778cc,-20,13.8,7460
device_uplink,1788876393000000000,70b3d57ed00778cc,-21,13.5,7461
device_uplink,1788876409000000000,70b3d57ed00778cc,-22,13.8,7462
device_uplink,1788876425000000000,70b3d57ed00778cc,-22,13.8,7463
device_uplink,1788876441000000000,70b3d57ed00778cc,-20,11.5,7464
device_uplink,1788876457000000000,70b3d57ed00778cc,-20,13.5,7465
device_uplink,1788876473000000000,70b3d57ed00778cc,-25,14,7466
device_uplink,1788876489000000000,70b3d57ed00778cc,-21,13.5,7467
device_uplink,1788876505000000000,70b3d57ed00778cc,-21,13.5,7468
device_uplink,1788876521000000000,70b3d57ed00778cc,-23,14.2,7469
device_uplink,1788876539000000000,70b3d57ed00778cc,-25,10.8,7470
device_uplink,1788876555000000000,70b3d57ed00778cc,-28,13.5,7471
device_uplink,1788876571000000000,70b3d57ed00778cc,-25,14,7472
device_uplink,1788876587000000000,70b3d57ed00778cc,-24,13.5,7473
device_uplink,1788876603000000000,70b3d57ed00778cc,-26,14,7474
device_uplink,1788876619000000000,70b3d57ed00778cc,-25,11.2,7475
device_uplink,1788876635000000000,70b3d57ed00778cc,-27,13.8,7476
device_uplink,1788876651000000000,70b3d57ed00778cc,-25,13.8,7477
device_uplink,1788876669000000000,70b3d57ed00778cc,-24,13.5,7478
device_uplink,1788876685000000000,70b3d57ed00778cc,-25,13.2,7479
device_uplink,1788876701000000000,70b3d57ed00778cc,-25,13.2,7480
device_uplink,1788876717000000000,70b3d57ed00778cc,-24,13.5,7481
device_uplink,1788876733000000000,70b3d57ed00778cc,-23,13.5,7482
device_uplink,1788876749000000000,70b3d57ed00778cc,-22,14.2,7483
device_uplink,1788876765000000000,70b3d57ed00778cc,-20,13.2,7484
device_uplink,1788876781000000000,70b3d57ed00778cc,-21,13.5,7485
device_uplink,1788876799000000000,70b3d57ed00778cc,-20,13.2,7486
device_uplink,1788876815000000000,70b3d57ed00778cc,-21,13.8,7487
device_uplink,1788876831000000000,70b3d57ed00778cc,-21,10,7488
device_uplink,1788876847000000000,70b3d57ed00778cc,-20,13.8,7489
device_uplink,1788876863000000000,70b3d57ed00778cc,-21,13.8,7490
device_uplink,1788876879000000000,70b3d57ed00778cc,-20,13.5,7491
device_uplink,1788876895000000000,70b3d57ed00778cc,-22,13.8,7492
device_uplink,1788876911000000000,70b3d57ed00778cc,-21,13.2,7493
device_uplink,1788876929000000000,70b3d57ed00778cc,-24,10,7494
device_uplink,1788876945000000000,70b3d57ed00778cc,-24,14,7495
device_uplink,1788876961000000000,70b3d57ed00778cc,-23,13.2,7496
device_uplink,1788876977000000000,70b3d57ed00778cc,-23,13.8,7497
device_uplink,1788876993000000000,70b3d57ed00778cc,-20,13.5,7498
device_uplink,1788877009000000000,70b3d57ed00778cc,-22,9,7499
device_uplink,1788877015000000000,70b3d57ed0077801,-29,10.2,64
device_uplink,1788877027000000000,70b3d57ed00778cc,-20,14,7500
device_uplink,1788877043000000000,70b3d57ed00778cc,-22,14.2,7501
device_uplink,1788877059000000000,70b3d57ed00778cc,-20,13.5,7502
device_uplink,1788877075000000000,70b3d57ed00778cc,-21,13.8,7503
device_uplink,1788877091000000000,70b3d57ed00778cc,-22,14,7504
device_uplink,1788877107000000000,70b3d57ed00778cc,-23,13.8,7505
device_uplink,1788877123000000000,70b3d57ed00778cc,-25,13.5,7506
device_uplink,1788877139000000000,70b3d57ed00778cc,-24,14,7507
device_uplink,1788877155000000000,70b3d57ed00778cc,-24,13,7508
device_uplink,1788877173000000000,70b3d57ed00778cc,-24,13.8,7509
device_uplink,1788877189000000000,70b3d57ed00778cc,-24,13,7510
device_uplink,1788877205000000000,70b3d57ed00778cc,-27,10,7511
device_uplink,1788877221000000000,70b3d57ed00778cc,-21,13.8,7512
device_uplink,1788877237000000000,70b3d57ed00778cc,-22,13.8,7513
device_uplink,1788877253000000000,70b3d57ed00778cc,-19,13,7514
device_uplink,1788877269000000000,70b3d57ed00778cc,-21,14,7515
device_uplink,1788877287000000000,70b3d57ed00778cc,-21,14,7516
device_uplink,1788877303000000000,70b3d57ed00778cc,-21,14,7517
device_uplink,1788877319000000000,70b3d57ed00778cc,-20,13.5,7518
device_uplink,1788877335000000000,70b3d57ed00778cc,-21,14,7519
device_uplink,1788877351000000000,70b3d57ed00778cc,-20,11.5,7520
device_uplink,1788877367000000000,70b3d57ed00778cc,-21,14.5,7521
device_uplink,1788877383000000000,70b3d57ed00778cc,-21,13.8,7522
device_uplink,1788877399000000000,70b3d57ed00778cc,-19,13.2,7523
device_uplink,1788877417000000000,70b3d57ed00778cc,-20,13.5,7524
device_uplink,1788877433000000000,70b3d57ed00778cc,-21,13.5,7525
device_uplink,1788877449000000000,70b3d57ed00778cc,-23,10,7526
device_uplink,1788877465000000000,70b3d57ed00778cc,-22,14.2,7527
device_uplink,1788877481000000000,70b3d57ed00778cc,-21,13.8,7528
device_uplink,1788877497000000000,70b3d57ed00778cc,-21,13.2,7529
device_uplink,1788877513000000000,70b3d57ed00778cc,-22,14,7530
device_uplink,1788877529000000000,70b3d57ed00778cc,-21,11,7531
device_uplink,1788877547000000000,70b3d57ed00778cc,-20,13.5,7532
device_uplink,1788877563000000000,70b3d57ed00778cc,-22,13.8,7533
device_uplink,1788877579000000000,70b3d57ed00778cc,-20,13.8,7534
device_uplink,1788877595000000000,70b3d57ed00778cc,-20,13.5,7535
device_uplink,1788877611000000000,70b3d57ed00778cc,-20,14,7536
device_uplink,1788877627000000000,70b3d57ed00778cc,-19,13.5,7537
device_uplink,1788877643000000000,70b3d57ed00778cc,-19,13.2,7538
device_uplink,1788877659000000000,70b3d57ed00778cc,-19,13.8,7539
device_uplink,1788877677000000000,70b3d57ed00778cc,-20,11.2,7540
device_uplink,1788877693000000000,70b3d57ed00778cc,-18,13.8,7541
device_uplink,1788877709000000000,70b3d57ed00778cc,-18,14,7542
device_uplink,1788877725000000000,70b3d57ed00778cc,-18,13.8,7543
device_uplink,1788877741000000000,70b3d57ed00778cc,-19,13.8,7544
device_uplink,1788877757000000000,70b3d57ed00778cc,-19,13.8,7545
device_uplink,1788877773000000000,70b3d57ed00778cc,-22,13.8,7546
device_uplink,1788877789000000000,70b3d57ed00778cc,-21,13.8,7547
device_uplink,1788877807000000000,70b3d57ed00778cc,-19,13.5,7548
device_uplink,1788877823000000000,70b3d57ed00778cc,-18,13.5,7549
device_uplink,1788877839000000000,70b3d57ed00778cc,-20,13.5,7550
device_uplink,1788877855000000000,70b3d57ed00778cc,-20,13.5,7551
device_uplink,1788877871000000000,70b3d57ed00778cc,-21,10.5,7552
device_uplink,1788877887000000000,70b3d57ed00778cc,-20,13.5,7553
device_uplink,1788877903000000000,70b3d57ed00778cc,-19,13.2,7554
device_uplink,1788877919000000000,70b3d57ed00778cc,-20,13.5,7555
device_uplink,1788877924000000000,70b3d57ed0077801,-33,12.8,65
device_uplink,1788877937000000000,70b3d57ed00778cc,-20,13.5,7556
device_uplink,1788877953000000000,70b3d57ed00778cc,-22,13.8,7557
device_uplink,1788877969000000000,70b3d57ed00778cc,-21,13.5,7558
device_uplink,1788877985000000000,70b3d57ed00778cc,-19,11.8,7559
device_uplink,1788878001000000000,70b3d57ed00778cc,-21,14,7560
device_uplink,1788878017000000000,70b3d57ed00778cc,-19,13.2,7561
device_uplink,1788878033000000000,70b3d57ed00778cc,-19,14,7562
device_uplink,1788878049000000000,70b3d57ed00778cc,-19,13.2,7563
device_uplink,1788878067000000000,70b3d57ed00778cc,-21,14,7564
device_uplink,1788878083000000000,70b3d57ed00778cc,-21,14,7565
device_uplink,1788878099000000000,70b3d57ed00778cc,-24,9.8,7566
device_uplink,1788878115000000000,70b3d57ed00778cc,-20,13.8,7567
device_uplink,1788878131000000000,70b3d57ed00778cc,-20,13.8,7568
device_uplink,1788878147000000000,70b3d57ed00778cc,-19,13.8,7569
device_uplink,1788878163000000000,70b3d57ed00778cc,-19,13.2,7570
device_uplink,1788878179000000000,70b3d57ed00778cc,-20,13.5,7571
device_uplink,1788878197000000000,70b3d57ed00778cc,-20,13.8,7572
device_uplink,1788878213000000000,70b3d57ed00778cc,-20,13.2,7573
device_uplink,1788878229000000000,70b3d57ed00778cc,-20,13.5,7574
device_uplink,1788878245000000000,70b3d57ed00778cc,-21,13.5,7575
device_uplink,1788878261000000000,70b3d57ed00778cc,-20,11.2,7576
device_uplink,1788878277000000000,70b3d57ed00778cc,-21,13.5,7577
device_uplink,1788878293000000000,70b3d57ed00778cc,-20,13.8,7578
device_uplink,1788878309000000000,70b3d57ed00778cc,-19,13.8,7579
device_uplink,1788878327000000000,70b3d57ed00778cc,-19,11.5,7580
device_uplink,1788878343000000000,70b3d57ed00778cc,-20,13.5,7581
device_uplink,1788878359000000000,70b3d57ed00778cc,-21,13,7582
device_uplink,1788878375000000000,70b3d57ed00778cc,-20,13.8,7583
device_uplink,1788878391000000000,70b3d57ed00778cc,-19,13.8,7584
device_uplink,1788878407000000000,70b3d57ed00778cc,-19,13.8,7585
device_uplink,1788878423000000000,70b3d57ed00778cc,-19,13.8,7586
device_uplink,1788878439000000000,70b3d57ed00778cc,-21,14.5,7587
device_uplink,1788878457000000000,70b3d57ed00778cc,-19,13.5,7588
device_uplink,1788878473000000000,70b3d57ed00778cc,-22,14,7589
device_uplink,1788878489000000000,70b3d57ed00778cc,-20,11.5,7590
device_uplink,1788878505000000000,70b3d57ed00778cc,-20,13.8,7591
device_uplink,1788878521000000000,70b3d57ed00778cc,-19,13.8,7592
device_uplink,1788878537000000000,70b3d57ed00778cc,-19,14,7593
device_uplink,1788878553000000000,70b3d57ed00778cc,-19,13.8,7594
device_uplink,1788878569000000000,70b3d57ed00778cc,-20,13.8,7595
device_uplink,1788878587000000000,70b3d57ed00778cc,-20,13.5,7596
device_uplink,1788878603000000000,70b3d57ed00778cc,-22,14.2,7597
device_uplink,1788878619000000000,70b3d57ed00778cc,-19,11,7598
device_uplink,1788878635000000000,70b3d57ed00778cc,-19,13.5,7599
device_uplink,1788878651000000000,70b3d57ed00778cc,-18,13.8,7600
device_uplink,1788878667000000000,70b3d57ed00778cc,-19,13.8,7601
device_uplink,1788878683000000000,70b3d57ed00778cc,-20,13.5,7602
device_uplink,1788878701000000000,70b3d57ed00778cc,-20,13,7603
device_uplink,1788878717000000000,70b3d57ed00778cc,-20,13.8,7604
device_uplink,1788878733000000000,70b3d57ed00778cc,-20,13.5,7605
device_uplink,1788878749000000000,70b3d57ed00778cc,-19,13.5,7606
device_uplink,1788878765000000000,70b3d57ed00778cc,-19,11.5,7607
device_uplink,1788878781000000000,70b3d57ed00778cc,-21,13.5,7608
device_uplink,1788878797000000000,70b3d57ed00778cc,-21,14,7609
device_uplink,1788878813000000000,70b3d57ed00778cc,-20,13.5,7610
device_uplink,1788878831000000000,70b3d57ed00778cc,-19,13.5,7611
device_uplink,1788878832000000000,70b3d57ed0077801,-32,13.5,66
device_uplink,1788878847000000000,70b3d57ed00778cc,-20,13.5,7612
device_uplink,1788878863000000000,70b3d57ed00778cc,-20,13.5,7613
device_uplink,1788878879000000000,70b3d57ed00778cc,-19,14,7614
device_uplink,1788878895000000000,70b3d57ed00778cc,-21,14,7615
device_uplink,1788878911000000000,70b3d57ed00778cc,-19,11.8,7616
device_uplink,1788878927000000000,70b3d57ed00778cc,-33,13.2,7617
device_uplink,1788878943000000000,70b3d57ed00778cc,-32,11.2,7618
device_uplink,1788878959000000000,70b3d57ed00778cc,-32,13.2,7619
device_uplink,1788878977000000000,70b3d57ed00778cc,-32,12.5,7620
device_uplink,1788878993000000000,70b3d57ed00778cc,-30,12,7621
device_uplink,1788879009000000000,70b3d57ed00778cc,-30,13,7622
device_uplink,1788879025000000000,70b3d57ed00778cc,-31,12.2,7623
device_uplink,1788879041000000000,70b3d57ed00778cc,-32,13.2,7624
device_uplink,1788879057000000000,70b3d57ed00778cc,-31,13.5,7625
device_uplink,1788879073000000000,70b3d57ed00778cc,-27,13.5,7626
device_uplink,1788879089000000000,70b3d57ed00778cc,-28,13.8,7627
device_uplink,1788879107000000000,70b3d57ed00778cc,-34,12.2,7628
device_uplink,1788879123000000000,70b3d57ed00778cc,-26,13.2,7629
device_uplink,1788879139000000000,70b3d57ed00778cc,-21,13.5,7630
device_uplink,1788879155000000000,70b3d57ed00778cc,-21,11.8,7631
device_uplink,1788879171000000000,70b3d57ed00778cc,-21,14.2,7632
device_uplink,1788879187000000000,70b3d57ed00778cc,-23,13.5,7633
device_uplink,1788879203000000000,70b3d57ed00778cc,-22,14.2,7634
device_uplink,1788879219000000000,70b3d57ed00778cc,-20,11.5,7635
device_uplink,1788879237000000000,70b3d57ed00778cc,-21,14,7636
device_uplink,1788879253000000000,70b3d57ed00778cc,-21,13.5,7637
device_uplink,1788879269000000000,70b3d57ed00778cc,-21,13.8,7638
device_uplink,1788879285000000000,70b3d57ed00778cc,-22,13.8,7639
device_uplink,1788879301000000000,70b3d57ed00778cc,-22,13.8,7640
device_uplink,1788879317000000000,70b3d57ed00778cc,-27,13.8,7641
device_uplink,1788879333000000000,70b3d57ed00778cc,-22,14.2,7642
device_uplink,1788879349000000000,70b3d57ed00778cc,-22,9,7643
device_uplink,1788879367000000000,70b3d57ed00778cc,-22,13.8,7644
device_uplink,1788879383000000000,70b3d57ed00778cc,-19,13.8,7645
device_uplink,1788879399000000000,70b3d57ed00778cc,-21,13.8,7646
device_uplink,1788879415000000000,70b3d57ed00778cc,-22,13.8,7647
device_uplink,1788879431000000000,70b3d57ed00778cc,-21,13.8,7648
device_uplink,1788879449000000000,70b3d57ed00778cc,-22,13.8,7649
device_uplink,1788879465000000000,70b3d57ed00778cc,-21,14,7650
device_uplink,1788879481000000000,70b3d57ed00778cc,-24,13.2,7651
device_uplink,1788879497000000000,70b3d57ed00778cc,-22,13.5,7652
device_uplink,1788879513000000000,70b3d57ed00778cc,-22,13.5,7653
device_uplink,1788879529000000000,70b3d57ed00778cc,-21,9.5,7654
device_uplink,1788879545000000000,70b3d57ed00778cc,-22,13.8,7655
device_uplink,1788879561000000000,70b3d57ed00778cc,-23,13.2,7656
device_uplink,1788879579000000000,70b3d57ed00778cc,-22,13.8,7657
device_uplink,1788879595000000000,70b3d57ed00778cc,-22,8.8,7658
device_uplink,1788879611000000000,70b3d57ed00778cc,-22,13.2,7659
device_uplink,1788879627000000000,70b3d57ed00778cc,-24,13,7660
device_uplink,1788879643000000000,70b3d57ed00778cc,-22,13.5,7661
device_uplink,1788879659000000000,70b3d57ed00778cc,-21,13.8,7662
device_uplink,1788879675000000000,70b3d57ed00778cc,-21,14.5,7663
device_uplink,1788879691000000000,70b3d57ed00778cc,-22,13.5,7664
device_uplink,1788879709000000000,70b3d57ed00778cc,-22,13.8,7665
device_uplink,1788879725000000000,70b3d57ed00778cc,-22,13,7666
device_uplink,1788879740000000000,70b3d57ed0077801,-37,9,67
device_uplink,1788879741000000000,70b3d57ed00778cc,-22,13.5,7667
device_uplink,1788879757000000000,70b3d57ed00778cc,-24,12.8,7668
device_uplink,1788879773000000000,70b3d57ed00778cc,-24,14,7669
device_uplink,1788879789000000000,70b3d57ed00778cc,-20,13.5,7670
device_uplink,1788879805000000000,70b3d57ed00778cc,-22,13.2,7671
device_uplink,1788879821000000000,70b3d57ed00778cc,-21,7.8,7672
device_uplink,1788879839000000000,70b3d57ed00778cc,-20,13,7673
device_uplink,1788879855000000000,70b3d57ed00778cc,-21,14.2,7674
device_uplink,1788879871000000000,70b3d57ed00778cc,-21,9.2,7675
device_uplink,1788879887000000000,70b3d57ed00778cc,-21,14.2,7676
device_uplink,1788879903000000000,70b3d57ed00778cc,-22,14.2,7677
device_uplink,1788879919000000000,70b3d57ed00778cc,-21,14,7678
device_uplink,1788879935000000000,70b3d57ed00778cc,-22,13.5,7679
device_uplink,1788879951000000000,70b3d57ed00778cc,-22,13.5,7680
device_uplink,1788879969000000000,70b3d57ed00778cc,-21,14.2,7681
device_uplink,1788879985000000000,70b3d57ed00778cc,-21,13.5,7682
device_uplink,1788880001000000000,70b3d57ed00778cc,-22,13.8,7683
device_uplink,1788880017000000000,70b3d57ed00778cc,-20,13.8,7684
device_uplink,1788880033000000000,70b3d57ed00778cc,-21,13.8,7685
device_uplink,1788880049000000000,70b3d57ed00778cc,-22,9.5,7686
device_uplink,1788880065000000000,70b3d57ed00778cc,-25,13.2,7687
device_uplink,1788880081000000000,70b3d57ed00778cc,-21,14.5,7688
device_uplink,1788880097000000000,70b3d57ed00778cc,-21,14.2,7689
device_uplink,1788880115000000000,70b3d57ed00778cc,-21,14.2,7690
device_uplink,1788880131000000000,70b3d57ed00778cc,-22,9.8,7691
device_uplink,1788880147000000000,70b3d57ed00778cc,-20,13.2,7692
device_uplink,1788880163000000000,70b3d57ed00778cc,-21,14,7693
device_uplink,1788880179000000000,70b3d57ed00778cc,-20,13,7694
device_uplink,1788880195000000000,70b3d57ed00778cc,-21,14.2,7695
device_uplink,1788880211000000000,70b3d57ed00778cc,-22,13.8,7696
device_uplink,1788880227000000000,70b3d57ed00778cc,-21,14,7697
device_uplink,1788880245000000000,70b3d57ed00778cc,-21,14,7698
device_uplink,1788880261000000000,70b3d57ed00778cc,-24,12.8,7699
device_uplink,1788880277000000000,70b3d57ed00778cc,-21,11.2,7700
device_uplink,1788880293000000000,70b3d57ed00778cc,-21,14.5,7701
device_uplink,1788880309000000000,70b3d57ed00778cc,-21,13.5,7702
device_uplink,1788880325000000000,70b3d57ed00778cc,-22,13.2,7703
device_uplink,1788880343000000000,70b3d57ed00778cc,-22,13.8,7704
device_uplink,1788880359000000000,70b3d57ed00778cc,-22,13.8,7705
device_uplink,1788880375000000000,70b3d57ed00778cc,-22,13.8,7706
device_uplink,1788880391000000000,70b3d57ed00778cc,-21,13.5,7707
device_uplink,1788880407000000000,70b3d57ed00778cc,-21,11.8,7708
device_uplink,1788880423000000000,70b3d57ed00778cc,-22,13.5,7709
device_uplink,1788880441000000000,70b3d57ed00778cc,-21,13.5,7710
device_uplink,1788880457000000000,70b3d57ed00778cc,-21,13.8,7711
device_uplink,1788880473000000000,70b3d57ed00778cc,-21,13.8,7712
device_uplink,1788880489000000000,70b3d57ed00778cc,-23,13,7713
device_uplink,1788880505000000000,70b3d57ed00778cc,-23,13.2,7714
device_uplink,1788880521000000000,70b3d57ed00778cc,-22,9,7715
device_uplink,1788880537000000000,70b3d57ed00778cc,-23,13.8,7716
device_uplink,1788880555000000000,70b3d57ed00778cc,-22,14,7717
device_uplink,1788880571000000000,70b3d57ed00778cc,-21,13.8,7718
device_uplink,1788880587000000000,70b3d57ed00778cc,-22,14.2,7719
device_uplink,1788880603000000000,70b3d57ed00778cc,-23,13.8,7720
device_uplink,1788880619000000000,70b3d57ed00778cc,-22,13.2,7721
device_uplink,1788880635000000000,70b3d57ed00778cc,-20,11.2,7722
device_uplink,1788880649000000000,70b3d57ed0077801,-29,12.5,68
device_uplink,1788880651000000000,70b3d57ed00778cc,-24,13,7723
device_uplink,1788880667000000000,70b3d57ed00778cc,-20,13.5,7724
device_uplink,1788880683000000000,70b3d57ed00778cc,-22,13.2,7725
device_uplink,1788880701000000000,70b3d57ed00778cc,-21,13,7726
device_uplink,1788880717000000000,70b3d57ed00778cc,-22,14.5,7727
device_uplink,1788880733000000000,70b3d57ed00778cc,-21,13.8,7728
device_uplink,1788880749000000000,70b3d57ed00778cc,-21,13.5,7729
device_uplink,1788880765000000000,70b3d57ed00778cc,-21,14.2,7730
device_uplink,1788880781000000000,70b3d57ed00778cc,-22,13.8,7731
device_uplink,1788880799000000000,70b3d57ed00778cc,-23,13.5,7732
device_uplink,1788880815000000000,70b3d57ed00778cc,-26,13,7733
device_uplink,1788880831000000000,70b3d57ed00778cc,-21,9.5,7734
device_uplink,1788880847000000000,70b3d57ed00778cc,-21,13.8,7735
device_uplink,1788880863000000000,70b3d57ed00778cc,-21,14.2,7736
device_uplink,1788880879000000000,70b3d57ed00778cc,-21,14.2,7737
device_uplink,1788880897000000000,70b3d57ed00778cc,-21,13.8,7738
device_uplink,1788880913000000000,70b3d57ed00778cc,-23,13.5,7739
device_uplink,1788880929000000000,70b3d57ed00778cc,-19,13.5,7740
device_uplink,1788880945000000000,70b3d57ed00778cc,-23,13.8,7741
device_uplink,1788880961000000000,70b3d57ed00778cc,-24,10,7742
device_uplink,1788880977000000000,70b3d57ed00778cc,-21,13.5,7743
device_uplink,1788880993000000000,70b3d57ed00778cc,-22,14.2,7744
device_uplink,1788881011000000000,70b3d57ed00778cc,-21,13.5,7745
device_uplink,1788881027000000000,70b3d57ed00778cc,-20,13,7746
device_uplink,1788881043000000000,70b3d57ed00778cc,-22,9.8,7747
device_uplink,1788881059000000000,70b3d57ed00778cc,-23,13.2,7748
device_uplink,1788881075000000000,70b3d57ed00778cc,-22,14,7749
device_uplink,1788881091000000000,70b3d57ed00778cc,-22,13.2,7750
device_uplink,1788881107000000000,70b3d57ed00778cc,-23,13.5,7751
device_uplink,1788881125000000000,70b3d57ed00778cc,-20,13.5,7752
device_uplink,1788881141000000000,70b3d57ed00778cc,-24,13.8,7753
device_uplink,1788881157000000000,70b3d57ed00778cc,-22,14,7754
device_uplink,1788881173000000000,70b3d57ed00778cc,-21,14.2,7755
device_uplink,1788881189000000000,70b3d57ed00778cc,-20,12.8,7756
device_uplink,1788881205000000000,70b3d57ed00778cc,-20,13.2,7757
device_uplink,1788881221000000000,70b3d57ed00778cc,-22,13.2,7758
device_uplink,1788881239000000000,70b3d57ed00778cc,-22,13.5,7759
device_uplink,1788881255000000000,70b3d57ed00778cc,-23,10.5,7760
device_uplink,1788881271000000000,70b3d57ed00778cc,-24,14.5,7761
device_uplink,1788881287000000000,70b3d57ed00778cc,-21,14,7762
device_uplink,1788881303000000000,70b3d57ed00778cc,-21,13.8,7763
device_uplink,1788881319000000000,70b3d57ed00778cc,-21,13.8,7764
device_uplink,1788881335000000000,70b3d57ed00778cc,-24,13.5,7765
device_uplink,1788881351000000000,70b3d57ed00778cc,-23,13.2,7766
device_uplink,1788881369000000000,70b3d57ed00778cc,-24,9.8,7767
device_uplink,1788881385000000000,70b3d57ed00778cc,-23,13.8,7768
device_uplink,1788881401000000000,70b3d57ed00778cc,-22,13.8,7769
device_uplink,1788881417000000000,70b3d57ed00778cc,-22,13.8,7770
device_uplink,1788881433000000000,70b3d57ed00778cc,-22,13.8,7771
device_uplink,1788881449000000000,70b3d57ed00778cc,-20,13,7772
device_uplink,1788881465000000000,70b3d57ed00778cc,-20,11.2,7773
device_uplink,1788881481000000000,70b3d57ed00778cc,-21,13.5,7774
device_uplink,1788881499000000000,70b3d57ed00778cc,-21,13.5,7775
device_uplink,1788881515000000000,70b3d57ed00778cc,-20,13.5,7776
device_uplink,1788881531000000000,70b3d57ed00778cc,-20,13.2,7777
device_uplink,1788881547000000000,70b3d57ed00778cc,-21,13.8,7778
device_uplink,1788881557000000000,70b3d57ed0077801,-30,11.8,69
device_uplink,1788881563000000000,70b3d57ed00778cc,-21,13,7779
device_uplink,1788881579000000000,70b3d57ed00778cc,-21,13.5,7780
device_uplink,1788881595000000000,70b3d57ed00778cc,-21,14.2,7781
device_uplink,1788881611000000000,70b3d57ed00778cc,-22,14.2,7782
device_uplink,1788881629000000000,70b3d57ed00778cc,-23,10,7783
device_uplink,1788881645000000000,70b3d57ed00778cc,-22,13.8,7784
device_uplink,1788881661000000000,70b3d57ed00778cc,-23,13.8,7785
device_uplink,1788881677000000000,70b3d57ed00778cc,-21,13.8,7786
device_uplink,1788881693000000000,70b3d57ed00778cc,-21,14,7787
device_uplink,1788881709000000000,70b3d57ed00778cc,-21,11.5,7788
device_uplink,1788881725000000000,70b3d57ed00778cc,-20,13.2,7789
device_uplink,1788881741000000000,70b3d57ed00778cc,-20,13.5,7790
device_uplink,1788881759000000000,70b3d57ed00778cc,-23,13.5,7791
device_uplink,1788881775000000000,70b3d57ed00778cc,-21,14,7792
device_uplink,1788881791000000000,70b3d57ed00778cc,-21,13.8,7793
device_uplink,1788881807000000000,70b3d57ed00778cc,-22,10.8,7794
device_uplink,1788881823000000000,70b3d57ed00778cc,-23,13,7795
device_uplink,1788881839000000000,70b3d57ed00778cc,-23,13.8,7796
device_uplink,1788881855000000000,70b3d57ed00778cc,-21,14.5,7797
device_uplink,1788881871000000000,70b3d57ed00778cc,-21,13.8,7798
device_uplink,1788881887000000000,70b3d57ed00778cc,-22,13.8,7799
device_uplink,1788881905000000000,70b3d57ed00778cc,-21,13.8,7800
device_uplink,1788881921000000000,70b3d57ed00778cc,-21,14,7801
device_uplink,1788881937000000000,70b3d57ed00778cc,-23,13.5,7802
device_uplink,1788881953000000000,70b3d57ed00778cc,-21,13.8,7803
device_uplink,1788881969000000000,70b3d57ed00778cc,-22,13.8,7804
device_uplink,1788881985000000000,70b3d57ed00778cc,-24,13,7805
device_uplink,1788882001000000000,70b3d57ed00778cc,-21,14.2,7806
device_uplink,1788882017000000000,70b3d57ed00778cc,-22,9,7807
device_uplink,1788882035000000000,70b3d57ed00778cc,-21,13.2,7808
device_uplink,1788882051000000000,70b3d57ed00778cc,-21,13,7809
device_uplink,1788882067000000000,70b3d57ed00778cc,-21,13.8,7810
device_uplink,1788882083000000000,70b3d57ed00778cc,-20,13.5,7811
device_uplink,1788882099000000000,70b3d57ed00778cc,-21,10.2,7812
device_uplink,1788882115000000000,70b3d57ed00778cc,-22,12,7813
device_uplink,1788882131000000000,70b3d57ed00778cc,-22,14,7814
device_uplink,1788882147000000000,70b3d57ed00778cc,-21,14,7815
device_uplink,1788882165000000000,70b3d57ed00778cc,-23,13.2,7816
device_uplink,1788882181000000000,70b3d57ed00778cc,-23,13,7817
device_uplink,1788882197000000000,70b3d57ed00778cc,-24,14,7818
device_uplink,1788882213000000000,70b3d57ed00778cc,-22,11,7819
device_uplink,1788882229000000000,70b3d57ed00778cc,-21,13.8,7820
device_uplink,1788882245000000000,70b3d57ed00778cc,-20,13.2,7821
device_uplink,1788882261000000000,70b3d57ed00778cc,-21,14,7822
device_uplink,1788882277000000000,70b3d57ed00778cc,-22,14.2,7823
device_uplink,1788882295000000000,70b3d57ed00778cc,-21,14,7824
device_uplink,1788882311000000000,70b3d57ed00778cc,-21,14.5,7825
device_uplink,1788882327000000000,70b3d57ed00778cc,-21,13.8,7826
device_uplink,1788882343000000000,70b3d57ed00778cc,-21,13.8,7827
device_uplink,1788882359000000000,70b3d57ed00778cc,-21,13.5,7828
device_uplink,1788882375000000000,70b3d57ed00778cc,-20,13.5,7829
device_uplink,1788882391000000000,70b3d57ed00778cc,-22,10.5,7830
device_uplink,1788882407000000000,70b3d57ed00778cc,-22,14,7831
device_uplink,1788882425000000000,70b3d57ed00778cc,-20,13.2,7832
device_uplink,1788882441000000000,70b3d57ed00778cc,-20,13.5,7833
device_uplink,1788882457000000000,70b3d57ed00778cc,-23,13.5,7834
device_uplink,1788882466000000000,70b3d57ed0077801,-31,13,70
device_uplink,1788882473000000000,70b3d57ed00778cc,-22,13.5,7835
device_uplink,1788882489000000000,70b3d57ed00778cc,-20,13.2,7836
device_uplink,1788882505000000000,70b3d57ed00778cc,-21,14.2,7837
device_uplink,1788882521000000000,70b3d57ed00778cc,-24,13.2,7838
device_uplink,1788882537000000000,70b3d57ed00778cc,-21,13.8,7839
device_uplink,1788882555000000000,70b3d57ed00778cc,-21,9,7840
device_uplink,1788882571000000000,70b3d57ed00778cc,-22,13.8,7841
device_uplink,1788882587000000000,70b3d57ed00778cc,-22,13.8,7842
device_uplink,1788882603000000000,70b3d57ed00778cc,-22,13.2,7843
device_uplink,1788882619000000000,70b3d57ed00778cc,-22,14,7844
device_uplink,1788882635000000000,70b3d57ed00778cc,-22,13.5,7845
device_uplink,1788882651000000000,70b3d57ed00778cc,-23,10.2,7846
device_uplink,1788882667000000000,70b3d57ed00778cc,-22,13.8,7847
device_uplink,1788882683000000000,70b3d57ed00778cc,-22,13.8,7848
device_uplink,1788882701000000000,70b3d57ed00778cc,-24,13.8,7849
device_uplink,1788882717000000000,70b3d57ed00778cc,-22,13.5,7850
device_uplink,1788882733000000000,70b3d57ed00778cc,-23,13.5,7851
device_uplink,1788882749000000000,70b3d57ed00778cc,-20,13.2,7852
device_uplink,1788882765000000000,70b3d57ed00778cc,-22,14,7853
device_uplink,1788882781000000000,70b3d57ed00778cc,-21,14,7854
device_uplink,1788882797000000000,70b3d57ed00778cc,-21,13.5,7855
device_uplink,1788882813000000000,70b3d57ed00778cc,-22,10.8,7856
device_uplink,1788882829000000000,70b3d57ed00778cc,-22,13.8,7857
device_uplink,1788882847000000000,70b3d57ed00778cc,-21,13.8,7858
device_uplink,1788882863000000000,70b3d57ed00778cc,-21,14,7859
device_uplink,1788882879000000000,70b3d57ed00778cc,-20,13.5,7860
device_uplink,1788882895000000000,70b3d57ed00778cc,-22,13.8,7861
device_uplink,1788882911000000000,70b3d57ed00778cc,-22,9.8,7862
device_uplink,1788882927000000000,70b3d57ed00778cc,-22,13.8,7863
device_uplink,1788882945000000000,70b3d57ed00778cc,-22,14,7864
device_uplink,1788882961000000000,70b3d57ed00778cc,-22,13,7865
device_uplink,1788882977000000000,70b3d57ed00778cc,-22,10.5,7866
device_uplink,1788882993000000000,70b3d57ed00778cc,-22,13.8,7867
device_uplink,1788883009000000000,70b3d57ed00778cc,-21,13.2,7868
device_uplink,1788883025000000000,70b3d57ed00778cc,-23,13.5,7869
device_uplink,1788883041000000000,70b3d57ed00778cc,-21,13.8,7870
device_uplink,1788883057000000000,70b3d57ed00778cc,-23,13.2,7871
device_uplink,1788883075000000000,70b3d57ed00778cc,-22,13.8,7872
device_uplink,1788883091000000000,70b3d57ed00778cc,-23,13.8,7873
device_uplink,1788883107000000000,70b3d57ed00778cc,-22,10.8,7874
device_uplink,1788883123000000000,70b3d57ed00778cc,-22,13.2,7875
device_uplink,1788883139000000000,70b3d57ed00778cc,-21,14,7876
device_uplink,1788883155000000000,70b3d57ed00778cc,-22,14,7877
device_uplink,1788883171000000000,70b3d57ed00778cc,-22,13.8,7878
device_uplink,1788883187000000000,70b3d57ed00778cc,-23,13.5,7879
device_uplink,1788883205000000000,70b3d57ed00778cc,-21,13.5,7880
device_uplink,1788883221000000000,70b3d57ed00778cc,-21,14.2,7881
device_uplink,1788883237000000000,70b3d57ed00778cc,-21,14,7882
device_uplink,1788883253000000000,70b3d57ed00778cc,-21,13.5,7883
device_uplink,1788883269000000000,70b3d57ed00778cc,-21,13.5,7884
device_uplink,1788883285000000000,70b3d57ed00778cc,-21,14.5,7885
device_uplink,1788883301000000000,70b3d57ed00778cc,-23,10.5,7886
device_uplink,1788883319000000000,70b3d57ed00778cc,-23,13.8,7887
device_uplink,1788883335000000000,70b3d57ed00778cc,-23,14.5,7888
device_uplink,1788883351000000000,70b3d57ed00778cc,-25,14,7889
device_uplink,1788883367000000000,70b3d57ed00778cc,-24,13.8,7890
device_uplink,1788883374000000000,70b3d57ed0077801,-30,14,71
device_uplink,1788883383000000000,70b3d57ed00778cc,-24,13.2,7891
device_uplink,1788883399000000000,70b3d57ed00778cc,-25,14,7892
device_uplink,1788883415000000000,70b3d57ed00778cc,-25,12.2,7893
device_uplink,1788883431000000000,70b3d57ed00778cc,-24,12.8,7894
device_uplink,1788883449000000000,70b3d57ed00778cc,-21,14.2,7895
device_uplink,1788883465000000000,70b3d57ed00778cc,-22,14,7896
device_uplink,1788883481000000000,70b3d57ed00778cc,-21,14.2,7897
device_uplink,1788883497000000000,70b3d57ed00778cc,-22,13.5,7898
device_uplink,1788883513000000000,70b3d57ed00778cc,-23,13.8,7899
device_uplink,1788883531000000000,70b3d57ed00778cc,-23,13.8,7900
device_uplink,1788883547000000000,70b3d57ed00778cc,-24,13.2,7901
device_uplink,1788883563000000000,70b3d57ed00778cc,-24,13.5,7902
device_uplink,1788883579000000000,70b3d57ed00778cc,-23,13.5,7903
device_uplink,1788883595000000000,70b3d57ed00778cc,-22,10.8,7904
device_uplink,1788883611000000000,70b3d57ed00778cc,-22,13.8,7905
device_uplink,1788883627000000000,70b3d57ed00778cc,-23,13.8,7906
device_uplink,1788883643000000000,70b3d57ed00778cc,-22,13.5,7907
device_uplink,1788883661000000000,70b3d57ed00778cc,-22,9.5,7908
device_uplink,1788883677000000000,70b3d57ed00778cc,-22,13.5,7909
device_uplink,1788883693000000000,70b3d57ed00778cc,-24,13.8,7910
device_uplink,1788883709000000000,70b3d57ed00778cc,-21,13.2,7911
device_uplink,1788883725000000000,70b3d57ed00778cc,-23,13.8,7912
device_uplink,1788883741000000000,70b3d57ed00778cc,-23,13.5,7913
device_uplink,1788883757000000000,70b3d57ed00778cc,-22,13.5,7914
device_uplink,1788883773000000000,70b3d57ed00778cc,-32,13,7915
device_uplink,1788883791000000000,70b3d57ed00778cc,-31,13.8,7916
device_uplink,1788883807000000000,70b3d57ed00778cc,-29,10.2,7917
device_uplink,1788883823000000000,70b3d57ed00778cc,-30,12,7918
device_uplink,1788883839000000000,70b3d57ed00778cc,-31,13,7919
device_uplink,1788883855000000000,70b3d57ed00778cc,-30,12.2,7920
device_uplink,1788883871000000000,70b3d57ed00778cc,-35,13.2,7921
device_uplink,1788883887000000000,70b3d57ed00778cc,-25,13.5,7922
device_uplink,1788883903000000000,70b3d57ed00778cc,-27,14,7923
device_uplink,1788883921000000000,70b3d57ed00778cc,-27,10,7924
device_uplink,1788883937000000000,70b3d57ed00778cc,-27,13.5,7925
device_uplink,1788883953000000000,70b3d57ed00778cc,-25,13,7926
device_uplink,1788883969000000000,70b3d57ed00778cc,-24,13.8,7927
device_uplink,1788883985000000000,70b3d57ed00778cc,-31,13.5,7928
device_uplink,1788884001000000000,70b3d57ed00778cc,-25,14,7929
device_uplink,1788884017000000000,70b3d57ed00778cc,-26,13.5,7930
device_uplink,1788884033000000000,70b3d57ed00778cc,-29,13.8,7931
device_uplink,1788884051000000000,70b3d57ed00778cc,-24,13.2,7932
device_uplink,1788884067000000000,70b3d57ed00778cc,-24,15,7933
device_uplink,1788884083000000000,70b3d57ed00778cc,-23,10,7934
device_uplink,1788884099000000000,70b3d57ed00778cc,-21,14,7935
device_uplink,1788884115000000000,70b3d57ed00778cc,-31,12,7936
device_uplink,1788884131000000000,70b3d57ed00778cc,-34,13,7937
device_uplink,1788884147000000000,70b3d57ed00778cc,-36,9,7938
device_uplink,1788884163000000000,70b3d57ed00778cc,-30,12.2,7939
device_uplink,1788884181000000000,70b3d57ed00778cc,-31,12.5,7940
device_uplink,1788884197000000000,70b3d57ed00778cc,-32,13.8,7941
device_uplink,1788884213000000000,70b3d57ed00778cc,-33,13.2,7942
device_uplink,1788884229000000000,70b3d57ed00778cc,-31,14,7943
device_uplink,1788884245000000000,70b3d57ed00778cc,-33,12.5,7944
device_uplink,1788884261000000000,70b3d57ed00778cc,-31,12.8,7945
device_uplink,1788884277000000000,70b3d57ed00778cc,-36,10.5,7946
device_uplink,1788884282000000000,70b3d57ed0077801,-24,13.8,72
device_uplink,1788884293000000000,70b3d57ed00778cc,-36,11.8,7947
device_uplink,1788884311000000000,70b3d57ed00778cc,-33,13.2,7948
device_uplink,1788884327000000000,70b3d57ed00778cc,-30,12.8,7949
device_uplink,1788884343000000000,70b3d57ed00778cc,-32,13.2,7950
device_uplink,1788884359000000000,70b3d57ed00778cc,-30,13,7951
device_uplink,1788884375000000000,70b3d57ed00778cc,-39,11,7952
device_uplink,1788884391000000000,70b3d57ed00778cc,-35,12.5,7953
device_uplink,1788884407000000000,70b3d57ed00778cc,-34,9.2,7954
device_uplink,1788884423000000000,70b3d57ed00778cc,-38,12.2,7955
device_uplink,1788884441000000000,70b3d57ed00778cc,-30,13.2,7956
device_uplink,1788884457000000000,70b3d57ed00778cc,-28,13.8,7957
device_uplink,1788884473000000000,70b3d57ed00778cc,-29,14.2,7958
device_uplink,1788884489000000000,70b3d57ed00778cc,-32,12.2,7959
device_uplink,1788884505000000000,70b3d57ed00778cc,-34,13,7960
device_uplink,1788884521000000000,70b3d57ed00778cc,-26,5.5,7961
device_uplink,1788884537000000000,70b3d57ed00778cc,-31,10.8,7962
device_uplink,1788884553000000000,70b3d57ed00778cc,-32,13.8,7963
device_uplink,1788884571000000000,70b3d57ed00778cc,-31,14,7964
device_uplink,1788884587000000000,70b3d57ed00778cc,-30,12.5,7965
device_uplink,1788884603000000000,70b3d57ed00778cc,-29,12.2,7966
device_uplink,1788884619000000000,70b3d57ed00778cc,-33,12.8,7967
device_uplink,1788884635000000000,70b3d57ed00778cc,-29,13.5,7968
device_uplink,1788884651000000000,70b3d57ed00778cc,-33,13.2,7969
device_uplink,1788884667000000000,70b3d57ed00778cc,-32,14,7970
device_uplink,1788884683000000000,70b3d57ed00778cc,-28,9.2,7971
device_uplink,1788884701000000000,70b3d57ed00778cc,-30,12.2,7972
device_uplink,1788884717000000000,70b3d57ed00778cc,-31,13.2,7973
device_uplink,1788884733000000000,70b3d57ed00778cc,-30,12,7974
device_uplink,1788884749000000000,70b3d57ed00778cc,-29,13.5,7975
device_uplink,1788884765000000000,70b3d57ed00778cc,-30,12.8,7976
device_uplink,1788884783000000000,70b3d57ed00778cc,-32,13.2,7977
device_uplink,1788884799000000000,70b3d57ed00778cc,-29,13.8,7978
device_uplink,1788884815000000000,70b3d57ed00778cc,-28,14.2,7979
device_uplink,1788884831000000000,70b3d57ed00778cc,-30,13,7980
device_uplink,1788884847000000000,70b3d57ed00778cc,-27,13.5,7981
device_uplink,1788884863000000000,70b3d57ed00778cc,-30,10.2,7982
device_uplink,1788884879000000000,70b3d57ed00778cc,-30,13.2,7983
device_uplink,1788884895000000000,70b3d57ed00778cc,-33,13.8,7984
device_uplink,1788884911000000000,70b3d57ed00778cc,-32,13.8,7985
device_uplink,1788884929000000000,70b3d57ed00778cc,-34,13,7986
device_uplink,1788884945000000000,70b3d57ed00778cc,-29,13.8,7987
device_uplink,1788884961000000000,70b3d57ed00778cc,-32,12.5,7988
device_uplink,1788884977000000000,70b3d57ed00778cc,-30,13.2,7989
device_uplink,1788884993000000000,70b3d57ed00778cc,-32,13.2,7990
device_uplink,1788885011000000000,70b3d57ed00778cc,-29,9.2,7991
device_uplink,1788885027000000000,70b3d57ed00778cc,-31,13.2,7992
device_uplink,1788885043000000000,70b3d57ed00778cc,-31,13.2,7993
device_uplink,1788885059000000000,70b3d57ed00778cc,-28,13,7994
device_uplink,1788885075000000000,70b3d57ed00778cc,-34,13.2,7995
device_uplink,1788885091000000000,70b3d57ed00778cc,-37,12.5,7996
device_uplink,1788885107000000000,70b3d57ed00778cc,-34,13.8,7997
device_uplink,1788885123000000000,70b3d57ed00778cc,-31,13.5,7998
device_uplink,1788885141000000000,70b3d57ed00778cc,-30,12.2,7999
device_uplink,1788885157000000000,70b3d57ed00778cc,-30,9.8,8000
device_uplink,1788885173000000000,70b3d57ed00778cc,-26,13.2,8001
device_uplink,1788885189000000000,70b3d57ed00778cc,-28,13.5,8002
device_uplink,1788885191000000000,70b3d57ed0077801,-29,13,73
device_uplink,1788885205000000000,70b3d57ed00778cc,-32,12,8003
device_uplink,1788885221000000000,70b3d57ed00778cc,-30,13,8004
device_uplink,1788885237000000000,70b3d57ed00778cc,-31,14,8005
device_uplink,1788885253000000000,70b3d57ed00778cc,-34,13.2,8006
device_uplink,1788885269000000000,70b3d57ed00778cc,-30,13.2,8007
device_uplink,1788885287000000000,70b3d57ed00778cc,-32,11.5,8008
device_uplink,1788885303000000000,70b3d57ed00778cc,-33,13.8,8009
device_uplink,1788885319000000000,70b3d57ed00778cc,-30,12,8010
device_uplink,1788885335000000000,70b3d57ed00778cc,-38,9.8,8011
device_uplink,1788885351000000000,70b3d57ed00778cc,-31,14,8012
device_uplink,1788885367000000000,70b3d57ed00778cc,-34,13.5,8013
device_uplink,1788885385000000000,70b3d57ed00778cc,-32,11,8014
device_uplink,1788885401000000000,70b3d57ed00778cc,-31,13.5,8015
device_uplink,1788885417000000000,70b3d57ed00778cc,-31,13,8016
device_uplink,1788885433000000000,70b3d57ed00778cc,-33,13.5,8017
device_uplink,1788885449000000000,70b3d57ed00778cc,-28,13.8,8018
device_uplink,1788885465000000000,70b3d57ed00778cc,-33,13.2,8019
device_uplink,1788885481000000000,70b3d57ed00778cc,-32,13.2,8020
device_uplink,1788885497000000000,70b3d57ed00778cc,-28,14,8021
device_uplink,1788885515000000000,70b3d57ed00778cc,-34,11.8,8022
device_uplink,1788885531000000000,70b3d57ed00778cc,-30,9.2,8023
device_uplink,1788885547000000000,70b3d57ed00778cc,-30,13,8024
device_uplink,1788885563000000000,70b3d57ed00778cc,-28,14,8025
device_uplink,1788885579000000000,70b3d57ed00778cc,-31,13.5,8026
device_uplink,1788885595000000000,70b3d57ed00778cc,-33,13.8,8027
device_uplink,1788885611000000000,70b3d57ed00778cc,-30,9.8,8028
device_uplink,1788885629000000000,70b3d57ed00778cc,-31,13.5,8029
device_uplink,1788885645000000000,70b3d57ed00778cc,-30,13.2,8030
device_uplink,1788885661000000000,70b3d57ed00778cc,-31,12,8031
device_uplink,1788885677000000000,70b3d57ed00778cc,-30,13,8032
device_uplink,1788885693000000000,70b3d57ed00778cc,-28,13.8,8033
device_uplink,1788885709000000000,70b3d57ed00778cc,-34,13.2,8034
device_uplink,1788885725000000000,70b3d57ed00778cc,-31,13.5,8035
device_uplink,1788885743000000000,70b3d57ed00778cc,-34,13.5,8036
device_uplink,1788885759000000000,70b3d57ed00778cc,-30,13.5,8037
device_uplink,1788885775000000000,70b3d57ed00778cc,-31,11.2,8038
device_uplink,1788885791000000000,70b3d57ed00778cc,-30,13.2,8039
device_uplink,1788885807000000000,70b3d57ed00778cc,-32,13.5,8040
device_uplink,1788885823000000000,70b3d57ed00778cc,-34,12.8,8041
device_uplink,1788885839000000000,70b3d57ed00778cc,-29,13.5,8042
device_uplink,1788885855000000000,70b3d57ed00778cc,-28,9,8043
device_uplink,1788885873000000000,70b3d57ed00778cc,-31,13.8,8044
device_uplink,1788885889000000000,70b3d57ed00778cc,-30,10.8,8045
device_uplink,1788885905000000000,70b3d57ed00778cc,-29,12.8,8046
device_uplink,1788885921000000000,70b3d57ed00778cc,-33,13.2,8047
device_uplink,1788885937000000000,70b3d57ed00778cc,-28,14,8048
device_uplink,1788885953000000000,70b3d57ed00778cc,-29,13,8049
device_uplink,1788885969000000000,70b3d57ed00778cc,-29,13.8,8050
device_uplink,1788885985000000000,70b3d57ed00778cc,-31,11.2,8051
device_uplink,1788886003000000000,70b3d57ed00778cc,-31,13.2,8052
device_uplink,1788886019000000000,70b3d57ed00778cc,-28,13,8053
device_uplink,1788886035000000000,70b3d57ed00778cc,-30,13,8054
device_uplink,1788886051000000000,70b3d57ed00778cc,-32,13,8055
device_uplink,1788886067000000000,70b3d57ed00778cc,-29,13.8,8056
device_uplink,1788886083000000000,70b3d57ed00778cc,-27,13.8,8057
device_uplink,1788886099000000000,70b3d57ed0077801,-37,10,74
device_uplink,1788886099000000000,70b3d57ed00778cc,-28,13.8,8058
device_uplink,1788886117000000000,70b3d57ed00778cc,-31,13.8,8059
device_uplink,1788886133000000000,70b3d57ed00778cc,-28,13.5,8060
device_uplink,1788886149000000000,70b3d57ed00778cc,-27,13.8,8061
device_uplink,1788886165000000000,70b3d57ed00778cc,-30,13,8062
device_uplink,1788886181000000000,70b3d57ed00778cc,-31,10.8,8063
device_uplink,1788886197000000000,70b3d57ed00778cc,-34,13.2,8064
device_uplink,1788886213000000000,70b3d57ed00778cc,-28,13.8,8065
device_uplink,1788886229000000000,70b3d57ed00778cc,-28,13.2,8066
device_uplink,1788886247000000000,70b3d57ed00778cc,-29,13.5,8067
device_uplink,1788886263000000000,70b3d57ed00778cc,-32,13.2,8068
device_uplink,1788886279000000000,70b3d57ed00778cc,-32,13.2,8069
device_uplink,1788886295000000000,70b3d57ed00778cc,-28,13.8,8070
device_uplink,1788886311000000000,70b3d57ed00778cc,-28,14,8071
device_uplink,1788886327000000000,70b3d57ed00778cc,-28,9.2,8072
device_uplink,1788886343000000000,70b3d57ed00778cc,-31,13.5,8073
device_uplink,1788886361000000000,70b3d57ed00778cc,-31,11.5,8074
device_uplink,1788886377000000000,70b3d57ed00778cc,-30,11.8,8075
device_uplink,1788886393000000000,70b3d57ed00778cc,-34,13.5,8076
device_uplink,1788886409000000000,70b3d57ed00778cc,-29,13.2,8077
device_uplink,1788886425000000000,70b3d57ed00778cc,-31,12.5,8078
device_uplink,1788886441000000000,70b3d57ed00778cc,-33,13.2,8079
device_uplink,1788886457000000000,70b3d57ed00778cc,-33,13.5,8080
device_uplink,1788886473000000000,70b3d57ed00778cc,-28,13.8,8081
device_uplink,1788886491000000000,70b3d57ed00778cc,-31,13.2,8082
device_uplink,1788886507000000000,70b3d57ed00778cc,-28,13.2,8083
device_uplink,1788886523000000000,70b3d57ed00778cc,-29,13.5,8084
device_uplink,1788886539000000000,70b3d57ed00778cc,-33,13.5,8085
device_uplink,1788886555000000000,70b3d57ed00778cc,-36,12.8,8086
device_uplink,1788886573000000000,70b3d57ed00778cc,-30,10,8087
device_uplink,1788886589000000000,70b3d57ed00778cc,-31,13.5,8088
device_uplink,1788886605000000000,70b3d57ed00778cc,-27,14,8089
device_uplink,1788886621000000000,70b3d57ed00778cc,-31,13,8090
device_uplink,1788886637000000000,70b3d57ed00778cc,-38,11.8,8091
device_uplink,1788886653000000000,70b3d57ed00778cc,-28,13.5,8092
device_uplink,1788886669000000000,70b3d57ed00778cc,-28,14.2,8093
device_uplink,1788886687000000000,70b3d57ed00778cc,-33,13.5,8094
device_uplink,1788886703000000000,70b3d57ed00778cc,-28,14,8095
device_uplink,1788886719000000000,70b3d57ed00778cc,-30,9.5,8096
device_uplink,1788886735000000000,70b3d57ed00778cc,-31,13.2,8097
device_uplink,1788886751000000000,70b3d57ed00778cc,-29,13.5,8098
device_uplink,1788886767000000000,70b3d57ed00778cc,-32,11.8,8099
device_uplink,1788886785000000000,70b3d57ed00778cc,-32,13.2,8100
device_uplink,1788886801000000000,70b3d57ed00778cc,-32,13.2,8101
device_uplink,1788886817000000000,70b3d57ed00778cc,-31,13.8,8102
device_uplink,1788886833000000000,70b3d57ed00778cc,-29,13.8,8103
device_uplink,1788886849000000000,70b3d57ed00778cc,-27,13,8104
device_uplink,1788886865000000000,70b3d57ed00778cc,-31,13.2,8105
device_uplink,1788886883000000000,70b3d57ed00778cc,-32,13.2,8106
device_uplink,1788886899000000000,70b3d57ed00778cc,-30,12.8,8107
device_uplink,1788886915000000000,70b3d57ed00778cc,-36,11.8,8108
device_uplink,1788886931000000000,70b3d57ed00778cc,-27,13,8109
device_uplink,1788886947000000000,70b3d57ed00778cc,-31,13.5,8110
device_uplink,1788886963000000000,70b3d57ed00778cc,-30,9.5,8111
device_uplink,1788886979000000000,70b3d57ed00778cc,-31,13.5,8112
device_uplink,1788886995000000000,70b3d57ed00778cc,-28,13.2,8113
device_uplink,1788887008000000000,70b3d57ed0077801,-33,12.8,75
device_uplink,1788887013000000000,70b3d57ed00778cc,-33,11,8114
device_uplink,1788887029000000000,70b3d57ed00778cc,-32,12.8,8115
device_uplink,1788887045000000000,70b3d57ed00778cc,-29,13.2,8116
device_uplink,1788887061000000000,70b3d57ed00778cc,-29,14,8117
device_uplink,1788887077000000000,70b3d57ed00778cc,-30,12.5,8118
device_uplink,1788887093000000000,70b3d57ed00778cc,-29,13.8,8119
device_uplink,1788887109000000000,70b3d57ed00778cc,-29,13.5,8120
device_uplink,1788887125000000000,70b3d57ed00778cc,-31,14,8121
device_uplink,1788887143000000000,70b3d57ed00778cc,-29,13.2,8122
device_uplink,1788887159000000000,70b3d57ed00778cc,-31,13.8,8123
device_uplink,1788887175000000000,70b3d57ed00778cc,-28,13.2,8124
device_uplink,1788887191000000000,70b3d57ed00778cc,-29,8.5,8125
device_uplink,1788887207000000000,70b3d57ed00778cc,-28,14.2,8126
device_uplink,1788887223000000000,70b3d57ed00778cc,-30,13,8127
device_uplink,1788887241000000000,70b3d57ed00778cc,-30,12.2,8128
device_uplink,1788887257000000000,70b3d57ed00778cc,-29,13.8,8129
device_uplink,1788887273000000000,70b3d57ed00778cc,-29,12.5,8130
device_uplink,1788887289000000000,70b3d57ed00778cc,-33,13.5,8131
device_uplink,1788887305000000000,70b3d57ed00778cc,-28,14,8132
device_uplink,1788887321000000000,70b3d57ed00778cc,-27,13,8133
device_uplink,1788887337000000000,70b3d57ed00778cc,-29,8.8,8134
device_uplink,1788887353000000000,70b3d57ed00778cc,-29,12.8,8135
device_uplink,1788887371000000000,70b3d57ed00778cc,-33,13.2,8136
device_uplink,1788887387000000000,70b3d57ed00778cc,-30,12.8,8137
device_uplink,1788887403000000000,70b3d57ed00778cc,-29,13,8138
device_uplink,1788887419000000000,70b3d57ed00778cc,-28,14,8139
device_uplink,1788887435000000000,70b3d57ed00778cc,-28,9.8,8140
device_uplink,1788887451000000000,70b3d57ed00778cc,-29,13.5,8141
device_uplink,1788887467000000000,70b3d57ed00778cc,-35,13,8142
device_uplink,1788887483000000000,70b3d57ed00778cc,-28,14,8143
device_uplink,1788887501000000000,70b3d57ed00778cc,-31,13,8144
device_uplink,1788887517000000000,70b3d57ed00778cc,-33,13,8145
device_uplink,1788887533000000000,70b3d57ed00778cc,-30,11.5,8146
device_uplink,1788887549000000000,70b3d57ed00778cc,-32,13.5,8147
device_uplink,1788887565000000000,70b3d57ed00778cc,-28,13.5,8148
device_uplink,1788887581000000000,70b3d57ed00778cc,-30,10,8149
device_uplink,1788887597000000000,70b3d57ed00778cc,-30,12.8,8150
device_uplink,1788887613000000000,70b3d57ed00778cc,-30,12.8,8151
device_uplink,1788887631000000000,70b3d57ed00778cc,-31,13.8,8152
device_uplink,1788887647000000000,70b3d57ed00778cc,-30,12.5,8153
device_uplink,1788887663000000000,70b3d57ed00778cc,-29,13.5,8154
device_uplink,1788887679000000000,70b3d57ed00778cc,-30,13,8155
device_uplink,1788887695000000000,70b3d57ed00778cc,-33,13.5,8156
device_uplink,1788887711000000000,70b3d57ed00778cc,-31,11.5,8157
device_uplink,1788887729000000000,70b3d57ed00778cc,-32,12.5,8158
device_uplink,1788887745000000000,70b3d57ed00778cc,-29,14,8159
device_uplink,1788887761000000000,70b3d57ed00778cc,-36,11.8,8160
device_uplink,1788887777000000000,70b3d57ed00778cc,-30,13,8161
device_uplink,1788887793000000000,70b3d57ed00778cc,-28,13.2,8162
device_uplink,1788887809000000000,70b3d57ed00778cc,-30,13.5,8163
device_uplink,1788887825000000000,70b3d57ed00778cc,-28,9,8164
device_uplink,1788887841000000000,70b3d57ed00778cc,-28,14.2,8165
device_uplink,1788887859000000000,70b3d57ed00778cc,-28,13.8,8166
device_uplink,1788887875000000000,70b3d57ed00778cc,-30,13,8167
device_uplink,1788887891000000000,70b3d57ed00778cc,-29,12.5,8168
device_uplink,1788887907000000000,70b3d57ed00778cc,-31,13,8169
device_uplink,1788887916000000000,70b3d57ed0077801,-39,11.8,76
device_uplink,1788887923000000000,70b3d57ed00778cc,-35,12.5,8170
device_uplink,1788887939000000000,70b3d57ed00778cc,-33,13,8171
device_uplink,1788887955000000000,70b3d57ed00778cc,-29,13.5,8172
device_uplink,1788887971000000000,70b3d57ed00778cc,-29,13,8173
device_uplink,1788887989000000000,70b3d57ed00778cc,-29,9.2,8174
device_uplink,1788888005000000000,70b3d57ed00778cc,-29,12.2,8175
device_uplink,1788888021000000000,70b3d57ed00778cc,-28,13.8,8176
device_uplink,1788888037000000000,70b3d57ed00778cc,-30,12,8177
device_uplink,1788888053000000000,70b3d57ed00778cc,-34,12,8178
device_uplink,1788888069000000000,70b3d57ed00778cc,-32,12.2,8179
device_uplink,1788888085000000000,70b3d57ed00778cc,-29,9,8180
device_uplink,1788888103000000000,70b3d57ed00778cc,-32,13.2,8181
device_uplink,1788888119000000000,70b3d57ed00778cc,-33,12.8,8182
device_uplink,1788888135000000000,70b3d57ed00778cc,-29,12,8183
device_uplink,1788888151000000000,70b3d57ed00778cc,-31,13,8184
device_uplink,1788888167000000000,70b3d57ed00778cc,-31,13.8,8185
device_uplink,1788888183000000000,70b3d57ed00778cc,-29,12.2,8186
device_uplink,1788888199000000000,70b3d57ed00778cc,-30,11.5,8187
device_uplink,1788888215000000000,70b3d57ed00778cc,-29,13.8,8188
device_uplink,1788888231000000000,70b3d57ed00778cc,-32,12.5,8189
device_uplink,1788888249000000000,70b3d57ed00778cc,-30,12.8,8190
device_uplink,1788888265000000000,70b3d57ed00778cc,-31,10.2,8191
device_uplink,1788888281000000000,70b3d57ed00778cc,-30,13.5,8192
device_uplink,1788888297000000000,70b3d57ed00778cc,-31,13.2,8193
device_uplink,1788888313000000000,70b3d57ed00778cc,-28,14,8194
device_uplink,1788888331000000000,70b3d57ed00778cc,-28,13.8,8195
device_uplink,1788888347000000000,70b3d57ed00778cc,-30,11.8,8196
device_uplink,1788888363000000000,70b3d57ed00778cc,-32,13.8,8197
device_uplink,1788888379000000000,70b3d57ed00778cc,-30,11.2,8198
device_uplink,1788888395000000000,70b3d57ed00778cc,-32,13,8199
device_uplink,1788888411000000000,70b3d57ed00778cc,-29,8.5,8200
device_uplink,1788888427000000000,70b3d57ed00778cc,-31,12.2,8201
device_uplink,1788888443000000000,70b3d57ed00778cc,-30,12.2,8202
device_uplink,1788888459000000000,70b3d57ed00778cc,-32,13.2,8203
device_uplink,1788888477000000000,70b3d57ed00778cc,-31,12.2,8204
device_uplink,1788888493000000000,70b3d57ed00778cc,-29,13.8,8205
device_uplink,1788888509000000000,70b3d57ed00778cc,-31,13.8,8206
device_uplink,1788888525000000000,70b3d57ed00778cc,-31,12.2,8207
device_uplink,1788888541000000000,70b3d57ed00778cc,-31,11.5,8208
device_uplink,1788888557000000000,70b3d57ed00778cc,-32,13.5,8209
device_uplink,1788888575000000000,70b3d57ed00778cc,-28,13.5,8210
device_uplink,1788888591000000000,70b3d57ed00778cc,-29,14,8211
device_uplink,1788888607000000000,70b3d57ed00778cc,-31,13.5,8212
device_uplink,1788888623000000000,70b3d57ed00778cc,-33,13.5,8213
device_uplink,1788888639000000000,70b3d57ed00778cc,-31,13.2,8214
device_uplink,1788888655000000000,70b3d57ed00778cc,-31,12,8215
device_uplink,1788888671000000000,70b3d57ed00778cc,-26,13.2,8216
device_uplink,1788888687000000000,70b3d57ed00778cc,-30,13.2,8217
device_uplink,1788888705000000000,70b3d57ed00778cc,-30,11.2,8218
device_uplink,1788888721000000000,70b3d57ed00778cc,-29,13.8,8219
device_uplink,1788888737000000000,70b3d57ed00778cc,-31,11.2,8220
device_uplink,1788888753000000000,70b3d57ed00778cc,-30,12.5,8221
device_uplink,1788888769000000000,70b3d57ed00778cc,-28,14,8222
device_uplink,1788888785000000000,70b3d57ed00778cc,-27,13.2,8223
device_uplink,1788888801000000000,70b3d57ed00778cc,-32,13.2,8224
device_uplink,1788888817000000000,70b3d57ed00778cc,-31,12.8,8225
device_uplink,1788888824000000000,70b3d57ed0077801,-44,9,77
device_uplink,1788888835000000000,70b3d57ed00778cc,-33,13.5,8226
device_uplink,1788888851000000000,70b3d57ed00778cc,-31,13.5,8227
device_uplink,1788888867000000000,70b3d57ed00778cc,-34,13.2,8228
device_uplink,1788888883000000000,70b3d57ed00778cc,-35,12.8,8229
device_uplink,1788888899000000000,70b3d57ed00778cc,-29,8.8,8230
device_uplink,1788888915000000000,70b3d57ed00778cc,-29,14,8231
device_uplink,1788888931000000000,70b3d57ed00778cc,-31,12,8232
device_uplink,1788888949000000000,70b3d57ed00778cc,-32,13.2,8233
device_uplink,1788888965000000000,70b3d57ed00778cc,-28,13.8,8234
device_uplink,1788888981000000000,70b3d57ed00778cc,-30,13,8235
device_uplink,1788888997000000000,70b3d57ed00778cc,-32,13.2,8236
device_uplink,1788889013000000000,70b3d57ed00778cc,-30,11.8,8237
device_uplink,1788889029000000000,70b3d57ed00778cc,-30,9.5,8238
device_uplink,1788889045000000000,70b3d57ed00778cc,-34,13,8239
device_uplink,1788889061000000000,70b3d57ed00778cc,-34,13.8,8240
device_uplink,1788889077000000000,70b3d57ed00778cc,-34,13.5,8241
device_uplink,1788889095000000000,70b3d57ed00778cc,-36,8.5,8242
device_uplink,1788889111000000000,70b3d57ed00778cc,-30,12.8,8243
device_uplink,1788889127000000000,70b3d57ed00778cc,-28,12.8,8244
device_uplink,1788889143000000000,70b3d57ed00778cc,-29,14,8245
device_uplink,1788889159000000000,70b3d57ed00778cc,-30,13,8246
device_uplink,1788889175000000000,70b3d57ed00778cc,-31,14,8247
device_uplink,1788889193000000000,70b3d57ed00778cc,-30,13.2,8248
device_uplink,1788889209000000000,70b3d57ed00778cc,-28,14,8249
device_uplink,1788889225000000000,70b3d57ed00778cc,-30,12.5,8250
device_uplink,1788889241000000000,70b3d57ed00778cc,-30,11.8,8251
device_uplink,1788889257000000000,70b3d57ed00778cc,-30,9.5,8252
device_uplink,1788889273000000000,70b3d57ed00778cc,-32,12,8253
device_uplink,1788889289000000000,70b3d57ed00778cc,-33,13.2,8254
device_uplink,1788889305000000000,70b3d57ed00778cc,-29,13.8,8255
device_uplink,1788889323000000000,70b3d57ed00778cc,-29,13.5,8256
device_uplink,1788889339000000000,70b3d57ed00778cc,-33,13.2,8257
device_uplink,1788889355000000000,70b3d57ed00778cc,-32,13.5,8258
device_uplink,1788889371000000000,70b3d57ed00778cc,-32,12.2,8259
device_uplink,1788889387000000000,70b3d57ed00778cc,-31,13.2,8260
device_uplink,1788889403000000000,70b3d57ed00778cc,-32,13.5,8261
device_uplink,1788889419000000000,70b3d57ed00778cc,-30,9.8,8262
device_uplink,1788889435000000000,70b3d57ed00778cc,-30,14.2,8263
device_uplink,1788889453000000000,70b3d57ed00778cc,-32,13.5,8264
device_uplink,1788889469000000000,70b3d57ed00778cc,-29,12.5,8265
device_uplink,1788889485000000000,70b3d57ed00778cc,-28,13.8,8266
device_uplink,1788889501000000000,70b3d57ed00778cc,-27,13.2,8267
device_uplink,1788889517000000000,70b3d57ed00778cc,-28,14.2,8268
device_uplink,1788889533000000000,70b3d57ed00778cc,-32,14.2,8269
device_uplink,1788889549000000000,70b3d57ed00778cc,-28,14,8270
device_uplink,1788889567000000000,70b3d57ed00778cc,-35,9,8271
device_uplink,1788889583000000000,70b3d57ed00778cc,-32,13,8272
device_uplink,1788889599000000000,70b3d57ed00778cc,-31,13.2,8273
device_uplink,1788889615000000000,70b3d57ed00778cc,-34,10.8,8274
device_uplink,1788889631000000000,70b3d57ed00778cc,-29,13.8,8275
device_uplink,1788889647000000000,70b3d57ed00778cc,-29,13.2,8276
device_uplink,1788889663000000000,70b3d57ed00778cc,-29,14.2,8277
device_uplink,1788889679000000000,70b3d57ed00778cc,-32,13.2,8278
device_uplink,1788889697000000000,70b3d57ed00778cc,-36,9.2,8279
device_uplink,1788889713000000000,70b3d57ed00778cc,-36,12.8,8280
device_uplink,1788889729000000000,70b3d57ed00778cc,-29,13.2,8281
device_uplink,1788889733000000000,70b3d57ed0077801,-33,12.2,78
device_uplink,1788889745000000000,70b3d57ed00778cc,-30,13.5,8282
device_uplink,1788889761000000000,70b3d57ed00778cc,-30,12.2,8283
device_uplink,1788889777000000000,70b3d57ed00778cc,-31,13.2,8284
device_uplink,1788889793000000000,70b3d57ed00778cc,-34,11.5,8285
device_uplink,1788889809000000000,70b3d57ed00778cc,-34,13.5,8286
device_uplink,1788889825000000000,70b3d57ed00778cc,-32,12,8287
device_uplink,1788889843000000000,70b3d57ed00778cc,-30,13.5,8288
device_uplink,1788889859000000000,70b3d57ed00778cc,-31,13.8,8289
device_uplink,1788889875000000000,70b3d57ed00778cc,-31,13,8290
device_uplink,1788889891000000000,70b3d57ed00778cc,-31,13.8,8291
device_uplink,1788889907000000000,70b3d57ed00778cc,-31,12.8,8292
device_uplink,1788889923000000000,70b3d57ed00778cc,-28,13.5,8293
device_uplink,1788889939000000000,70b3d57ed00778cc,-29,12.5,8294
device_uplink,1788889955000000000,70b3d57ed00778cc,-32,13.2,8295
device_uplink,1788889971000000000,70b3d57ed00778cc,-30,9.8,8296
device_uplink,1788889989000000000,70b3d57ed00778cc,-28,13.5,8297
device_uplink,1788890005000000000,70b3d57ed00778cc,-31,13.5,8298
device_uplink,1788890021000000000,70b3d57ed00778cc,-32,13.8,8299
device_uplink,1788890037000000000,70b3d57ed00778cc,-32,13.5,8300
device_uplink,1788890053000000000,70b3d57ed00778cc,-28,14,8301
device_uplink,1788890069000000000,70b3d57ed00778cc,-29,13.8,8302
device_uplink,1788890085000000000,70b3d57ed00778cc,-28,13.2,8303
device_uplink,1788890101000000000,70b3d57ed00778cc,-29,8.8,8304
device_uplink,1788890119000000000,70b3d57ed00778cc,-28,13.5,8305
device_uplink,1788890135000000000,70b3d57ed00778cc,-29,13.2,8306
device_uplink,1788890151000000000,70b3d57ed00778cc,-30,12,8307
device_uplink,1788890167000000000,70b3d57ed00778cc,-30,13,8308
device_uplink,1788890183000000000,70b3d57ed00778cc,-32,13.2,8309
device_uplink,1788890199000000000,70b3d57ed00778cc,-33,10.2,8310
device_uplink,1788890215000000000,70b3d57ed00778cc,-29,13,8311
device_uplink,1788890231000000000,70b3d57ed00778cc,-27,14.2,8312
device_uplink,1788890249000000000,70b3d57ed00778cc,-31,14.5,8313
device_uplink,1788890265000000000,70b3d57ed00778cc,-32,12,8314
device_uplink,1788890281000000000,70b3d57ed00778cc,-31,14,8315
device_uplink,1788890297000000000,70b3d57ed00778cc,-31,13.8,8316
device_uplink,1788890313000000000,70b3d57ed00778cc,-30,10,8317
device_uplink,1788890329000000000,70b3d57ed00778cc,-28,14,8318
device_uplink,1788890345000000000,70b3d57ed00778cc,-27,14.2,8319
device_uplink,1788890361000000000,70b3d57ed00778cc,-39,12,8320
device_uplink,1788890379000000000,70b3d57ed00778cc,-28,14,8321
device_uplink,1788890395000000000,70b3d57ed00778cc,-29,14,8322
device_uplink,1788890411000000000,70b3d57ed00778cc,-29,13.8,8323
device_uplink,1788890427000000000,70b3d57ed00778cc,-28,13.2,8324
device_uplink,1788890443000000000,70b3d57ed00778cc,-28,13.5,8325
device_uplink,1788890459000000000,70b3d57ed00778cc,-32,10.2,8326
device_uplink,1788890475000000000,70b3d57ed00778cc,-31,13.5,8327
device_uplink,1788890491000000000,70b3d57ed00778cc,-27,14.2,8328
device_uplink,1788890509000000000,70b3d57ed00778cc,-33,13.5,8329
device_uplink,1788890525000000000,70b3d57ed00778cc,-27,13.5,8330
device_uplink,1788890541000000000,70b3d57ed00778cc,-32,10.2,8331
device_uplink,1788890557000000000,70b3d57ed00778cc,-27,14,8332
device_uplink,1788890573000000000,70b3d57ed00778cc,-37,12.2,8333
device_uplink,1788890589000000000,70b3d57ed00778cc,-30,9.8,8334
device_uplink,1788890605000000000,70b3d57ed00778cc,-30,13.2,8335
device_uplink,1788890621000000000,70b3d57ed00778cc,-28,14,8336
device_uplink,1788890639000000000,70b3d57ed00778cc,-31,13.2,8337
device_uplink,1788890641000000000,70b3d57ed0077801,-39,11.8,79
device_uplink,1788890655000000000,70b3d57ed00778cc,-31,13.8,8338
device_uplink,1788890671000000000,70b3d57ed00778cc,-30,13,8339
device_uplink,1788890687000000000,70b3d57ed00778cc,-31,13,8340
device_uplink,1788890703000000000,70b3d57ed00778cc,-29,13.2,8341
device_uplink,1788890719000000000,70b3d57ed00778cc,-34,13,8342
device_uplink,1788890735000000000,70b3d57ed00778cc,-31,14,8343
device_uplink,1788890751000000000,70b3d57ed00778cc,-29,8.5,8344
device_uplink,1788890769000000000,70b3d57ed00778cc,-40,12,8345
device_uplink,1788890785000000000,70b3d57ed00778cc,-28,13.8,8346
device_uplink,1788890801000000000,70b3d57ed00778cc,-29,8.8,8347
device_uplink,1788890817000000000,70b3d57ed00778cc,-36,12.2,8348
device_uplink,1788890833000000000,70b3d57ed00778cc,-28,14,8349
device_uplink,1788890849000000000,70b3d57ed00778cc,-29,13.2,8350
device_uplink,1788890865000000000,70b3d57ed00778cc,-33,13.5,8351
device_uplink,1788890881000000000,70b3d57ed00778cc,-26,13.2,8352
device_uplink,1788890899000000000,70b3d57ed00778cc,-28,13.8,8353
device_uplink,1788890915000000000,70b3d57ed00778cc,-32,12.8,8354
device_uplink,1788890931000000000,70b3d57ed00778cc,-31,14,8355
device_uplink,1788890947000000000,70b3d57ed00778cc,-31,11.2,8356
device_uplink,1788890963000000000,70b3d57ed00778cc,-32,13.5,8357
device_uplink,1788890979000000000,70b3d57ed00778cc,-30,13,8358
device_uplink,1788890995000000000,70b3d57ed00778cc,-31,13,8359
device_uplink,1788891011000000000,70b3d57ed00778cc,-25,13.2,8360
device_uplink,1788891029000000000,70b3d57ed00778cc,-35,11.5,8361
device_uplink,1788891045000000000,70b3d57ed00778cc,-35,12.2,8362
device_uplink,1788891061000000000,70b3d57ed00778cc,-36,12,8363
device_uplink,1788891077000000000,70b3d57ed00778cc,-30,12.8,8364
device_uplink,1788891093000000000,70b3d57ed00778cc,-30,12.8,8365
device_uplink,1788891109000000000,70b3d57ed00778cc,-30,9.5,8366
device_uplink,1788891125000000000,70b3d57ed00778cc,-31,13.8,8367
device_uplink,1788891141000000000,70b3d57ed00778cc,-32,12,8368
device_uplink,1788891159000000000,70b3d57ed00778cc,-34,13,8369
device_uplink,1788891175000000000,70b3d57ed00778cc,-31,14,8370
device_uplink,1788891191000000000,70b3d57ed00778cc,-33,11.2,8371
device_uplink,1788891207000000000,70b3d57ed00778cc,-31,13.2,8372
device_uplink,1788891223000000000,70b3d57ed00778cc,-33,13.2,8373
device_uplink,1788891239000000000,70b3d57ed00778cc,-28,14.2,8374
device_uplink,1788891255000000000,70b3d57ed00778cc,-27,13.5,8375
device_uplink,1788891271000000000,70b3d57ed00778cc,-32,12.5,8376
device_uplink,1788891287000000000,70b3d57ed00778cc,-33,13.2,8377
device_uplink,1788891305000000000,70b3d57ed00778cc,-33,11.2,8378
device_uplink,1788891321000000000,70b3d57ed00778cc,-31,11.5,8379
device_uplink,1788891337000000000,70b3d57ed00778cc,-28,14,8380
device_uplink,1788891353000000000,70b3d57ed00778cc,-31,13.8,8381
device_uplink,1788891369000000000,70b3d57ed00778cc,-28,14,8382
device_uplink,1788891385000000000,70b3d57ed00778cc,-32,13.5,8383
device_uplink,1788891401000000000,70b3d57ed00778cc,-27,14.2,8384
device_uplink,1788891417000000000,70b3d57ed00778cc,-32,13.5,8385
device_uplink,1788891435000000000,70b3d57ed00778cc,-32,13.2,8386
device_uplink,1788891451000000000,70b3d57ed00778cc,-32,13.8,8387
device_uplink,1788891467000000000,70b3d57ed00778cc,-29,13.5,8388
device_uplink,1788891483000000000,70b3d57ed00778cc,-30,13.2,8389
device_uplink,1788891499000000000,70b3d57ed00778cc,-30,13.2,8390
device_uplink,1788891515000000000,70b3d57ed00778cc,-28,11.2,8391
device_uplink,1788891531000000000,70b3d57ed00778cc,-29,12.8,8392
device_uplink,1788891547000000000,70b3d57ed00778cc,-31,13.8,8393
device_uplink,1788891550000000000,70b3d57ed0077801,-33,11,80
device_uplink,1788891563000000000,70b3d57ed00778cc,-31,13.8,8394
device_uplink,1788891581000000000,70b3d57ed00778cc,-30,11.8,8395
device_uplink,1788891597000000000,70b3d57ed00778cc,-31,11.2,8396
device_uplink,1788891613000000000,70b3d57ed00778cc,-29,13,8397
device_uplink,1788891629000000000,70b3d57ed00778cc,-29,14,8398
device_uplink,1788891645000000000,70b3d57ed00778cc,-32,13.8,8399
device_uplink,1788891661000000000,70b3d57ed00778cc,-30,13.2,8400
device_uplink,1788891677000000000,70b3d57ed00778cc,-34,13,8401
device_uplink,1788891693000000000,70b3d57ed00778cc,-30,12,8402
device_uplink,1788891709000000000,70b3d57ed00778cc,-29,13.8,8403
device_uplink,1788891727000000000,70b3d57ed00778cc,-31,13,8404
device_uplink,1788891743000000000,70b3d57ed00778cc,-33,13.2,8405
device_uplink,1788891759000000000,70b3d57ed00778cc,-37,10.5,8406
device_uplink,1788891775000000000,70b3d57ed00778cc,-33,13.2,8407
device_uplink,1788891791000000000,70b3d57ed00778cc,-37,8.2,8408
device_uplink,1788891807000000000,70b3d57ed00778cc,-34,13.5,8409
device_uplink,1788891823000000000,70b3d57ed00778cc,-29,12.2,8410
device_uplink,1788891839000000000,70b3d57ed00778cc,-30,10,8411
device_uplink,1788891855000000000,70b3d57ed00778cc,-33,13,8412
device_uplink,1788891873000000000,70b3d57ed00778cc,-32,13.8,8413
device_uplink,1788891889000000000,70b3d57ed00778cc,-31,13.8,8414
device_uplink,1788891905000000000,70b3d57ed00778cc,-30,12.5,8415
device_uplink,1788891921000000000,70b3d57ed00778cc,-33,13.5,8416
device_uplink,1788891937000000000,70b3d57ed00778cc,-35,13,8417
device_uplink,1788891953000000000,70b3d57ed00778cc,-30,12.8,8418
device_uplink,1788891969000000000,70b3d57ed00778cc,-36,12.8,8419
device_uplink,1788891985000000000,70b3d57ed00778cc,-33,11,8420
device_uplink,1788892003000000000,70b3d57ed00778cc,-33,13,8421
device_uplink,1788892019000000000,70b3d57ed00778cc,-30,13,8422
device_uplink,1788892035000000000,70b3d57ed00778cc,-28,13.5,8423
device_uplink,1788892051000000000,70b3d57ed00778cc,-29,13.5,8424
device_uplink,1788892067000000000,70b3d57ed00778cc,-34,13.5,8425
device_uplink,1788892083000000000,70b3d57ed00778cc,-34,13.5,8426
device_uplink,1788892099000000000,70b3d57ed00778cc,-30,12.8,8427
device_uplink,1788892115000000000,70b3d57ed00778cc,-29,13.5,8428
device_uplink,1788892131000000000,70b3d57ed00778cc,-29,13.2,8429
device_uplink,1788892149000000000,70b3d57ed00778cc,-36,8.5,8430
device_uplink,1788892165000000000,70b3d57ed00778cc,-28,13.2,8431
device_uplink,1788892181000000000,70b3d57ed00778cc,-30,13.2,8432
device_uplink,1788892197000000000,70b3d57ed00778cc,-31,13.8,8433
device_uplink,1788892213000000000,70b3d57ed00778cc,-30,12.2,8434
device_uplink,1788892229000000000,70b3d57ed00778cc,-30,12.5,8435
device_uplink,1788892245000000000,70b3d57ed00778cc,-29,13.8,8436
device_uplink,1788892261000000000,70b3d57ed00778cc,-30,11.5,8437
device_uplink,1788892277000000000,70b3d57ed00778cc,-29,13.5,8438
device_uplink,1788892295000000000,70b3d57ed00778cc,-28,8.8,8439
device_uplink,1788892311000000000,70b3d57ed00778cc,-29,13.5,8440
device_uplink,1788892327000000000,70b3d57ed00778cc,-28,13.8,8441
device_uplink,1788892343000000000,70b3d57ed00778cc,-30,12.5,8442
device_uplink,1788892359000000000,70b3d57ed00778cc,-33,13.2,8443
device_uplink,1788892375000000000,70b3d57ed00778cc,-29,10.2,8444
device_uplink,1788892391000000000,70b3d57ed00778cc,-33,13.5,8445
device_uplink,1788892407000000000,70b3d57ed00778cc,-31,13.2,8446
device_uplink,1788892425000000000,70b3d57ed00778cc,-29,13.2,8447
device_uplink,1788892441000000000,70b3d57ed00778cc,-29,13.8,8448
device_uplink,1788892457000000000,70b3d57ed00778cc,-32,13.5,8449
device_uplink,1788892458000000000,70b3d57ed0077801,-38,10.5,81
device_uplink,1788892473000000000,70b3d57ed00778cc,-29,13.8,8450
device_uplink,1788892489000000000,70b3d57ed00778cc,-30,14,8451
device_uplink,1788892505000000000,70b3d57ed00778cc,-29,13,8452
device_uplink,1788892521000000000,70b3d57ed00778cc,-31,14,8453
device_uplink,1788892537000000000,70b3d57ed00778cc,-27,13.5,8454
device_uplink,1788892555000000000,70b3d57ed00778cc,-29,13,8455
device_uplink,1788892571000000000,70b3d57ed00778cc,-27,9.2,8456
device_uplink,1788892587000000000,70b3d57ed00778cc,-28,14,8457
device_uplink,1788892603000000000,70b3d57ed00778cc,-29,13,8458
device_uplink,1788892619000000000,70b3d57ed00778cc,-35,9,8459
device_uplink,1788892635000000000,70b3d57ed00778cc,-30,13.2,8460
device_uplink,1788892651000000000,70b3d57ed00778cc,-29,12,8461
device_uplink,1788892667000000000,70b3d57ed00778cc,-34,13,8462
device_uplink,1788892685000000000,70b3d57ed00778cc,-28,13.8,8463
device_uplink,1788892701000000000,70b3d57ed00778cc,-29,13.8,8464
device_uplink,1788892717000000000,70b3d57ed00778cc,-33,13,8465
device_uplink,1788892733000000000,70b3d57ed00778cc,-33,13.2,8466
device_uplink,1788892749000000000,70b3d57ed00778cc,-30,13,8467
device_uplink,1788892765000000000,70b3d57ed00778cc,-34,12.5,8468
device_uplink,1788892781000000000,70b3d57ed00778cc,-33,13.5,8469
device_uplink,1788892797000000000,70b3d57ed00778cc,-30,9.8,8470
device_uplink,1788892815000000000,70b3d57ed00778cc,-32,12.5,8471
device_uplink,1788892831000000000,70b3d57ed00778cc,-30,13.2,8472
device_uplink,1788892847000000000,70b3d57ed00778cc,-40,11.8,8473
device_uplink,1788892863000000000,70b3d57ed00778cc,-29,13,8474
device_uplink,1788892879000000000,70b3d57ed00778cc,-35,12.8,8475
device_uplink,1788892895000000000,70b3d57ed00778cc,-35,12.2,8476
device_uplink,1788892911000000000,70b3d57ed00778cc,-29,12.5,8477
device_uplink,1788892927000000000,70b3d57ed00778cc,-28,9,8478
device_uplink,1788892945000000000,70b3d57ed00778cc,-32,13.2,8479
device_uplink,1788892961000000000,70b3d57ed00778cc,-34,12,8480
device_uplink,1788892977000000000,70b3d57ed00778cc,-29,13.5,8481
device_uplink,1788892993000000000,70b3d57ed00778cc,-31,11.5,8482
device_uplink,1788893009000000000,70b3d57ed00778cc,-32,12.5,8483
device_uplink,1788893025000000000,70b3d57ed00778cc,-29,13.2,8484
device_uplink,1788893041000000000,70b3d57ed00778cc,-28,13.8,8485
device_uplink,1788893057000000000,70b3d57ed00778cc,-28,13.5,8486
device_uplink,1788893075000000000,70b3d57ed00778cc,-28,13.2,8487
device_uplink,1788893091000000000,70b3d57ed00778cc,-30,10,8488
device_uplink,1788893107000000000,70b3d57ed00778cc,-30,12.5,8489
device_uplink,1788893123000000000,70b3d57ed00778cc,-32,13.5,8490
device_uplink,1788893139000000000,70b3d57ed00778cc,-31,12.8,8491
device_uplink,1788893155000000000,70b3d57ed00778cc,-31,10,8492
device_uplink,1788893171000000000,70b3d57ed00778cc,-32,13.8,8493
device_uplink,1788893187000000000,70b3d57ed00778cc,-28,13.5,8494
device_uplink,1788893205000000000,70b3d57ed00778cc,-28,13.8,8495
device_uplink,1788893221000000000,70b3d57ed00778cc,-28,12.8,8496
device_uplink,1788893237000000000,70b3d57ed00778cc,-29,13.8,8497
device_uplink,1788893253000000000,70b3d57ed00778cc,-29,14,8498
device_uplink,1788893269000000000,70b3d57ed00778cc,-30,12.5,8499
device_uplink,1788893285000000000,70b3d57ed00778cc,-39,12.2,8500
device_uplink,1788893301000000000,70b3d57ed00778cc,-30,12.2,8501
device_uplink,1788893317000000000,70b3d57ed00778cc,-32,11.5,8502
device_uplink,1788893335000000000,70b3d57ed00778cc,-29,13.5,8503
device_uplink,1788893351000000000,70b3d57ed00778cc,-29,13.8,8504
device_uplink,1788893367000000000,70b3d57ed0077801,-36,11.8,82
device_uplink,1788893367000000000,70b3d57ed00778cc,-29,13,8505
device_uplink,1788893383000000000,70b3d57ed00778cc,-29,12.8,8506
device_uplink,1788893399000000000,70b3d57ed00778cc,-31,13.5,8507
device_uplink,1788893415000000000,70b3d57ed00778cc,-31,12.8,8508
device_uplink,1788893431000000000,70b3d57ed00778cc,-32,13.8,8509
device_uplink,1788893447000000000,70b3d57ed00778cc,-28,14.2,8510
device_uplink,1788893465000000000,70b3d57ed00778cc,-28,9.8,8511
device_uplink,1788893481000000000,70b3d57ed00778cc,-29,14.2,8512
device_uplink,1788893497000000000,70b3d57ed00778cc,-29,13.2,8513
device_uplink,1788893513000000000,70b3d57ed00778cc,-34,13.5,8514
device_uplink,1788893529000000000,70b3d57ed00778cc,-30,10.2,8515
device_uplink,1788893545000000000,70b3d57ed00778cc,-28,13.8,8516
device_uplink,1788893561000000000,70b3d57ed00778cc,-30,12.2,8517
device_uplink,1788893577000000000,70b3d57ed00778cc,-31,12.8,8518
device_uplink,1788893595000000000,70b3d57ed00778cc,-28,14.2,8519
device_uplink,1788893611000000000,70b3d57ed00778cc,-32,12.8,8520
device_uplink,1788893627000000000,70b3d57ed00778cc,-31,14,8521
device_uplink,1788893643000000000,70b3d57ed00778cc,-33,13.2,8522
device_uplink,1788893659000000000,70b3d57ed00778cc,-28,13.5,8523
device_uplink,1788893675000000000,70b3d57ed00778cc,-29,13.8,8524
device_uplink,1788893693000000000,70b3d57ed00778cc,-28,14,8525
device_uplink,1788893709000000000,70b3d57ed00778cc,-29,13.8,8526
device_uplink,1788893725000000000,70b3d57ed00778cc,-33,13,8527
device_uplink,1788893741000000000,70b3d57ed00778cc,-27,10.8,8528
device_uplink,1788893757000000000,70b3d57ed00778cc,-31,13.5,8529
device_uplink,1788893773000000000,70b3d57ed00778cc,-29,13,8530
device_uplink,1788893791000000000,70b3d57ed00778cc,-29,13.8,8531
device_uplink,1788893807000000000,70b3d57ed00778cc,-30,13.5,8532
device_uplink,1788893823000000000,70b3d57ed00778cc,-37,9.8,8533
device_uplink,1788893839000000000,70b3d57ed00778cc,-36,12.5,8534
device_uplink,1788893855000000000,70b3d57ed00778cc,-29,8.5,8535
device_uplink,1788893871000000000,70b3d57ed00778cc,-30,12.2,8536
device_uplink,1788893887000000000,70b3d57ed00778cc,-29,13,8537
device_uplink,1788893903000000000,70b3d57ed00778cc,-28,14.2,8538
device_uplink,1788893921000000000,70b3d57ed00778cc,-28,14,8539
device_uplink,1788893937000000000,70b3d57ed00778cc,-31,13.2,8540
device_uplink,1788893953000000000,70b3d57ed00778cc,-27,13.5,8541
device_uplink,1788893969000000000,70b3d57ed00778cc,-30,12,8542
device_uplink,1788893985000000000,70b3d57ed00778cc,-29,10.2,8543
device_uplink,1788894001000000000,70b3d57ed00778cc,-32,12.2,8544
device_uplink,1788894017000000000,70b3d57ed00778cc,-31,14,8545
device_uplink,1788894033000000000,70b3d57ed00778cc,-26,13.5,8546
device_uplink,1788894051000000000,70b3d57ed00778cc,-29,11.5,8547
device_uplink,1788894067000000000,70b3d57ed00778cc,-29,8.8,8548
device_uplink,1788894083000000000,70b3d57ed00778cc,-33,13.5,8549
device_uplink,1788894099000000000,70b3d57ed00778cc,-31,13.2,8550
device_uplink,1788894115000000000,70b3d57ed00778cc,-31,13.2,8551
device_uplink,1788894131000000000,70b3d57ed00778cc,-33,13.2,8552
device_uplink,1788894147000000000,70b3d57ed00778cc,-31,13.2,8553
device_uplink,1788894163000000000,70b3d57ed00778cc,-31,13.8,8554
device_uplink,1788894181000000000,70b3d57ed00778cc,-28,14,8555
device_uplink,1788894197000000000,70b3d57ed00778cc,-29,12.8,8556
device_uplink,1788894213000000000,70b3d57ed00778cc,-30,13.2,8557
device_uplink,1788894229000000000,70b3d57ed00778cc,-34,13.5,8558
device_uplink,1788894245000000000,70b3d57ed00778cc,-28,14,8559
device_uplink,1788894261000000000,70b3d57ed00778cc,-26,11.2,8560
device_uplink,1788894275000000000,70b3d57ed0077801,-31,13.5,83
device_uplink,1788894277000000000,70b3d57ed00778cc,-30,13,8561
device_uplink,1788894293000000000,70b3d57ed00778cc,-33,13.5,8562
device_uplink,1788894311000000000,70b3d57ed00778cc,-28,14,8563
device_uplink,1788894327000000000,70b3d57ed00778cc,-29,13.8,8564
device_uplink,1788894343000000000,70b3d57ed00778cc,-30,13.5,8565
device_uplink,1788894359000000000,70b3d57ed00778cc,-30,9.5,8566
device_uplink,1788894375000000000,70b3d57ed00778cc,-28,13,8567
device_uplink,1788894391000000000,70b3d57ed00778cc,-28,14,8568
device_uplink,1788894407000000000,70b3d57ed00778cc,-28,13.8,8569
device_uplink,1788894423000000000,70b3d57ed00778cc,-28,14,8570
device_uplink,1788894441000000000,70b3d57ed00778cc,-32,12.5,8571
device_uplink,1788894457000000000,70b3d57ed00778cc,-33,13.2,8572
device_uplink,1788894473000000000,70b3d57ed00778cc,-27,13.8,8573
device_uplink,1788894489000000000,70b3d57ed00778cc,-30,13,8574
device_uplink,1788894505000000000,70b3d57ed00778cc,-30,9.8,8575
device_uplink,1788894521000000000,70b3d57ed00778cc,-28,13.8,8576
device_uplink,1788894537000000000,70b3d57ed00778cc,-28,14,8577
device_uplink,1788894553000000000,70b3d57ed00778cc,-26,11.2,8578
device_uplink,1788894571000000000,70b3d57ed00778cc,-31,13.8,8579
device_uplink,1788894587000000000,70b3d57ed00778cc,-34,13.5,8580
device_uplink,1788894603000000000,70b3d57ed00778cc,-29,13.5,8581
device_uplink,1788894619000000000,70b3d57ed00778cc,-28,13.5,8582
device_uplink,1788894635000000000,70b3d57ed00778cc,-33,13.5,8583
device_uplink,1788894651000000000,70b3d57ed00778cc,-28,11.8,8584
device_uplink,1788894667000000000,70b3d57ed00778cc,-32,13.8,8585
device_uplink,1788894683000000000,70b3d57ed00778cc,-34,12.5,8586
device_uplink,1788894701000000000,70b3d57ed00778cc,-26,13.8,8587
device_uplink,1788894717000000000,70b3d57ed00778cc,-31,13.5,8588
device_uplink,1788894733000000000,70b3d57ed00778cc,-31,11.8,8589
device_uplink,1788894749000000000,70b3d57ed00778cc,-30,13.5,8590
device_uplink,1788894765000000000,70b3d57ed00778cc,-36,8.2,8591
device_uplink,1788894781000000000,70b3d57ed00778cc,-33,13.2,8592
device_uplink,1788894797000000000,70b3d57ed00778cc,-32,13.2,8593
device_uplink,1788894813000000000,70b3d57ed00778cc,-32,13.5,8594
device_uplink,1788894831000000000,70b3d57ed00778cc,-31,12,8595
device_uplink,1788894847000000000,70b3d57ed00778cc,-31,13.5,8596
device_uplink,1788894863000000000,70b3d57ed00778cc,-29,13,8597
device_uplink,1788894879000000000,70b3d57ed00778cc,-29,13,8598
device_uplink,1788894895000000000,70b3d57ed00778cc,-29,8.8,8599
device_uplink,1788894911000000000,70b3d57ed00778cc,-27,14.2,8600
device_uplink,1788894927000000000,70b3d57ed00778cc,-30,13.2,8601
device_uplink,1788894943000000000,70b3d57ed00778cc,-28,14.2,8602
device_uplink,1788894961000000000,70b3d57ed00778cc,-33,13,8603
device_uplink,1788894977000000000,70b3d57ed00778cc,-29,8.5,8604
device_uplink,1788894993000000000,70b3d57ed00778cc,-32,11.8,8605
device_uplink,1788895009000000000,70b3d57ed00778cc,-33,13,8606
device_uplink,1788895025000000000,70b3d57ed00778cc,-29,13.2,8607
device_uplink,1788895041000000000,70b3d57ed00778cc,-27,14,8608
device_uplink,1788895057000000000,70b3d57ed00778cc,-29,14,8609
device_uplink,1788895073000000000,70b3d57ed00778cc,-36,11.2,8610
device_uplink,1788895091000000000,70b3d57ed00778cc,-32,12,8611
device_uplink,1788895107000000000,70b3d57ed00778cc,-33,10.5,8612
device_uplink,1788895123000000000,70b3d57ed00778cc,-31,13,8613
device_uplink,1788895139000000000,70b3d57ed00778cc,-31,13.8,8614
device_uplink,1788895155000000000,70b3d57ed00778cc,-30,12.2,8615
device_uplink,1788895171000000000,70b3d57ed00778cc,-31,13.2,8616
device_uplink,1788895183000000000,70b3d57ed0077801,-29,13.2,84
device_uplink,1788895189000000000,70b3d57ed00778cc,-28,14,8617
device_uplink,1788895205000000000,70b3d57ed00778cc,-35,13,8618
device_uplink,1788895221000000000,70b3d57ed00778cc,-29,8.2,8619
device_uplink,1788895237000000000,70b3d57ed00778cc,-30,13.8,8620
device_uplink,1788895253000000000,70b3d57ed00778cc,-31,11.2,8621
device_uplink,1788895269000000000,70b3d57ed00778cc,-34,9,8622
device_uplink,1788895285000000000,70b3d57ed00778cc,-31,13.5,8623
device_uplink,1788895301000000000,70b3d57ed00778cc,-31,13.2,8624
device_uplink,1788895317000000000,70b3d57ed00778cc,-29,13,8625
device_uplink,1788895335000000000,70b3d57ed00778cc,-27,14,8626
device_uplink,1788895351000000000,70b3d57ed00778cc,-27,13.2,8627
device_uplink,1788895367000000000,70b3d57ed00778cc,-27,11,8628
device_uplink,1788895383000000000,70b3d57ed00778cc,-28,13.2,8629
device_uplink,1788895399000000000,70b3d57ed00778cc,-33,13.8,8630
device_uplink,1788895415000000000,70b3d57ed00778cc,-29,13,8631
device_uplink,1788895431000000000,70b3d57ed00778cc,-29,12.5,8632
device_uplink,1788895447000000000,70b3d57ed00778cc,-31,14,8633
device_uplink,1788895465000000000,70b3d57ed00778cc,-31,12,8634
device_uplink,1788895481000000000,70b3d57ed00778cc,-31,13.2,8635
device_uplink,1788895497000000000,70b3d57ed00778cc,-28,13,8636
device_uplink,1788895513000000000,70b3d57ed00778cc,-31,12.8,8637
device_uplink,1788895529000000000,70b3d57ed00778cc,-30,11.5,8638
device_uplink,1788895545000000000,70b3d57ed00778cc,-28,8.8,8639
device_uplink,1788895563000000000,70b3d57ed00778cc,-29,13.5,8640
device_uplink,1788895579000000000,70b3d57ed00778cc,-28,14,8641
device_uplink,1788895595000000000,70b3d57ed00778cc,-29,13.5,8642
device_uplink,1788895611000000000,70b3d57ed00778cc,-31,13.5,8643
device_uplink,1788895627000000000,70b3d57ed00778cc,-30,14.2,8644
device_uplink,1788895643000000000,70b3d57ed00778cc,-33,11.5,8645
device_uplink,1788895659000000000,70b3d57ed00778cc,-28,9.2,8646
device_uplink,1788895675000000000,70b3d57ed00778cc,-30,12.5,8647
device_uplink,1788895693000000000,70b3d57ed00778cc,-28,13,8648
device_uplink,1788895709000000000,70b3d57ed00778cc,-30,12.2,8649
device_uplink,1788895725000000000,70b3d57ed00778cc,-28,13.2,8650
device_uplink,1788895741000000000,70b3d57ed00778cc,-29,8.8,8651
device_uplink,1788895757000000000,70b3d57ed00778cc,-28,14.2,8652
device_uplink,1788895773000000000,70b3d57ed00778cc,-31,13.2,8653
device_uplink,1788895789000000000,70b3d57ed00778cc,-29,12.8,8654
device_uplink,1788895805000000000,70b3d57ed00778cc,-27,14,8655
device_uplink,1788895823000000000,70b3d57ed00778cc,-31,13,8656
device_uplink,1788895839000000000,70b3d57ed00778cc,-29,13.8,8657
device_uplink,1788895855000000000,70b3d57ed00778cc,-32,13.2,8658
device_uplink,1788895871000000000,70b3d57ed00778cc,-28,14.2,8659
device_uplink,1788895887000000000,70b3d57ed00778cc,-31,13.2,8660
device_uplink,1788895903000000000,70b3d57ed00778cc,-29,9,8661
device_uplink,1788895919000000000,70b3d57ed00778cc,-30,11.2,8662
device_uplink,1788895935000000000,70b3d57ed00778cc,-27,13.8,8663
device_uplink,1788895953000000000,70b3d57ed00778cc,-35,12.8,8664
device_uplink,1788895969000000000,70b3d57ed00778cc,-28,14.2,8665
device_uplink,1788895985000000000,70b3d57ed00778cc,-28,14.2,8666
device_uplink,1788896001000000000,70b3d57ed00778cc,-33,12.8,8667
device_uplink,1788896017000000000,70b3d57ed00778cc,-26,12.8,8668
device_uplink,1788896033000000000,70b3d57ed00778cc,-28,13.8,8669
device_uplink,1788896049000000000,70b3d57ed00778cc,-27,14,8670
device_uplink,1788896065000000000,70b3d57ed00778cc,-31,9.2,8671
device_uplink,1788896083000000000,70b3d57ed00778cc,-34,11.8,8672
device_uplink,1788896092000000000,70b3d57ed0077801,-32,11.8,85
device_uplink,1788896099000000000,70b3d57ed00778cc,-27,13.5,8673
device_uplink,1788896115000000000,70b3d57ed00778cc,-30,13,8674
device_uplink,1788896131000000000,70b3d57ed00778cc,-30,11.5,8675
device_uplink,1788896147000000000,70b3d57ed00778cc,-30,9.5,8676
device_uplink,1788896163000000000,70b3d57ed00778cc,-27,13.2,8677
device_uplink,1788896179000000000,70b3d57ed00778cc,-26,13.5,8678
device_uplink,1788896197000000000,70b3d57ed00778cc,-31,12.5,8679
device_uplink,1788896213000000000,70b3d57ed00778cc,-29,13,8680
device_uplink,1788896229000000000,70b3d57ed00778cc,-28,13.2,8681
device_uplink,1788896245000000000,70b3d57ed00778cc,-30,11.5,8682
device_uplink,1788896261000000000,70b3d57ed00778cc,-30,13,8683
device_uplink,1788896277000000000,70b3d57ed00778cc,-28,14.2,8684
device_uplink,1788896293000000000,70b3d57ed00778cc,-25,11,8685
device_uplink,1788896311000000000,70b3d57ed00778cc,-27,13.8,8686
device_uplink,1788896327000000000,70b3d57ed00778cc,-30,12,8687
device_uplink,1788896343000000000,70b3d57ed00778cc,-30,14,8688
device_uplink,1788896359000000000,70b3d57ed00778cc,-32,13.5,8689
device_uplink,1788896375000000000,70b3d57ed00778cc,-29,13.2,8690
device_uplink,1788896391000000000,70b3d57ed00778cc,-27,13.8,8691
device_uplink,1788896407000000000,70b3d57ed00778cc,-40,11.5,8692
device_uplink,1788896423000000000,70b3d57ed00778cc,-29,13,8693
device_uplink,1788896441000000000,70b3d57ed00778cc,-28,14,8694
device_uplink,1788896457000000000,70b3d57ed00778cc,-30,12,8695
device_uplink,1788896473000000000,70b3d57ed00778cc,-30,11.5,8696
device_uplink,1788896489000000000,70b3d57ed00778cc,-28,13.5,8697
device_uplink,1788896505000000000,70b3d57ed00778cc,-29,14,8698
device_uplink,1788896521000000000,70b3d57ed00778cc,-28,14,8699
device_uplink,1788896537000000000,70b3d57ed00778cc,-29,12.8,8700
device_uplink,1788896553000000000,70b3d57ed00778cc,-28,12.5,8701
device_uplink,1788896571000000000,70b3d57ed00778cc,-27,9.5,8702
device_uplink,1788896587000000000,70b3d57ed00778cc,-31,13.2,8703
device_uplink,1788896603000000000,70b3d57ed00778cc,-31,12.8,8704
device_uplink,1788896619000000000,70b3d57ed00778cc,-28,13.8,8705
device_uplink,1788896635000000000,70b3d57ed00778cc,-26,11.2,8706
device_uplink,1788896651000000000,70b3d57ed00778cc,-35,11.8,8707
device_uplink,1788896667000000000,70b3d57ed00778cc,-28,13.5,8708
device_uplink,1788896685000000000,70b3d57ed00778cc,-29,13.5,8709
device_uplink,1788896701000000000,70b3d57ed00778cc,-29,13.2,8710
device_uplink,1788896717000000000,70b3d57ed00778cc,-31,13,8711
device_uplink,1788896733000000000,70b3d57ed00778cc,-31,13.5,8712
device_uplink,1788896749000000000,70b3d57ed00778cc,-27,13.5,8713
device_uplink,1788896765000000000,70b3d57ed00778cc,-31,13.2,8714
device_uplink,1788896781000000000,70b3d57ed00778cc,-31,10.2,8715
device_uplink,1788896797000000000,70b3d57ed00778cc,-31,12.5,8716
device_uplink,1788896815000000000,70b3d57ed00778cc,-30,12.8,8717
device_uplink,1788896831000000000,70b3d57ed00778cc,-33,13.5,8718
device_uplink,1788896847000000000,70b3d57ed00778cc,-31,12.8,8719
device_uplink,1788896863000000000,70b3d57ed00778cc,-29,13,8720
device_uplink,1788896879000000000,70b3d57ed00778cc,-34,13,8721
device_uplink,1788896895000000000,70b3d57ed00778cc,-28,13.8,8722
device_uplink,1788896911000000000,70b3d57ed00778cc,-27,14,8723
device_uplink,1788896927000000000,70b3d57ed00778cc,-28,14,8724
device_uplink,1788896945000000000,70b3d57ed00778cc,-29,13.8,8725
device_uplink,1788896961000000000,70b3d57ed00778cc,-28,8.8,8726
device_uplink,1788896977000000000,70b3d57ed00778cc,-28,13.8,8727
device_uplink,1788896993000000000,70b3d57ed00778cc,-28,13.5,8728
device_uplink,1788897000000000000,70b3d57ed0077801,-41,10.8,86
device_uplink,1788897009000000000,70b3d57ed00778cc,-28,14.2,8729
device_uplink,1788897025000000000,70b3d57ed00778cc,-30,12,8730
device_uplink,1788897041000000000,70b3d57ed00778cc,-28,13.8,8731
device_uplink,1788897057000000000,70b3d57ed00778cc,-33,13.5,8732
device_uplink,1788897075000000000,70b3d57ed00778cc,-31,13,8733
device_uplink,1788897091000000000,70b3d57ed00778cc,-29,14,8734
device_uplink,1788897107000000000,70b3d57ed00778cc,-31,13.5,8735
device_uplink,1788897123000000000,70b3d57ed00778cc,-29,8.5,8736
device_uplink,1788897139000000000,70b3d57ed00778cc,-30,12.5,8737
device_uplink,1788897155000000000,70b3d57ed00778cc,-28,13.8,8738
device_uplink,1788897171000000000,70b3d57ed00778cc,-30,13,8739
device_uplink,1788897187000000000,70b3d57ed00778cc,-27,14,8740
device_uplink,1788897205000000000,70b3d57ed00778cc,-29,13,8741
device_uplink,1788897221000000000,70b3d57ed00778cc,-28,8.5,8742
device_uplink,1788897237000000000,70b3d57ed00778cc,-28,14,8743
device_uplink,1788897253000000000,70b3d57ed00778cc,-32,13.2,8744
device_uplink,1788897269000000000,70b3d57ed00778cc,-29,13.2,8745
device_uplink,1788897285000000000,70b3d57ed00778cc,-29,13.5,8746
device_uplink,1788897301000000000,70b3d57ed00778cc,-33,12,8747
device_uplink,1788897317000000000,70b3d57ed00778cc,-31,13.8,8748
device_uplink,1788897335000000000,70b3d57ed00778cc,-28,13.8,8749
device_uplink,1788897351000000000,70b3d57ed00778cc,-30,9.5,8750
device_uplink,1788897367000000000,70b3d57ed00778cc,-28,14.2,8751
device_uplink,1788897383000000000,70b3d57ed00778cc,-29,13.5,8752
device_uplink,1788897399000000000,70b3d57ed00778cc,-28,14,8753
device_uplink,1788897415000000000,70b3d57ed00778cc,-29,13.5,8754
device_uplink,1788897431000000000,70b3d57ed00778cc,-30,12,8755
device_uplink,1788897447000000000,70b3d57ed00778cc,-29,12.2,8756
device_uplink,1788897465000000000,70b3d57ed00778cc,-29,13.8,8757
device_uplink,1788897481000000000,70b3d57ed00778cc,-28,13.5,8758
device_uplink,1788897497000000000,70b3d57ed00778cc,-28,9,8759
device_uplink,1788897513000000000,70b3d57ed00778cc,-33,12.8,8760
device_uplink,1788897529000000000,70b3d57ed00778cc,-28,14,8761
device_uplink,1788897545000000000,70b3d57ed00778cc,-31,11.5,8762
device_uplink,1788897561000000000,70b3d57ed00778cc,-27,13.5,8763
device_uplink,1788897579000000000,70b3d57ed00778cc,-28,13.8,8764
device_uplink,1788897595000000000,70b3d57ed00778cc,-30,12.5,8765
device_uplink,1788897611000000000,70b3d57ed00778cc,-32,13,8766
device_uplink,1788897627000000000,70b3d57ed00778cc,-28,14.2,8767
device_uplink,1788897643000000000,70b3d57ed00778cc,-28,14,8768
device_uplink,1788897659000000000,70b3d57ed00778cc,-32,14.2,8769
device_uplink,1788897675000000000,70b3d57ed00778cc,-30,12.2,8770
device_uplink,1788897691000000000,70b3d57ed00778cc,-30,12,8771
device_uplink,1788897709000000000,70b3d57ed00778cc,-26,11.2,8772
device_uplink,1788897725000000000,70b3d57ed00778cc,-28,13.5,8773
device_uplink,1788897741000000000,70b3d57ed00778cc,-32,12.2,8774
device_uplink,1788897757000000000,70b3d57ed00778cc,-28,14.2,8775
device_uplink,1788897773000000000,70b3d57ed00778cc,-28,13.8,8776
device_uplink,1788897789000000000,70b3d57ed00778cc,-30,11.8,8777
device_uplink,1788897805000000000,70b3d57ed00778cc,-31,13,8778
device_uplink,1788897821000000000,70b3d57ed00778cc,-29,13,8779
device_uplink,1788897839000000000,70b3d57ed00778cc,-29,13.5,8780
device_uplink,1788897855000000000,70b3d57ed00778cc,-27,14,8781
device_uplink,1788897871000000000,70b3d57ed00778cc,-36,12.8,8782
device_uplink,1788897887000000000,70b3d57ed00778cc,-29,13,8783
device_uplink,1788897903000000000,70b3d57ed00778cc,-31,10.5,8784
device_uplink,1788897909000000000,70b3d57ed0077801,-41,11.5,87
device_uplink,1788897919000000000,70b3d57ed00778cc,-28,14,8785
device_uplink,1788897935000000000,70b3d57ed00778cc,-30,10.2,8786
device_uplink,1788897951000000000,70b3d57ed00778cc,-32,13.5,8787
device_uplink,1788897969000000000,70b3d57ed00778cc,-31,13.2,8788
device_uplink,1788897985000000000,70b3d57ed00778cc,-28,13.8,8789
device_uplink,1788898001000000000,70b3d57ed00778cc,-28,13.8,8790
device_uplink,1788898017000000000,70b3d57ed00778cc,-27,10.2,8791
device_uplink,1788898033000000000,70b3d57ed00778cc,-28,14,8792
device_uplink,1788898049000000000,70b3d57ed00778cc,-30,12.8,8793
device_uplink,1788898065000000000,70b3d57ed00778cc,-29,12.8,8794
device_uplink,1788898081000000000,70b3d57ed00778cc,-30,12,8795
device_uplink,1788898099000000000,70b3d57ed00778cc,-32,13.2,8796
device_uplink,1788898115000000000,70b3d57ed00778cc,-27,13.8,8797
device_uplink,1788898131000000000,70b3d57ed00778cc,-30,9.5,8798
device_uplink,1788898147000000000,70b3d57ed00778cc,-29,13,8799
device_uplink,1788898163000000000,70b3d57ed00778cc,-31,13,8800
device_uplink,1788898179000000000,70b3d57ed00778cc,-30,12.5,8801
device_uplink,1788898195000000000,70b3d57ed00778cc,-27,13.8,8802
device_uplink,1788898211000000000,70b3d57ed00778cc,-28,13.5,8803
device_uplink,1788898229000000000,70b3d57ed00778cc,-28,14,8804
device_uplink,1788898245000000000,70b3d57ed00778cc,-31,13.2,8805
device_uplink,1788898261000000000,70b3d57ed00778cc,-28,14,8806
device_uplink,1788898277000000000,70b3d57ed00778cc,-31,12.2,8807
device_uplink,1788898293000000000,70b3d57ed00778cc,-30,9.2,8808
device_uplink,1788898309000000000,70b3d57ed00778cc,-31,13.5,8809
device_uplink,1788898327000000000,70b3d57ed00778cc,-28,14,8810
device_uplink,1788898343000000000,70b3d57ed00778cc,-30,10.2,8811
device_uplink,1788898359000000000,70b3d57ed00778cc,-27,14,8812
device_uplink,1788898375000000000,70b3d57ed00778cc,-31,13.5,8813
device_uplink,1788898391000000000,70b3d57ed00778cc,-30,12.8,8814
device_uplink,1788898407000000000,70b3d57ed00778cc,-34,13,8815
device_uplink,1788898425000000000,70b3d57ed00778cc,-30,12.2,8816
device_uplink,1788898441000000000,70b3d57ed00778cc,-30,12,8817
device_uplink,1788898457000000000,70b3d57ed00778cc,-30,13,8818
device_uplink,1788898473000000000,70b3d57ed00778cc,-32,12.8,8819
device_uplink,1788898489000000000,70b3d57ed00778cc,-31,14,8820
device_uplink,1788898505000000000,70b3d57ed00778cc,-29,13,8821
device_uplink,1788898521000000000,70b3d57ed00778cc,-28,14.2,8822
device_uplink,1788898537000000000,70b3d57ed00778cc,-27,13.8,8823
device_uplink,1788898555000000000,70b3d57ed00778cc,-31,11.5,8824
device_uplink,1788898571000000000,70b3d57ed00778cc,-29,13.5,8825
device_uplink,1788898587000000000,70b3d57ed00778cc,-26,13.8,8826
device_uplink,1788898603000000000,70b3d57ed00778cc,-30,13.2,8827
device_uplink,1788898619000000000,70b3d57ed00778cc,-28,14.2,8828
device_uplink,1788898635000000000,70b3d57ed00778cc,-26,13.5,8829
device_uplink,1788898651000000000,70b3d57ed00778cc,-32,12.5,8830
device_uplink,1788898669000000000,70b3d57ed00778cc,-33,11,8831
device_uplink,1788898685000000000,70b3d57ed00778cc,-30,11,8832
device_uplink,1788898701000000000,70b3d57ed00778cc,-28,13.5,8833
device_uplink,1788898717000000000,70b3d57ed00778cc,-31,11.5,8834
device_uplink,1788898733000000000,70b3d57ed00778cc,-33,13.2,8835
device_uplink,1788898751000000000,70b3d57ed00778cc,-26,13.8,8836
device_uplink,1788898767000000000,70b3d57ed00778cc,-28,14.5,8837
device_uplink,1788898783000000000,70b3d57ed00778cc,-29,12.5,8838
device_uplink,1788898799000000000,70b3d57ed00778cc,-30,13.5,8839
device_uplink,1788898815000000000,70b3d57ed00778cc,-31,12.8,8840
device_uplink,1788898817000000000,70b3d57ed0077801,-33,11.5,88
device_uplink,1788898831000000000,70b3d57ed00778cc,-29,13,8841
device_uplink,1788898847000000000,70b3d57ed00778cc,-29,13.2,8842
device_uplink,1788898863000000000,70b3d57ed00778cc,-28,13.8,8843
device_uplink,1788898881000000000,70b3d57ed00778cc,-29,8.5,8844
device_uplink,1788898897000000000,70b3d57ed00778cc,-36,10,8845
device_uplink,1788898913000000000,70b3d57ed00778cc,-30,13.8,8846
device_uplink,1788898929000000000,70b3d57ed00778cc,-29,13.8,8847
device_uplink,1788898945000000000,70b3d57ed00778cc,-29,13,8848
device_uplink,1788898961000000000,70b3d57ed00778cc,-27,13.8,8849
device_uplink,1788898977000000000,70b3d57ed00778cc,-30,13.8,8850
device_uplink,1788898995000000000,70b3d57ed00778cc,-28,14.2,8851
device_uplink,1788899011000000000,70b3d57ed00778cc,-29,13.5,8852
device_uplink,1788899027000000000,70b3d57ed00778cc,-31,13.5,8853
device_uplink,1788899043000000000,70b3d57ed00778cc,-30,11.8,8854
device_uplink,1788899059000000000,70b3d57ed00778cc,-30,13,8855
device_uplink,1788899075000000000,70b3d57ed00778cc,-29,8.8,8856
device_uplink,1788899091000000000,70b3d57ed00778cc,-27,13.8,8857
device_uplink,1788899107000000000,70b3d57ed00778cc,-27,13.2,8858
device_uplink,1788899125000000000,70b3d57ed00778cc,-31,13,8859
device_uplink,1788899141000000000,70b3d57ed00778cc,-27,14,8860
device_uplink,1788899157000000000,70b3d57ed00778cc,-35,12.2,8861
device_uplink,1788899173000000000,70b3d57ed00778cc,-28,9,8862
device_uplink,1788899189000000000,70b3d57ed00778cc,-30,12.8,8863
device_uplink,1788899205000000000,70b3d57ed00778cc,-29,13.2,8864
device_uplink,1788899221000000000,70b3d57ed00778cc,-30,13.2,8865
device_uplink,1788899237000000000,70b3d57ed00778cc,-28,8.8,8866
device_uplink,1788899253000000000,70b3d57ed00778cc,-28,13.2,8867
device_uplink,1788899271000000000,70b3d57ed00778cc,-31,14,8868
device_uplink,1788899287000000000,70b3d57ed00778cc,-30,13.2,8869
device_uplink,1788899303000000000,70b3d57ed00778cc,-27,13.8,8870
device_uplink,1788899319000000000,70b3d57ed00778cc,-31,13.8,8871
device_uplink,1788899335000000000,70b3d57ed00778cc,-29,13.5,8872
device_uplink,1788899351000000000,70b3d57ed00778cc,-29,12.2,8873
device_uplink,1788899369000000000,70b3d57ed00778cc,-28,13.8,8874
device_uplink,1788899385000000000,70b3d57ed00778cc,-29,13.8,8875
device_uplink,1788899401000000000,70b3d57ed00778cc,-29,13,8876
device_uplink,1788899417000000000,70b3d57ed00778cc,-26,13.2,8877
device_uplink,1788899433000000000,70b3d57ed00778cc,-28,13.2,8878
device_uplink,1788899449000000000,70b3d57ed00778cc,-31,13.8,8879
device_uplink,1788899465000000000,70b3d57ed00778cc,-27,10.8,8880
device_uplink,1788899481000000000,70b3d57ed00778cc,-28,13.8,8881
device_uplink,1788899499000000000,70b3d57ed00778cc,-28,14.2,8882
device_uplink,1788899515000000000,70b3d57ed00778cc,-30,13.2,8883
device_uplink,1788899531000000000,70b3d57ed00778cc,-36,13,8884
device_uplink,1788899547000000000,70b3d57ed00778cc,-29,9.2,8885
device_uplink,1788899563000000000,70b3d57ed00778cc,-33,13,8886
device_uplink,1788899581000000000,70b3d57ed00778cc,-28,14,8887
device_uplink,1788899597000000000,70b3d57ed00778cc,-29,12.2,8888
device_uplink,1788899613000000000,70b3d57ed00778cc,-27,13.5,8889
device_uplink,1788899629000000000,70b3d57ed00778cc,-28,13.8,8890
device_uplink,1788899645000000000,70b3d57ed00778cc,-28,14,8891
device_uplink,1788899661000000000,70b3d57ed00778cc,-31,12.5,8892
device_uplink,1788899679000000000,70b3d57ed00778cc,-31,13.5,8893
device_uplink,1788899695000000000,70b3d57ed00778cc,-27,14,8894
device_uplink,1788899711000000000,70b3d57ed00778cc,-29,13.8,8895
device_uplink,1788899725000000000,70b3d57ed0077801,-27,13.2,89
device_uplink,1788899727000000000,70b3d57ed00778cc,-27,10,8896
device_uplink,1788899743000000000,70b3d57ed00778cc,-27,13.5,8897
device_uplink,1788899759000000000,70b3d57ed00778cc,-32,12.8,8898
device_uplink,1788899775000000000,70b3d57ed00778cc,-32,13.2,8899
device_uplink,1788899793000000000,70b3d57ed00778cc,-29,13,8900
device_uplink,1788899809000000000,70b3d57ed00778cc,-26,10.5,8901
device_uplink,1788899825000000000,70b3d57ed00778cc,-26,13.5,8902
device_uplink,1788899841000000000,70b3d57ed00778cc,-31,12,8903
device_uplink,1788899857000000000,70b3d57ed00778cc,-30,12.5,8904
device_uplink,1788899873000000000,70b3d57ed00778cc,-31,14,8905
device_uplink,1788899889000000000,70b3d57ed00778cc,-28,13,8906
device_uplink,1788899907000000000,70b3d57ed00778cc,-31,12.8,8907
device_uplink,1788899923000000000,70b3d57ed00778cc,-29,12.8,8908
device_uplink,1788899939000000000,70b3d57ed00778cc,-29,12.2,8909
device_uplink,1788899955000000000,70b3d57ed00778cc,-26,13.2,8910
device_uplink,1788899971000000000,70b3d57ed00778cc,-29,13.5,8911
device_uplink,1788899987000000000,70b3d57ed00778cc,-28,8.8,8912
device_uplink,1788900003000000000,70b3d57ed00778cc,-29,13.5,8913
device_uplink,1788900021000000000,70b3d57ed00778cc,-26,13.2,8914
device_uplink,1788900037000000000,70b3d57ed00778cc,-30,10,8915
device_uplink,1788900053000000000,70b3d57ed00778cc,-30,14.2,8916
device_uplink,1788900069000000000,70b3d57ed00778cc,-31,14,8917
device_uplink,1788900085000000000,70b3d57ed00778cc,-28,14.5,8918
device_uplink,1788900101000000000,70b3d57ed00778cc,-30,11.8,8919
device_uplink,1788900117000000000,70b3d57ed00778cc,-30,12.2,8920
device_uplink,1788900133000000000,70b3d57ed00778cc,-29,13.8,8921
device_uplink,1788900151000000000,70b3d57ed00778cc,-25,11.2,8922
device_uplink,1788900167000000000,70b3d57ed00778cc,-27,14,8923
device_uplink,1788900183000000000,70b3d57ed00778cc,-26,13,8924
device_uplink,1788900199000000000,70b3d57ed00778cc,-27,13.5,8925
device_uplink,1788900215000000000,70b3d57ed00778cc,-28,14.2,8926
device_uplink,1788900231000000000,70b3d57ed00778cc,-28,14,8927
device_uplink,1788900247000000000,70b3d57ed00778cc,-27,14.2,8928
device_uplink,1788900265000000000,70b3d57ed00778cc,-31,13.2,8929
device_uplink,1788900281000000000,70b3d57ed00778cc,-30,13,8930
device_uplink,1788900297000000000,70b3d57ed00778cc,-32,12,8931
device_uplink,1788900313000000000,70b3d57ed00778cc,-29,13.2,8932
device_uplink,1788900329000000000,70b3d57ed00778cc,-27,13.5,8933
device_uplink,1788900345000000000,70b3d57ed00778cc,-28,13.5,8934
device_uplink,1788900361000000000,70b3d57ed00778cc,-29,8.5,8935
device_uplink,1788900377000000000,70b3d57ed00778cc,-28,14.2,8936
device_uplink,1788900395000000000,70b3d57ed00778cc,-33,13.2,8937
device_uplink,1788900411000000000,70b3d57ed00778cc,-28,14.2,8938
device_uplink,1788900427000000000,70b3d57ed00778cc,-27,14,8939
device_uplink,1788900443000000000,70b3d57ed00778cc,-28,13.8,8940
device_uplink,1788900459000000000,70b3d57ed00778cc,-29,11.8,8941
device_uplink,1788900475000000000,70b3d57ed00778cc,-28,14.5,8942
device_uplink,1788900491000000000,70b3d57ed00778cc,-27,9.2,8943
device_uplink,1788900507000000000,70b3d57ed00778cc,-31,13.5,8944
device_uplink,1788900523000000000,70b3d57ed00778cc,-31,14,8945
device_uplink,1788900541000000000,70b3d57ed00778cc,-27,13.8,8946
device_uplink,1788900557000000000,70b3d57ed00778cc,-27,9.8,8947
device_uplink,1788900573000000000,70b3d57ed00778cc,-30,13.2,8948
device_uplink,1788900589000000000,70b3d57ed00778cc,-31,12.8,8949
device_uplink,1788900605000000000,70b3d57ed00778cc,-28,13.8,8950
device_uplink,1788900621000000000,70b3d57ed00778cc,-32,13.2,8951
device_uplink,1788900634000000000,70b3d57ed0077801,-33,11,90
device_uplink,1788900637000000000,70b3d57ed00778cc,-29,12.8,8952
device_uplink,1788900653000000000,70b3d57ed00778cc,-30,12.8,8953
device_uplink,1788900671000000000,70b3d57ed00778cc,-31,12.8,8954
device_uplink,1788900687000000000,70b3d57ed00778cc,-32,13.8,8955
device_uplink,1788900703000000000,70b3d57ed00778cc,-30,13.5,8956
device_uplink,1788900719000000000,70b3d57ed00778cc,-34,9.2,8957
device_uplink,1788900735000000000,70b3d57ed00778cc,-31,13,8958
device_uplink,1788900751000000000,70b3d57ed00778cc,-31,12.8,8959
device_uplink,1788900769000000000,70b3d57ed00778cc,-29,13.5,8960
device_uplink,1788900785000000000,70b3d57ed00778cc,-27,13.5,8961
device_uplink,1788900801000000000,70b3d57ed00778cc,-29,12.5,8962
device_uplink,1788900817000000000,70b3d57ed00778cc,-28,14.2,8963
device_uplink,1788900833000000000,70b3d57ed00778cc,-28,9.2,8964
device_uplink,1788900849000000000,70b3d57ed00778cc,-28,14,8965
device_uplink,1788900865000000000,70b3d57ed00778cc,-30,13.5,8966
device_uplink,1788900881000000000,70b3d57ed00778cc,-25,13.5,8967
device_uplink,1788900899000000000,70b3d57ed00778cc,-29,13.8,8968
device_uplink,1788900915000000000,70b3d57ed00778cc,-27,13.5,8969
device_uplink,1788900931000000000,70b3d57ed00778cc,-28,14,8970
device_uplink,1788900947000000000,70b3d57ed00778cc,-29,13.8,8971
device_uplink,1788900963000000000,70b3d57ed00778cc,-25,13.8,8972
device_uplink,1788900979000000000,70b3d57ed00778cc,-25,11.8,8973
device_uplink,1788900995000000000,70b3d57ed00778cc,-30,12.8,8974
device_uplink,1788901013000000000,70b3d57ed00778cc,-29,13,8975
device_uplink,1788901029000000000,70b3d57ed00778cc,-25,13.5,8976
device_uplink,1788901045000000000,70b3d57ed00778cc,-30,13.2,8977
device_uplink,1788901061000000000,70b3d57ed00778cc,-27,13.5,8978
device_uplink,1788901077000000000,70b3d57ed00778cc,-30,13.5,8979
device_uplink,1788901093000000000,70b3d57ed00778cc,-32,13.5,8980
device_uplink,1788901125000000000,70b3d57ed00778cc,-30,13.2,8982
device_uplink,1788901141000000000,70b3d57ed00778cc,-30,11.8,8983
device_uplink,1788901159000000000,70b3d57ed00778cc,-31,10.8,8984
device_uplink,1788901175000000000,70b3d57ed00778cc,-27,14.2,8985
device_uplink,1788901191000000000,70b3d57ed00778cc,-31,13.8,8986
device_uplink,1788901207000000000,70b3d57ed00778cc,-28,13.8,8987
device_uplink,1788901223000000000,70b3d57ed00778cc,-31,12.5,8988
device_uplink,1788901239000000000,70b3d57ed00778cc,-31,13.5,8989
device_uplink,1788901255000000000,70b3d57ed00778cc,-30,13.8,8990
device_uplink,1788901273000000000,70b3d57ed00778cc,-30,9.5,8991
device_uplink,1788901289000000000,70b3d57ed00778cc,-32,14,8992
device_uplink,1788901305000000000,70b3d57ed00778cc,-30,12.2,8993
device_uplink,1788901321000000000,70b3d57ed00778cc,-29,13.5,8994
device_uplink,1788901337000000000,70b3d57ed00778cc,-31,12.8,8995
device_uplink,1788901353000000000,70b3d57ed00778cc,-30,9,8996
device_uplink,1788901369000000000,70b3d57ed00778cc,-31,13.8,8997
device_uplink,1788901387000000000,70b3d57ed00778cc,-31,13.5,8998
device_uplink,1788901403000000000,70b3d57ed00778cc,-29,14.2,8999
device_uplink,1788901419000000000,70b3d57ed00778cc,-26,13,9000
device_uplink,1788901435000000000,70b3d57ed00778cc,-31,13.8,9001
device_uplink,1788901451000000000,70b3d57ed00778cc,-29,13,9002
device_uplink,1788901467000000000,70b3d57ed00778cc,-31,13,9003
device_uplink,1788901483000000000,70b3d57ed00778cc,-27,13.8,9004
device_uplink,1788901501000000000,70b3d57ed00778cc,-32,14.2,9005
device_uplink,1788901517000000000,70b3d57ed00778cc,-31,13.5,9006
device_uplink,1788901533000000000,70b3d57ed00778cc,-32,13.8,9007
device_uplink,1788901542000000000,70b3d57ed0077801,-34,12.5,91
device_uplink,1788901549000000000,70b3d57ed00778cc,-28,9.5,9008
device_uplink,1788901565000000000,70b3d57ed00778cc,-31,14.2,9009
device_uplink,1788901581000000000,70b3d57ed00778cc,-28,14,9010
device_uplink,1788901599000000000,70b3d57ed00778cc,-28,9.5,9011
device_uplink,1788901615000000000,70b3d57ed00778cc,-31,12.2,9012
device_uplink,1788901631000000000,70b3d57ed00778cc,-31,14.2,9013
device_uplink,1788901647000000000,70b3d57ed00778cc,-31,12.8,9014
device_uplink,1788901663000000000,70b3d57ed00778cc,-28,14,9015
device_uplink,1788901679000000000,70b3d57ed00778cc,-27,13.8,9016
device_uplink,1788901695000000000,70b3d57ed00778cc,-28,13.5,9017
device_uplink,1788901713000000000,70b3d57ed00778cc,-30,13.5,9018
device_uplink,1788901729000000000,70b3d57ed00778cc,-32,13.8,9019
device_uplink,1788901745000000000,70b3d57ed00778cc,-30,13.5,9020
device_uplink,1788901761000000000,70b3d57ed00778cc,-35,12.2,9021
device_uplink,1788901777000000000,70b3d57ed00778cc,-29,11.5,9022
device_uplink,1788901793000000000,70b3d57ed00778cc,-33,13.8,9023
device_uplink,1788901809000000000,70b3d57ed00778cc,-31,10.8,9024
device_uplink,1788901825000000000,70b3d57ed00778cc,-29,13.8,9025
device_uplink,1788901843000000000,70b3d57ed00778cc,-30,13.5,9026
device_uplink,1788901859000000000,70b3d57ed00778cc,-35,11.8,9027
device_uplink,1788901875000000000,70b3d57ed00778cc,-31,11.8,9028
device_uplink,1788901891000000000,70b3d57ed00778cc,-28,14,9029
device_uplink,1788901907000000000,70b3d57ed00778cc,-30,13.2,9030
device_uplink,1788901923000000000,70b3d57ed00778cc,-32,11.2,9031
device_uplink,1788901941000000000,70b3d57ed00778cc,-37,9.5,9032
device_uplink,1788901957000000000,70b3d57ed00778cc,-30,12.2,9033
device_uplink,1788901973000000000,70b3d57ed00778cc,-27,11,9034
device_uplink,1788901989000000000,70b3d57ed00778cc,-29,13.2,9035
device_uplink,1788902005000000000,70b3d57ed00778cc,-28,14,9036
device_uplink,1788902021000000000,70b3d57ed00778cc,-28,13.8,9037
device_uplink,1788902039000000000,70b3d57ed00778cc,-26,13.2,9038
device_uplink,1788902055000000000,70b3d57ed00778cc,-32,12.8,9039
device_uplink,1788902071000000000,70b3d57ed00778cc,-32,12,9040
device_uplink,1788902087000000000,70b3d57ed00778cc,-32,13.5,9041
device_uplink,1788902103000000000,70b3d57ed00778cc,-30,12.8,9042
device_uplink,1788902119000000000,70b3d57ed00778cc,-34,12.8,9043
device_uplink,1788902135000000000,70b3d57ed00778cc,-29,12.8,9044
device_uplink,1788902151000000000,70b3d57ed00778cc,-28,13.8,9045
device_uplink,1788902169000000000,70b3d57ed00778cc,-31,13.5,9046
device_uplink,1788902185000000000,70b3d57ed00778cc,-31,10.5,9047
device_uplink,1788902201000000000,70b3d57ed00778cc,-27,13.8,9048
device_uplink,1788902217000000000,70b3d57ed00778cc,-32,13.2,9049
device_uplink,1788902233000000000,70b3d57ed00778cc,-28,13.5,9050
device_uplink,1788902249000000000,70b3d57ed00778cc,-33,12.2,9051
device_uplink,1788902265000000000,70b3d57ed00778cc,-30,13.2,9052
device_uplink,1788902283000000000,70b3d57ed00778cc,-33,13.2,9053
device_uplink,1788902299000000000,70b3d57ed00778cc,-31,13.8,9054
device_uplink,1788902315000000000,70b3d57ed00778cc,-31,13.5,9055
device_uplink,1788902331000000000,70b3d57ed00778cc,-33,11,9056
device_uplink,1788902347000000000,70b3d57ed00778cc,-28,13.5,9057
device_uplink,1788902363000000000,70b3d57ed00778cc,-28,9.5,9058
device_uplink,1788902379000000000,70b3d57ed00778cc,-30,13,9059
device_uplink,1788902395000000000,70b3d57ed00778cc,-31,12,9060
device_uplink,1788902413000000000,70b3d57ed00778cc,-29,13.5,9061
device_uplink,1788902429000000000,70b3d57ed00778cc,-29,14.2,9062
device_uplink,1788902445000000000,70b3d57ed00778cc,-27,14,9063
device_uplink,1788902451000000000,70b3d57ed0077801,-36,11.8,92
device_uplink,1788902461000000000,70b3d57ed00778cc,-30,13,9064
device_uplink,1788902477000000000,70b3d57ed00778cc,-30,13.2,9065
device_uplink,1788902493000000000,70b3d57ed00778cc,-29,8.8,9066
device_uplink,1788902509000000000,70b3d57ed00778cc,-28,14,9067
device_uplink,1788902527000000000,70b3d57ed00778cc,-30,12.8,9068
device_uplink,1788902543000000000,70b3d57ed00778cc,-27,14,9069
device_uplink,1788902559000000000,70b3d57ed00778cc,-28,14.2,9070
device_uplink,1788902575000000000,70b3d57ed00778cc,-27,12,9071
device_uplink,1788902591000000000,70b3d57ed00778cc,-37,8.8,9072
device_uplink,1788902607000000000,70b3d57ed00778cc,-31,13,9073
device_uplink,1788902623000000000,70b3d57ed00778cc,-28,14,9074
device_uplink,1788902639000000000,70b3d57ed00778cc,-28,14,9075
device_uplink,1788902657000000000,70b3d57ed00778cc,-28,14,9076
device_uplink,1788902673000000000,70b3d57ed00778cc,-31,13,9077
device_uplink,1788902689000000000,70b3d57ed00778cc,-30,13.2,9078
device_uplink,1788902705000000000,70b3d57ed00778cc,-28,14,9079
device_uplink,1788902721000000000,70b3d57ed00778cc,-30,9.8,9080
device_uplink,1788902737000000000,70b3d57ed00778cc,-31,13.2,9081
device_uplink,1788902755000000000,70b3d57ed00778cc,-29,13.2,9082
device_uplink,1788902771000000000,70b3d57ed00778cc,-28,14,9083
device_uplink,1788902787000000000,70b3d57ed00778cc,-29,9,9084
device_uplink,1788902819000000000,70b3d57ed00778cc,-31,12.8,9086
device_uplink,1788902835000000000,70b3d57ed00778cc,-31,13.2,9087
device_uplink,1788902851000000000,70b3d57ed00778cc,-29,13.2,9088
device_uplink,1788902867000000000,70b3d57ed00778cc,-30,13,9089
device_uplink,1788902885000000000,70b3d57ed00778cc,-34,13.2,9090
device_uplink,1788902901000000000,70b3d57ed00778cc,-29,13.5,9091
device_uplink,1788902917000000000,70b3d57ed00778cc,-29,12.5,9092
device_uplink,1788902933000000000,70b3d57ed00778cc,-29,13.5,9093
device_uplink,1788902949000000000,70b3d57ed00778cc,-33,9.8,9094
device_uplink,1788902965000000000,70b3d57ed00778cc,-31,13.5,9095
device_uplink,1788902981000000000,70b3d57ed00778cc,-33,13.5,9096
device_uplink,1788902999000000000,70b3d57ed00778cc,-29,13.5,9097
device_uplink,1788903015000000000,70b3d57ed00778cc,-30,11.8,9098
device_uplink,1788903031000000000,70b3d57ed00778cc,-28,13.8,9099
device_uplink,1788903047000000000,70b3d57ed00778cc,-30,12.5,9100
device_uplink,1788903063000000000,70b3d57ed00778cc,-35,13,9101
device_uplink,1788903079000000000,70b3d57ed00778cc,-31,13,9102
device_uplink,1788903095000000000,70b3d57ed00778cc,-28,8.8,9103
device_uplink,1788903113000000000,70b3d57ed00778cc,-29,13.8,9104
device_uplink,1788903129000000000,70b3d57ed00778cc,-29,13.8,9105
device_uplink,1788903145000000000,70b3d57ed00778cc,-31,13.2,9106
device_uplink,1788903161000000000,70b3d57ed00778cc,-35,10.8,9107
device_uplink,1788903177000000000,70b3d57ed00778cc,-28,14,9108
device_uplink,1788903193000000000,70b3d57ed00778cc,-28,13.5,9109
device_uplink,1788903209000000000,70b3d57ed00778cc,-28,8.8,9110
device_uplink,1788903225000000000,70b3d57ed00778cc,-33,13.8,9111
device_uplink,1788903243000000000,70b3d57ed00778cc,-28,13.8,9112
device_uplink,1788903259000000000,70b3d57ed00778cc,-26,13.2,9113
device_uplink,1788903275000000000,70b3d57ed00778cc,-29,13.2,9114
device_uplink,1788903291000000000,70b3d57ed00778cc,-32,11.5,9115
device_uplink,1788903307000000000,70b3d57ed00778cc,-29,13,9116
device_uplink,1788903323000000000,70b3d57ed00778cc,-28,13.8,9117
device_uplink,1788903339000000000,70b3d57ed00778cc,-32,14,9118
device_uplink,1788903355000000000,70b3d57ed00778cc,-29,13,9119
device_uplink,1788903359000000000,70b3d57ed0077801,-33,13,93
device_uplink,1788903373000000000,70b3d57ed00778cc,-28,9,9120
device_uplink,1788903389000000000,70b3d57ed00778cc,-29,13.5,9121
device_uplink,1788903405000000000,70b3d57ed00778cc,-28,14.2,9122
device_uplink,1788903421000000000,70b3d57ed00778cc,-29,13.5,9123
device_uplink,1788903437000000000,70b3d57ed00778cc,-27,13.8,9124
device_uplink,1788903453000000000,70b3d57ed00778cc,-28,12.8,9125
device_uplink,1788903469000000000,70b3d57ed00778cc,-29,8.8,9126
device_uplink,1788903487000000000,70b3d57ed00778cc,-28,14,9127
device_uplink,1788903503000000000,70b3d57ed00778cc,-28,13.2,9128
device_uplink,1788903519000000000,70b3d57ed00778cc,-28,13.8,9129
device_uplink,1788903535000000000,70b3d57ed00778cc,-28,14,9130
device_uplink,1788903551000000000,70b3d57ed00778cc,-28,13,9131
device_uplink,1788903567000000000,70b3d57ed00778cc,-28,14.5,9132
device_uplink,1788903583000000000,70b3d57ed00778cc,-35,12.2,9133
device_uplink,1788903601000000000,70b3d57ed00778cc,-32,13,9134
device_uplink,1788903617000000000,70b3d57ed00778cc,-27,14,9135
device_uplink,1788903633000000000,70b3d57ed00778cc,-30,9.5,9136
device_uplink,1788903649000000000,70b3d57ed00778cc,-29,13.5,9137
device_uplink,1788903665000000000,70b3d57ed00778cc,-29,13.5,9138
device_uplink,1788903681000000000,70b3d57ed00778cc,-29,8.5,9139
device_uplink,1788903697000000000,70b3d57ed00778cc,-29,12.5,9140
device_uplink,1788903713000000000,70b3d57ed00778cc,-33,13.8,9141
device_uplink,1788903731000000000,70b3d57ed00778cc,-30,12.5,9142
device_uplink,1788903747000000000,70b3d57ed00778cc,-30,13.5,9143
device_uplink,1788903763000000000,70b3d57ed00778cc,-27,13.8,9144
device_uplink,1788903779000000000,70b3d57ed00778cc,-31,12.5,9145
device_uplink,1788903795000000000,70b3d57ed00778cc,-28,13.5,9146
device_uplink,1788903811000000000,70b3d57ed00778cc,-30,13.2,9147
device_uplink,1788903827000000000,70b3d57ed00778cc,-29,8.8,9148
device_uplink,1788903845000000000,70b3d57ed00778cc,-27,13.5,9149
device_uplink,1788903861000000000,70b3d57ed00778cc,-32,13.5,9150
device_uplink,1788903877000000000,70b3d57ed00778cc,-35,12.2,9151
device_uplink,1788903893000000000,70b3d57ed00778cc,-32,12,9152
device_uplink,1788903909000000000,70b3d57ed00778cc,-34,12.8,9153
device_uplink,1788903925000000000,70b3d57ed00778cc,-32,11.2,9154
device_uplink,1788903941000000000,70b3d57ed00778cc,-29,13.2,9155
device_uplink,1788903959000000000,70b3d57ed00778cc,-31,13.8,9156
device_uplink,1788903975000000000,70b3d57ed00778cc,-29,14,9157
device_uplink,1788903991000000000,70b3d57ed00778cc,-30,13.2,9158
device_uplink,1788904007000000000,70b3d57ed00778cc,-28,14,9159
device_uplink,1788904023000000000,70b3d57ed00778cc,-29,12.2,9160
device_uplink,1788904039000000000,70b3d57ed00778cc,-33,12,9161
device_uplink,1788904055000000000,70b3d57ed00778cc,-30,12.8,9162
device_uplink,1788904071000000000,70b3d57ed00778cc,-28,13.5,9163
device_uplink,1788904089000000000,70b3d57ed00778cc,-33,13.8,9164
device_uplink,1788904105000000000,70b3d57ed00778cc,-33,13,9165
device_uplink,1788904121000000000,70b3d57ed00778cc,-31,10.5,9166
device_uplink,1788904137000000000,70b3d57ed00778cc,-32,14,9167
device_uplink,1788904153000000000,70b3d57ed00778cc,-32,13.8,9168
device_uplink,1788904169000000000,70b3d57ed00778cc,-30,13.2,9169
device_uplink,1788904185000000000,70b3d57ed00778cc,-31,13.5,9170
device_uplink,1788904203000000000,70b3d57ed00778cc,-33,13.2,9171
device_uplink,1788904219000000000,70b3d57ed00778cc,-31,13,9172
device_uplink,1788904235000000000,70b3d57ed00778cc,-33,13.2,9173
device_uplink,1788904251000000000,70b3d57ed00778cc,-29,10.2,9174
device_uplink,1788904267000000000,70b3d57ed0077801,-40,11.5,94
device_uplink,1788904267000000000,70b3d57ed00778cc,-35,12.2,9175
device_uplink,1788904285000000000,70b3d57ed00778cc,-30,13.5,9176
device_uplink,1788904301000000000,70b3d57ed00778cc,-32,13.2,9177
device_uplink,1788904317000000000,70b3d57ed00778cc,-30,13.2,9178
device_uplink,1788904333000000000,70b3d57ed00778cc,-33,12,9179
device_uplink,1788904349000000000,70b3d57ed00778cc,-33,13,9180
device_uplink,1788904365000000000,70b3d57ed00778cc,-26,13.8,9181
device_uplink,1788904381000000000,70b3d57ed00778cc,-28,13.5,9182
device_uplink,1788904397000000000,70b3d57ed00778cc,-31,11.2,9183
device_uplink,1788904415000000000,70b3d57ed00778cc,-29,13.5,9184
device_uplink,1788904431000000000,70b3d57ed00778cc,-33,13,9185
device_uplink,1788904447000000000,70b3d57ed00778cc,-37,12,9186
device_uplink,1788904463000000000,70b3d57ed00778cc,-32,13.2,9187
device_uplink,1788904479000000000,70b3d57ed00778cc,-32,13.8,9188
device_uplink,1788904511000000000,70b3d57ed00778cc,-35,9.2,9190
device_uplink,1788904529000000000,70b3d57ed00778cc,-33,13.2,9191
device_uplink,1788904545000000000,70b3d57ed00778cc,-33,13.2,9192
device_uplink,1788904561000000000,70b3d57ed00778cc,-32,13.2,9193
device_uplink,1788904577000000000,70b3d57ed00778cc,-31,13.8,9194
device_uplink,1788904593000000000,70b3d57ed00778cc,-36,8.5,9195
device_uplink,1788904609000000000,70b3d57ed00778cc,-32,13,9196
device_uplink,1788904625000000000,70b3d57ed00778cc,-33,13.5,9197
device_uplink,1788904643000000000,70b3d57ed00778cc,-29,13.8,9198
device_uplink,1788904659000000000,70b3d57ed00778cc,-32,12.5,9199
device_uplink,1788904675000000000,70b3d57ed00778cc,-28,14,9200
device_uplink,1788904691000000000,70b3d57ed00778cc,-33,13.5,9201
device_uplink,1788904707000000000,70b3d57ed00778cc,-32,13.8,9202
device_uplink,1788904723000000000,70b3d57ed00778cc,-26,13.8,9203
device_uplink,1788904739000000000,70b3d57ed00778cc,-28,14.2,9204
device_uplink,1788904755000000000,70b3d57ed00778cc,-30,12,9205
device_uplink,1788904773000000000,70b3d57ed00778cc,-32,12.8,9206
device_uplink,1788904789000000000,70b3d57ed00778cc,-31,11,9207
device_uplink,1788904805000000000,70b3d57ed00778cc,-27,14,9208
device_uplink,1788904821000000000,70b3d57ed00778cc,-29,13.5,9209
device_uplink,1788904837000000000,70b3d57ed00778cc,-30,13,9210
device_uplink,1788904853000000000,70b3d57ed00778cc,-35,12.5,9211
device_uplink,1788904869000000000,70b3d57ed00778cc,-34,11,9212
device_uplink,1788904887000000000,70b3d57ed00778cc,-30,12.5,9213
device_uplink,1788904903000000000,70b3d57ed00778cc,-30,12,9214
device_uplink,1788904919000000000,70b3d57ed00778cc,-31,14,9215
device_uplink,1788904935000000000,70b3d57ed00778cc,-30,12.5,9216
device_uplink,1788904951000000000,70b3d57ed00778cc,-34,13.2,9217
device_uplink,1788904967000000000,70b3d57ed00778cc,-33,11.5,9218
device_uplink,1788904983000000000,70b3d57ed00778cc,-34,13.2,9219
device_uplink,1788904999000000000,70b3d57ed00778cc,-28,13.2,9220
device_uplink,1788905017000000000,70b3d57ed00778cc,-28,14,9221
device_uplink,1788905033000000000,70b3d57ed00778cc,-32,13.8,9222
device_uplink,1788905049000000000,70b3d57ed00778cc,-34,13.5,9223
device_uplink,1788905065000000000,70b3d57ed00778cc,-29,11.8,9224
device_uplink,1788905081000000000,70b3d57ed00778cc,-35,12.2,9225
device_uplink,1788905099000000000,70b3d57ed00778cc,-33,12,9226
device_uplink,1788905115000000000,70b3d57ed00778cc,-34,12.5,9227
device_uplink,1788905131000000000,70b3d57ed00778cc,-33,13.5,9228
device_uplink,1788905147000000000,70b3d57ed00778cc,-31,13.5,9229
device_uplink,1788905163000000000,70b3d57ed00778cc,-32,13.5,9230
device_uplink,1788905176000000000,70b3d57ed0077801,-37,11.5,95
device_uplink,1788905179000000000,70b3d57ed00778cc,-32,13.5,9231
device_uplink,1788905195000000000,70b3d57ed00778cc,-31,10.5,9232
device_uplink,1788905211000000000,70b3d57ed00778cc,-30,12,9233
device_uplink,1788905229000000000,70b3d57ed00778cc,-33,13.2,9234
device_uplink,1788905245000000000,70b3d57ed00778cc,-36,8.5,9235
device_uplink,1788905261000000000,70b3d57ed00778cc,-37,12.2,9236
device_uplink,1788905277000000000,70b3d57ed00778cc,-29,13.5,9237
device_uplink,1788905293000000000,70b3d57ed00778cc,-31,13.2,9238
device_uplink,1788905309000000000,70b3d57ed00778cc,-30,10,9239
device_uplink,1788905325000000000,70b3d57ed00778cc,-31,13.5,9240
device_uplink,1788905341000000000,70b3d57ed00778cc,-34,12.8,9241
device_uplink,1788905359000000000,70b3d57ed00778cc,-30,12,9242
device_uplink,1788905375000000000,70b3d57ed00778cc,-37,12,9243
device_uplink,1788905391000000000,70b3d57ed00778cc,-35,11.8,9244
device_uplink,1788905407000000000,70b3d57ed00778cc,-31,13.2,9245
device_uplink,1788905423000000000,70b3d57ed00778cc,-30,10,9246
device_uplink,1788905439000000000,70b3d57ed00778cc,-29,14,9247
device_uplink,1788905457000000000,70b3d57ed00778cc,-28,14,9248
device_uplink,1788905473000000000,70b3d57ed00778cc,-33,13.2,9249
device_uplink,1788905489000000000,70b3d57ed00778cc,-34,13,9250
device_uplink,1788905505000000000,70b3d57ed00778cc,-31,10.8,9251
device_uplink,1788905521000000000,70b3d57ed00778cc,-31,13.5,9252
device_uplink,1788905537000000000,70b3d57ed00778cc,-33,12.5,9253
device_uplink,1788905553000000000,70b3d57ed00778cc,-32,13.5,9254
device_uplink,1788905569000000000,70b3d57ed00778cc,-30,13.2,9255
device_uplink,1788905587000000000,70b3d57ed00778cc,-31,12.8,9256
device_uplink,1788905603000000000,70b3d57ed00778cc,-31,13.5,9257
device_uplink,1788905619000000000,70b3d57ed00778cc,-31,11,9258
device_uplink,1788905635000000000,70b3d57ed00778cc,-31,12.8,9259
device_uplink,1788905651000000000,70b3d57ed00778cc,-27,13.8,9260
device_uplink,1788905667000000000,70b3d57ed00778cc,-31,12.5,9261
device_uplink,1788905683000000000,70b3d57ed00778cc,-33,11,9262
device_uplink,1788905699000000000,70b3d57ed00778cc,-31,13.2,9263
device_uplink,1788905717000000000,70b3d57ed00778cc,-30,12.8,9264
device_uplink,1788905733000000000,70b3d57ed00778cc,-32,13.8,9265
device_uplink,1788905749000000000,70b3d57ed00778cc,-28,9.2,9266
device_uplink,1788905765000000000,70b3d57ed00778cc,-38,9.8,9267
device_uplink,1788905781000000000,70b3d57ed00778cc,-28,13.8,9268
device_uplink,1788905797000000000,70b3d57ed00778cc,-30,13.8,9269
device_uplink,1788905815000000000,70b3d57ed00778cc,-28,13.8,9270
device_uplink,1788905831000000000,70b3d57ed00778cc,-33,13.5,9271
device_uplink,1788905847000000000,70b3d57ed00778cc,-29,13.8,9272
device_uplink,1788905863000000000,70b3d57ed00778cc,-30,13.2,9273
device_uplink,1788905879000000000,70b3d57ed00778cc,-34,12.8,9274
device_uplink,1788905895000000000,70b3d57ed00778cc,-33,13.5,9275
device_uplink,1788905913000000000,70b3d57ed00778cc,-32,12.8,9276
device_uplink,1788905929000000000,70b3d57ed00778cc,-30,13,9277
device_uplink,1788905945000000000,70b3d57ed00778cc,-29,7.8,9278
device_uplink,1788905961000000000,70b3d57ed00778cc,-30,12.5,9279
device_uplink,1788905977000000000,70b3d57ed00778cc,-33,13.8,9280
device_uplink,1788905993000000000,70b3d57ed00778cc,-33,13.2,9281
device_uplink,1788906009000000000,70b3d57ed00778cc,-29,14,9282
device_uplink,1788906027000000000,70b3d57ed00778cc,-32,13.5,9283
device_uplink,1788906043000000000,70b3d57ed00778cc,-30,12,9284
device_uplink,1788906059000000000,70b3d57ed00778cc,-31,12.2,9285
device_uplink,1788906075000000000,70b3d57ed00778cc,-32,13.8,9286
device_uplink,1788906084000000000,70b3d57ed0077801,-43,10.5,96
device_uplink,1788906091000000000,70b3d57ed00778cc,-31,13.5,9287
device_uplink,1788906107000000000,70b3d57ed00778cc,-31,10.8,9288
device_uplink,1788906123000000000,70b3d57ed00778cc,-29,13.5,9289
device_uplink,1788906141000000000,70b3d57ed00778cc,-31,13.5,9290
device_uplink,1788906157000000000,70b3d57ed00778cc,-30,13,9291
device_uplink,1788906173000000000,70b3d57ed00778cc,-32,11.5,9292
device_uplink,1788906189000000000,70b3d57ed00778cc,-32,12.8,9293
device_uplink,1788906205000000000,70b3d57ed00778cc,-28,14,9294
device_uplink,1788906221000000000,70b3d57ed00778cc,-29,13.2,9295
device_uplink,1788906237000000000,70b3d57ed00778cc,-33,13.5,9296
device_uplink,1788906253000000000,70b3d57ed00778cc,-30,11.8,9297
device_uplink,1788906271000000000,70b3d57ed00778cc,-32,11.8,9298
device_uplink,1788906287000000000,70b3d57ed00778cc,-30,12,9299
device_uplink,1788906303000000000,70b3d57ed00778cc,-36,10.8,9300
device_uplink,1788906319000000000,70b3d57ed00778cc,-30,12,9301
device_uplink,1788906335000000000,70b3d57ed00778cc,-29,13.5,9302
device_uplink,1788906351000000000,70b3d57ed00778cc,-33,12.5,9303
device_uplink,1788906367000000000,70b3d57ed00778cc,-31,13.2,9304
device_uplink,1788906385000000000,70b3d57ed00778cc,-33,13.5,9305
device_uplink,1788906401000000000,70b3d57ed00778cc,-31,10,9306
device_uplink,1788906417000000000,70b3d57ed00778cc,-34,13,9307
device_uplink,1788906433000000000,70b3d57ed00778cc,-30,13.2,9308
device_uplink,1788906449000000000,70b3d57ed00778cc,-31,13.8,9309
device_uplink,1788906465000000000,70b3d57ed00778cc,-30,13,9310
device_uplink,1788906481000000000,70b3d57ed00778cc,-33,12,9311
device_uplink,1788906499000000000,70b3d57ed00778cc,-33,13.2,9312
device_uplink,1788906515000000000,70b3d57ed00778cc,-32,13.5,9313
device_uplink,1788906531000000000,70b3d57ed00778cc,-34,9,9314
device_uplink,1788906547000000000,70b3d57ed00778cc,-31,13.5,9315
device_uplink,1788906563000000000,70b3d57ed00778cc,-30,13,9316
device_uplink,1788906579000000000,70b3d57ed00778cc,-31,13.2,9317
device_uplink,1788906595000000000,70b3d57ed00778cc,-43,9.8,9318
device_uplink,1788906611000000000,70b3d57ed00778cc,-38,8.8,9319
device_uplink,1788906629000000000,70b3d57ed00778cc,-33,13.5,9320
device_uplink,1788906645000000000,70b3d57ed00778cc,-31,12.2,9321
device_uplink,1788906661000000000,70b3d57ed00778cc,-34,12.5,9322
device_uplink,1788906677000000000,70b3d57ed00778cc,-28,13.8,9323
device_uplink,1788906693000000000,70b3d57ed00778cc,-32,13.8,9324
device_uplink,1788906709000000000,70b3d57ed00778cc,-31,13.5,9325
device_uplink,1788906725000000000,70b3d57ed00778cc,-28,10.8,9326
device_uplink,1788906743000000000,70b3d57ed00778cc,-29,13.8,9327
device_uplink,1788906759000000000,70b3d57ed00778cc,-30,11.5,9328
device_uplink,1788906775000000000,70b3d57ed00778cc,-31,13,9329
device_uplink,1788906791000000000,70b3d57ed00778cc,-30,11.5,9330
device_uplink,1788906807000000000,70b3d57ed00778cc,-30,12.5,9331
device_uplink,1788906823000000000,70b3d57ed00778cc,-28,8.8,9332
device_uplink,1788906839000000000,70b3d57ed00778cc,-31,13.8,9333
device_uplink,1788906857000000000,70b3d57ed00778cc,-31,13.5,9334
device_uplink,1788906873000000000,70b3d57ed00778cc,-30,13,9335
device_uplink,1788906889000000000,70b3d57ed00778cc,-33,13.2,9336
device_uplink,1788906905000000000,70b3d57ed00778cc,-35,12.2,9337
device_uplink,1788906921000000000,70b3d57ed00778cc,-30,13.5,9338
device_uplink,1788906937000000000,70b3d57ed00778cc,-29,8.2,9339
device_uplink,1788906953000000000,70b3d57ed00778cc,-33,12.8,9340
device_uplink,1788906969000000000,70b3d57ed00778cc,-33,13.5,9341
device_uplink,1788906987000000000,70b3d57ed00778cc,-33,11.8,9342
device_uplink,1788906993000000000,70b3d57ed0077801,-45,7.2,97
device_uplink,1788907003000000000,70b3d57ed00778cc,-32,13.5,9343
device_uplink,1788907019000000000,70b3d57ed00778cc,-31,12.8,9344
device_uplink,1788907035000000000,70b3d57ed00778cc,-30,12,9345
device_uplink,1788907051000000000,70b3d57ed00778cc,-33,11.8,9346
device_uplink,1788907067000000000,70b3d57ed00778cc,-37,11.8,9347
device_uplink,1788907083000000000,70b3d57ed00778cc,-29,12.8,9348
device_uplink,1788907101000000000,70b3d57ed00778cc,-30,13,9349
device_uplink,1788907117000000000,70b3d57ed00778cc,-31,12.5,9350
device_uplink,1788907133000000000,70b3d57ed00778cc,-26,8.8,9351
device_uplink,1788907149000000000,70b3d57ed00778cc,-31,9.2,9352
device_uplink,1788907165000000000,70b3d57ed00778cc,-28,14.2,9353
device_uplink,1788907181000000000,70b3d57ed00778cc,-31,13,9354
device_uplink,1788907197000000000,70b3d57ed00778cc,-33,10.5,9355
device_uplink,1788907215000000000,70b3d57ed00778cc,-30,13.2,9356
device_uplink,1788907231000000000,70b3d57ed00778cc,-34,11,9357
device_uplink,1788907247000000000,70b3d57ed00778cc,-28,13.8,9358
device_uplink,1788907263000000000,70b3d57ed00778cc,-30,13.5,9359
device_uplink,1788907279000000000,70b3d57ed00778cc,-30,12.8,9360
device_uplink,1788907295000000000,70b3d57ed00778cc,-34,13,9361
device_uplink,1788907313000000000,70b3d57ed00778cc,-31,13.2,9362
device_uplink,1788907329000000000,70b3d57ed00778cc,-28,13.5,9363
device_uplink,1788907345000000000,70b3d57ed00778cc,-29,13.5,9364
device_uplink,1788907361000000000,70b3d57ed00778cc,-28,12.8,9365
device_uplink,1788907377000000000,70b3d57ed00778cc,-31,14,9366
device_uplink,1788907393000000000,70b3d57ed00778cc,-29,8.8,9367
device_uplink,1788907409000000000,70b3d57ed00778cc,-30,13.2,9368
device_uplink,1788907425000000000,70b3d57ed00778cc,-29,13.2,9369
device_uplink,1788907443000000000,70b3d57ed00778cc,-29,13.2,9370
device_uplink,1788907459000000000,70b3d57ed00778cc,-30,12.8,9371
device_uplink,1788907475000000000,70b3d57ed00778cc,-28,13.5,9372
device_uplink,1788907491000000000,70b3d57ed00778cc,-29,13,9373
device_uplink,1788907507000000000,70b3d57ed00778cc,-34,13.5,9374
device_uplink,1788907523000000000,70b3d57ed00778cc,-30,12.2,9375
device_uplink,1788907539000000000,70b3d57ed00778cc,-29,8.8,9376
device_uplink,1788907555000000000,70b3d57ed00778cc,-31,13.8,9377
device_uplink,1788907573000000000,70b3d57ed00778cc,-29,9.5,9378
device_uplink,1788907589000000000,70b3d57ed00778cc,-31,13,9379
device_uplink,1788907605000000000,70b3d57ed00778cc,-28,13.8,9380
device_uplink,1788907621000000000,70b3d57ed00778cc,-29,13.5,9381
device_uplink,1788907637000000000,70b3d57ed00778cc,-28,12.8,9382
device_uplink,1788907653000000000,70b3d57ed00778cc,-31,13.8,9383
device_uplink,1788907669000000000,70b3d57ed00778cc,-30,13.5,9384
device_uplink,1788907685000000000,70b3d57ed00778cc,-32,13.8,9385
device_uplink,1788907703000000000,70b3d57ed00778cc,-27,10.5,9386
device_uplink,1788907719000000000,70b3d57ed00778cc,-31,13.5,9387
device_uplink,1788907735000000000,70b3d57ed00778cc,-31,13,9388
device_uplink,1788907751000000000,70b3d57ed00778cc,-29,13.2,9389
device_uplink,1788907767000000000,70b3d57ed00778cc,-29,13.5,9390
device_uplink,1788907783000000000,70b3d57ed00778cc,-32,13.8,9391
device_uplink,1788907799000000000,70b3d57ed00778cc,-31,12.5,9392
device_uplink,1788907815000000000,70b3d57ed00778cc,-29,12.5,9393
device_uplink,1788907833000000000,70b3d57ed00778cc,-34,13.5,9394
device_uplink,1788907849000000000,70b3d57ed00778cc,-29,12.8,9395
device_uplink,1788907865000000000,70b3d57ed00778cc,-38,12.5,9396
device_uplink,1788907881000000000,70b3d57ed00778cc,-29,13.2,9397
device_uplink,1788907897000000000,70b3d57ed00778cc,-29,8.5,9398
device_uplink,1788907901000000000,70b3d57ed0077801,-35,11.8,98
device_uplink,1788907913000000000,70b3d57ed00778cc,-31,13.8,9399
device_uplink,1788907929000000000,70b3d57ed00778cc,-30,12.5,9400
device_uplink,1788907947000000000,70b3d57ed00778cc,-30,13.8,9401
device_uplink,1788907963000000000,70b3d57ed00778cc,-30,13.5,9402
device_uplink,1788907979000000000,70b3d57ed00778cc,-30,11.5,9403
device_uplink,1788907995000000000,70b3d57ed00778cc,-29,13,9404
device_uplink,1788908011000000000,70b3d57ed00778cc,-33,12.2,9405
device_uplink,1788908027000000000,70b3d57ed00778cc,-30,13.5,9406
device_uplink,1788908043000000000,70b3d57ed00778cc,-30,12.5,9407
device_uplink,1788908061000000000,70b3d57ed00778cc,-31,10.5,9408
device_uplink,1788908077000000000,70b3d57ed00778cc,-34,13,9409
device_uplink,1788908093000000000,70b3d57ed00778cc,-31,14.2,9410
device_uplink,1788908109000000000,70b3d57ed00778cc,-31,13.8,9411
device_uplink,1788908125000000000,70b3d57ed00778cc,-29,14,9412
device_uplink,1788908141000000000,70b3d57ed00778cc,-28,14,9413
device_uplink,1788908157000000000,70b3d57ed00778cc,-29,12.5,9414
device_uplink,1788908173000000000,70b3d57ed00778cc,-29,13.2,9415
device_uplink,1788908191000000000,70b3d57ed00778cc,-29,8.2,9416
device_uplink,1788908207000000000,70b3d57ed00778cc,-29,13.2,9417
device_uplink,1788908223000000000,70b3d57ed00778cc,-31,14,9418
device_uplink,1788908239000000000,70b3d57ed00778cc,-30,12,9419
device_uplink,1788908255000000000,70b3d57ed00778cc,-29,12.2,9420
device_uplink,1788908273000000000,70b3d57ed00778cc,-28,14,9421
device_uplink,1788908289000000000,70b3d57ed00778cc,-29,14,9422
device_uplink,1788908305000000000,70b3d57ed00778cc,-30,13.2,9423
device_uplink,1788908321000000000,70b3d57ed00778cc,-31,10.8,9424
device_uplink,1788908337000000000,70b3d57ed00778cc,-29,13.2,9425
device_uplink,1788908353000000000,70b3d57ed00778cc,-29,8.5,9426
device_uplink,1788908369000000000,70b3d57ed00778cc,-30,12.2,9427
device_uplink,1788908387000000000,70b3d57ed00778cc,-29,14.2,9428
device_uplink,1788908403000000000,70b3d57ed00778cc,-30,13,9429
device_uplink,1788908419000000000,70b3d57ed00778cc,-28,14.2,9430
device_uplink,1788908435000000000,70b3d57ed00778cc,-28,13.5,9431
device_uplink,1788908451000000000,70b3d57ed00778cc,-32,13.5,9432
device_uplink,1788908467000000000,70b3d57ed00778cc,-30,11.2,9433
device_uplink,1788908483000000000,70b3d57ed00778cc,-29,8.8,9434
device_uplink,1788908501000000000,70b3d57ed00778cc,-29,13,9435
device_uplink,1788908517000000000,70b3d57ed00778cc,-29,13.8,9436
device_uplink,1788908533000000000,70b3d57ed00778cc,-29,13.5,9437
device_uplink,1788908549000000000,70b3d57ed00778cc,-29,13.5,9438
device_uplink,1788908565000000000,70b3d57ed00778cc,-35,11.2,9439
device_uplink,1788908581000000000,70b3d57ed00778cc,-28,13.8,9440
device_uplink,1788908597000000000,70b3d57ed00778cc,-29,13.2,9441
device_uplink,1788908613000000000,70b3d57ed00778cc,-29,13.5,9442
device_uplink,1788908629000000000,70b3d57ed00778cc,-29,8.8,9443
device_uplink,1788908647000000000,70b3d57ed00778cc,-29,13.2,9444
device_uplink,1788908663000000000,70b3d57ed00778cc,-29,12.5,9445
device_uplink,1788908679000000000,70b3d57ed00778cc,-31,13.5,9446
device_uplink,1788908695000000000,70b3d57ed00778cc,-30,13.2,9447
device_uplink,1788908711000000000,70b3d57ed00778cc,-29,13.8,9448
device_uplink,1788908727000000000,70b3d57ed00778cc,-33,13.2,9449
device_uplink,1788908743000000000,70b3d57ed00778cc,-30,13.5,9450
device_uplink,1788908761000000000,70b3d57ed00778cc,-29,14.2,9451
device_uplink,1788908777000000000,70b3d57ed00778cc,-28,8.8,9452
device_uplink,1788908793000000000,70b3d57ed00778cc,-31,13.8,9453
device_uplink,1788908809000000000,70b3d57ed0077801,-33,10.5,99
device_uplink,1788908809000000000,70b3d57ed00778cc,-30,11.2,9454
device_uplink,1788908825000000000,70b3d57ed00778cc,-28,13.8,9455
device_uplink,1788908841000000000,70b3d57ed00778cc,-30,12.8,9456
device_uplink,1788908857000000000,70b3d57ed00778cc,-29,14,9457
device_uplink,1788908873000000000,70b3d57ed00778cc,-28,13.8,9458
device_uplink,1788908891000000000,70b3d57ed00778cc,-29,13.5,9459
device_uplink,1788908907000000000,70b3d57ed00778cc,-28,13.8,9460
device_uplink,1788908923000000000,70b3d57ed00778cc,-28,14.5,9461
device_uplink,1788908939000000000,70b3d57ed00778cc,-29,13.8,9462
device_uplink,1788908955000000000,70b3d57ed00778cc,-28,9,9463
device_uplink,1788908971000000000,70b3d57ed00778cc,-29,12.8,9464
device_uplink,1788908987000000000,70b3d57ed00778cc,-29,13.5,9465
device_uplink,1788909005000000000,70b3d57ed00778cc,-29,13.8,9466
device_uplink,1788909021000000000,70b3d57ed00778cc,-32,13.5,9467
device_uplink,1788909037000000000,70b3d57ed00778cc,-29,8.2,9468
device_uplink,1788909053000000000,70b3d57ed00778cc,-29,13.2,9469
device_uplink,1788909069000000000,70b3d57ed00778cc,-32,13.5,9470
device_uplink,1788909085000000000,70b3d57ed00778cc,-27,13.5,9471
device_uplink,1788909101000000000,70b3d57ed00778cc,-30,11.2,9472
device_uplink,1788909117000000000,70b3d57ed00778cc,-31,13.2,9473
device_uplink,1788909135000000000,70b3d57ed00778cc,-24,13.8,9474
device_uplink,1788909151000000000,70b3d57ed00778cc,-31,13,9475
device_uplink,1788909167000000000,70b3d57ed00778cc,-26,13,9476
device_uplink,1788909183000000000,70b3d57ed00778cc,-25,14,9477
device_uplink,1788909199000000000,70b3d57ed00778cc,-25,14,9478
device_uplink,1788909215000000000,70b3d57ed00778cc,-23,10.2,9479
device_uplink,1788909231000000000,70b3d57ed00778cc,-25,13.8,9480
device_uplink,1788909247000000000,70b3d57ed00778cc,-31,12.2,9481
device_uplink,1788909265000000000,70b3d57ed00778cc,-26,13.5,9482
device_uplink,1788909281000000000,70b3d57ed00778cc,-28,13.2,9483
device_uplink,1788909297000000000,70b3d57ed00778cc,-24,13.2,9484
device_uplink,1788909313000000000,70b3d57ed00778cc,-24,14,9485
device_uplink,1788909329000000000,70b3d57ed00778cc,-27,13.2,9486
device_uplink,1788909345000000000,70b3d57ed00778cc,-33,12,9487
device_uplink,1788909361000000000,70b3d57ed00778cc,-30,9.5,9488
device_uplink,1788909377000000000,70b3d57ed00778cc,-29,13.2,9489
device_uplink,1788909393000000000,70b3d57ed00778cc,-30,9,9490
device_uplink,1788909411000000000,70b3d57ed00778cc,-28,13.8,9491
device_uplink,1788909427000000000,70b3d57ed00778cc,-25,13.5,9492
device_uplink,1788909443000000000,70b3d57ed00778cc,-30,11.2,9493
device_uplink,1788909459000000000,70b3d57ed00778cc,-29,13.5,9494
device_uplink,1788909475000000000,70b3d57ed00778cc,-29,13.8,9495
device_uplink,1788909491000000000,70b3d57ed00778cc,-33,13.2,9496
device_uplink,1788909507000000000,70b3d57ed00778cc,-33,13,9497
device_uplink,1788909523000000000,70b3d57ed00778cc,-31,12.5,9498
device_uplink,1788909541000000000,70b3d57ed00778cc,-30,10,9499
device_uplink,1788909557000000000,70b3d57ed00778cc,-28,14,9500
device_uplink,1788909573000000000,70b3d57ed00778cc,-30,11.5,9501
device_uplink,1788909589000000000,70b3d57ed00778cc,-30,13.2,9502
device_uplink,1788909605000000000,70b3d57ed00778cc,-29,13.8,9503
device_uplink,1788909621000000000,70b3d57ed00778cc,-34,13.5,9504
device_uplink,1788909637000000000,70b3d57ed00778cc,-31,13.8,9505
device_uplink,1788909653000000000,70b3d57ed00778cc,-32,10.5,9506
device_uplink,1788909671000000000,70b3d57ed00778cc,-25,13.8,9507
device_uplink,1788909687000000000,70b3d57ed00778cc,-30,12.8,9508
device_uplink,1788909703000000000,70b3d57ed00778cc,-29,13.5,9509
device_uplink,1788909718000000000,70b3d57ed0077801,-34,12.5,100
device_uplink,1788909719000000000,70b3d57ed00778cc,-31,12.8,9510
device_uplink,1788909735000000000,70b3d57ed00778cc,-31,13.5,9511
device_uplink,1788909751000000000,70b3d57ed00778cc,-33,13.5,9512
device_uplink,1788909767000000000,70b3d57ed00778cc,-30,13.8,9513
device_uplink,1788909783000000000,70b3d57ed00778cc,-30,13,9514
device_uplink,1788909801000000000,70b3d57ed00778cc,-31,11.5,9515
device_uplink,1788909817000000000,70b3d57ed00778cc,-31,11.5,9516
device_uplink,1788909833000000000,70b3d57ed00778cc,-28,14.2,9517
device_uplink,1788909849000000000,70b3d57ed00778cc,-28,13.8,9518
device_uplink,1788909865000000000,70b3d57ed00778cc,-28,14.2,9519
device_uplink,1788909881000000000,70b3d57ed00778cc,-30,12.5,9520
device_uplink,1788909897000000000,70b3d57ed00778cc,-30,12.8,9521
device_uplink,1788909915000000000,70b3d57ed00778cc,-29,8.8,9522
device_uplink,1788909931000000000,70b3d57ed00778cc,-30,13.5,9523
device_uplink,1788909947000000000,70b3d57ed00778cc,-29,13.2,9524
device_uplink,1788909963000000000,70b3d57ed00778cc,-29,12.5,9525
device_uplink,1788909979000000000,70b3d57ed00778cc,-29,13.5,9526
device_uplink,1788909995000000000,70b3d57ed00778cc,-29,11.8,9527
device_uplink,1788910011000000000,70b3d57ed00778cc,-31,13.5,9528
device_uplink,1788910027000000000,70b3d57ed00778cc,-30,12.8,9529
device_uplink,1788910045000000000,70b3d57ed00778cc,-31,13,9530
device_uplink,1788910061000000000,70b3d57ed00778cc,-32,12.5,9531
device_uplink,1788910077000000000,70b3d57ed00778cc,-30,13,9532
device_uplink,1788910093000000000,70b3d57ed00778cc,-29,13,9533
device_uplink,1788910109000000000,70b3d57ed00778cc,-31,10.8,9534
device_uplink,1788910125000000000,70b3d57ed00778cc,-27,14,9535
device_uplink,1788910141000000000,70b3d57ed00778cc,-30,12.5,9536
device_uplink,1788910157000000000,70b3d57ed00778cc,-30,13,9537
device_uplink,1788910175000000000,70b3d57ed00778cc,-31,12.8,9538
device_uplink,1788910191000000000,70b3d57ed00778cc,-28,12.8,9539
device_uplink,1788910207000000000,70b3d57ed00778cc,-32,11.5,9540
device_uplink,1788910223000000000,70b3d57ed00778cc,-31,13.2,9541
device_uplink,1788910239000000000,70b3d57ed00778cc,-33,13.5,9542
device_uplink,1788910255000000000,70b3d57ed00778cc,-32,13,9543
device_uplink,1788910271000000000,70b3d57ed00778cc,-32,13.2,9544
device_uplink,1788910287000000000,70b3d57ed00778cc,-30,12.8,9545
device_uplink,1788910305000000000,70b3d57ed00778cc,-31,14,9546
device_uplink,1788910321000000000,70b3d57ed00778cc,-32,13.2,9547
device_uplink,1788910337000000000,70b3d57ed00778cc,-31,11.5,9548
device_uplink,1788910353000000000,70b3d57ed00778cc,-33,13.5,9549
device_uplink,1788910369000000000,70b3d57ed00778cc,-32,13.2,9550
device_uplink,1788910385000000000,70b3d57ed00778cc,-31,12,9551
device_uplink,1788910401000000000,70b3d57ed00778cc,-31,14,9552
device_uplink,1788910417000000000,70b3d57ed00778cc,-33,13.2,9553
device_uplink,1788910435000000000,70b3d57ed00778cc,-33,13.2,9554
device_uplink,1788910451000000000,70b3d57ed00778cc,-32,13.2,9555
device_uplink,1788910467000000000,70b3d57ed00778cc,-30,10.8,9556
device_uplink,1788910483000000000,70b3d57ed00778cc,-30,11.8,9557
device_uplink,1788910499000000000,70b3d57ed00778cc,-31,13.5,9558
device_uplink,1788910515000000000,70b3d57ed00778cc,-28,14,9559
device_uplink,1788910531000000000,70b3d57ed00778cc,-31,10.2,9560
device_uplink,1788910547000000000,70b3d57ed00778cc,-29,13.8,9561
device_uplink,1788910565000000000,70b3d57ed00778cc,-35,12.8,9562
device_uplink,1788910581000000000,70b3d57ed00778cc,-31,13.5,9563
device_uplink,1788910597000000000,70b3d57ed00778cc,-30,9.2,9564
device_uplink,1788910613000000000,70b3d57ed00778cc,-30,12.5,9565
device_uplink,1788910626000000000,70b3d57ed0077801,-32,12.2,101
device_uplink,1788910629000000000,70b3d57ed00778cc,-32,13.2,9566
device_uplink,1788910645000000000,70b3d57ed00778cc,-30,12,9567
device_uplink,1788910661000000000,70b3d57ed00778cc,-31,13,9568
device_uplink,1788910677000000000,70b3d57ed00778cc,-28,13.5,9569
device_uplink,1788910695000000000,70b3d57ed00778cc,-31,13.8,9570
device_uplink,1788910711000000000,70b3d57ed00778cc,-37,11.5,9571
device_uplink,1788910727000000000,70b3d57ed00778cc,-36,13,9572
device_uplink,1788910743000000000,70b3d57ed00778cc,-31,13.8,9573
device_uplink,1788910759000000000,70b3d57ed00778cc,-33,11,9574
device_uplink,1788910775000000000,70b3d57ed00778cc,-31,12.5,9575
device_uplink,1788910791000000000,70b3d57ed00778cc,-32,13,9576
device_uplink,1788910807000000000,70b3d57ed00778cc,-35,12.8,9577
device_uplink,1788910825000000000,70b3d57ed00778cc,-32,12.5,9578
device_uplink,1788910841000000000,70b3d57ed00778cc,-31,11.5,9579
device_uplink,1788910857000000000,70b3d57ed00778cc,-24,12,9580
device_uplink,1788910873000000000,70b3d57ed00778cc,-30,13,9581
device_uplink,1788910889000000000,70b3d57ed00778cc,-32,13.5,9582
device_uplink,1788910905000000000,70b3d57ed00778cc,-26,13.8,9583
device_uplink,1788910921000000000,70b3d57ed00778cc,-30,12.5,9584
device_uplink,1788910937000000000,70b3d57ed00778cc,-29,12.8,9585
device_uplink,1788910955000000000,70b3d57ed00778cc,-28,8,9586
device_uplink,1788910971000000000,70b3d57ed00778cc,-34,11.5,9587
device_uplink,1788910987000000000,70b3d57ed00778cc,-33,12.5,9588
device_uplink,1788911003000000000,70b3d57ed00778cc,-32,13.2,9589
device_uplink,1788911019000000000,70b3d57ed00778cc,-29,13.5,9590
device_uplink,1788911035000000000,70b3d57ed00778cc,-28,14,9591
device_uplink,1788911051000000000,70b3d57ed00778cc,-32,13.5,9592
device_uplink,1788911067000000000,70b3d57ed00778cc,-43,10,9593
device_uplink,1788911085000000000,70b3d57ed00778cc,-42,11,9594
device_uplink,1788911101000000000,70b3d57ed00778cc,-25,13.8,9595
device_uplink,1788911117000000000,70b3d57ed00778cc,-29,13.2,9596
device_uplink,1788911133000000000,70b3d57ed00778cc,-28,13.5,9597
device_uplink,1788911149000000000,70b3d57ed00778cc,-24,10.5,9598
device_uplink,1788911165000000000,70b3d57ed00778cc,-35,12.8,9599
device_uplink,1788911181000000000,70b3d57ed00778cc,-31,13.2,9600
device_uplink,1788911197000000000,70b3d57ed00778cc,-31,13,9601
device_uplink,1788911215000000000,70b3d57ed00778cc,-29,10.8,9602
device_uplink,1788911231000000000,70b3d57ed00778cc,-23,14.5,9603
device_uplink,1788911247000000000,70b3d57ed00778cc,-24,12.8,9604
device_uplink,1788911263000000000,70b3d57ed00778cc,-33,13.8,9605
device_uplink,1788911279000000000,70b3d57ed00778cc,-30,12.8,9606
device_uplink,1788911295000000000,70b3d57ed00778cc,-30,12.2,9607
device_uplink,1788911311000000000,70b3d57ed00778cc,-32,13.5,9608
device_uplink,1788911327000000000,70b3d57ed00778cc,-40,10.8,9609
device_uplink,1788911345000000000,70b3d57ed00778cc,-24,14,9610
device_uplink,1788911361000000000,70b3d57ed00778cc,-38,10.8,9611
device_uplink,1788911377000000000,70b3d57ed00778cc,-28,14,9612
device_uplink,1788911393000000000,70b3d57ed00778cc,-29,13.5,9613
device_uplink,1788911409000000000,70b3d57ed00778cc,-27,13.8,9614
device_uplink,1788911425000000000,70b3d57ed00778cc,-36,9.8,9615
device_uplink,1788911441000000000,70b3d57ed00778cc,-30,12.8,9616
device_uplink,1788911459000000000,70b3d57ed00778cc,-34,13.2,9617
device_uplink,1788911475000000000,70b3d57ed00778cc,-25,13.8,9618
device_uplink,1788911491000000000,70b3d57ed00778cc,-28,14,9619
device_uplink,1788911507000000000,70b3d57ed00778cc,-31,13.2,9620
device_uplink,1788911523000000000,70b3d57ed00778cc,-31,13.2,9621
device_uplink,1788911535000000000,70b3d57ed0077801,-38,11,102
device_uplink,1788911539000000000,70b3d57ed00778cc,-31,11.8,9622
device_uplink,1788911555000000000,70b3d57ed00778cc,-43,11.2,9623
device_uplink,1788911573000000000,70b3d57ed00778cc,-43,10.2,9624
device_uplink,1788911589000000000,70b3d57ed00778cc,-31,13.5,9625
device_uplink,1788911605000000000,70b3d57ed00778cc,-31,11.5,9626
device_uplink,1788911621000000000,70b3d57ed00778cc,-29,13.5,9627
device_uplink,1788911637000000000,70b3d57ed00778cc,-29,14,9628
device_uplink,1788911653000000000,70b3d57ed00778cc,-30,12.2,9629
device_uplink,1788911669000000000,70b3d57ed00778cc,-29,10.5,9630
device_uplink,1788911687000000000,70b3d57ed00778cc,-29,13.5,9631
device_uplink,1788911703000000000,70b3d57ed00778cc,-30,12.2,9632
device_uplink,1788911719000000000,70b3d57ed00778cc,-30,12.8,9633
device_uplink,1788911735000000000,70b3d57ed00778cc,-35,13,9634
device_uplink,1788911751000000000,70b3d57ed00778cc,-28,9.5,9635
device_uplink,1788911767000000000,70b3d57ed00778cc,-30,13,9636
device_uplink,1788911783000000000,70b3d57ed00778cc,-31,12,9637
device_uplink,1788911799000000000,70b3d57ed00778cc,-31,13,9638
device_uplink,1788911817000000000,70b3d57ed00778cc,-35,13.2,9639
device_uplink,1788911833000000000,70b3d57ed00778cc,-29,12.8,9640
device_uplink,1788911849000000000,70b3d57ed00778cc,-31,13.5,9641
device_uplink,1788911865000000000,70b3d57ed00778cc,-28,8.5,9642
device_uplink,1788911881000000000,70b3d57ed00778cc,-30,12.8,9643
device_uplink,1788911897000000000,70b3d57ed00778cc,-31,12.5,9644
device_uplink,1788911913000000000,70b3d57ed00778cc,-30,13,9645
device_uplink,1788911931000000000,70b3d57ed00778cc,-30,12.5,9646
device_uplink,1788911947000000000,70b3d57ed00778cc,-28,14,9647
device_uplink,1788911963000000000,70b3d57ed00778cc,-29,14,9648
device_uplink,1788911979000000000,70b3d57ed00778cc,-32,13,9649
device_uplink,1788911995000000000,70b3d57ed00778cc,-28,13.8,9650
device_uplink,1788912011000000000,70b3d57ed00778cc,-33,13.5,9651
device_uplink,1788912027000000000,70b3d57ed00778cc,-27,10.2,9652
device_uplink,1788912043000000000,70b3d57ed00778cc,-28,13.5,9653
device_uplink,1788912059000000000,70b3d57ed00778cc,-30,11.2,9654
device_uplink,1788912077000000000,70b3d57ed00778cc,-32,13,9655
device_uplink,1788912093000000000,70b3d57ed00778cc,-36,12.8,9656
device_uplink,1788912109000000000,70b3d57ed00778cc,-27,14,9657
device_uplink,1788912125000000000,70b3d57ed00778cc,-29,13.5,9658
device_uplink,1788912141000000000,70b3d57ed00778cc,-25,13.2,9659
device_uplink,1788912157000000000,70b3d57ed00778cc,-30,9.8,9660
device_uplink,1788912173000000000,70b3d57ed00778cc,-33,13.2,9661
device_uplink,1788912189000000000,70b3d57ed00778cc,-31,14,9662
device_uplink,1788912207000000000,70b3d57ed00778cc,-33,13.2,9663
device_uplink,1788912223000000000,70b3d57ed00778cc,-31,12.2,9664
device_uplink,1788912239000000000,70b3d57ed00778cc,-37,11.5,9665
device_uplink,1788912255000000000,70b3d57ed00778cc,-33,13.2,9666
device_uplink,1788912271000000000,70b3d57ed00778cc,-33,12.8,9667
device_uplink,1788912287000000000,70b3d57ed00778cc,-33,13.2,9668
device_uplink,1788912303000000000,70b3d57ed00778cc,-34,13.2,9669
device_uplink,1788912319000000000,70b3d57ed00778cc,-34,11.2,9670
device_uplink,1788912337000000000,70b3d57ed00778cc,-25,10.8,9671
device_uplink,1788912353000000000,70b3d57ed00778cc,-33,13.2,9672
device_uplink,1788912369000000000,70b3d57ed00778cc,-35,12.2,9673
device_uplink,1788912385000000000,70b3d57ed00778cc,-31,13.5,9674
device_uplink,1788912401000000000,70b3d57ed00778cc,-30,13.5,9675
device_uplink,1788912417000000000,70b3d57ed00778cc,-33,13.5,9676
device_uplink,1788912433000000000,70b3d57ed00778cc,-34,13.5,9677
device_uplink,1788912443000000000,70b3d57ed0077801,-35,13,103
device_uplink,1788912451000000000,70b3d57ed00778cc,-31,12.5,9678
device_uplink,1788912467000000000,70b3d57ed00778cc,-40,9.8,9679
device_uplink,1788912483000000000,70b3d57ed00778cc,-29,13,9680
device_uplink,1788912499000000000,70b3d57ed00778cc,-32,13.2,9681
device_uplink,1788912515000000000,70b3d57ed00778cc,-32,13.5,9682
device_uplink,1788912531000000000,70b3d57ed00778cc,-31,12.5,9683
device_uplink,1788912547000000000,70b3d57ed00778cc,-29,9,9684
device_uplink,1788912565000000000,70b3d57ed00778cc,-29,13.2,9685
device_uplink,1788912581000000000,70b3d57ed00778cc,-28,13.8,9686
device_uplink,1788912597000000000,70b3d57ed00778cc,-36,11.2,9687
device_uplink,1788912613000000000,70b3d57ed00778cc,-27,13.8,9688
device_uplink,1788912629000000000,70b3d57ed00778cc,-28,13.5,9689
device_uplink,1788912645000000000,70b3d57ed00778cc,-29,12.2,9690
device_uplink,1788912661000000000,70b3d57ed00778cc,-34,13.5,9691
device_uplink,1788912677000000000,70b3d57ed00778cc,-27,14,9692
device_uplink,1788912695000000000,70b3d57ed00778cc,-30,12.2,9693
device_uplink,1788912711000000000,70b3d57ed00778cc,-31,14,9694
device_uplink,1788912727000000000,70b3d57ed00778cc,-37,9.8,9695
device_uplink,1788912743000000000,70b3d57ed00778cc,-33,10.8,9696
device_uplink,1788912759000000000,70b3d57ed00778cc,-32,13.8,9697
device_uplink,1788912775000000000,70b3d57ed00778cc,-33,13.8,9698
device_uplink,1788912791000000000,70b3d57ed00778cc,-33,13.2,9699
device_uplink,1788912809000000000,70b3d57ed00778cc,-31,13,9700
device_uplink,1788912825000000000,70b3d57ed00778cc,-30,13.5,9701
device_uplink,1788912841000000000,70b3d57ed00778cc,-29,13.5,9702
device_uplink,1788912857000000000,70b3d57ed00778cc,-34,13,9703
device_uplink,1788912873000000000,70b3d57ed00778cc,-33,10.8,9704
device_uplink,1788912889000000000,70b3d57ed00778cc,-45,9.8,9705
device_uplink,1788912905000000000,70b3d57ed00778cc,-29,10.5,9706
device_uplink,1788912921000000000,70b3d57ed00778cc,-28,13.5,9707
device_uplink,1788912939000000000,70b3d57ed00778cc,-23,14,9708
device_uplink,1788912955000000000,70b3d57ed00778cc,-24,13.8,9709
device_uplink,1788912971000000000,70b3d57ed00778cc,-29,13.8,9710
device_uplink,1788912987000000000,70b3d57ed00778cc,-26,13.8,9711
device_uplink,1788913003000000000,70b3d57ed00778cc,-24,13.5,9712
device_uplink,1788913019000000000,70b3d57ed00778cc,-28,13.8,9713
device_uplink,1788913035000000000,70b3d57ed00778cc,-32,11,9714
device_uplink,1788913051000000000,70b3d57ed00778cc,-30,12.8,9715
device_uplink,1788913069000000000,70b3d57ed00778cc,-30,10.2,9716
device_uplink,1788913085000000000,70b3d57ed00778cc,-30,13.8,9717
device_uplink,1788913101000000000,70b3d57ed00778cc,-34,13.2,9718
device_uplink,1788913117000000000,70b3d57ed00778cc,-30,13.2,9719
device_uplink,1788913133000000000,70b3d57ed00778cc,-28,14,9720
device_uplink,1788913149000000000,70b3d57ed00778cc,-28,13.8,9721
device_uplink,1788913165000000000,70b3d57ed00778cc,-26,11.8,9722
device_uplink,1788913183000000000,70b3d57ed00778cc,-27,13.5,9723
device_uplink,1788913199000000000,70b3d57ed00778cc,-31,13.5,9724
device_uplink,1788913215000000000,70b3d57ed00778cc,-26,13.8,9725
device_uplink,1788913231000000000,70b3d57ed00778cc,-26,13.2,9726
device_uplink,1788913247000000000,70b3d57ed00778cc,-37,11.8,9727
device_uplink,1788913263000000000,70b3d57ed00778cc,-45,8,9728
device_uplink,1788913279000000000,70b3d57ed00778cc,-28,14,9729
device_uplink,1788913295000000000,70b3d57ed00778cc,-32,12.8,9730
device_uplink,1788913313000000000,70b3d57ed00778cc,-33,13.8,9731
device_uplink,1788913329000000000,70b3d57ed00778cc,-35,9.2,9732
device_uplink,1788913345000000000,70b3d57ed00778cc,-43,8.2,9733
device_uplink,1788913351000000000,70b3d57ed0077801,-26,13.2,104
device_uplink,1788913361000000000,70b3d57ed00778cc,-26,13.2,9734
device_uplink,1788913377000000000,70b3d57ed00778cc,-31,13.2,9735
device_uplink,1788913393000000000,70b3d57ed00778cc,-24,13.2,9736
device_uplink,1788913409000000000,70b3d57ed00778cc,-29,13.5,9737
device_uplink,1788913425000000000,70b3d57ed00778cc,-25,13.5,9738
device_uplink,1788913443000000000,70b3d57ed00778cc,-26,13.5,9739
device_uplink,1788913459000000000,70b3d57ed00778cc,-30,9.5,9740
device_uplink,1788913475000000000,70b3d57ed00778cc,-25,13.8,9741
device_uplink,1788913491000000000,70b3d57ed00778cc,-24,13,9742
device_uplink,1788913507000000000,70b3d57ed00778cc,-36,12,9743
device_uplink,1788913523000000000,70b3d57ed00778cc,-25,13.8,9744
device_uplink,1788913539000000000,70b3d57ed00778cc,-30,11.2,9745
device_uplink,1788913555000000000,70b3d57ed00778cc,-29,13,9746
device_uplink,1788913573000000000,70b3d57ed00778cc,-28,14.2,9747
device_uplink,1788913589000000000,70b3d57ed00778cc,-24,10.8,9748
device_uplink,1788913605000000000,70b3d57ed00778cc,-27,14.2,9749
device_uplink,1788913621000000000,70b3d57ed00778cc,-24,13.8,9750
device_uplink,1788913637000000000,70b3d57ed00778cc,-30,12.8,9751
device_uplink,1788913653000000000,70b3d57ed00778cc,-27,13.2,9752
device_uplink,1788913669000000000,70b3d57ed00778cc,-27,13.5,9753
device_uplink,1788913687000000000,70b3d57ed00778cc,-30,13,9754
device_uplink,1788913703000000000,70b3d57ed00778cc,-24,13.8,9755
device_uplink,1788913719000000000,70b3d57ed00778cc,-29,14,9756
device_uplink,1788913735000000000,70b3d57ed00778cc,-33,13.2,9757
device_uplink,1788913751000000000,70b3d57ed00778cc,-38,9,9758
device_uplink,1788913767000000000,70b3d57ed00778cc,-32,13.2,9759
device_uplink,1788913783000000000,70b3d57ed00778cc,-24,13.5,9760
device_uplink,1788913799000000000,70b3d57ed00778cc,-22,13.8,9761
device_uplink,1788913817000000000,70b3d57ed00778cc,-24,12.5,9762
device_uplink,1788913833000000000,70b3d57ed00778cc,-30,12,9763
device_uplink,1788913849000000000,70b3d57ed00778cc,-25,11.2,9764
device_uplink,1788913865000000000,70b3d57ed00778cc,-24,13.8,9765
device_uplink,1788913881000000000,70b3d57ed00778cc,-28,13.8,9766
device_uplink,1788913897000000000,70b3d57ed00778cc,-26,13.2,9767
device_uplink,1788913913000000000,70b3d57ed00778cc,-35,12.5,9768
device_uplink,1788913929000000000,70b3d57ed00778cc,-38,12,9769
device_uplink,1788913947000000000,70b3d57ed00778cc,-34,13.5,9770
device_uplink,1788913963000000000,70b3d57ed00778cc,-36,8.8,9771
device_uplink,1788913979000000000,70b3d57ed00778cc,-35,12.8,9772
device_uplink,1788913995000000000,70b3d57ed00778cc,-40,12.2,9773
device_uplink,1788914011000000000,70b3d57ed00778cc,-36,12.2,9774
device_uplink,1788914027000000000,70b3d57ed00778cc,-32,13.5,9775
device_uplink,1788914059000000000,70b3d57ed00778cc,-40,10.5,9777
device_uplink,1788914077000000000,70b3d57ed00778cc,-28,13.8,9778
device_uplink,1788914093000000000,70b3d57ed00778cc,-38,9.8,9779
device_uplink,1788914109000000000,70b3d57ed00778cc,-34,12.5,9780
device_uplink,1788914125000000000,70b3d57ed00778cc,-38,12.2,9781
device_uplink,1788914141000000000,70b3d57ed00778cc,-36,9.2,9782
device_uplink,1788914157000000000,70b3d57ed00778cc,-43,10.5,9783
device_uplink,1788914173000000000,70b3d57ed00778cc,-34,13,9784
device_uplink,1788914189000000000,70b3d57ed00778cc,-43,10.8,9785
device_uplink,1788914207000000000,70b3d57ed00778cc,-36,12,9786
device_uplink,1788914223000000000,70b3d57ed00778cc,-37,12.2,9787
device_uplink,1788914239000000000,70b3d57ed00778cc,-29,13.8,9788
device_uplink,1788914255000000000,70b3d57ed00778cc,-36,11,9789
device_uplink,1788914260000000000,70b3d57ed0077801,-27,14,105
device_uplink,1788914271000000000,70b3d57ed00778cc,-33,13.2,9790
device_uplink,1788914287000000000,70b3d57ed00778cc,-38,12.8,9791
device_uplink,1788914303000000000,70b3d57ed00778cc,-45,6.5,9792
device_uplink,1788914321000000000,70b3d57ed00778cc,-35,13.2,9793
device_uplink,1788914337000000000,70b3d57ed00778cc,-28,14.2,9794
device_uplink,1788914353000000000,70b3d57ed00778cc,-33,13.5,9795
device_uplink,1788914369000000000,70b3d57ed00778cc,-28,10.5,9796
device_uplink,1788914385000000000,70b3d57ed00778cc,-26,13.5,9797
device_uplink,1788914401000000000,70b3d57ed00778cc,-28,13.2,9798
device_uplink,1788914417000000000,70b3d57ed00778cc,-29,13.2,9799
device_uplink,1788914435000000000,70b3d57ed00778cc,-30,11.2,9800
device_uplink,1788914451000000000,70b3d57ed00778cc,-30,13.2,9801
device_uplink,1788914467000000000,70b3d57ed00778cc,-29,12.8,9802
device_uplink,1788914483000000000,70b3d57ed00778cc,-34,12.5,9803
device_uplink,1788914499000000000,70b3d57ed00778cc,-37,8.2,9804
device_uplink,1788914515000000000,70b3d57ed00778cc,-34,13.2,9805
device_uplink,1788914531000000000,70b3d57ed00778cc,-31,13.8,9806
device_uplink,1788914547000000000,70b3d57ed00778cc,-34,13,9807
device_uplink,1788914565000000000,70b3d57ed00778cc,-28,14.2,9808
device_uplink,1788914581000000000,70b3d57ed00778cc,-30,13.5,9809
device_uplink,1788914597000000000,70b3d57ed00778cc,-33,11.5,9810
device_uplink,1788914613000000000,70b3d57ed00778cc,-29,10.2,9811
device_uplink,1788914629000000000,70b3d57ed00778cc,-30,11.8,9812
device_uplink,1788914645000000000,70b3d57ed00778cc,-33,13.5,9813
device_uplink,1788914661000000000,70b3d57ed00778cc,-34,13,9814
device_uplink,1788914677000000000,70b3d57ed00778cc,-43,10.2,9815
device_uplink,1788914695000000000,70b3d57ed00778cc,-36,12.2,9816
device_uplink,1788914711000000000,70b3d57ed00778cc,-30,12.8,9817
device_uplink,1788914727000000000,70b3d57ed00778cc,-30,13.2,9818
device_uplink,1788914743000000000,70b3d57ed00778cc,-28,13.8,9819
device_uplink,1788914759000000000,70b3d57ed00778cc,-25,11.5,9820
device_uplink,1788914775000000000,70b3d57ed00778cc,-26,13.5,9821
device_uplink,1788914791000000000,70b3d57ed00778cc,-29,11.8,9822
device_uplink,1788914807000000000,70b3d57ed00778cc,-26,13.5,9823
device_uplink,1788914825000000000,70b3d57ed00778cc,-27,13.5,9824
device_uplink,1788914841000000000,70b3d57ed00778cc,-26,13,9825
device_uplink,1788914857000000000,70b3d57ed00778cc,-30,8.8,9826
device_uplink,1788914873000000000,70b3d57ed00778cc,-35,13,9827
device_uplink,1788914889000000000,70b3d57ed00778cc,-28,14,9828
device_uplink,1788914905000000000,70b3d57ed00778cc,-30,13.5,9829
device_uplink,1788914923000000000,70b3d57ed00778cc,-30,13.5,9830
device_uplink,1788914939000000000,70b3d57ed00778cc,-29,13,9831
device_uplink,1788914955000000000,70b3d57ed00778cc,-28,10.5,9832
device_uplink,1788914971000000000,70b3d57ed00778cc,-30,12.5,9833
device_uplink,1788914987000000000,70b3d57ed00778cc,-30,12.8,9834
device_uplink,1788915003000000000,70b3d57ed00778cc,-27,14,9835
device_uplink,1788915019000000000,70b3d57ed00778cc,-29,13.5,9836
device_uplink,1788915035000000000,70b3d57ed00778cc,-29,13.5,9837
device_uplink,1788915053000000000,70b3d57ed00778cc,-26,11.2,9838
device_uplink,1788915069000000000,70b3d57ed00778cc,-29,13.5,9839
device_uplink,1788915085000000000,70b3d57ed00778cc,-29,13.5,9840
device_uplink,1788915101000000000,70b3d57ed00778cc,-29,13.2,9841
device_uplink,1788915117000000000,70b3d57ed00778cc,-27,13.5,9842
device_uplink,1788915133000000000,70b3d57ed00778cc,-27,13.5,9843
device_uplink,1788915149000000000,70b3d57ed00778cc,-28,11.2,9844
device_uplink,1788915165000000000,70b3d57ed00778cc,-38,11.8,9845
device_uplink,1788915168000000000,70b3d57ed0077801,-25,9.8,106
device_uplink,1788915181000000000,70b3d57ed00778cc,-28,13.5,9846
device_uplink,1788915199000000000,70b3d57ed00778cc,-29,13.5,9847
device_uplink,1788915215000000000,70b3d57ed00778cc,-26,13.8,9848
device_uplink,1788915231000000000,70b3d57ed00778cc,-27,14,9849
device_uplink,1788915247000000000,70b3d57ed00778cc,-25,11.8,9850
device_uplink,1788915263000000000,70b3d57ed00778cc,-29,13.5,9851
device_uplink,1788915279000000000,70b3d57ed00778cc,-28,12.8,9852
device_uplink,1788915295000000000,70b3d57ed00778cc,-28,13.5,9853
device_uplink,1788915313000000000,70b3d57ed00778cc,-27,13.2,9854
device_uplink,1788915329000000000,70b3d57ed00778cc,-29,12.8,9855
device_uplink,1788915345000000000,70b3d57ed00778cc,-27,14,9856
device_uplink,1788915361000000000,70b3d57ed00778cc,-29,13.5,9857
device_uplink,1788915377000000000,70b3d57ed00778cc,-27,9.5,9858
device_uplink,1788915393000000000,70b3d57ed00778cc,-29,13,9859
device_uplink,1788915409000000000,70b3d57ed00778cc,-29,13.5,9860
device_uplink,1788915425000000000,70b3d57ed00778cc,-28,13.8,9861
device_uplink,1788915443000000000,70b3d57ed00778cc,-25,13.8,9862
device_uplink,1788915459000000000,70b3d57ed00778cc,-29,13.5,9863
device_uplink,1788915475000000000,70b3d57ed00778cc,-24,13.8,9864
device_uplink,1788915491000000000,70b3d57ed00778cc,-27,14,9865
device_uplink,1788915507000000000,70b3d57ed00778cc,-28,13.5,9866
device_uplink,1788915523000000000,70b3d57ed00778cc,-29,13,9867
device_uplink,1788915539000000000,70b3d57ed00778cc,-25,13.2,9868
device_uplink,1788915557000000000,70b3d57ed00778cc,-29,14,9869
device_uplink,1788915573000000000,70b3d57ed00778cc,-30,10.5,9870
device_uplink,1788915589000000000,70b3d57ed00778cc,-28,13.8,9871
device_uplink,1788915605000000000,70b3d57ed00778cc,-32,13.5,9872
device_uplink,1788915621000000000,70b3d57ed00778cc,-27,13.5,9873
device_uplink,1788915637000000000,70b3d57ed00778cc,-27,13.5,9874
device_uplink,1788915653000000000,70b3d57ed00778cc,-29,14.5,9875
device_uplink,1788915671000000000,70b3d57ed00778cc,-30,11.5,9876
device_uplink,1788915687000000000,70b3d57ed00778cc,-28,13.5,9877
device_uplink,1788915703000000000,70b3d57ed00778cc,-30,13.5,9878
device_uplink,1788915719000000000,70b3d57ed00778cc,-30,9.5,9879
device_uplink,1788915735000000000,70b3d57ed00778cc,-28,13.5,9880
device_uplink,1788915751000000000,70b3d57ed00778cc,-30,12,9881
device_uplink,1788915767000000000,70b3d57ed00778cc,-28,13.2,9882
device_uplink,1788915783000000000,70b3d57ed00778cc,-30,12.2,9883
device_uplink,1788915801000000000,70b3d57ed00778cc,-29,13.5,9884
device_uplink,1788915817000000000,70b3d57ed00778cc,-28,13,9885
device_uplink,1788915833000000000,70b3d57ed00778cc,-29,12.5,9886
device_uplink,1788915849000000000,70b3d57ed00778cc,-29,10.2,9887
device_uplink,1788915865000000000,70b3d57ed00778cc,-28,13.5,9888
device_uplink,1788915881000000000,70b3d57ed00778cc,-29,13.2,9889
device_uplink,1788915897000000000,70b3d57ed00778cc,-28,10.8,9890
device_uplink,1788915915000000000,70b3d57ed00778cc,-29,14,9891
device_uplink,1788915931000000000,70b3d57ed00778cc,-28,14.5,9892
device_uplink,1788915947000000000,70b3d57ed00778cc,-33,13.2,9893
device_uplink,1788915963000000000,70b3d57ed00778cc,-29,13.2,9894
device_uplink,1788915979000000000,70b3d57ed00778cc,-27,13.2,9895
device_uplink,1788915995000000000,70b3d57ed00778cc,-27,13.2,9896
device_uplink,1788916011000000000,70b3d57ed00778cc,-26,13.5,9897
device_uplink,1788916029000000000,70b3d57ed00778cc,-27,13.5,9898
device_uplink,1788916045000000000,70b3d57ed00778cc,-27,11,9899
device_uplink,1788916061000000000,70b3d57ed00778cc,-27,14,9900
device_uplink,1788916077000000000,70b3d57ed0077801,-26,13.8,107
device_uplink,1788916077000000000,70b3d57ed00778cc,-29,13.2,9901
device_uplink,1788916093000000000,70b3d57ed00778cc,-26,13,9902
device_uplink,1788916109000000000,70b3d57ed00778cc,-27,13.8,9903
device_uplink,1788916125000000000,70b3d57ed00778cc,-28,13.5,9904
device_uplink,1788916141000000000,70b3d57ed00778cc,-27,14,9905
device_uplink,1788916159000000000,70b3d57ed00778cc,-28,14.2,9906
device_uplink,1788916175000000000,70b3d57ed00778cc,-25,11.2,9907
device_uplink,1788916191000000000,70b3d57ed00778cc,-26,13.2,9908
device_uplink,1788916207000000000,70b3d57ed00778cc,-27,13.5,9909
device_uplink,1788916223000000000,70b3d57ed00778cc,-27,14,9910
device_uplink,1788916239000000000,70b3d57ed00778cc,-24,13.2,9911
device_uplink,1788916257000000000,70b3d57ed00778cc,-24,14,9912
device_uplink,1788916273000000000,70b3d57ed00778cc,-26,14,9913
device_uplink,1788916289000000000,70b3d57ed00778cc,-27,13.5,9914
device_uplink,1788916305000000000,70b3d57ed00778cc,-28,13.2,9915
device_uplink,1788916321000000000,70b3d57ed00778cc,-27,13.8,9916
device_uplink,1788916337000000000,70b3d57ed00778cc,-27,13.5,9917
device_uplink,1788916353000000000,70b3d57ed00778cc,-24,10.2,9918
device_uplink,1788916369000000000,70b3d57ed00778cc,-25,14,9919
device_uplink,1788916387000000000,70b3d57ed00778cc,-27,14,9920
device_uplink,1788916403000000000,70b3d57ed00778cc,-25,13.2,9921
device_uplink,1788916419000000000,70b3d57ed00778cc,-28,13.5,9922
device_uplink,1788916435000000000,70b3d57ed00778cc,-25,13.5,9923
device_uplink,1788916451000000000,70b3d57ed00778cc,-29,14,9924
device_uplink,1788916467000000000,70b3d57ed00778cc,-29,13.5,9925
device_uplink,1788916485000000000,70b3d57ed00778cc,-27,14,9926
device_uplink,1788916501000000000,70b3d57ed00778cc,-29,13.5,9927
device_uplink,1788916517000000000,70b3d57ed00778cc,-28,11,9928
device_uplink,1788916533000000000,70b3d57ed00778cc,-27,11.8,9929
device_uplink,1788916549000000000,70b3d57ed00778cc,-29,11,9930
device_uplink,1788916565000000000,70b3d57ed00778cc,-28,13.2,9931
device_uplink,1788916581000000000,70b3d57ed00778cc,-26,13.8,9932
device_uplink,1788916597000000000,70b3d57ed00778cc,-27,12.8,9933
device_uplink,1788916615000000000,70b3d57ed00778cc,-28,13.2,9934
device_uplink,1788916631000000000,70b3d57ed00778cc,-28,14,9935
device_uplink,1788916647000000000,70b3d57ed00778cc,-31,13.5,9936
device_uplink,1788916663000000000,70b3d57ed00778cc,-30,13.8,9937
device_uplink,1788916679000000000,70b3d57ed00778cc,-27,13.5,9938
device_uplink,1788916695000000000,70b3d57ed00778cc,-29,13.2,9939
device_uplink,1788916711000000000,70b3d57ed00778cc,-35,13.2,9940
device_uplink,1788916727000000000,70b3d57ed00778cc,-29,13.8,9941
device_uplink,1788916745000000000,70b3d57ed00778cc,-29,10.2,9942
device_uplink,1788916761000000000,70b3d57ed00778cc,-27,13.8,9943
device_uplink,1788916777000000000,70b3d57ed00778cc,-27,14,9944
device_uplink,1788916793000000000,70b3d57ed00778cc,-25,13.8,9945
device_uplink,1788916809000000000,70b3d57ed00778cc,-28,14,9946
device_uplink,1788916825000000000,70b3d57ed00778cc,-29,14.2,9947
device_uplink,1788916841000000000,70b3d57ed00778cc,-28,10.5,9948
device_uplink,1788916857000000000,70b3d57ed00778cc,-28,13.2,9949
device_uplink,1788916875000000000,70b3d57ed00778cc,-26,13.5,9950
device_uplink,1788916891000000000,70b3d57ed00778cc,-23,13,9951
device_uplink,1788916907000000000,70b3d57ed00778cc,-30,13.2,9952
device_uplink,1788916923000000000,70b3d57ed00778cc,-28,13.2,9953
device_uplink,1788916939000000000,70b3d57ed00778cc,-27,13.8,9954
device_uplink,1788916955000000000,70b3d57ed00778cc,-26,13.8,9955
device_uplink,1788916971000000000,70b3d57ed00778cc,-25,13.5,9956
device_uplink,1788916985000000000,70b3d57ed0077801,-20,13.5,108
device_uplink,1788916989000000000,70b3d57ed00778cc,-29,10.8,9957
device_uplink,1788917005000000000,70b3d57ed00778cc,-27,13.8,9958
device_uplink,1788917021000000000,70b3d57ed00778cc,-27,13.2,9959
device_uplink,1788917037000000000,70b3d57ed00778cc,-27,13.8,9960
device_uplink,1788917053000000000,70b3d57ed00778cc,-26,14,9961
device_uplink,1788917069000000000,70b3d57ed00778cc,-26,11.5,9962
device_uplink,1788917085000000000,70b3d57ed00778cc,-28,13.2,9963
device_uplink,1788917101000000000,70b3d57ed00778cc,-26,12.8,9964
device_uplink,1788917119000000000,70b3d57ed00778cc,-28,13.8,9965
device_uplink,1788917135000000000,70b3d57ed00778cc,-26,14.2,9966
device_uplink,1788917151000000000,70b3d57ed00778cc,-32,13.8,9967
device_uplink,1788917167000000000,70b3d57ed00778cc,-27,14,9968
device_uplink,1788917183000000000,70b3d57ed00778cc,-26,13.8,9969
device_uplink,1788917199000000000,70b3d57ed00778cc,-27,13.8,9970
device_uplink,1788917215000000000,70b3d57ed00778cc,-30,11.2,9971
device_uplink,1788917233000000000,70b3d57ed00778cc,-28,13.8,9972
device_uplink,1788917249000000000,70b3d57ed00778cc,-30,9.8,9973
device_uplink,1788917265000000000,70b3d57ed00778cc,-27,14.2,9974
device_uplink,1788917281000000000,70b3d57ed00778cc,-27,13.2,9975
device_uplink,1788917297000000000,70b3d57ed00778cc,-28,13.8,9976
device_uplink,1788917313000000000,70b3d57ed00778cc,-28,12.8,9977
device_uplink,1788917329000000000,70b3d57ed00778cc,-25,13,9978
device_uplink,1788917345000000000,70b3d57ed00778cc,-28,14,9979
device_uplink,1788917363000000000,70b3d57ed00778cc,-26,11.8,9980
device_uplink,1788917379000000000,70b3d57ed00778cc,-29,12.8,9981
device_uplink,1788917395000000000,70b3d57ed00778cc,-28,13.2,9982
device_uplink,1788917411000000000,70b3d57ed00778cc,-23,13,9983
device_uplink,1788917427000000000,70b3d57ed00778cc,-18,14.2,9984
device_uplink,1788917443000000000,70b3d57ed00778cc,-24,14,9985
device_uplink,1788917459000000000,70b3d57ed00778cc,-28,13.5,9986
device_uplink,1788917477000000000,70b3d57ed00778cc,-30,12.2,9987
device_uplink,1788917493000000000,70b3d57ed00778cc,-26,14,9988
device_uplink,1788917509000000000,70b3d57ed00778cc,-28,13.2,9989
device_uplink,1788917525000000000,70b3d57ed00778cc,-27,10.8,9990
device_uplink,1788917541000000000,70b3d57ed00778cc,-34,13.2,9991
device_uplink,1788917557000000000,70b3d57ed00778cc,-33,13.2,9992
device_uplink,1788917573000000000,70b3d57ed00778cc,-28,13.8,9993
device_uplink,1788917591000000000,70b3d57ed00778cc,-28,13.2,9994
device_uplink,1788917607000000000,70b3d57ed00778cc,-33,13,9995
device_uplink,1788917623000000000,70b3d57ed00778cc,-24,6.5,9996
device_uplink,1788917639000000000,70b3d57ed00778cc,-27,13.2,9997
device_uplink,1788917655000000000,70b3d57ed00778cc,-29,14,9998
device_uplink,1788917671000000000,70b3d57ed00778cc,-27,13.8,9999
device_uplink,1788917687000000000,70b3d57ed00778cc,-28,11.2,10000
device_uplink,1788917703000000000,70b3d57ed00778cc,-29,13.5,10001
device_uplink,1788917721000000000,70b3d57ed00778cc,-27,14,10002
device_uplink,1788917737000000000,70b3d57ed00778cc,-27,13.5,10003
device_uplink,1788917753000000000,70b3d57ed00778cc,-31,12.5,10004
device_uplink,1788917769000000000,70b3d57ed00778cc,-32,12.8,10005
device_uplink,1788917785000000000,70b3d57ed00778cc,-32,11.5,10006
device_uplink,1788917801000000000,70b3d57ed00778cc,-31,13.2,10007
device_uplink,1788917817000000000,70b3d57ed00778cc,-29,14.2,10008
device_uplink,1788917835000000000,70b3d57ed00778cc,-26,14,10009
device_uplink,1788917851000000000,70b3d57ed00778cc,-27,13,10010
device_uplink,1788917867000000000,70b3d57ed00778cc,-30,9,10011
device_uplink,1788917883000000000,70b3d57ed00778cc,-29,14,10012
device_uplink,1788917894000000000,70b3d57ed0077801,-21,14.2,109
device_uplink,1788917899000000000,70b3d57ed00778cc,-29,13.8,10013
device_uplink,1788917915000000000,70b3d57ed00778cc,-32,13.2,10014
device_uplink,1788917931000000000,70b3d57ed00778cc,-27,13.8,10015
device_uplink,1788917949000000000,70b3d57ed00778cc,-30,13.2,10016
device_uplink,1788917965000000000,70b3d57ed00778cc,-31,13.5,10017
device_uplink,1788917981000000000,70b3d57ed00778cc,-28,14.2,10018
device_uplink,1788917997000000000,70b3d57ed00778cc,-31,13.8,10019
device_uplink,1788918013000000000,70b3d57ed00778cc,-32,12.2,10020
device_uplink,1788918029000000000,70b3d57ed00778cc,-31,10.8,10021
device_uplink,1788918045000000000,70b3d57ed00778cc,-29,13.5,10022
device_uplink,1788918063000000000,70b3d57ed00778cc,-26,13.8,10023
device_uplink,1788918079000000000,70b3d57ed00778cc,-25,13.5,10024
device_uplink,1788918095000000000,70b3d57ed00778cc,-27,14,10025
device_uplink,1788918111000000000,70b3d57ed00778cc,-29,13.8,10026
device_uplink,1788918127000000000,70b3d57ed00778cc,-26,14,10027
device_uplink,1788918143000000000,70b3d57ed00778cc,-29,13.8,10028
device_uplink,1788918159000000000,70b3d57ed00778cc,-33,12.8,10029
device_uplink,1788918177000000000,70b3d57ed00778cc,-28,14.5,10030
device_uplink,1788918193000000000,70b3d57ed00778cc,-28,14,10031
device_uplink,1788918209000000000,70b3d57ed00778cc,-30,8.8,10032
device_uplink,1788918225000000000,70b3d57ed00778cc,-28,13.8,10033
device_uplink,1788918241000000000,70b3d57ed00778cc,-28,13,10034
device_uplink,1788918257000000000,70b3d57ed00778cc,-29,8.8,10035
device_uplink,1788918273000000000,70b3d57ed00778cc,-29,14,10036
device_uplink,1788918289000000000,70b3d57ed00778cc,-31,13.5,10037
device_uplink,1788918307000000000,70b3d57ed00778cc,-27,14,10038
device_uplink,1788918323000000000,70b3d57ed00778cc,-29,13.2,10039
device_uplink,1788918339000000000,70b3d57ed00778cc,-29,13.5,10040
device_uplink,1788918355000000000,70b3d57ed00778cc,-29,14.5,10041
device_uplink,1788918371000000000,70b3d57ed00778cc,-31,13.8,10042
device_uplink,1788918389000000000,70b3d57ed00778cc,-29,13,10043
device_uplink,1788918405000000000,70b3d57ed00778cc,-30,10.8,10044
device_uplink,1788918421000000000,70b3d57ed00778cc,-30,12.8,10045
device_uplink,1788918437000000000,70b3d57ed00778cc,-31,13.2,10046
device_uplink,1788918453000000000,70b3d57ed00778cc,-26,14.5,10047
device_uplink,1788918469000000000,70b3d57ed00778cc,-29,8.5,10048
device_uplink,1788918485000000000,70b3d57ed00778cc,-28,14,10049
device_uplink,1788918503000000000,70b3d57ed00778cc,-27,13.8,10050
device_uplink,1788918519000000000,70b3d57ed00778cc,-27,13.8,10051
device_uplink,1788918535000000000,70b3d57ed00778cc,-31,10.8,10052
device_uplink,1788918551000000000,70b3d57ed00778cc,-27,13.5,10053
device_uplink,1788918567000000000,70b3d57ed00778cc,-25,13.8,10054
device_uplink,1788918583000000000,70b3d57ed00778cc,-31,14,10055
device_uplink,1788918599000000000,70b3d57ed00778cc,-30,13,10056
device_uplink,1788918615000000000,70b3d57ed00778cc,-26,14.2,10057
device_uplink,1788918633000000000,70b3d57ed00778cc,-28,13.8,10058
device_uplink,1788918649000000000,70b3d57ed00778cc,-28,11.2,10059
device_uplink,1788918665000000000,70b3d57ed00778cc,-33,13,10060
device_uplink,1788918681000000000,70b3d57ed00778cc,-31,13.5,10061
device_uplink,1788918697000000000,70b3d57ed00778cc,-28,14,10062
device_uplink,1788918713000000000,70b3d57ed00778cc,-26,13.8,10063
device_uplink,1788918731000000000,70b3d57ed00778cc,-27,13.5,10064
device_uplink,1788918747000000000,70b3d57ed00778cc,-27,14.2,10065
device_uplink,1788918763000000000,70b3d57ed00778cc,-28,14.2,10066
device_uplink,1788918779000000000,70b3d57ed00778cc,-27,14,10067
device_uplink,1788918795000000000,70b3d57ed00778cc,-33,13,10068
device_uplink,1788918802000000000,70b3d57ed0077801,-21,13.8,110
device_uplink,1788918811000000000,70b3d57ed00778cc,-28,13.5,10069
device_uplink,1788918827000000000,70b3d57ed00778cc,-28,10.8,10070
device_uplink,1788918843000000000,70b3d57ed00778cc,-34,12,10071
device_uplink,1788918861000000000,70b3d57ed00778cc,-29,13.2,10072
device_uplink,1788918877000000000,70b3d57ed00778cc,-25,13.5,10073
device_uplink,1788918893000000000,70b3d57ed00778cc,-30,11.5,10074
device_uplink,1788918909000000000,70b3d57ed00778cc,-30,12.8,10075
device_uplink,1788918925000000000,70b3d57ed00778cc,-30,13,10076
device_uplink,1788918941000000000,70b3d57ed00778cc,-30,13.2,10077
device_uplink,1788918959000000000,70b3d57ed00778cc,-29,12.8,10078
device_uplink,1788918975000000000,70b3d57ed00778cc,-29,10.8,10079
device_uplink,1788918991000000000,70b3d57ed00778cc,-28,13.8,10080
device_uplink,1788919007000000000,70b3d57ed00778cc,-32,13.5,10081
device_uplink,1788919023000000000,70b3d57ed00778cc,-29,13.5,10082
device_uplink,1788919039000000000,70b3d57ed00778cc,-30,12,10083
device_uplink,1788919055000000000,70b3d57ed00778cc,-33,13,10084
device_uplink,1788919071000000000,70b3d57ed00778cc,-31,13,10085
device_uplink,1788919089000000000,70b3d57ed00778cc,-27,13.8,10086
device_uplink,1788919105000000000,70b3d57ed00778cc,-28,11.2,10087
device_uplink,1788919121000000000,70b3d57ed00778cc,-29,11.5,10088
device_uplink,1788919137000000000,70b3d57ed00778cc,-30,12,10089
device_uplink,1788919153000000000,70b3d57ed00778cc,-31,13.5,10090
device_uplink,1788919169000000000,70b3d57ed00778cc,-27,14,10091
device_uplink,1788919187000000000,70b3d57ed00778cc,-28,13.5,10092
device_uplink,1788919203000000000,70b3d57ed00778cc,-32,13.8,10093
device_uplink,1788919219000000000,70b3d57ed00778cc,-29,8.8,10094
device_uplink,1788919235000000000,70b3d57ed00778cc,-30,12,10095
device_uplink,1788919251000000000,70b3d57ed00778cc,-32,13.2,10096
device_uplink,1788919267000000000,70b3d57ed00778cc,-30,12.5,10097
device_uplink,1788919283000000000,70b3d57ed00778cc,-30,14,10098
device_uplink,1788919299000000000,70b3d57ed00778cc,-30,13.8,10099
device_uplink,1788919317000000000,70b3d57ed00778cc,-29,13.5,10100
device_uplink,1788919333000000000,70b3d57ed00778cc,-27,13.5,10101
device_uplink,1788919349000000000,70b3d57ed00778cc,-30,12.8,10102
device_uplink,1788919365000000000,70b3d57ed00778cc,-32,11.8,10103
device_uplink,1788919381000000000,70b3d57ed00778cc,-28,13.2,10104
device_uplink,1788919397000000000,70b3d57ed00778cc,-27,13.2,10105
device_uplink,1788919413000000000,70b3d57ed00778cc,-27,13.8,10106
device_uplink,1788919429000000000,70b3d57ed00778cc,-28,13,10107
device_uplink,1788919447000000000,70b3d57ed00778cc,-27,12.8,10108
device_uplink,1788919463000000000,70b3d57ed00778cc,-30,12.5,10109
device_uplink,1788919479000000000,70b3d57ed00778cc,-32,13.8,10110
device_uplink,1788919495000000000,70b3d57ed00778cc,-30,8,10111
device_uplink,1788919511000000000,70b3d57ed00778cc,-32,13.8,10112
device_uplink,1788919529000000000,70b3d57ed00778cc,-28,14,10113
device_uplink,1788919545000000000,70b3d57ed00778cc,-30,14.8,10114
device_uplink,1788919561000000000,70b3d57ed00778cc,-29,13.8,10115
device_uplink,1788919577000000000,70b3d57ed00778cc,-27,13.2,10116
device_uplink,1788919593000000000,70b3d57ed00778cc,-33,13.5,10117
device_uplink,1788919609000000000,70b3d57ed00778cc,-31,12.8,10118
device_uplink,1788919625000000000,70b3d57ed00778cc,-30,9.2,10119
device_uplink,1788919641000000000,70b3d57ed00778cc,-27,13.8,10120
device_uplink,1788919659000000000,70b3d57ed00778cc,-27,14,10121
device_uplink,1788919675000000000,70b3d57ed00778cc,-28,14.2,10122
device_uplink,1788919691000000000,70b3d57ed00778cc,-26,13.8,10123
device_uplink,1788919707000000000,70b3d57ed00778cc,-27,14,10124
device_uplink,1788919711000000000,70b3d57ed0077801,-21,13.5,111
device_uplink,1788919723000000000,70b3d57ed00778cc,-30,12.8,10125
device_uplink,1788919739000000000,70b3d57ed00778cc,-30,11.2,10126
device_uplink,1788919755000000000,70b3d57ed00778cc,-29,11,10127
device_uplink,1788919771000000000,70b3d57ed00778cc,-28,14,10128
device_uplink,1788919789000000000,70b3d57ed00778cc,-29,14,10129
device_uplink,1788919805000000000,70b3d57ed00778cc,-29,14,10130
device_uplink,1788919821000000000,70b3d57ed00778cc,-29,10,10131
device_uplink,1788919837000000000,70b3d57ed00778cc,-28,13.8,10132
device_uplink,1788919853000000000,70b3d57ed00778cc,-29,14,10133
device_uplink,1788919869000000000,70b3d57ed00778cc,-29,12.2,10134
device_uplink,1788919885000000000,70b3d57ed00778cc,-29,12,10135
device_uplink,1788919901000000000,70b3d57ed00778cc,-27,13.8,10136
device_uplink,1788919917000000000,70b3d57ed00778cc,-27,13.5,10137
device_uplink,1788919935000000000,70b3d57ed00778cc,-31,13.5,10138
device_uplink,1788919951000000000,70b3d57ed00778cc,-27,13.8,10139
device_uplink,1788919967000000000,70b3d57ed00778cc,-29,13.5,10140
device_uplink,1788919983000000000,70b3d57ed00778cc,-33,12.5,10141
device_uplink,1788920015000000000,70b3d57ed00778cc,-29,10.8,10143
device_uplink,1788920031000000000,70b3d57ed00778cc,-27,13.5,10144
device_uplink,1788920049000000000,70b3d57ed00778cc,-27,14,10145
device_uplink,1788920065000000000,70b3d57ed00778cc,-30,12.8,10146
device_uplink,1788920081000000000,70b3d57ed00778cc,-29,12.8,10147
device_uplink,1788920097000000000,70b3d57ed00778cc,-27,13.8,10148
device_uplink,1788920113000000000,70b3d57ed00778cc,-32,13.8,10149
device_uplink,1788920129000000000,70b3d57ed00778cc,-27,14.2,10150
device_uplink,1788920145000000000,70b3d57ed00778cc,-26,11,10151
device_uplink,1788920161000000000,70b3d57ed00778cc,-30,12.5,10152
device_uplink,1788920177000000000,70b3d57ed00778cc,-29,13.5,10153
device_uplink,1788920195000000000,70b3d57ed00778cc,-31,13.5,10154
device_uplink,1788920211000000000,70b3d57ed00778cc,-29,13,10155
device_uplink,1788920227000000000,70b3d57ed00778cc,-28,13.5,10156
device_uplink,1788920243000000000,70b3d57ed00778cc,-33,13,10157
device_uplink,1788920259000000000,70b3d57ed00778cc,-32,13.8,10158
device_uplink,1788920275000000000,70b3d57ed00778cc,-28,14.2,10159
device_uplink,1788920291000000000,70b3d57ed00778cc,-29,8.5,10160
device_uplink,1788920309000000000,70b3d57ed00778cc,-27,13.2,10161
device_uplink,1788920325000000000,70b3d57ed00778cc,-28,13.5,10162
device_uplink,1788920341000000000,70b3d57ed00778cc,-27,14,10163
device_uplink,1788920357000000000,70b3d57ed00778cc,-33,13,10164
device_uplink,1788920373000000000,70b3d57ed00778cc,-28,10.8,10165
device_uplink,1788920389000000000,70b3d57ed00778cc,-28,13.5,10166
device_uplink,1788920405000000000,70b3d57ed00778cc,-28,13.8,10167
device_uplink,1788920421000000000,70b3d57ed00778cc,-26,13.5,10168
device_uplink,1788920439000000000,70b3d57ed00778cc,-30,13,10169
device_uplink,1788920455000000000,70b3d57ed00778cc,-30,12.2,10170
device_uplink,1788920471000000000,70b3d57ed00778cc,-30,9.2,10171
device_uplink,1788920487000000000,70b3d57ed00778cc,-37,13.2,10172
device_uplink,1788920503000000000,70b3d57ed00778cc,-30,14.2,10173
device_uplink,1788920519000000000,70b3d57ed00778cc,-28,13.5,10174
device_uplink,1788920537000000000,70b3d57ed00778cc,-29,13.8,10175
device_uplink,1788920553000000000,70b3d57ed00778cc,-26,13.2,10176
device_uplink,1788920569000000000,70b3d57ed00778cc,-27,14,10177
device_uplink,1788920585000000000,70b3d57ed00778cc,-30,9.2,10178
device_uplink,1788920601000000000,70b3d57ed00778cc,-32,13.5,10179
device_uplink,1788920617000000000,70b3d57ed00778cc,-31,13.8,10180
device_uplink,1788920619000000000,70b3d57ed0077801,-20,13.8,112
device_uplink,1788920633000000000,70b3d57ed00778cc,-28,13.5,10181
device_uplink,1788920649000000000,70b3d57ed00778cc,-31,13,10182
device_uplink,1788920667000000000,70b3d57ed00778cc,-27,14,10183
device_uplink,1788920683000000000,70b3d57ed00778cc,-29,12.5,10184
device_uplink,1788920699000000000,70b3d57ed00778cc,-30,12.5,10185
device_uplink,1788920715000000000,70b3d57ed00778cc,-35,13.2,10186
device_uplink,1788920731000000000,70b3d57ed00778cc,-32,12.8,10187
device_uplink,1788920747000000000,70b3d57ed00778cc,-24,14,10188
device_uplink,1788920763000000000,70b3d57ed00778cc,-25,13.5,10189
device_uplink,1788920781000000000,70b3d57ed00778cc,-28,11.2,10190
device_uplink,1788920797000000000,70b3d57ed00778cc,-29,13.8,10191
device_uplink,1788920813000000000,70b3d57ed00778cc,-28,13.5,10192
device_uplink,1788920829000000000,70b3d57ed00778cc,-29,13.8,10193
device_uplink,1788920845000000000,70b3d57ed00778cc,-29,13,10194
device_uplink,1788920861000000000,70b3d57ed00778cc,-29,13,10195
device_uplink,1788920877000000000,70b3d57ed00778cc,-29,8.5,10196
device_uplink,1788920893000000000,70b3d57ed00778cc,-34,13,10197
device_uplink,1788920911000000000,70b3d57ed00778cc,-31,14,10198
device_uplink,1788920927000000000,70b3d57ed00778cc,-31,12.8,10199
device_uplink,1788920943000000000,70b3d57ed00778cc,-27,14,10200
device_uplink,1788920959000000000,70b3d57ed00778cc,-30,12.8,10201
device_uplink,1788920975000000000,70b3d57ed00778cc,-29,14.2,10202
device_uplink,1788920991000000000,70b3d57ed00778cc,-31,13.8,10203
device_uplink,1788921009000000000,70b3d57ed00778cc,-27,14.2,10204
device_uplink,1788921025000000000,70b3d57ed00778cc,-28,13.8,10205
device_uplink,1788921041000000000,70b3d57ed00778cc,-26,13.8,10206
device_uplink,1788921057000000000,70b3d57ed00778cc,-34,10.8,10207
device_uplink,1788921073000000000,70b3d57ed00778cc,-27,13.5,10208
device_uplink,1788921089000000000,70b3d57ed00778cc,-27,13.8,10209
device_uplink,1788921107000000000,70b3d57ed00778cc,-28,11,10210
device_uplink,1788921123000000000,70b3d57ed00778cc,-27,13.8,10211
device_uplink,1788921139000000000,70b3d57ed00778cc,-28,13.5,10212
device_uplink,1788921155000000000,70b3d57ed00778cc,-26,13.8,10213
device_uplink,1788921171000000000,70b3d57ed00778cc,-27,13.8,10214
device_uplink,1788921187000000000,70b3d57ed00778cc,-28,13.2,10215
device_uplink,1788921203000000000,70b3d57ed00778cc,-28,14,10216
device_uplink,1788921219000000000,70b3d57ed00778cc,-25,13,10217
device_uplink,1788921237000000000,70b3d57ed00778cc,-30,13,10218
device_uplink,1788921253000000000,70b3d57ed00778cc,-34,13.2,10219
device_uplink,1788921269000000000,70b3d57ed00778cc,-30,11,10220
device_uplink,1788921285000000000,70b3d57ed00778cc,-28,14,10221
device_uplink,1788921301000000000,70b3d57ed00778cc,-29,13.5,10222
device_uplink,1788921317000000000,70b3d57ed00778cc,-28,12,10223
device_uplink,1788921333000000000,70b3d57ed00778cc,-30,8.8,10224
device_uplink,1788921351000000000,70b3d57ed00778cc,-31,12.8,10225
device_uplink,1788921367000000000,70b3d57ed00778cc,-27,13.8,10226
device_uplink,1788921383000000000,70b3d57ed00778cc,-27,13,10227
device_uplink,1788921399000000000,70b3d57ed00778cc,-30,8.8,10228
device_uplink,1788921415000000000,70b3d57ed00778cc,-27,13.8,10229
device_uplink,1788921431000000000,70b3d57ed00778cc,-29,13.8,10230
device_uplink,1788921449000000000,70b3d57ed00778cc,-32,13.8,10231
device_uplink,1788921465000000000,70b3d57ed00778cc,-28,13.8,10232
device_uplink,1788921481000000000,70b3d57ed00778cc,-27,14.2,10233
device_uplink,1788921497000000000,70b3d57ed00778cc,-28,14,10234
device_uplink,1788921513000000000,70b3d57ed00778cc,-32,13.5,10235
device_uplink,1788921527000000000,70b3d57ed0077801,-18,14,113
device_uplink,1788921529000000000,70b3d57ed00778cc,-27,14,10236
device_uplink,1788921545000000000,70b3d57ed00778cc,-31,13.2,10237
device_uplink,1788921563000000000,70b3d57ed00778cc,-28,13.2,10238
device_uplink,1788921579000000000,70b3d57ed00778cc,-28,14,10239
device_uplink,1788921595000000000,70b3d57ed00778cc,-26,12,10240
device_uplink,1788921611000000000,70b3d57ed00778cc,-29,13.8,10241
device_uplink,1788921627000000000,70b3d57ed00778cc,-30,8.5,10242
device_uplink,1788921643000000000,70b3d57ed00778cc,-31,13.8,10243
device_uplink,1788921659000000000,70b3d57ed00778cc,-28,13.8,10244
device_uplink,1788921677000000000,70b3d57ed00778cc,-32,13.2,10245
device_uplink,1788921693000000000,70b3d57ed00778cc,-26,13.8,10246
device_uplink,1788921709000000000,70b3d57ed00778cc,-25,13.8,10247
device_uplink,1788921725000000000,70b3d57ed00778cc,-28,14.5,10248
device_uplink,1788921741000000000,70b3d57ed00778cc,-27,13.2,10249
device_uplink,1788921757000000000,70b3d57ed00778cc,-31,14,10250
device_uplink,1788921773000000000,70b3d57ed00778cc,-29,13.5,10251
device_uplink,1788921789000000000,70b3d57ed00778cc,-28,13,10252
device_uplink,1788921807000000000,70b3d57ed00778cc,-28,13.2,10253
device_uplink,1788921823000000000,70b3d57ed00778cc,-30,13.2,10254
device_uplink,1788921839000000000,70b3d57ed00778cc,-29,8.8,10255
device_uplink,1788921855000000000,70b3d57ed00778cc,-29,14.2,10256
device_uplink,1788921871000000000,70b3d57ed00778cc,-36,11.8,10257
device_uplink,1788921887000000000,70b3d57ed00778cc,-31,14,10258
device_uplink,1788921905000000000,70b3d57ed00778cc,-27,13.8,10259
device_uplink,1788921921000000000,70b3d57ed00778cc,-28,14,10260
device_uplink,1788921937000000000,70b3d57ed00778cc,-28,13.8,10261
device_uplink,1788921953000000000,70b3d57ed00778cc,-32,13.8,10262
device_uplink,1788921969000000000,70b3d57ed00778cc,-29,14.2,10263
device_uplink,1788921985000000000,70b3d57ed00778cc,-28,10.8,10264
device_uplink,1788922001000000000,70b3d57ed00778cc,-29,13.2,10265
device_uplink,1788922017000000000,70b3d57ed00778cc,-27,13.5,10266
device_uplink,1788922033000000000,70b3d57ed00778cc,-29,13.5,10267
device_uplink,1788922049000000000,70b3d57ed00778cc,-33,14,10268
device_uplink,1788922067000000000,70b3d57ed00778cc,-29,8.8,10269
device_uplink,1788922083000000000,70b3d57ed00778cc,-26,14,10270
device_uplink,1788922099000000000,70b3d57ed00778cc,-27,13.2,10271
device_uplink,1788922115000000000,70b3d57ed00778cc,-27,13.5,10272
device_uplink,1788922131000000000,70b3d57ed00778cc,-30,12,10273
device_uplink,1788922147000000000,70b3d57ed00778cc,-34,13,10274
device_uplink,1788922163000000000,70b3d57ed00778cc,-29,12.8,10275
device_uplink,1788922181000000000,70b3d57ed00778cc,-29,14,10276
device_uplink,1788922197000000000,70b3d57ed00778cc,-28,13.8,10277
device_uplink,1788922213000000000,70b3d57ed00778cc,-29,13,10278
device_uplink,1788922229000000000,70b3d57ed00778cc,-29,13.5,10279
device_uplink,1788922245000000000,70b3d57ed00778cc,-28,10.8,10280
device_uplink,1788922261000000000,70b3d57ed00778cc,-29,13.8,10281
device_uplink,1788922277000000000,70b3d57ed00778cc,-28,14.2,10282
device_uplink,1788922293000000000,70b3d57ed00778cc,-26,11,10283
device_uplink,1788922311000000000,70b3d57ed00778cc,-28,14,10284
device_uplink,1788922327000000000,70b3d57ed00778cc,-27,13.8,10285
device_uplink,1788922343000000000,70b3d57ed00778cc,-31,13.2,10286
device_uplink,1788922359000000000,70b3d57ed00778cc,-30,11.5,10287
device_uplink,1788922375000000000,70b3d57ed00778cc,-30,13.8,10288
device_uplink,1788922391000000000,70b3d57ed00778cc,-30,12,10289
device_uplink,1788922407000000000,70b3d57ed00778cc,-28,14.2,10290
device_uplink,1788922425000000000,70b3d57ed00778cc,-29,9,10291
device_uplink,1788922436000000000,70b3d57ed0077801,-20,14,114
device_uplink,1788922441000000000,70b3d57ed00778cc,-29,13.2,10292
device_uplink,1788922457000000000,70b3d57ed00778cc,-26,14,10293
device_uplink,1788922473000000000,70b3d57ed00778cc,-28,14.2,10294
device_uplink,1788922489000000000,70b3d57ed00778cc,-26,13.5,10295
device_uplink,1788922505000000000,70b3d57ed00778cc,-27,13.8,10296
device_uplink,1788922521000000000,70b3d57ed00778cc,-26,13.5,10297
device_uplink,1788922539000000000,70b3d57ed00778cc,-30,9.8,10298
device_uplink,1788922555000000000,70b3d57ed00778cc,-30,13.5,10299
device_uplink,1788922571000000000,70b3d57ed00778cc,-30,13,10300
device_uplink,1788922587000000000,70b3d57ed00778cc,-27,13.8,10301
device_uplink,1788922603000000000,70b3d57ed00778cc,-30,13.5,10302
device_uplink,1788922619000000000,70b3d57ed00778cc,-28,13.8,10303
device_uplink,1788922635000000000,70b3d57ed00778cc,-30,12,10304
device_uplink,1788922651000000000,70b3d57ed00778cc,-27,13,10305
device_uplink,1788922669000000000,70b3d57ed00778cc,-30,13.5,10306
device_uplink,1788922685000000000,70b3d57ed00778cc,-31,13.8,10307
device_uplink,1788922701000000000,70b3d57ed00778cc,-31,11.8,10308
device_uplink,1788922717000000000,70b3d57ed00778cc,-28,13.5,10309
device_uplink,1788922733000000000,70b3d57ed00778cc,-29,13.2,10310
device_uplink,1788922749000000000,70b3d57ed00778cc,-28,13.8,10311
device_uplink,1788922767000000000,70b3d57ed00778cc,-28,12.5,10312
device_uplink,1788922783000000000,70b3d57ed00778cc,-29,13.2,10313
device_uplink,1788922799000000000,70b3d57ed00778cc,-30,12.8,10314
device_uplink,1788922815000000000,70b3d57ed00778cc,-27,12.8,10315
device_uplink,1788922831000000000,70b3d57ed00778cc,-30,13,10316
device_uplink,1788922847000000000,70b3d57ed00778cc,-30,13.2,10317
device_uplink,1788922865000000000,70b3d57ed00778cc,-29,13.8,10318
device_uplink,1788922881000000000,70b3d57ed00778cc,-31,10.8,10319
device_uplink,1788922897000000000,70b3d57ed00778cc,-29,13,10320
device_uplink,1788922913000000000,70b3d57ed00778cc,-29,13.8,10321
device_uplink,1788922929000000000,70b3d57ed00778cc,-35,12.2,10322
device_uplink,1788922945000000000,70b3d57ed00778cc,-28,8.8,10323
device_uplink,1788922961000000000,70b3d57ed00778cc,-29,13,10324
device_uplink,1788922977000000000,70b3d57ed00778cc,-34,13,10325
device_uplink,1788922995000000000,70b3d57ed00778cc,-28,13.8,10326
device_uplink,1788923011000000000,70b3d57ed00778cc,-23,13.2,10327
device_uplink,1788923027000000000,70b3d57ed00778cc,-30,12.5,10328
device_uplink,1788923043000000000,70b3d57ed00778cc,-30,12.5,10329
device_uplink,1788923059000000000,70b3d57ed00778cc,-27,13.5,10330
device_uplink,1788923075000000000,70b3d57ed00778cc,-34,13.8,10331
device_uplink,1788923093000000000,70b3d57ed00778cc,-29,9,10332
device_uplink,1788923109000000000,70b3d57ed00778cc,-34,13.2,10333
device_uplink,1788923125000000000,70b3d57ed00778cc,-36,12.2,10334
device_uplink,1788923141000000000,70b3d57ed00778cc,-36,13.8,10335
device_uplink,1788923157000000000,70b3d57ed00778cc,-33,13,10336
device_uplink,1788923173000000000,70b3d57ed00778cc,-29,12.2,10337
device_uplink,1788923191000000000,70b3d57ed00778cc,-35,12.5,10338
device_uplink,1788923207000000000,70b3d57ed00778cc,-36,10,10339
device_uplink,1788923223000000000,70b3d57ed00778cc,-34,12.8,10340
device_uplink,1788923239000000000,70b3d57ed00778cc,-44,10,10341
device_uplink,1788923255000000000,70b3d57ed00778cc,-30,13,10342
device_uplink,1788923271000000000,70b3d57ed00778cc,-29,13.8,10343
device_uplink,1788923287000000000,70b3d57ed00778cc,-29,12.5,10344
device_uplink,1788923303000000000,70b3d57ed00778cc,-33,13.5,10345
device_uplink,1788923321000000000,70b3d57ed00778cc,-40,11.5,10346
device_uplink,1788923337000000000,70b3d57ed00778cc,-30,10.5,10347
device_uplink,1788923344000000000,70b3d57ed0077801,-20,13.5,115
device_uplink,1788923353000000000,70b3d57ed00778cc,-31,13.8,10348
device_uplink,1788923369000000000,70b3d57ed00778cc,-31,14,10349
device_uplink,1788923385000000000,70b3d57ed00778cc,-36,11.5,10350
device_uplink,1788923401000000000,70b3d57ed00778cc,-32,13.8,10351
device_uplink,1788923417000000000,70b3d57ed00778cc,-34,13.2,10352
device_uplink,1788923435000000000,70b3d57ed00778cc,-30,12,10353
device_uplink,1788923451000000000,70b3d57ed00778cc,-31,12.5,10354
device_uplink,1788923467000000000,70b3d57ed00778cc,-40,12,10355
device_uplink,1788923483000000000,70b3d57ed00778cc,-30,12.5,10356
device_uplink,1788923499000000000,70b3d57ed00778cc,-35,13.2,10357
device_uplink,1788923515000000000,70b3d57ed00778cc,-33,13.2,10358
device_uplink,1788923531000000000,70b3d57ed00778cc,-32,11.8,10359
device_uplink,1788923549000000000,70b3d57ed00778cc,-33,13.5,10360
device_uplink,1788923565000000000,70b3d57ed00778cc,-28,13.2,10361
device_uplink,1788923581000000000,70b3d57ed00778cc,-30,13.5,10362
device_uplink,1788923597000000000,70b3d57ed00778cc,-30,12.8,10363
device_uplink,1788923613000000000,70b3d57ed00778cc,-37,12.2,10364
device_uplink,1788923629000000000,70b3d57ed00778cc,-33,13.2,10365
device_uplink,1788923645000000000,70b3d57ed00778cc,-30,13.8,10366
device_uplink,1788923661000000000,70b3d57ed00778cc,-34,12.5,10367
device_uplink,1788923679000000000,70b3d57ed00778cc,-36,10.2,10368
device_uplink,1788923695000000000,70b3d57ed00778cc,-30,13.2,10369
device_uplink,1788923711000000000,70b3d57ed00778cc,-30,13.2,10370
device_uplink,1788923727000000000,70b3d57ed00778cc,-32,11.8,10371
device_uplink,1788923743000000000,70b3d57ed00778cc,-34,13,10372
device_uplink,1788923759000000000,70b3d57ed00778cc,-31,12.2,10373
device_uplink,1788923777000000000,70b3d57ed00778cc,-36,11.8,10374
device_uplink,1788923793000000000,70b3d57ed00778cc,-39,12.2,10375
device_uplink,1788923809000000000,70b3d57ed00778cc,-41,11.8,10376
device_uplink,1788923825000000000,70b3d57ed00778cc,-31,13.5,10377
device_uplink,1788923841000000000,70b3d57ed00778cc,-32,11.8,10378
device_uplink,1788923857000000000,70b3d57ed00778cc,-32,12.5,10379
device_uplink,1788923873000000000,70b3d57ed00778cc,-34,13.5,10380
device_uplink,1788923889000000000,70b3d57ed00778cc,-37,11.8,10381
device_uplink,1788923907000000000,70b3d57ed00778cc,-35,13,10382
device_uplink,1788923923000000000,70b3d57ed00778cc,-33,13.2,10383
device_uplink,1788923939000000000,70b3d57ed00778cc,-30,12.5,10384
device_uplink,1788923955000000000,70b3d57ed00778cc,-35,13.2,10385
device_uplink,1788923971000000000,70b3d57ed00778cc,-42,12.2,10386
device_uplink,1788923987000000000,70b3d57ed00778cc,-30,12.8,10387
device_uplink,1788924003000000000,70b3d57ed00778cc,-29,12.5,10388
device_uplink,1788924019000000000,70b3d57ed00778cc,-35,12.8,10389
device_uplink,1788924037000000000,70b3d57ed00778cc,-36,9.8,10390
device_uplink,1788924053000000000,70b3d57ed00778cc,-31,13.8,10391
device_uplink,1788924069000000000,70b3d57ed00778cc,-32,13.2,10392
device_uplink,1788924085000000000,70b3d57ed00778cc,-34,12.8,10393
device_uplink,1788924101000000000,70b3d57ed00778cc,-35,13.2,10394
device_uplink,1788924117000000000,70b3d57ed00778cc,-29,13.8,10395
device_uplink,1788924135000000000,70b3d57ed00778cc,-35,9.8,10396
device_uplink,1788924151000000000,70b3d57ed00778cc,-31,13,10397
device_uplink,1788924167000000000,70b3d57ed00778cc,-36,12.2,10398
device_uplink,1788924183000000000,70b3d57ed00778cc,-32,13,10399
device_uplink,1788924199000000000,70b3d57ed00778cc,-36,11.2,10400
device_uplink,1788924215000000000,70b3d57ed00778cc,-31,13.2,10401
device_uplink,1788924231000000000,70b3d57ed00778cc,-34,10.5,10402
device_uplink,1788924247000000000,70b3d57ed00778cc,-31,13.8,10403
device_uplink,1788924253000000000,70b3d57ed0077801,-19,11.8,116
device_uplink,1788924265000000000,70b3d57ed00778cc,-38,13,10404
device_uplink,1788924281000000000,70b3d57ed00778cc,-31,13.8,10405
device_uplink,1788924297000000000,70b3d57ed00778cc,-37,9.8,10406
device_uplink,1788924313000000000,70b3d57ed00778cc,-41,11.5,10407
device_uplink,1788924329000000000,70b3d57ed00778cc,-35,13.2,10408
device_uplink,1788924345000000000,70b3d57ed00778cc,-31,13.5,10409
device_uplink,1788924361000000000,70b3d57ed00778cc,-32,11.2,10410
device_uplink,1788924379000000000,70b3d57ed00778cc,-30,12.2,10411
device_uplink,1788924395000000000,70b3d57ed00778cc,-32,13.8,10412
device_uplink,1788924411000000000,70b3d57ed00778cc,-35,12.8,10413
device_uplink,1788924427000000000,70b3d57ed00778cc,-30,12.8,10414
device_uplink,1788924443000000000,70b3d57ed00778cc,-35,12.8,10415
device_uplink,1788924459000000000,70b3d57ed00778cc,-33,12.8,10416
device_uplink,1788924475000000000,70b3d57ed00778cc,-29,13.8,10417
device_uplink,1788924493000000000,70b3d57ed00778cc,-36,8.2,10418
device_uplink,1788924509000000000,70b3d57ed00778cc,-38,12.2,10419
device_uplink,1788924525000000000,70b3d57ed00778cc,-32,12.5,10420
device_uplink,1788924541000000000,70b3d57ed00778cc,-33,13.2,10421
device_uplink,1788924557000000000,70b3d57ed00778cc,-37,11.8,10422
device_uplink,1788924573000000000,70b3d57ed00778cc,-31,13.2,10423
device_uplink,1788924589000000000,70b3d57ed00778cc,-32,14,10424
device_uplink,1788924605000000000,70b3d57ed00778cc,-29,14.2,10425
device_uplink,1788924623000000000,70b3d57ed00778cc,-50,5.8,10426
device_uplink,1788924639000000000,70b3d57ed00778cc,-41,11.2,10427
device_uplink,1788924655000000000,70b3d57ed00778cc,-34,12.8,10428
device_uplink,1788924671000000000,70b3d57ed00778cc,-32,12,10429
device_uplink,1788924687000000000,70b3d57ed00778cc,-31,13,10430
device_uplink,1788924703000000000,70b3d57ed00778cc,-34,13.5,10431
device_uplink,1788924721000000000,70b3d57ed00778cc,-38,9.2,10432
device_uplink,1788924737000000000,70b3d57ed00778cc,-36,11.5,10433
device_uplink,1788924753000000000,70b3d57ed00778cc,-32,13.8,10434
device_uplink,1788924769000000000,70b3d57ed00778cc,-32,13,10435
device_uplink,1788924785000000000,70b3d57ed00778cc,-32,13.5,10436
device_uplink,1788924801000000000,70b3d57ed00778cc,-33,13.2,10437
device_uplink,1788924817000000000,70b3d57ed00778cc,-35,10.2,10438
device_uplink,1788924833000000000,70b3d57ed00778cc,-36,10.2,10439
device_uplink,1788924851000000000,70b3d57ed00778cc,-30,13.8,10440
device_uplink,1788924867000000000,70b3d57ed00778cc,-33,13.2,10441
device_uplink,1788924883000000000,70b3d57ed00778cc,-29,12.8,10442
device_uplink,1788924899000000000,70b3d57ed00778cc,-32,12.8,10443
device_uplink,1788924915000000000,70b3d57ed00778cc,-37,12,10444
device_uplink,1788924931000000000,70b3d57ed00778cc,-30,12.5,10445
device_uplink,1788924949000000000,70b3d57ed00778cc,-24,13.2,10446
device_uplink,1788924965000000000,70b3d57ed00778cc,-24,8.5,10447
device_uplink,1788924981000000000,70b3d57ed00778cc,-30,12.8,10448
device_uplink,1788924997000000000,70b3d57ed00778cc,-32,13,10449
device_uplink,1788925013000000000,70b3d57ed00778cc,-34,12.8,10450
device_uplink,1788925029000000000,70b3d57ed00778cc,-32,12.8,10451
device_uplink,1788925045000000000,70b3d57ed00778cc,-33,13.8,10452
device_uplink,1788925061000000000,70b3d57ed00778cc,-44,5.2,10453
device_uplink,1788925079000000000,70b3d57ed00778cc,-33,11,10454
device_uplink,1788925095000000000,70b3d57ed00778cc,-34,13.5,10455
device_uplink,1788925111000000000,70b3d57ed00778cc,-33,13.5,10456
device_uplink,1788925127000000000,70b3d57ed00778cc,-32,13.8,10457
device_uplink,1788925143000000000,70b3d57ed00778cc,-32,13.5,10458
device_uplink,1788925159000000000,70b3d57ed00778cc,-35,12.8,10459
device_uplink,1788925161000000000,70b3d57ed0077801,-18,14,117
device_uplink,1788925177000000000,70b3d57ed00778cc,-32,13.2,10460
device_uplink,1788925193000000000,70b3d57ed00778cc,-33,13,10461
device_uplink,1788925209000000000,70b3d57ed00778cc,-34,9.2,10462
device_uplink,1788925225000000000,70b3d57ed00778cc,-32,12.8,10463
device_uplink,1788925241000000000,70b3d57ed00778cc,-29,14,10464
device_uplink,1788925257000000000,70b3d57ed00778cc,-33,13.5,10465
device_uplink,1788925273000000000,70b3d57ed00778cc,-34,11.2,10466
device_uplink,1788925289000000000,70b3d57ed00778cc,-30,13.8,10467
device_uplink,1788925305000000000,70b3d57ed00778cc,-37,9,10468
device_uplink,1788925323000000000,70b3d57ed00778cc,-27,13,10469
device_uplink,1788925339000000000,70b3d57ed00778cc,-29,13.8,10470
device_uplink,1788925355000000000,70b3d57ed00778cc,-40,12.2,10471
device_uplink,1788925371000000000,70b3d57ed00778cc,-36,12,10472
device_uplink,1788925387000000000,70b3d57ed00778cc,-35,13,10473
device_uplink,1788925405000000000,70b3d57ed00778cc,-38,12,10474
device_uplink,1788925421000000000,70b3d57ed00778cc,-32,13.8,10475
device_uplink,1788925437000000000,70b3d57ed00778cc,-36,11.8,10476
device_uplink,1788925453000000000,70b3d57ed00778cc,-35,12.8,10477
device_uplink,1788925469000000000,70b3d57ed00778cc,-32,13.2,10478
device_uplink,1788925485000000000,70b3d57ed00778cc,-31,13,10479
device_uplink,1788925501000000000,70b3d57ed00778cc,-30,8.5,10480
device_uplink,1788925517000000000,70b3d57ed00778cc,-32,13.8,10481
device_uplink,1788925535000000000,70b3d57ed00778cc,-41,11.8,10482
device_uplink,1788925551000000000,70b3d57ed00778cc,-33,13.2,10483
device_uplink,1788925567000000000,70b3d57ed00778cc,-30,11.2,10484
device_uplink,1788925583000000000,70b3d57ed00778cc,-27,13.8,10485
device_uplink,1788925599000000000,70b3d57ed00778cc,-32,11.8,10486
device_uplink,1788925615000000000,70b3d57ed00778cc,-35,13,10487
device_uplink,1788925631000000000,70b3d57ed00778cc,-34,13.5,10488
device_uplink,1788925647000000000,70b3d57ed00778cc,-40,12,10489
device_uplink,1788925665000000000,70b3d57ed00778cc,-35,13.2,10490
device_uplink,1788925681000000000,70b3d57ed00778cc,-33,13,10491
device_uplink,1788925697000000000,70b3d57ed00778cc,-33,12.5,10492
device_uplink,1788925713000000000,70b3d57ed00778cc,-35,13.5,10493
device_uplink,1788925729000000000,70b3d57ed00778cc,-30,13.5,10494
device_uplink,1788925745000000000,70b3d57ed00778cc,-32,14,10495
device_uplink,1788925763000000000,70b3d57ed00778cc,-34,10.5,10496
device_uplink,1788925779000000000,70b3d57ed00778cc,-35,13.5,10497
device_uplink,1788925795000000000,70b3d57ed00778cc,-29,13.8,10498
device_uplink,1788925811000000000,70b3d57ed00778cc,-35,12.8,10499
device_uplink,1788925843000000000,70b3d57ed00778cc,-27,13.8,10501
device_uplink,1788925859000000000,70b3d57ed00778cc,-33,13.5,10502
device_uplink,1788925875000000000,70b3d57ed00778cc,-33,11.2,10503
device_uplink,1788925893000000000,70b3d57ed00778cc,-31,13,10504
device_uplink,1788925909000000000,70b3d57ed00778cc,-34,13.2,10505
device_uplink,1788925925000000000,70b3d57ed00778cc,-27,13.5,10506
device_uplink,1788925941000000000,70b3d57ed00778cc,-29,8.8,10507
device_uplink,1788925957000000000,70b3d57ed00778cc,-32,13.2,10508
device_uplink,1788925973000000000,70b3d57ed00778cc,-37,12.8,10509
device_uplink,1788925991000000000,70b3d57ed00778cc,-29,13.5,10510
device_uplink,1788926007000000000,70b3d57ed00778cc,-31,13.8,10511
device_uplink,1788926023000000000,70b3d57ed00778cc,-32,13.5,10512
device_uplink,1788926039000000000,70b3d57ed00778cc,-31,13.5,10513
device_uplink,1788926055000000000,70b3d57ed00778cc,-34,13.5,10514
device_uplink,1788926069000000000,70b3d57ed0077801,-19,13.2,118
device_uplink,1788926071000000000,70b3d57ed00778cc,-37,11.8,10515
device_uplink,1788926087000000000,70b3d57ed00778cc,-27,13.2,10516
device_uplink,1788926103000000000,70b3d57ed00778cc,-33,10,10517
device_uplink,1788926121000000000,70b3d57ed00778cc,-30,13.5,10518
device_uplink,1788926137000000000,70b3d57ed00778cc,-28,13.2,10519
device_uplink,1788926153000000000,70b3d57ed00778cc,-30,13.2,10520
device_uplink,1788926169000000000,70b3d57ed00778cc,-31,13.5,10521
device_uplink,1788926185000000000,70b3d57ed00778cc,-28,14.2,10522
device_uplink,1788926201000000000,70b3d57ed00778cc,-36,13.2,10523
device_uplink,1788926217000000000,70b3d57ed00778cc,-30,9,10524
device_uplink,1788926233000000000,70b3d57ed00778cc,-30,12.5,10525
device_uplink,1788926251000000000,70b3d57ed00778cc,-29,13.2,10526
device_uplink,1788926267000000000,70b3d57ed00778cc,-33,11.8,10527
device_uplink,1788926283000000000,70b3d57ed00778cc,-27,13,10528
device_uplink,1788926299000000000,70b3d57ed00778cc,-29,12.8,10529
device_uplink,1788926315000000000,70b3d57ed00778cc,-38,10.2,10530
device_uplink,1788926331000000000,70b3d57ed00778cc,-30,13.5,10531
device_uplink,1788926349000000000,70b3d57ed00778cc,-33,11.2,10532
device_uplink,1788926365000000000,70b3d57ed00778cc,-38,13,10533
device_uplink,1788926381000000000,70b3d57ed00778cc,-29,14,10534
device_uplink,1788926397000000000,70b3d57ed00778cc,-30,10.8,10535
device_uplink,1788926429000000000,70b3d57ed00778cc,-30,11.8,10537
device_uplink,1788926445000000000,70b3d57ed00778cc,-38,10,10538
device_uplink,1788926461000000000,70b3d57ed00778cc,-32,13.8,10539
device_uplink,1788926479000000000,70b3d57ed00778cc,-33,13.5,10540
device_uplink,1788926495000000000,70b3d57ed00778cc,-31,13.5,10541
device_uplink,1788926511000000000,70b3d57ed00778cc,-29,10,10542
device_uplink,1788926527000000000,70b3d57ed00778cc,-25,13.5,10543
device_uplink,1788926543000000000,70b3d57ed00778cc,-30,12.5,10544
device_uplink,1788926559000000000,70b3d57ed00778cc,-28,13.8,10545
device_uplink,1788926575000000000,70b3d57ed00778cc,-30,12.5,10546
device_uplink,1788926593000000000,70b3d57ed00778cc,-30,8.5,10547
device_uplink,1788926609000000000,70b3d57ed00778cc,-30,13.2,10548
device_uplink,1788926625000000000,70b3d57ed00778cc,-27,13.2,10549
device_uplink,1788926641000000000,70b3d57ed00778cc,-29,13.8,10550
device_uplink,1788926657000000000,70b3d57ed00778cc,-33,13.5,10551
device_uplink,1788926673000000000,70b3d57ed00778cc,-39,12.8,10552
device_uplink,1788926689000000000,70b3d57ed00778cc,-33,13.5,10553
device_uplink,1788926707000000000,70b3d57ed00778cc,-30,10,10554
device_uplink,1788926723000000000,70b3d57ed00778cc,-31,13.8,10555
device_uplink,1788926739000000000,70b3d57ed00778cc,-30,11.5,10556
device_uplink,1788926755000000000,70b3d57ed00778cc,-32,14,10557
device_uplink,1788926771000000000,70b3d57ed00778cc,-30,11.8,10558
device_uplink,1788926787000000000,70b3d57ed00778cc,-36,11.2,10559
device_uplink,1788926803000000000,70b3d57ed00778cc,-26,13,10560
device_uplink,1788926819000000000,70b3d57ed00778cc,-30,13.2,10561
device_uplink,1788926837000000000,70b3d57ed00778cc,-30,12.8,10562
device_uplink,1788926853000000000,70b3d57ed00778cc,-32,13.8,10563
device_uplink,1788926869000000000,70b3d57ed00778cc,-28,10.8,10564
device_uplink,1788926885000000000,70b3d57ed00778cc,-30,12,10565
device_uplink,1788926901000000000,70b3d57ed00778cc,-31,13.5,10566
device_uplink,1788926917000000000,70b3d57ed00778cc,-46,9.5,10567
device_uplink,1788926935000000000,70b3d57ed00778cc,-27,14,10568
device_uplink,1788926951000000000,70b3d57ed00778cc,-31,13.5,10569
device_uplink,1788926967000000000,70b3d57ed00778cc,-30,12.5,10570
device_uplink,1788926978000000000,70b3d57ed0077801,-17,14,119
device_uplink,1788926983000000000,70b3d57ed00778cc,-31,10.2,10571
device_uplink,1788926999000000000,70b3d57ed00778cc,-28,13.2,10572
device_uplink,1788927015000000000,70b3d57ed00778cc,-29,14.2,10573
device_uplink,1788927031000000000,70b3d57ed00778cc,-29,14,10574
device_uplink,1788927049000000000,70b3d57ed00778cc,-28,14,10575
device_uplink,1788927065000000000,70b3d57ed00778cc,-32,13.8,10576
device_uplink,1788927081000000000,70b3d57ed00778cc,-29,13,10577
device_uplink,1788927097000000000,70b3d57ed00778cc,-34,13.2,10578
device_uplink,1788927113000000000,70b3d57ed00778cc,-38,12.5,10579
device_uplink,1788927129000000000,70b3d57ed00778cc,-33,12.5,10580
device_uplink,1788927145000000000,70b3d57ed00778cc,-30,9.2,10581
device_uplink,1788927163000000000,70b3d57ed00778cc,-30,13.5,10582
device_uplink,1788927179000000000,70b3d57ed00778cc,-30,12.2,10583
device_uplink,1788927195000000000,70b3d57ed00778cc,-36,12.5,10584
device_uplink,1788927211000000000,70b3d57ed00778cc,-31,13.8,10585
device_uplink,1788927227000000000,70b3d57ed00778cc,-29,13,10586
device_uplink,1788927243000000000,70b3d57ed00778cc,-33,11.8,10587
device_uplink,1788927259000000000,70b3d57ed00778cc,-36,12.2,10588
device_uplink,1788927275000000000,70b3d57ed00778cc,-41,12.5,10589
device_uplink,1788927293000000000,70b3d57ed00778cc,-31,14,10590
device_uplink,1788927309000000000,70b3d57ed00778cc,-32,13.8,10591
device_uplink,1788927325000000000,70b3d57ed00778cc,-30,13.2,10592
device_uplink,1788927341000000000,70b3d57ed00778cc,-36,12.2,10593
device_uplink,1788927357000000000,70b3d57ed00778cc,-28,13.8,10594
device_uplink,1788927373000000000,70b3d57ed00778cc,-29,11.5,10595
device_uplink,1788927389000000000,70b3d57ed00778cc,-32,13.5,10596
device_uplink,1788927407000000000,70b3d57ed00778cc,-30,12.5,10597
device_uplink,1788927423000000000,70b3d57ed00778cc,-30,11.5,10598
device_uplink,1788927439000000000,70b3d57ed00778cc,-30,9.8,10599
device_uplink,1788927455000000000,70b3d57ed00778cc,-28,14.2,10600
device_uplink,1788927471000000000,70b3d57ed00778cc,-28,13.8,10601
device_uplink,1788927487000000000,70b3d57ed00778cc,-32,14,10602
device_uplink,1788927503000000000,70b3d57ed00778cc,-36,11.5,10603
device_uplink,1788927521000000000,70b3d57ed00778cc,-31,13,10604
device_uplink,1788927537000000000,70b3d57ed00778cc,-28,14,10605
device_uplink,1788927553000000000,70b3d57ed00778cc,-31,11.5,10606
device_uplink,1788927569000000000,70b3d57ed00778cc,-27,14,10607
device_uplink,1788927585000000000,70b3d57ed00778cc,-32,13.2,10608
device_uplink,1788927601000000000,70b3d57ed00778cc,-33,13.2,10609
device_uplink,1788927617000000000,70b3d57ed00778cc,-32,12.8,10610
device_uplink,1788927633000000000,70b3d57ed00778cc,-34,13,10611
device_uplink,1788927651000000000,70b3d57ed00778cc,-27,13.2,10612
device_uplink,1788927667000000000,70b3d57ed00778cc,-29,14,10613
device_uplink,1788927683000000000,70b3d57ed00778cc,-36,9.8,10614
device_uplink,1788927699000000000,70b3d57ed00778cc,-33,13,10615
device_uplink,1788927715000000000,70b3d57ed00778cc,-31,13,10616
device_uplink,1788927731000000000,70b3d57ed00778cc,-38,12.2,10617
device_uplink,1788927747000000000,70b3d57ed00778cc,-29,13.5,10618
device_uplink,1788927763000000000,70b3d57ed00778cc,-36,10.8,10619
device_uplink,1788927781000000000,70b3d57ed00778cc,-33,13.5,10620
device_uplink,1788927797000000000,70b3d57ed00778cc,-35,11,10621
device_uplink,1788927813000000000,70b3d57ed00778cc,-35,13.2,10622
device_uplink,1788927829000000000,70b3d57ed00778cc,-38,10,10623
device_uplink,1788927845000000000,70b3d57ed00778cc,-30,12.8,10624
device_uplink,1788927861000000000,70b3d57ed00778cc,-35,12.5,10625
device_uplink,1788927877000000000,70b3d57ed00778cc,-35,12.8,10626
device_uplink,1788927886000000000,70b3d57ed0077801,-21,13.8,120
device_uplink,1788927893000000000,70b3d57ed00778cc,-37,11,10627
device_uplink,1788927911000000000,70b3d57ed00778cc,-36,12,10628
device_uplink,1788927927000000000,70b3d57ed00778cc,-34,13.5,10629
device_uplink,1788927943000000000,70b3d57ed00778cc,-39,9.5,10630
device_uplink,1788927959000000000,70b3d57ed00778cc,-35,13.2,10631
device_uplink,1788927975000000000,70b3d57ed00778cc,-43,11.5,10632
device_uplink,1788927991000000000,70b3d57ed00778cc,-27,14,10633
device_uplink,1788928007000000000,70b3d57ed00778cc,-39,11,10634
device_uplink,1788928025000000000,70b3d57ed00778cc,-33,13,10635
device_uplink,1788928041000000000,70b3d57ed00778cc,-30,12,10636
device_uplink,1788928057000000000,70b3d57ed00778cc,-35,12.5,10637
device_uplink,1788928073000000000,70b3d57ed00778cc,-32,13.8,10638
device_uplink,1788928089000000000,70b3d57ed00778cc,-41,10.5,10639
device_uplink,1788928105000000000,70b3d57ed00778cc,-33,13.5,10640
device_uplink,1788928121000000000,70b3d57ed00778cc,-33,13,10641
device_uplink,1788928139000000000,70b3d57ed00778cc,-40,11.5,10642
device_uplink,1788928155000000000,70b3d57ed00778cc,-42,12.5,10643
device_uplink,1788928171000000000,70b3d57ed00778cc,-42,4.5,10644
device_uplink,1788928187000000000,70b3d57ed00778cc,-39,12,10645
device_uplink,1788928203000000000,70b3d57ed00778cc,-34,12.8,10646
device_uplink,1788928219000000000,70b3d57ed00778cc,-37,12.8,10647
device_uplink,1788928235000000000,70b3d57ed00778cc,-36,11,10648
device_uplink,1788928251000000000,70b3d57ed00778cc,-33,13.8,10649
device_uplink,1788928269000000000,70b3d57ed00778cc,-38,10.8,10650
device_uplink,1788928285000000000,70b3d57ed00778cc,-40,12,10651
device_uplink,1788928301000000000,70b3d57ed00778cc,-58,7.5,10652
device_uplink,1788928317000000000,70b3d57ed00778cc,-39,10.8,10653
device_uplink,1788928333000000000,70b3d57ed00778cc,-36,12.2,10654
device_uplink,1788928349000000000,70b3d57ed00778cc,-36,11.2,10655
device_uplink,1788928365000000000,70b3d57ed00778cc,-32,12,10656
device_uplink,1788928381000000000,70b3d57ed00778cc,-37,11.8,10657
device_uplink,1788928399000000000,70b3d57ed00778cc,-37,12.5,10658
device_uplink,1788928415000000000,70b3d57ed00778cc,-31,12.2,10659
device_uplink,1788928431000000000,70b3d57ed00778cc,-37,12,10660
device_uplink,1788928447000000000,70b3d57ed00778cc,-35,12.8,10661
device_uplink,1788928463000000000,70b3d57ed00778cc,-34,13,10662
device_uplink,1788928479000000000,70b3d57ed00778cc,-41,10.5,10663
device_uplink,1788928497000000000,70b3d57ed00778cc,-32,13.8,10664
device_uplink,1788928529000000000,70b3d57ed00778cc,-38,10.5,10666
device_uplink,1788928545000000000,70b3d57ed00778cc,-38,11.8,10667
device_uplink,1788928561000000000,70b3d57ed00778cc,-31,13.8,10668
device_uplink,1788928577000000000,70b3d57ed00778cc,-33,13.5,10669
device_uplink,1788928593000000000,70b3d57ed00778cc,-32,12.2,10670
device_uplink,1788928609000000000,70b3d57ed00778cc,-38,12.2,10671
device_uplink,1788928627000000000,70b3d57ed00778cc,-31,13.8,10672
device_uplink,1788928643000000000,70b3d57ed00778cc,-42,11.5,10673
device_uplink,1788928659000000000,70b3d57ed00778cc,-30,13.2,10674
device_uplink,1788928691000000000,70b3d57ed00778cc,-30,12.5,10676
device_uplink,1788928707000000000,70b3d57ed00778cc,-32,12.8,10677
device_uplink,1788928723000000000,70b3d57ed00778cc,-34,13.2,10678
device_uplink,1788928741000000000,70b3d57ed00778cc,-31,13.8,10679
device_uplink,1788928773000000000,70b3d57ed00778cc,-33,12.2,10681
device_uplink,1788928789000000000,70b3d57ed00778cc,-32,11.2,10682
device_uplink,1788928795000000000,70b3d57ed0077801,-19,13.8,121
device_uplink,1788928805000000000,70b3d57ed00778cc,-33,13,10683
device_uplink,1788928821000000000,70b3d57ed00778cc,-32,13,10684
device_uplink,1788928837000000000,70b3d57ed00778cc,-29,13.5,10685
device_uplink,1788928855000000000,70b3d57ed00778cc,-35,13,10686
device_uplink,1788928871000000000,70b3d57ed00778cc,-28,13.5,10687
device_uplink,1788928887000000000,70b3d57ed00778cc,-35,13.5,10688
device_uplink,1788928903000000000,70b3d57ed00778cc,-36,12,10689
device_uplink,1788928919000000000,70b3d57ed00778cc,-34,13,10690
device_uplink,1788928935000000000,70b3d57ed00778cc,-32,13.5,10691
device_uplink,1788928951000000000,70b3d57ed00778cc,-34,13.5,10692
device_uplink,1788928967000000000,70b3d57ed00778cc,-30,12,10693
device_uplink,1788928985000000000,70b3d57ed00778cc,-27,14.2,10694
device_uplink,1788929001000000000,70b3d57ed00778cc,-30,9,10695
device_uplink,1788929017000000000,70b3d57ed00778cc,-35,12,10696
device_uplink,1788929033000000000,70b3d57ed00778cc,-28,13.8,10697
device_uplink,1788929049000000000,70b3d57ed00778cc,-30,13.2,10698
device_uplink,1788929065000000000,70b3d57ed00778cc,-32,12.8,10699
device_uplink,1788929081000000000,70b3d57ed00778cc,-33,10.2,10700
device_uplink,1788929097000000000,70b3d57ed00778cc,-29,14,10701
device_uplink,1788929115000000000,70b3d57ed00778cc,-31,13.5,10702
device_uplink,1788929131000000000,70b3d57ed00778cc,-39,9,10703
device_uplink,1788929147000000000,70b3d57ed00778cc,-30,13.5,10704
device_uplink,1788929163000000000,70b3d57ed00778cc,-31,13.2,10705
device_uplink,1788929179000000000,70b3d57ed00778cc,-34,13.2,10706
device_uplink,1788929195000000000,70b3d57ed00778cc,-31,13.5,10707
device_uplink,1788929213000000000,70b3d57ed00778cc,-24,12.2,10708
device_uplink,1788929229000000000,70b3d57ed00778cc,-26,13,10709
device_uplink,1788929245000000000,70b3d57ed00778cc,-26,11.5,10710
device_uplink,1788929261000000000,70b3d57ed00778cc,-31,13.8,10711
device_uplink,1788929277000000000,70b3d57ed00778cc,-29,13.5,10712
device_uplink,1788929293000000000,70b3d57ed00778cc,-29,13.5,10713
device_uplink,1788929309000000000,70b3d57ed00778cc,-29,13,10714
device_uplink,1788929325000000000,70b3d57ed00778cc,-25,13.2,10715
device_uplink,1788929343000000000,70b3d57ed00778cc,-27,13.5,10716
device_uplink,1788929359000000000,70b3d57ed00778cc,-28,13.5,10717
device_uplink,1788929375000000000,70b3d57ed00778cc,-32,13.8,10718
device_uplink,1788929391000000000,70b3d57ed00778cc,-31,10.2,10719
device_uplink,1788929407000000000,70b3d57ed00778cc,-29,13.5,10720
device_uplink,1788929423000000000,70b3d57ed00778cc,-27,13.2,10721
device_uplink,1788929439000000000,70b3d57ed00778cc,-29,13.2,10722
device_uplink,1788929455000000000,70b3d57ed00778cc,-28,13.8,10723
device_uplink,1788929473000000000,70b3d57ed00778cc,-31,13.2,10724
device_uplink,1788929489000000000,70b3d57ed00778cc,-33,13.5,10725
device_uplink,1788929505000000000,70b3d57ed00778cc,-22,14.5,10726
device_uplink,1788929521000000000,70b3d57ed00778cc,-32,11.8,10727
device_uplink,1788929537000000000,70b3d57ed00778cc,-31,13.5,10728
device_uplink,1788929553000000000,70b3d57ed00778cc,-40,11.5,10729
device_uplink,1788929571000000000,70b3d57ed00778cc,-36,10.2,10730
device_uplink,1788929587000000000,70b3d57ed00778cc,-31,13.2,10731
device_uplink,1788929603000000000,70b3d57ed00778cc,-24,14,10732
device_uplink,1788929619000000000,70b3d57ed00778cc,-26,13.5,10733
device_uplink,1788929635000000000,70b3d57ed00778cc,-32,11.2,10734
device_uplink,1788929651000000000,70b3d57ed00778cc,-24,13.8,10735
device_uplink,1788929667000000000,70b3d57ed00778cc,-29,13.5,10736
device_uplink,1788929683000000000,70b3d57ed00778cc,-25,13.5,10737
device_uplink,1788929701000000000,70b3d57ed00778cc,-24,12.8,10738
device_uplink,1788929703000000000,70b3d57ed0077801,-19,13.8,122
device_uplink,1788929717000000000,70b3d57ed00778cc,-38,10,10739
device_uplink,1788929733000000000,70b3d57ed00778cc,-24,13.8,10740
device_uplink,1788929749000000000,70b3d57ed00778cc,-35,12.2,10741
device_uplink,1788929765000000000,70b3d57ed00778cc,-28,13,10742
device_uplink,1788929781000000000,70b3d57ed00778cc,-32,13,10743
device_uplink,1788929797000000000,70b3d57ed00778cc,-31,10.2,10744
device_uplink,1788929815000000000,70b3d57ed00778cc,-24,13.8,10745
device_uplink,1788929831000000000,70b3d57ed00778cc,-27,13.2,10746
device_uplink,1788929847000000000,70b3d57ed00778cc,-32,13.2,10747
device_uplink,1788929863000000000,70b3d57ed00778cc,-34,11.5,10748
device_uplink,1788929879000000000,70b3d57ed00778cc,-34,13.2,10749
device_uplink,1788929895000000000,70b3d57ed00778cc,-34,12.8,10750
device_uplink,1788929911000000000,70b3d57ed00778cc,-44,7.5,10751
device_uplink,1788929929000000000,70b3d57ed00778cc,-40,10,10752
device_uplink,1788929945000000000,70b3d57ed00778cc,-40,10.8,10753
device_uplink,1788929961000000000,70b3d57ed00778cc,-41,11,10754
device_uplink,1788929977000000000,70b3d57ed00778cc,-46,6.5,10755
device_uplink,1788929993000000000,70b3d57ed00778cc,-46,8.5,10756
device_uplink,1788930009000000000,70b3d57ed00778cc,-27,13,10757
device_uplink,1788930025000000000,70b3d57ed00778cc,-34,11.8,10758
device_uplink,1788930041000000000,70b3d57ed00778cc,-29,13.8,10759
device_uplink,1788930059000000000,70b3d57ed00778cc,-37,9,10760
device_uplink,1788930075000000000,70b3d57ed00778cc,-31,13.2,10761
device_uplink,1788930091000000000,70b3d57ed00778cc,-48,2.2,10762
device_uplink,1788930107000000000,70b3d57ed00778cc,-38,10.2,10763
device_uplink,1788930123000000000,70b3d57ed00778cc,-41,11.2,10764
device_uplink,1788930139000000000,70b3d57ed00778cc,-33,13.2,10765
device_uplink,1788930155000000000,70b3d57ed00778cc,-36,10.2,10766
device_uplink,1788930173000000000,70b3d57ed00778cc,-36,12.5,10767
device_uplink,1788930189000000000,70b3d57ed00778cc,-37,8.8,10768
device_uplink,1788930205000000000,70b3d57ed00778cc,-37,11.8,10769
device_uplink,1788930221000000000,70b3d57ed00778cc,-36,11.2,10770
device_uplink,1788930237000000000,70b3d57ed00778cc,-40,12.2,10771
device_uplink,1788930253000000000,70b3d57ed00778cc,-34,13.2,10772
device_uplink,1788930269000000000,70b3d57ed00778cc,-39,11.8,10773
device_uplink,1788930287000000000,70b3d57ed00778cc,-34,11.5,10774
device_uplink,1788930303000000000,70b3d57ed00778cc,-36,12,10775
device_uplink,1788930319000000000,70b3d57ed00778cc,-32,11,10776
device_uplink,1788930335000000000,70b3d57ed00778cc,-49,6.8,10777
device_uplink,1788930351000000000,70b3d57ed00778cc,-40,12.2,10778
device_uplink,1788930367000000000,70b3d57ed00778cc,-35,13,10779
device_uplink,1788930383000000000,70b3d57ed00778cc,-32,14,10780
device_uplink,1788930399000000000,70b3d57ed00778cc,-31,13.2,10781
device_uplink,1788930417000000000,70b3d57ed00778cc,-36,9.5,10782
device_uplink,1788930433000000000,70b3d57ed00778cc,-34,13.5,10783
device_uplink,1788930449000000000,70b3d57ed00778cc,-32,12.2,10784
device_uplink,1788930465000000000,70b3d57ed00778cc,-31,13.2,10785
device_uplink,1788930481000000000,70b3d57ed00778cc,-43,7.8,10786
device_uplink,1788930497000000000,70b3d57ed00778cc,-41,11,10787
device_uplink,1788930513000000000,70b3d57ed00778cc,-35,12.8,10788
device_uplink,1788930531000000000,70b3d57ed00778cc,-39,12,10789
device_uplink,1788930547000000000,70b3d57ed00778cc,-35,8.5,10790
device_uplink,1788930563000000000,70b3d57ed00778cc,-37,11.5,10791
device_uplink,1788930579000000000,70b3d57ed00778cc,-47,6.8,10792
device_uplink,1788930595000000000,70b3d57ed00778cc,-32,13.2,10793
device_uplink,1788930611000000000,70b3d57ed0077801,-19,10.8,123
device_uplink,1788930611000000000,70b3d57ed00778cc,-52,2.2,10794
device_uplink,1788930627000000000,70b3d57ed00778cc,-39,11,10795
device_uplink,1788930643000000000,70b3d57ed00778cc,-43,10,10796
device_uplink,1788930659000000000,70b3d57ed00778cc,-36,12.2,10797
device_uplink,1788930677000000000,70b3d57ed00778cc,-41,7.2,10798
device_uplink,1788930693000000000,70b3d57ed00778cc,-44,11,10799
device_uplink,1788930709000000000,70b3d57ed00778cc,-27,13.5,10800
device_uplink,1788930725000000000,70b3d57ed00778cc,-27,13.8,10801
device_uplink,1788930741000000000,70b3d57ed00778cc,-28,13.8,10802
device_uplink,1788930759000000000,70b3d57ed00778cc,-29,10.5,10803
device_uplink,1788930775000000000,70b3d57ed00778cc,-29,13.8,10804
device_uplink,1788930791000000000,70b3d57ed00778cc,-25,13.8,10805
device_uplink,1788930807000000000,70b3d57ed00778cc,-26,14.2,10806
device_uplink,1788930823000000000,70b3d57ed00778cc,-24,13.2,10807
device_uplink,1788930839000000000,70b3d57ed00778cc,-28,13.5,10808
device_uplink,1788930855000000000,70b3d57ed00778cc,-29,13.8,10809
device_uplink,1788930873000000000,70b3d57ed00778cc,-29,13,10810
device_uplink,1788930889000000000,70b3d57ed00778cc,-30,10,10811
device_uplink,1788930905000000000,70b3d57ed00778cc,-31,13.8,10812
device_uplink,1788930921000000000,70b3d57ed00778cc,-29,14,10813
device_uplink,1788930937000000000,70b3d57ed00778cc,-26,12.8,10814
device_uplink,1788930953000000000,70b3d57ed00778cc,-32,12.8,10815
device_uplink,1788930969000000000,70b3d57ed00778cc,-32,13,10816
device_uplink,1788930985000000000,70b3d57ed00778cc,-32,13,10817
device_uplink,1788931003000000000,70b3d57ed00778cc,-30,13,10818
device_uplink,1788931019000000000,70b3d57ed00778cc,-29,13.8,10819
device_uplink,1788931035000000000,70b3d57ed00778cc,-33,13,10820
device_uplink,1788931051000000000,70b3d57ed00778cc,-34,12,10821
device_uplink,1788931067000000000,70b3d57ed00778cc,-30,14,10822
device_uplink,1788931083000000000,70b3d57ed00778cc,-29,13.8,10823
device_uplink,1788931099000000000,70b3d57ed00778cc,-37,9,10824
device_uplink,1788931117000000000,70b3d57ed00778cc,-31,13.2,10825
device_uplink,1788931133000000000,70b3d57ed00778cc,-32,11.2,10826
device_uplink,1788931149000000000,70b3d57ed00778cc,-34,13.2,10827
device_uplink,1788931165000000000,70b3d57ed00778cc,-32,12.8,10828
device_uplink,1788931181000000000,70b3d57ed00778cc,-30,11,10829
device_uplink,1788931197000000000,70b3d57ed00778cc,-30,13.2,10830
device_uplink,1788931213000000000,70b3d57ed00778cc,-36,10.8,10831
device_uplink,1788931231000000000,70b3d57ed00778cc,-34,13,10832
device_uplink,1788931247000000000,70b3d57ed00778cc,-39,10.2,10833
device_uplink,1788931263000000000,70b3d57ed00778cc,-33,12.2,10834
device_uplink,1788931279000000000,70b3d57ed00778cc,-29,13,10835
device_uplink,1788931295000000000,70b3d57ed00778cc,-30,13,10836
device_uplink,1788931311000000000,70b3d57ed00778cc,-36,11.2,10837
device_uplink,1788931327000000000,70b3d57ed00778cc,-37,11.8,10838
device_uplink,1788931343000000000,70b3d57ed00778cc,-26,11.2,10839
device_uplink,1788931375000000000,70b3d57ed00778cc,-39,11.5,10841
device_uplink,1788931393000000000,70b3d57ed00778cc,-36,12.5,10842
device_uplink,1788931409000000000,70b3d57ed00778cc,-33,12,10843
device_uplink,1788931425000000000,70b3d57ed00778cc,-44,9.8,10844
device_uplink,1788931441000000000,70b3d57ed00778cc,-42,10.8,10845
device_uplink,1788931457000000000,70b3d57ed00778cc,-32,13,10846
device_uplink,1788931473000000000,70b3d57ed00778cc,-41,10.5,10847
device_uplink,1788931489000000000,70b3d57ed00778cc,-34,11.8,10848
device_uplink,1788931505000000000,70b3d57ed00778cc,-34,13.2,10849
device_uplink,1788931520000000000,70b3d57ed0077801,-18,14,124
device_uplink,1788931523000000000,70b3d57ed00778cc,-40,8,10850
device_uplink,1788931539000000000,70b3d57ed00778cc,-29,13.5,10851
device_uplink,1788931555000000000,70b3d57ed00778cc,-30,9.8,10852
device_uplink,1788931571000000000,70b3d57ed00778cc,-45,9.8,10853
device_uplink,1788931587000000000,70b3d57ed00778cc,-35,12.5,10854
device_uplink,1788931603000000000,70b3d57ed00778cc,-37,12.5,10855
device_uplink,1788931619000000000,70b3d57ed00778cc,-34,13.2,10856
device_uplink,1788931637000000000,70b3d57ed00778cc,-30,13.5,10857
device_uplink,1788931669000000000,70b3d57ed00778cc,-30,13,10859
device_uplink,1788931685000000000,70b3d57ed00778cc,-32,11,10860
device_uplink,1788931701000000000,70b3d57ed00778cc,-35,12,10861
device_uplink,1788931717000000000,70b3d57ed00778cc,-31,13.2,10862
device_uplink,1788931733000000000,70b3d57ed00778cc,-42,10.2,10863
device_uplink,1788931751000000000,70b3d57ed00778cc,-34,13,10864
device_uplink,1788931783000000000,70b3d57ed00778cc,-30,11.5,10866
device_uplink,1788931799000000000,70b3d57ed00778cc,-37,11.8,10867
device_uplink,1788931815000000000,70b3d57ed00778cc,-28,13.5,10868
device_uplink,1788931831000000000,70b3d57ed00778cc,-35,12.2,10869
device_uplink,1788931847000000000,70b3d57ed00778cc,-38,10.8,10870
device_uplink,1788931863000000000,70b3d57ed00778cc,-45,7.5,10871
device_uplink,1788931881000000000,70b3d57ed00778cc,-35,13.2,10872
device_uplink,1788931897000000000,70b3d57ed00778cc,-42,10.5,10873
device_uplink,1788931913000000000,70b3d57ed00778cc,-30,11,10874
device_uplink,1788931929000000000,70b3d57ed00778cc,-29,14,10875
device_uplink,1788931945000000000,70b3d57ed00778cc,-38,12,10876
device_uplink,1788931961000000000,70b3d57ed00778cc,-32,12.8,10877
device_uplink,1788931977000000000,70b3d57ed00778cc,-28,10.5,10878
device_uplink,1788931995000000000,70b3d57ed00778cc,-35,13.2,10879
device_uplink,1788932011000000000,70b3d57ed00778cc,-39,11,10880
device_uplink,1788932027000000000,70b3d57ed00778cc,-32,13.2,10881
device_uplink,1788932043000000000,70b3d57ed00778cc,-35,13,10882
device_uplink,1788932059000000000,70b3d57ed00778cc,-36,8.8,10883
device_uplink,1788932075000000000,70b3d57ed00778cc,-34,13,10884
device_uplink,1788932091000000000,70b3d57ed00778cc,-28,13.8,10885
device_uplink,1788932109000000000,70b3d57ed00778cc,-33,13.8,10886
device_uplink,1788932125000000000,70b3d57ed00778cc,-28,13,10887
device_uplink,1788932141000000000,70b3d57ed00778cc,-36,9,10888
device_uplink,1788932157000000000,70b3d57ed00778cc,-35,12.2,10889
device_uplink,1788932173000000000,70b3d57ed00778cc,-33,13.2,10890
device_uplink,1788932189000000000,70b3d57ed00778cc,-31,10.5,10891
device_uplink,1788932205000000000,70b3d57ed00778cc,-28,13.5,10892
device_uplink,1788932221000000000,70b3d57ed00778cc,-34,13,10893
device_uplink,1788932239000000000,70b3d57ed00778cc,-31,13.5,10894
device_uplink,1788932255000000000,70b3d57ed00778cc,-35,12.2,10895
device_uplink,1788932271000000000,70b3d57ed00778cc,-33,13,10896
device_uplink,1788932287000000000,70b3d57ed00778cc,-35,12.8,10897
device_uplink,1788932303000000000,70b3d57ed00778cc,-24,14,10898
device_uplink,1788932319000000000,70b3d57ed00778cc,-34,12.8,10899
device_uplink,1788932335000000000,70b3d57ed00778cc,-31,12,10900
device_uplink,1788932353000000000,70b3d57ed00778cc,-30,11.8,10901
device_uplink,1788932369000000000,70b3d57ed00778cc,-34,13,10902
device_uplink,1788932385000000000,70b3d57ed00778cc,-42,9.5,10903
device_uplink,1788932401000000000,70b3d57ed00778cc,-33,13,10904
device_uplink,1788932417000000000,70b3d57ed00778cc,-36,11.2,10905
device_uplink,1788932428000000000,70b3d57ed0077801,-17,13.8,125
device_uplink,1788932433000000000,70b3d57ed00778cc,-32,11.8,10906
device_uplink,1788932449000000000,70b3d57ed00778cc,-33,13,10907
device_uplink,1788932467000000000,70b3d57ed00778cc,-35,13,10908
device_uplink,1788932483000000000,70b3d57ed00778cc,-39,11.8,10909
device_uplink,1788932499000000000,70b3d57ed00778cc,-32,12.2,10910
device_uplink,1788932515000000000,70b3d57ed00778cc,-37,12,10911
device_uplink,1788932531000000000,70b3d57ed00778cc,-29,13,10912
device_uplink,1788932547000000000,70b3d57ed00778cc,-38,11.5,10913
device_uplink,1788932563000000000,70b3d57ed00778cc,-31,13.8,10914
device_uplink,1788932579000000000,70b3d57ed00778cc,-39,9.2,10915
device_uplink,1788932597000000000,70b3d57ed00778cc,-37,10.5,10916
device_uplink,1788932613000000000,70b3d57ed00778cc,-31,13.2,10917
device_uplink,1788932629000000000,70b3d57ed00778cc,-29,13.2,10918
device_uplink,1788932645000000000,70b3d57ed00778cc,-31,13.5,10919
device_uplink,1788932661000000000,70b3d57ed00778cc,-30,11.8,10920
device_uplink,1788932677000000000,70b3d57ed00778cc,-28,13.2,10921
device_uplink,1788932695000000000,70b3d57ed00778cc,-29,13.8,10922
device_uplink,1788932711000000000,70b3d57ed00778cc,-36,11.8,10923
device_uplink,1788932727000000000,70b3d57ed00778cc,-35,9,10924
device_uplink,1788932743000000000,70b3d57ed00778cc,-34,11.8,10925
device_uplink,1788932759000000000,70b3d57ed00778cc,-30,13.2,10926
device_uplink,1788932775000000000,70b3d57ed00778cc,-29,13.2,10927
device_uplink,1788932791000000000,70b3d57ed00778cc,-34,13.2,10928
device_uplink,1788932807000000000,70b3d57ed00778cc,-41,11.2,10929
device_uplink,1788932825000000000,70b3d57ed00778cc,-29,13.5,10930
device_uplink,1788932841000000000,70b3d57ed00778cc,-29,12.5,10931
device_uplink,1788932857000000000,70b3d57ed00778cc,-29,13,10932
device_uplink,1788932873000000000,70b3d57ed00778cc,-35,12.8,10933
device_uplink,1788932889000000000,70b3d57ed00778cc,-34,9.2,10934
device_uplink,1788932905000000000,70b3d57ed00778cc,-30,13.5,10935
device_uplink,1788932921000000000,70b3d57ed00778cc,-31,13,10936
device_uplink,1788932937000000000,70b3d57ed00778cc,-30,13.5,10937
device_uplink,1788932955000000000,70b3d57ed00778cc,-31,13,10938
device_uplink,1788932971000000000,70b3d57ed00778cc,-33,13,10939
device_uplink,1788932987000000000,70b3d57ed00778cc,-39,10.2,10940
device_uplink,1788933003000000000,70b3d57ed00778cc,-35,12.5,10941
device_uplink,1788933019000000000,70b3d57ed00778cc,-35,13.2,10942
device_uplink,1788933035000000000,70b3d57ed00778cc,-30,10.8,10943
device_uplink,1788933051000000000,70b3d57ed00778cc,-36,11.2,10944
device_uplink,1788933069000000000,70b3d57ed00778cc,-37,12.8,10945
device_uplink,1788933085000000000,70b3d57ed00778cc,-36,9.5,10946
device_uplink,1788933101000000000,70b3d57ed00778cc,-33,13.5,10947
device_uplink,1788933117000000000,70b3d57ed00778cc,-34,10.8,10948
device_uplink,1788933133000000000,70b3d57ed00778cc,-34,13.8,10949
device_uplink,1788933165000000000,70b3d57ed00778cc,-32,13,10951
device_uplink,1788933183000000000,70b3d57ed00778cc,-32,13.5,10952
device_uplink,1788933199000000000,70b3d57ed00778cc,-32,13,10953
device_uplink,1788933215000000000,70b3d57ed00778cc,-27,13.8,10954
device_uplink,1788933231000000000,70b3d57ed00778cc,-32,12.5,10955
device_uplink,1788933247000000000,70b3d57ed00778cc,-42,11,10956
device_uplink,1788933263000000000,70b3d57ed00778cc,-39,12.2,10957
device_uplink,1788933279000000000,70b3d57ed00778cc,-32,13.5,10958
device_uplink,1788933295000000000,70b3d57ed00778cc,-45,6.8,10959
device_uplink,1788933313000000000,70b3d57ed00778cc,-35,13,10960
device_uplink,1788933329000000000,70b3d57ed00778cc,-33,13,10961
device_uplink,1788933337000000000,70b3d57ed0077801,-21,14,126
device_uplink,1788933345000000000,70b3d57ed00778cc,-30,13,10962
device_uplink,1788933361000000000,70b3d57ed00778cc,-38,12.2,10963
device_uplink,1788933377000000000,70b3d57ed00778cc,-30,13,10964
device_uplink,1788933393000000000,70b3d57ed00778cc,-30,13,10965
device_uplink,1788933411000000000,70b3d57ed00778cc,-33,12.5,10966
device_uplink,1788933427000000000,70b3d57ed00778cc,-33,13.5,10967
device_uplink,1788933443000000000,70b3d57ed00778cc,-37,8.5,10968
device_uplink,1788933459000000000,70b3d57ed00778cc,-40,11.5,10969
device_uplink,1788933475000000000,70b3d57ed00778cc,-34,12.5,10970
device_uplink,1788933491000000000,70b3d57ed00778cc,-32,13,10971
device_uplink,1788933509000000000,70b3d57ed00778cc,-29,13.5,10972
device_uplink,1788933525000000000,70b3d57ed00778cc,-30,12.2,10973
device_uplink,1788933541000000000,70b3d57ed00778cc,-34,12.5,10974
device_uplink,1788933557000000000,70b3d57ed00778cc,-27,13.8,10975
device_uplink,1788933573000000000,70b3d57ed00778cc,-26,11.2,10976
device_uplink,1788933589000000000,70b3d57ed00778cc,-39,12.2,10977
device_uplink,1788933605000000000,70b3d57ed00778cc,-32,11.2,10978
device_uplink,1788933621000000000,70b3d57ed00778cc,-38,12,10979
device_uplink,1788933639000000000,70b3d57ed00778cc,-37,11.8,10980
device_uplink,1788933655000000000,70b3d57ed00778cc,-43,10.8,10981
device_uplink,1788933671000000000,70b3d57ed00778cc,-42,6,10982
device_uplink,1788933687000000000,70b3d57ed00778cc,-29,13.2,10983
device_uplink,1788933703000000000,70b3d57ed00778cc,-31,13.2,10984
device_uplink,1788933719000000000,70b3d57ed00778cc,-32,13.5,10985
device_uplink,1788933735000000000,70b3d57ed00778cc,-31,13.2,10986
device_uplink,1788933751000000000,70b3d57ed00778cc,-49,0,10987
device_uplink,1788933769000000000,70b3d57ed00778cc,-36,8.8,10988
device_uplink,1788933785000000000,70b3d57ed00778cc,-30,13.2,10989
device_uplink,1788933801000000000,70b3d57ed00778cc,-43,11.2,10990
device_uplink,1788933817000000000,70b3d57ed00778cc,-32,13.8,10991
device_uplink,1788933833000000000,70b3d57ed00778cc,-41,10.8,10992
device_uplink,1788933849000000000,70b3d57ed00778cc,-36,10.5,10993
device_uplink,1788933883000000000,70b3d57ed00778cc,-37,11.8,10995
device_uplink,1788933899000000000,70b3d57ed00778cc,-38,12.5,10996
device_uplink,1788933915000000000,70b3d57ed00778cc,-42,8.5,10997
device_uplink,1788933931000000000,70b3d57ed00778cc,-44,10.5,10998
device_uplink,1788933947000000000,70b3d57ed00778cc,-33,12,10999
device_uplink,1788933963000000000,70b3d57ed00778cc,-37,10.5,11000
device_uplink,1788933979000000000,70b3d57ed00778cc,-32,13.8,11001
device_uplink,1788933997000000000,70b3d57ed00778cc,-39,11,11002
device_uplink,1788934013000000000,70b3d57ed00778cc,-45,8.5,11003
device_uplink,1788934029000000000,70b3d57ed00778cc,-34,12.2,11004
device_uplink,1788934045000000000,70b3d57ed00778cc,-36,8.2,11005
device_uplink,1788934061000000000,70b3d57ed00778cc,-36,11,11006
device_uplink,1788934077000000000,70b3d57ed00778cc,-42,12,11007
device_uplink,1788934093000000000,70b3d57ed00778cc,-38,9.8,11008
device_uplink,1788934109000000000,70b3d57ed00778cc,-44,10,11009
device_uplink,1788934127000000000,70b3d57ed00778cc,-34,13.5,11010
device_uplink,1788934143000000000,70b3d57ed00778cc,-34,10.2,11011
device_uplink,1788934159000000000,70b3d57ed00778cc,-33,13,11012
device_uplink,1788934175000000000,70b3d57ed00778cc,-31,13.5,11013
device_uplink,1788934191000000000,70b3d57ed00778cc,-37,10,11014
device_uplink,1788934207000000000,70b3d57ed00778cc,-33,13.8,11015
device_uplink,1788934223000000000,70b3d57ed00778cc,-41,11.5,11016
device_uplink,1788934241000000000,70b3d57ed00778cc,-44,10,11017
device_uplink,1788934245000000000,70b3d57ed0077801,-19,13.8,127
device_uplink,1788934257000000000,70b3d57ed00778cc,-33,13.5,11018
device_uplink,1788934273000000000,70b3d57ed00778cc,-34,13,11019
device_uplink,1788934289000000000,70b3d57ed00778cc,-40,10,11020
device_uplink,1788934305000000000,70b3d57ed00778cc,-35,12.5,11021
device_uplink,1788934321000000000,70b3d57ed00778cc,-38,13,11022
device_uplink,1788934337000000000,70b3d57ed00778cc,-33,13.5,11023
device_uplink,1788934355000000000,70b3d57ed00778cc,-36,10.2,11024
device_uplink,1788934371000000000,70b3d57ed00778cc,-33,13,11025
device_uplink,1788934387000000000,70b3d57ed00778cc,-31,13.2,11026
device_uplink,1788934403000000000,70b3d57ed00778cc,-34,13.8,11027
device_uplink,1788934419000000000,70b3d57ed00778cc,-33,12.8,11028
device_uplink,1788934435000000000,70b3d57ed00778cc,-35,12.2,11029
device_uplink,1788934451000000000,70b3d57ed00778cc,-31,10.5,11030
device_uplink,1788934467000000000,70b3d57ed00778cc,-28,13.2,11031
device_uplink,1788934485000000000,70b3d57ed00778cc,-29,12.2,11032
device_uplink,1788934501000000000,70b3d57ed00778cc,-28,14.2,11033
device_uplink,1788934517000000000,70b3d57ed00778cc,-27,14.2,11034
device_uplink,1788934533000000000,70b3d57ed00778cc,-30,11.8,11035
device_uplink,1788934549000000000,70b3d57ed00778cc,-39,10.8,11036
device_uplink,1788934565000000000,70b3d57ed00778cc,-29,13.2,11037
device_uplink,1788934581000000000,70b3d57ed00778cc,-31,12.8,11038
device_uplink,1788934597000000000,70b3d57ed00778cc,-30,9.2,11039
device_uplink,1788934615000000000,70b3d57ed00778cc,-30,12.5,11040
device_uplink,1788934631000000000,70b3d57ed00778cc,-31,13.2,11041
device_uplink,1788934647000000000,70b3d57ed00778cc,-29,14,11042
device_uplink,1788934663000000000,70b3d57ed00778cc,-29,10.5,11043
device_uplink,1788934679000000000,70b3d57ed00778cc,-28,13.2,11044
device_uplink,1788934695000000000,70b3d57ed00778cc,-26,13.2,11045
device_uplink,1788934713000000000,70b3d57ed00778cc,-28,13.5,11046
device_uplink,1788934729000000000,70b3d57ed00778cc,-25,13.5,11047
device_uplink,1788934745000000000,70b3d57ed00778cc,-27,13.8,11048
device_uplink,1788934761000000000,70b3d57ed00778cc,-24,13.8,11049
device_uplink,1788934777000000000,70b3d57ed00778cc,-25,13.5,11050
device_uplink,1788934793000000000,70b3d57ed00778cc,-27,13.8,11051
device_uplink,1788934809000000000,70b3d57ed00778cc,-24,13.5,11052
device_uplink,1788934825000000000,70b3d57ed00778cc,-27,14.2,11053
device_uplink,1788934843000000000,70b3d57ed00778cc,-23,14,11054
device_uplink,1788934859000000000,70b3d57ed00778cc,-27,14,11055
device_uplink,1788934875000000000,70b3d57ed00778cc,-31,10.5,11056
device_uplink,1788934891000000000,70b3d57ed00778cc,-27,13.5,11057
device_uplink,1788934907000000000,70b3d57ed00778cc,-25,13.5,11058
device_uplink,1788934923000000000,70b3d57ed00778cc,-28,13.5,11059
device_uplink,1788934939000000000,70b3d57ed00778cc,-40,11.2,11060
device_uplink,1788934957000000000,70b3d57ed00778cc,-31,13.5,11061
device_uplink,1788934973000000000,70b3d57ed00778cc,-27,11,11062
device_uplink,1788934989000000000,70b3d57ed00778cc,-26,13.5,11063
device_uplink,1788935005000000000,70b3d57ed00778cc,-36,11.2,11064
device_uplink,1788935021000000000,70b3d57ed00778cc,-29,12.8,11065
device_uplink,1788935037000000000,70b3d57ed00778cc,-26,13.2,11066
device_uplink,1788935053000000000,70b3d57ed00778cc,-26,13.2,11067
device_uplink,1788935069000000000,70b3d57ed00778cc,-31,13,11068
device_uplink,1788935087000000000,70b3d57ed00778cc,-30,13.2,11069
device_uplink,1788935103000000000,70b3d57ed00778cc,-36,12,11070
device_uplink,1788935119000000000,70b3d57ed00778cc,-27,10,11071
device_uplink,1788935135000000000,70b3d57ed00778cc,-28,13.2,11072
device_uplink,1788935151000000000,70b3d57ed00778cc,-28,13.8,11073
device_uplink,1788935154000000000,70b3d57ed0077801,-26,13.5,128
device_uplink,1788935167000000000,70b3d57ed00778cc,-28,13.2,11074
device_uplink,1788935183000000000,70b3d57ed00778cc,-27,13.5,11075
device_uplink,1788935201000000000,70b3d57ed00778cc,-27,10,11076
device_uplink,1788935217000000000,70b3d57ed00778cc,-28,13.5,11077
device_uplink,1788935233000000000,70b3d57ed00778cc,-24,13.5,11078
device_uplink,1788935249000000000,70b3d57ed00778cc,-24,11.8,11079
device_uplink,1788935265000000000,70b3d57ed00778cc,-30,12.5,11080
device_uplink,1788935281000000000,70b3d57ed00778cc,-25,13.2,11081
device_uplink,1788935297000000000,70b3d57ed00778cc,-26,13.2,11082
device_uplink,1788935313000000000,70b3d57ed00778cc,-26,13,11083
device_uplink,1788935331000000000,70b3d57ed00778cc,-30,13.5,11084
device_uplink,1788935347000000000,70b3d57ed00778cc,-40,12.2,11085
device_uplink,1788935363000000000,70b3d57ed00778cc,-30,10,11086
device_uplink,1788935379000000000,70b3d57ed00778cc,-25,13.8,11087
device_uplink,1788935395000000000,70b3d57ed00778cc,-25,13.5,11088
device_uplink,1788935411000000000,70b3d57ed00778cc,-24,14,11089
device_uplink,1788935427000000000,70b3d57ed00778cc,-32,13,11090
device_uplink,1788935443000000000,70b3d57ed00778cc,-29,13.2,11091
device_uplink,1788935461000000000,70b3d57ed00778cc,-32,13,11092
device_uplink,1788935477000000000,70b3d57ed00778cc,-31,14,11093
device_uplink,1788935493000000000,70b3d57ed00778cc,-32,11.2,11094
device_uplink,1788935509000000000,70b3d57ed00778cc,-25,13.5,11095
device_uplink,1788935525000000000,70b3d57ed00778cc,-24,13.8,11096
device_uplink,1788935541000000000,70b3d57ed00778cc,-24,13.8,11097
device_uplink,1788935557000000000,70b3d57ed00778cc,-34,13,11098
device_uplink,1788935573000000000,70b3d57ed00778cc,-28,13.5,11099
device_uplink,1788935591000000000,70b3d57ed00778cc,-29,12.5,11100
device_uplink,1788935607000000000,70b3d57ed00778cc,-25,11.5,11101
device_uplink,1788935623000000000,70b3d57ed00778cc,-30,11.5,11102
device_uplink,1788935639000000000,70b3d57ed00778cc,-31,13.2,11103
device_uplink,1788935655000000000,70b3d57ed00778cc,-27,13.2,11104
device_uplink,1788935671000000000,70b3d57ed00778cc,-31,13.2,11105
device_uplink,1788935687000000000,70b3d57ed00778cc,-32,13.5,11106
device_uplink,1788935705000000000,70b3d57ed00778cc,-27,13.5,11107
device_uplink,1788935721000000000,70b3d57ed00778cc,-29,13.2,11108
device_uplink,1788935737000000000,70b3d57ed00778cc,-35,12,11109
device_uplink,1788935753000000000,70b3d57ed00778cc,-35,10.2,11110
device_uplink,1788935769000000000,70b3d57ed00778cc,-27,14,11111
device_uplink,1788935785000000000,70b3d57ed00778cc,-28,12.5,11112
device_uplink,1788935801000000000,70b3d57ed00778cc,-30,12.8,11113
device_uplink,1788935819000000000,70b3d57ed00778cc,-29,13.2,11114
device_uplink,1788935835000000000,70b3d57ed00778cc,-26,13.2,11115
device_uplink,1788935851000000000,70b3d57ed00778cc,-42,11.8,11116
device_uplink,1788935867000000000,70b3d57ed00778cc,-35,13,11117
device_uplink,1788935883000000000,70b3d57ed00778cc,-28,11,11118
device_uplink,1788935899000000000,70b3d57ed00778cc,-33,13.2,11119
device_uplink,1788935915000000000,70b3d57ed00778cc,-37,11.2,11120
device_uplink,1788935931000000000,70b3d57ed00778cc,-30,12,11121
device_uplink,1788935949000000000,70b3d57ed00778cc,-38,13.5,11122
device_uplink,1788935965000000000,70b3d57ed00778cc,-33,12.8,11123
device_uplink,1788935981000000000,70b3d57ed00778cc,-35,12.2,11124
device_uplink,1788935997000000000,70b3d57ed00778cc,-37,11.5,11125
device_uplink,1788936013000000000,70b3d57ed00778cc,-28,13.5,11126
device_uplink,1788936029000000000,70b3d57ed00778cc,-31,11.2,11127
device_uplink,1788936045000000000,70b3d57ed00778cc,-29,12.5,11128
device_uplink,1788936063000000000,70b3d57ed0077801,-20,13,129
device_uplink,1788936063000000000,70b3d57ed00778cc,-28,14,11129
device_uplink,1788936079000000000,70b3d57ed00778cc,-43,5.2,11130
device_uplink,1788936095000000000,70b3d57ed00778cc,-29,12,11131
device_uplink,1788936111000000000,70b3d57ed00778cc,-26,13.5,11132
device_uplink,1788936127000000000,70b3d57ed00778cc,-32,12.8,11133
device_uplink,1788936143000000000,70b3d57ed00778cc,-49,5.2,11134
device_uplink,1788936159000000000,70b3d57ed00778cc,-43,7.5,11135
device_uplink,1788936177000000000,70b3d57ed00778cc,-44,8.5,11136
device_uplink,1788936193000000000,70b3d57ed00778cc,-34,13.2,11137
device_uplink,1788936209000000000,70b3d57ed00778cc,-31,12,11138
device_uplink,1788936225000000000,70b3d57ed00778cc,-32,12.8,11139
device_uplink,1788936241000000000,70b3d57ed00778cc,-45,9,11140
device_uplink,1788936257000000000,70b3d57ed00778cc,-36,10.5,11141
device_uplink,1788936273000000000,70b3d57ed00778cc,-41,10.8,11142
device_uplink,1788936289000000000,70b3d57ed00778cc,-40,10,11143
device_uplink,1788936307000000000,70b3d57ed00778cc,-43,7,11144
device_uplink,1788936323000000000,70b3d57ed00778cc,-44,10.8,11145
device_uplink,1788936339000000000,70b3d57ed00778cc,-42,10.8,11146
device_uplink,1788936355000000000,70b3d57ed00778cc,-42,9,11147
device_uplink,1788936371000000000,70b3d57ed00778cc,-32,13.2,11148
device_uplink,1788936387000000000,70b3d57ed00778cc,-35,13,11149
device_uplink,1788936403000000000,70b3d57ed00778cc,-35,9.2,11150
device_uplink,1788936421000000000,70b3d57ed00778cc,-40,8.8,11151
device_uplink,1788936437000000000,70b3d57ed00778cc,-36,12.5,11152
device_uplink,1788936453000000000,70b3d57ed00778cc,-34,13,11153
device_uplink,1788936469000000000,70b3d57ed00778cc,-33,11.8,11154
device_uplink,1788936485000000000,70b3d57ed00778cc,-35,13,11155
device_uplink,1788936501000000000,70b3d57ed00778cc,-33,13,11156
device_uplink,1788936517000000000,70b3d57ed00778cc,-41,11.2,11157
device_uplink,1788936535000000000,70b3d57ed00778cc,-39,12,11158
device_uplink,1788936551000000000,70b3d57ed00778cc,-43,10.5,11159
device_uplink,1788936567000000000,70b3d57ed00778cc,-29,10.2,11160
device_uplink,1788936583000000000,70b3d57ed00778cc,-31,13.2,11161
device_uplink,1788936599000000000,70b3d57ed00778cc,-30,11.5,11162
device_uplink,1788936615000000000,70b3d57ed00778cc,-46,8.5,11163
device_uplink,1788936631000000000,70b3d57ed00778cc,-34,13.5,11164
device_uplink,1788936647000000000,70b3d57ed00778cc,-41,11.8,11165
device_uplink,1788936665000000000,70b3d57ed00778cc,-37,9.5,11166
device_uplink,1788936681000000000,70b3d57ed00778cc,-39,12,11167
device_uplink,1788936697000000000,70b3d57ed00778cc,-40,10.8,11168
device_uplink,1788936713000000000,70b3d57ed00778cc,-50,5.8,11169
device_uplink,1788936729000000000,70b3d57ed00778cc,-30,12,11170
device_uplink,1788936745000000000,70b3d57ed00778cc,-27,14.2,11171
device_uplink,1788936761000000000,70b3d57ed00778cc,-37,13,11172
device_uplink,1788936779000000000,70b3d57ed00778cc,-30,11,11173
device_uplink,1788936795000000000,70b3d57ed00778cc,-38,9.2,11174
device_uplink,1788936811000000000,70b3d57ed00778cc,-34,11.8,11175
device_uplink,1788936827000000000,70b3d57ed00778cc,-28,14,11176
device_uplink,1788936843000000000,70b3d57ed00778cc,-30,13.8,11177
device_uplink,1788936859000000000,70b3d57ed00778cc,-40,12,11178
device_uplink,1788936875000000000,70b3d57ed00778cc,-36,11.2,11179
device_uplink,1788936891000000000,70b3d57ed00778cc,-34,12.8,11180
device_uplink,1788936909000000000,70b3d57ed00778cc,-34,12,11181
device_uplink,1788936925000000000,70b3d57ed00778cc,-49,5.2,11182
device_uplink,1788936941000000000,70b3d57ed00778cc,-37,10.5,11183
device_uplink,1788936957000000000,70b3d57ed00778cc,-37,9.2,11184
device_uplink,1788936971000000000,70b3d57ed0077801,-20,13.5,130
device_uplink,1788936973000000000,70b3d57ed00778cc,-40,11.2,11185
device_uplink,1788936989000000000,70b3d57ed00778cc,-33,13.5,11186
device_uplink,1788937005000000000,70b3d57ed00778cc,-35,12.8,11187
device_uplink,1788937023000000000,70b3d57ed00778cc,-39,12.5,11188
device_uplink,1788937039000000000,70b3d57ed00778cc,-37,10.2,11189
device_uplink,1788937055000000000,70b3d57ed00778cc,-33,12.2,11190
device_uplink,1788937071000000000,70b3d57ed00778cc,-36,11.5,11191
device_uplink,1788937087000000000,70b3d57ed00778cc,-44,8.8,11192
device_uplink,1788937103000000000,70b3d57ed00778cc,-42,11,11193
device_uplink,1788937119000000000,70b3d57ed00778cc,-36,11.5,11194
device_uplink,1788937137000000000,70b3d57ed00778cc,-30,11.8,11195
device_uplink,1788937153000000000,70b3d57ed00778cc,-29,13.8,11196
device_uplink,1788937169000000000,70b3d57ed00778cc,-36,12.2,11197
device_uplink,1788937185000000000,70b3d57ed00778cc,-35,12.8,11198
device_uplink,1788937201000000000,70b3d57ed00778cc,-29,10.8,11199
device_uplink,1788937217000000000,70b3d57ed00778cc,-30,13.5,11200
device_uplink,1788937233000000000,70b3d57ed00778cc,-37,12.5,11201
device_uplink,1788937249000000000,70b3d57ed00778cc,-29,10.2,11202
device_uplink,1788937267000000000,70b3d57ed00778cc,-25,13.5,11203
device_uplink,1788937283000000000,70b3d57ed00778cc,-27,13.5,11204
device_uplink,1788937299000000000,70b3d57ed00778cc,-31,13.5,11205
device_uplink,1788937315000000000,70b3d57ed00778cc,-26,13.8,11206
device_uplink,1788937331000000000,70b3d57ed00778cc,-28,13.5,11207
device_uplink,1788937347000000000,70b3d57ed00778cc,-31,13.2,11208
device_uplink,1788937381000000000,70b3d57ed00778cc,-29,12.8,11210
device_uplink,1788937397000000000,70b3d57ed00778cc,-31,11.2,11211
device_uplink,1788937413000000000,70b3d57ed00778cc,-26,13.8,11212
device_uplink,1788937429000000000,70b3d57ed00778cc,-27,14,11213
device_uplink,1788937445000000000,70b3d57ed00778cc,-30,13.5,11214
device_uplink,1788937461000000000,70b3d57ed00778cc,-32,13,11215
device_uplink,1788937477000000000,70b3d57ed00778cc,-30,13,11216
device_uplink,1788937495000000000,70b3d57ed00778cc,-32,13.5,11217
device_uplink,1788937511000000000,70b3d57ed00778cc,-29,13.8,11218
device_uplink,1788937527000000000,70b3d57ed00778cc,-32,14,11219
device_uplink,1788937543000000000,70b3d57ed00778cc,-30,11.5,11220
device_uplink,1788937559000000000,70b3d57ed00778cc,-32,14,11221
device_uplink,1788937575000000000,70b3d57ed00778cc,-32,13.5,11222
device_uplink,1788937591000000000,70b3d57ed00778cc,-35,13.8,11223
device_uplink,1788937607000000000,70b3d57ed00778cc,-34,10.2,11224
device_uplink,1788937625000000000,70b3d57ed00778cc,-22,13.8,11225
device_uplink,1788937641000000000,70b3d57ed00778cc,-40,11.2,11226
device_uplink,1788937657000000000,70b3d57ed00778cc,-29,13.5,11227
device_uplink,1788937673000000000,70b3d57ed00778cc,-36,11.8,11228
device_uplink,1788937689000000000,70b3d57ed00778cc,-33,13.5,11229
device_uplink,1788937705000000000,70b3d57ed00778cc,-31,12.8,11230
device_uplink,1788937721000000000,70b3d57ed00778cc,-38,11.8,11231
device_uplink,1788937739000000000,70b3d57ed00778cc,-35,8.8,11232
device_uplink,1788937755000000000,70b3d57ed00778cc,-31,13.8,11233
device_uplink,1788937771000000000,70b3d57ed00778cc,-34,11.2,11234
device_uplink,1788937787000000000,70b3d57ed00778cc,-34,12.5,11235
device_uplink,1788937803000000000,70b3d57ed00778cc,-34,10.5,11236
device_uplink,1788937819000000000,70b3d57ed00778cc,-38,12.5,11237
device_uplink,1788937835000000000,70b3d57ed00778cc,-30,12,11238
device_uplink,1788937851000000000,70b3d57ed00778cc,-35,13.5,11239
device_uplink,1788937869000000000,70b3d57ed00778cc,-31,13.8,11240
device_uplink,1788937879000000000,70b3d57ed0077801,-19,13.5,131
device_uplink,1788937885000000000,70b3d57ed00778cc,-32,14.2,11241
device_uplink,1788937901000000000,70b3d57ed00778cc,-28,13.2,11242
device_uplink,1788937917000000000,70b3d57ed00778cc,-30,11.5,11243
device_uplink,1788937933000000000,70b3d57ed00778cc,-28,11,11244
device_uplink,1788937949000000000,70b3d57ed00778cc,-35,13.2,11245
device_uplink,1788937967000000000,70b3d57ed00778cc,-38,12.2,11246
device_uplink,1788937983000000000,70b3d57ed00778cc,-38,12.5,11247
device_uplink,1788937999000000000,70b3d57ed00778cc,-38,13,11248
device_uplink,1788938031000000000,70b3d57ed00778cc,-44,8.5,11250
device_uplink,1788938047000000000,70b3d57ed00778cc,-43,11.2,11251
device_uplink,1788938063000000000,70b3d57ed00778cc,-32,13.8,11252
device_uplink,1788938079000000000,70b3d57ed00778cc,-49,5,11253
device_uplink,1788938095000000000,70b3d57ed00778cc,-36,11.8,11254
device_uplink,1788938113000000000,70b3d57ed00778cc,-43,10.5,11255
device_uplink,1788938129000000000,70b3d57ed00778cc,-39,10.2,11256
device_uplink,1788938145000000000,70b3d57ed00778cc,-36,11.5,11257
device_uplink,1788938161000000000,70b3d57ed00778cc,-35,11.5,11258
device_uplink,1788938177000000000,70b3d57ed00778cc,-36,11.2,11259
device_uplink,1788938193000000000,70b3d57ed00778cc,-32,13.8,11260
device_uplink,1788938211000000000,70b3d57ed00778cc,-33,13.5,11261
device_uplink,1788938227000000000,70b3d57ed00778cc,-31,11.2,11262
device_uplink,1788938243000000000,70b3d57ed00778cc,-35,13,11263
device_uplink,1788938259000000000,70b3d57ed00778cc,-42,10.8,11264
device_uplink,1788938275000000000,70b3d57ed00778cc,-33,13.2,11265
device_uplink,1788938291000000000,70b3d57ed00778cc,-32,13.2,11266
device_uplink,1788938307000000000,70b3d57ed00778cc,-47,6.2,11267
device_uplink,1788938323000000000,70b3d57ed00778cc,-35,13.5,11268
device_uplink,1788938341000000000,70b3d57ed00778cc,-37,11.5,11269
device_uplink,1788938357000000000,70b3d57ed00778cc,-34,13.5,11270
device_uplink,1788938373000000000,70b3d57ed00778cc,-27,9.5,11271
device_uplink,1788938389000000000,70b3d57ed00778cc,-27,13.2,11272
device_uplink,1788938405000000000,70b3d57ed00778cc,-34,13,11273
device_uplink,1788938421000000000,70b3d57ed00778cc,-30,13.5,11274
device_uplink,1788938437000000000,70b3d57ed00778cc,-33,12,11275
device_uplink,1788938455000000000,70b3d57ed00778cc,-48,6.8,11276
device_uplink,1788938471000000000,70b3d57ed00778cc,-42,10.2,11277
device_uplink,1788938487000000000,70b3d57ed00778cc,-38,10.2,11278
device_uplink,1788938503000000000,70b3d57ed00778cc,-50,3.2,11279
device_uplink,1788938519000000000,70b3d57ed00778cc,-27,13.8,11280
device_uplink,1788938535000000000,70b3d57ed00778cc,-33,13.5,11281
device_uplink,1788938551000000000,70b3d57ed00778cc,-33,13,11282
device_uplink,1788938569000000000,70b3d57ed00778cc,-28,13.8,11283
device_uplink,1788938585000000000,70b3d57ed00778cc,-27,13.8,11284
device_uplink,1788938601000000000,70b3d57ed00778cc,-31,11.5,11285
device_uplink,1788938617000000000,70b3d57ed00778cc,-26,13.5,11286
device_uplink,1788938633000000000,70b3d57ed00778cc,-26,13.5,11287
device_uplink,1788938649000000000,70b3d57ed00778cc,-24,14,11288
device_uplink,1788938665000000000,70b3d57ed00778cc,-26,13.5,11289
device_uplink,1788938681000000000,70b3d57ed00778cc,-29,13.8,11290
device_uplink,1788938699000000000,70b3d57ed00778cc,-25,13.8,11291
device_uplink,1788938715000000000,70b3d57ed00778cc,-27,11.2,11292
device_uplink,1788938731000000000,70b3d57ed00778cc,-26,13.2,11293
device_uplink,1788938747000000000,70b3d57ed00778cc,-26,13,11294
device_uplink,1788938763000000000,70b3d57ed00778cc,-30,13.2,11295
device_uplink,1788938779000000000,70b3d57ed00778cc,-24,13.5,11296
device_uplink,1788938788000000000,70b3d57ed0077801,-20,10.8,132
device_uplink,1788938795000000000,70b3d57ed00778cc,-29,13.8,11297
device_uplink,1788938813000000000,70b3d57ed00778cc,-24,13.8,11298
device_uplink,1788938829000000000,70b3d57ed00778cc,-31,10.2,11299
device_uplink,1788938845000000000,70b3d57ed00778cc,-31,13.8,11300
device_uplink,1788938861000000000,70b3d57ed00778cc,-27,14,11301
device_uplink,1788938877000000000,70b3d57ed00778cc,-28,13.8,11302
device_uplink,1788938893000000000,70b3d57ed00778cc,-28,13.5,11303
device_uplink,1788938909000000000,70b3d57ed00778cc,-26,13.8,11304
device_uplink,1788938925000000000,70b3d57ed00778cc,-26,13.2,11305
device_uplink,1788938943000000000,70b3d57ed00778cc,-23,13.5,11306
device_uplink,1788938959000000000,70b3d57ed00778cc,-24,13.8,11307
device_uplink,1788938975000000000,70b3d57ed00778cc,-27,11.5,11308
device_uplink,1788938991000000000,70b3d57ed00778cc,-24,12.5,11309
device_uplink,1788939007000000000,70b3d57ed00778cc,-26,13.8,11310
device_uplink,1788939023000000000,70b3d57ed00778cc,-23,13.5,11311
device_uplink,1788939039000000000,70b3d57ed00778cc,-35,13.2,11312
device_uplink,1788939057000000000,70b3d57ed00778cc,-34,13,11313
device_uplink,1788939073000000000,70b3d57ed00778cc,-33,10.2,11314
device_uplink,1788939089000000000,70b3d57ed00778cc,-24,12.8,11315
device_uplink,1788939105000000000,70b3d57ed00778cc,-23,14.2,11316
device_uplink,1788939121000000000,70b3d57ed00778cc,-29,14,11317
device_uplink,1788939137000000000,70b3d57ed00778cc,-32,13,11318
device_uplink,1788939153000000000,70b3d57ed00778cc,-24,13.8,11319
device_uplink,1788939169000000000,70b3d57ed00778cc,-29,13.5,11320
device_uplink,1788939187000000000,70b3d57ed00778cc,-26,13.5,11321
device_uplink,1788939203000000000,70b3d57ed00778cc,-33,12,11322
device_uplink,1788939219000000000,70b3d57ed00778cc,-30,13.2,11323
device_uplink,1788939235000000000,70b3d57ed00778cc,-35,12.5,11324
device_uplink,1788939251000000000,70b3d57ed00778cc,-32,13.2,11325
device_uplink,1788939267000000000,70b3d57ed00778cc,-31,12.8,11326
device_uplink,1788939283000000000,70b3d57ed00778cc,-24,13.8,11327
device_uplink,1788939299000000000,70b3d57ed00778cc,-28,11,11328
device_uplink,1788939317000000000,70b3d57ed00778cc,-32,13.5,11329
device_uplink,1788939333000000000,70b3d57ed00778cc,-27,13.5,11330
device_uplink,1788939349000000000,70b3d57ed00778cc,-25,13.5,11331
device_uplink,1788939365000000000,70b3d57ed00778cc,-24,13.2,11332
device_uplink,1788939381000000000,70b3d57ed00778cc,-25,11.5,11333
device_uplink,1788939397000000000,70b3d57ed00778cc,-23,14,11334
device_uplink,1788939413000000000,70b3d57ed00778cc,-24,13.2,11335
device_uplink,1788939429000000000,70b3d57ed00778cc,-23,14,11336
device_uplink,1788939447000000000,70b3d57ed00778cc,-23,14,11337
device_uplink,1788939463000000000,70b3d57ed00778cc,-26,10.5,11338
device_uplink,1788939479000000000,70b3d57ed00778cc,-25,14,11339
device_uplink,1788939495000000000,70b3d57ed00778cc,-26,13.5,11340
device_uplink,1788939511000000000,70b3d57ed00778cc,-30,12.5,11341
device_uplink,1788939527000000000,70b3d57ed00778cc,-24,14,11342
device_uplink,1788939543000000000,70b3d57ed00778cc,-24,13.2,11343
device_uplink,1788939561000000000,70b3d57ed00778cc,-32,13,11344
device_uplink,1788939577000000000,70b3d57ed00778cc,-33,13,11345
device_uplink,1788939593000000000,70b3d57ed00778cc,-27,13.5,11346
device_uplink,1788939609000000000,70b3d57ed00778cc,-24,12.5,11347
device_uplink,1788939625000000000,70b3d57ed00778cc,-24,14,11348
device_uplink,1788939641000000000,70b3d57ed00778cc,-27,14,11349
device_uplink,1788939657000000000,70b3d57ed00778cc,-21,14,11350
device_uplink,1788939675000000000,70b3d57ed00778cc,-28,10.8,11351
device_uplink,1788939691000000000,70b3d57ed00778cc,-26,13.2,11352
device_uplink,1788939697000000000,70b3d57ed0077801,-19,14,133
device_uplink,1788939707000000000,70b3d57ed00778cc,-23,13.2,11353
device_uplink,1788939723000000000,70b3d57ed00778cc,-23,13.8,11354
device_uplink,1788939739000000000,70b3d57ed00778cc,-22,14,11355
device_uplink,1788939755000000000,70b3d57ed00778cc,-24,14,11356
device_uplink,1788939771000000000,70b3d57ed00778cc,-24,13.5,11357
device_uplink,1788939787000000000,70b3d57ed00778cc,-23,13.5,11358
device_uplink,1788939805000000000,70b3d57ed00778cc,-23,10.2,11359
device_uplink,1788939821000000000,70b3d57ed00778cc,-27,13.2,11360
device_uplink,1788939837000000000,70b3d57ed00778cc,-36,12.5,11361
device_uplink,1788939853000000000,70b3d57ed00778cc,-34,11,11362
device_uplink,1788939869000000000,70b3d57ed00778cc,-31,12.5,11363
device_uplink,1788939885000000000,70b3d57ed00778cc,-24,14,11364
device_uplink,1788939901000000000,70b3d57ed00778cc,-35,13,11365
device_uplink,1788939917000000000,70b3d57ed00778cc,-29,11.8,11366
device_uplink,1788939935000000000,70b3d57ed00778cc,-23,13.5,11367
device_uplink,1788939951000000000,70b3d57ed00778cc,-24,14,11368
device_uplink,1788939967000000000,70b3d57ed00778cc,-22,14.5,11369
device_uplink,1788939983000000000,70b3d57ed00778cc,-28,13.5,11370
device_uplink,1788939999000000000,70b3d57ed00778cc,-22,13.8,11371
device_uplink,1788940015000000000,70b3d57ed00778cc,-24,14,11372
device_uplink,1788940031000000000,70b3d57ed00778cc,-24,11.8,11373
device_uplink,1788940047000000000,70b3d57ed00778cc,-26,11.2,11374
device_uplink,1788940065000000000,70b3d57ed00778cc,-27,13.8,11375
device_uplink,1788940081000000000,70b3d57ed00778cc,-24,14,11376
device_uplink,1788940097000000000,70b3d57ed00778cc,-25,13.8,11377
device_uplink,1788940113000000000,70b3d57ed00778cc,-39,12,11378
device_uplink,1788940129000000000,70b3d57ed00778cc,-28,14,11379
device_uplink,1788940145000000000,70b3d57ed00778cc,-29,13.8,11380
device_uplink,1788940161000000000,70b3d57ed00778cc,-32,13.2,11381
device_uplink,1788940179000000000,70b3d57ed00778cc,-26,13.5,11382
device_uplink,1788940195000000000,70b3d57ed00778cc,-29,10.2,11383
device_uplink,1788940211000000000,70b3d57ed00778cc,-28,14,11384
device_uplink,1788940227000000000,70b3d57ed00778cc,-29,13.2,11385
device_uplink,1788940243000000000,70b3d57ed00778cc,-36,10,11386
device_uplink,1788940259000000000,70b3d57ed00778cc,-31,13.5,11387
device_uplink,1788940275000000000,70b3d57ed00778cc,-31,13.5,11388
device_uplink,1788940293000000000,70b3d57ed00778cc,-24,13,11389
device_uplink,1788940309000000000,70b3d57ed00778cc,-32,12.5,11390
device_uplink,1788940325000000000,70b3d57ed00778cc,-37,11.5,11391
device_uplink,1788940341000000000,70b3d57ed00778cc,-33,13.2,11392
device_uplink,1788940357000000000,70b3d57ed00778cc,-32,12.2,11393
device_uplink,1788940373000000000,70b3d57ed00778cc,-30,13.5,11394
device_uplink,1788940389000000000,70b3d57ed00778cc,-29,10,11395
device_uplink,1788940405000000000,70b3d57ed00778cc,-35,11,11396
device_uplink,1788940423000000000,70b3d57ed00778cc,-33,13.8,11397
device_uplink,1788940439000000000,70b3d57ed00778cc,-27,14,11398
device_uplink,1788940455000000000,70b3d57ed00778cc,-28,13.5,11399
device_uplink,1788940471000000000,70b3d57ed00778cc,-32,13.2,11400
device_uplink,1788940487000000000,70b3d57ed00778cc,-30,13.5,11401
device_uplink,1788940503000000000,70b3d57ed00778cc,-28,13.8,11402
device_uplink,1788940519000000000,70b3d57ed00778cc,-36,10,11403
device_uplink,1788940537000000000,70b3d57ed00778cc,-27,13.2,11404
device_uplink,1788940553000000000,70b3d57ed00778cc,-32,13.5,11405
device_uplink,1788940569000000000,70b3d57ed00778cc,-26,13.5,11406
device_uplink,1788940585000000000,70b3d57ed00778cc,-27,9.5,11407
device_uplink,1788940601000000000,70b3d57ed00778cc,-27,13.5,11408
device_uplink,1788940605000000000,70b3d57ed0077801,-20,13.5,134
device_uplink,1788940617000000000,70b3d57ed00778cc,-29,12.8,11409
device_uplink,1788940633000000000,70b3d57ed00778cc,-28,13.8,11410
device_uplink,1788940651000000000,70b3d57ed00778cc,-29,11.8,11411
device_uplink,1788940667000000000,70b3d57ed00778cc,-34,11,11412
device_uplink,1788940683000000000,70b3d57ed00778cc,-30,11,11413
device_uplink,1788940699000000000,70b3d57ed00778cc,-36,11.2,11414
device_uplink,1788940715000000000,70b3d57ed00778cc,-32,13.8,11415
device_uplink,1788940731000000000,70b3d57ed00778cc,-24,13.2,11416
device_uplink,1788940747000000000,70b3d57ed00778cc,-29,13.2,11417
device_uplink,1788940763000000000,70b3d57ed00778cc,-33,12,11418
device_uplink,1788940781000000000,70b3d57ed00778cc,-27,11.2,11419
device_uplink,1788940797000000000,70b3d57ed00778cc,-26,13.5,11420
device_uplink,1788940813000000000,70b3d57ed00778cc,-32,13.2,11421
device_uplink,1788940829000000000,70b3d57ed00778cc,-27,14,11422
device_uplink,1788940845000000000,70b3d57ed00778cc,-26,13.5,11423
device_uplink,1788940861000000000,70b3d57ed00778cc,-25,13.2,11424
device_uplink,1788940877000000000,70b3d57ed00778cc,-30,13.2,11425
device_uplink,1788940893000000000,70b3d57ed00778cc,-28,14,11426
device_uplink,1788940911000000000,70b3d57ed00778cc,-29,13.8,11427
device_uplink,1788940927000000000,70b3d57ed00778cc,-27,13.5,11428
device_uplink,1788940943000000000,70b3d57ed00778cc,-30,12.8,11429
device_uplink,1788940959000000000,70b3d57ed00778cc,-33,12.8,11430
device_uplink,1788940975000000000,70b3d57ed00778cc,-39,12,11431
device_uplink,1788940991000000000,70b3d57ed00778cc,-25,12,11432
device_uplink,1788941009000000000,70b3d57ed00778cc,-24,13.8,11433
device_uplink,1788941025000000000,70b3d57ed00778cc,-25,13.2,11434
device_uplink,1788941041000000000,70b3d57ed00778cc,-26,13.5,11435
device_uplink,1788941057000000000,70b3d57ed00778cc,-26,11.8,11436
device_uplink,1788941073000000000,70b3d57ed00778cc,-33,13.5,11437
device_uplink,1788941089000000000,70b3d57ed00778cc,-28,13.8,11438
device_uplink,1788941105000000000,70b3d57ed00778cc,-26,13.5,11439
device_uplink,1788941121000000000,70b3d57ed00778cc,-29,14.2,11440
device_uplink,1788941139000000000,70b3d57ed00778cc,-29,13.2,11441
device_uplink,1788941155000000000,70b3d57ed00778cc,-27,14,11442
device_uplink,1788941171000000000,70b3d57ed00778cc,-25,13.8,11443
device_uplink,1788941187000000000,70b3d57ed00778cc,-28,14.2,11444
device_uplink,1788941203000000000,70b3d57ed00778cc,-24,13.5,11445
device_uplink,1788941219000000000,70b3d57ed00778cc,-30,10,11446
device_uplink,1788941235000000000,70b3d57ed00778cc,-28,14.2,11447
device_uplink,1788941251000000000,70b3d57ed00778cc,-32,13.5,11448
device_uplink,1788941269000000000,70b3d57ed00778cc,-28,14.2,11449
device_uplink,1788941285000000000,70b3d57ed00778cc,-30,12.2,11450
device_uplink,1788941301000000000,70b3d57ed00778cc,-26,13.2,11451
device_uplink,1788941317000000000,70b3d57ed00778cc,-29,13,11452
device_uplink,1788941333000000000,70b3d57ed00778cc,-30,13,11453
device_uplink,1788941349000000000,70b3d57ed00778cc,-31,11,11454
device_uplink,1788941365000000000,70b3d57ed00778cc,-39,12.8,11455
device_uplink,1788941381000000000,70b3d57ed00778cc,-27,13.2,11456
device_uplink,1788941399000000000,70b3d57ed00778cc,-28,13.8,11457
device_uplink,1788941415000000000,70b3d57ed00778cc,-35,12.5,11458
device_uplink,1788941431000000000,70b3d57ed00778cc,-30,13.2,11459
device_uplink,1788941447000000000,70b3d57ed00778cc,-28,11,11460
device_uplink,1788941463000000000,70b3d57ed00778cc,-36,12,11461
device_uplink,1788941479000000000,70b3d57ed00778cc,-24,13.2,11462
device_uplink,1788941495000000000,70b3d57ed00778cc,-27,13.5,11463
device_uplink,1788941513000000000,70b3d57ed00778cc,-27,13.2,11464
device_uplink,1788941514000000000,70b3d57ed0077801,-21,14,135
device_uplink,1788941529000000000,70b3d57ed00778cc,-27,13.5,11465
device_uplink,1788941545000000000,70b3d57ed00778cc,-30,10,11466
device_uplink,1788941561000000000,70b3d57ed00778cc,-24,12.8,11467
device_uplink,1788941577000000000,70b3d57ed00778cc,-22,14,11468
device_uplink,1788941593000000000,70b3d57ed00778cc,-28,14,11469
device_uplink,1788941609000000000,70b3d57ed00778cc,-24,13.5,11470
device_uplink,1788941627000000000,70b3d57ed00778cc,-21,13.5,11471
device_uplink,1788941643000000000,70b3d57ed00778cc,-24,13.8,11472
device_uplink,1788941659000000000,70b3d57ed00778cc,-24,13.5,11473
device_uplink,1788941675000000000,70b3d57ed00778cc,-27,13.5,11474
device_uplink,1788941691000000000,70b3d57ed00778cc,-29,12.2,11475
device_uplink,1788941707000000000,70b3d57ed00778cc,-23,14,11476
device_uplink,1788941723000000000,70b3d57ed00778cc,-23,10.2,11477
device_uplink,1788941739000000000,70b3d57ed00778cc,-25,13.5,11478
device_uplink,1788941757000000000,70b3d57ed00778cc,-21,13.8,11479
device_uplink,1788941773000000000,70b3d57ed00778cc,-22,14,11480
device_uplink,1788941789000000000,70b3d57ed00778cc,-24,13.2,11481
device_uplink,1788941805000000000,70b3d57ed00778cc,-27,11,11482
device_uplink,1788941821000000000,70b3d57ed00778cc,-29,13.8,11483
device_uplink,1788941837000000000,70b3d57ed00778cc,-27,13.8,11484
device_uplink,1788941853000000000,70b3d57ed00778cc,-23,14,11485
device_uplink,1788941871000000000,70b3d57ed00778cc,-22,13.2,11486
device_uplink,1788941887000000000,70b3d57ed00778cc,-22,13.5,11487
device_uplink,1788941903000000000,70b3d57ed00778cc,-27,14,11488
device_uplink,1788941919000000000,70b3d57ed00778cc,-27,14.2,11489
device_uplink,1788941935000000000,70b3d57ed00778cc,-28,14.2,11490
device_uplink,1788941951000000000,70b3d57ed00778cc,-28,14,11491
device_uplink,1788941969000000000,70b3d57ed00778cc,-27,13.5,11492
device_uplink,1788941985000000000,70b3d57ed00778cc,-34,11.5,11493
device_uplink,1788942001000000000,70b3d57ed00778cc,-26,12.8,11494
device_uplink,1788942017000000000,70b3d57ed00778cc,-32,11.2,11495
device_uplink,1788942033000000000,70b3d57ed00778cc,-30,13,11496
device_uplink,1788942049000000000,70b3d57ed00778cc,-33,13.5,11497
device_uplink,1788942065000000000,70b3d57ed00778cc,-37,12,11498
device_uplink,1788942081000000000,70b3d57ed00778cc,-30,11.8,11499
device_uplink,1788942099000000000,70b3d57ed00778cc,-34,13.5,11500
device_uplink,1788942115000000000,70b3d57ed00778cc,-32,13.8,11501
device_uplink,1788942131000000000,70b3d57ed00778cc,-37,11.8,11502
device_uplink,1788942147000000000,70b3d57ed00778cc,-29,10.8,11503
device_uplink,1788942163000000000,70b3d57ed00778cc,-36,12.5,11504
device_uplink,1788942179000000000,70b3d57ed00778cc,-32,13.2,11505
device_uplink,1788942195000000000,70b3d57ed00778cc,-45,7.2,11506
device_uplink,1788942211000000000,70b3d57ed00778cc,-41,12.2,11507
device_uplink,1788942229000000000,70b3d57ed00778cc,-32,13.2,11508
device_uplink,1788942245000000000,70b3d57ed00778cc,-32,11.5,11509
device_uplink,1788942261000000000,70b3d57ed00778cc,-32,12.2,11510
device_uplink,1788942277000000000,70b3d57ed00778cc,-32,13.5,11511
device_uplink,1788942293000000000,70b3d57ed00778cc,-31,13.5,11512
device_uplink,1788942309000000000,70b3d57ed00778cc,-35,13.2,11513
device_uplink,1788942325000000000,70b3d57ed00778cc,-32,13,11514
device_uplink,1788942343000000000,70b3d57ed00778cc,-38,12.2,11515
device_uplink,1788942359000000000,70b3d57ed00778cc,-31,13,11516
device_uplink,1788942375000000000,70b3d57ed00778cc,-28,13.2,11517
device_uplink,1788942391000000000,70b3d57ed00778cc,-39,11.5,11518
device_uplink,1788942407000000000,70b3d57ed00778cc,-36,12,11519
device_uplink,1788942422000000000,70b3d57ed0077801,-21,13.8,136
device_uplink,1788942423000000000,70b3d57ed00778cc,-32,10.8,11520
device_uplink,1788942439000000000,70b3d57ed00778cc,-33,13.5,11521
device_uplink,1788942457000000000,70b3d57ed00778cc,-32,12.8,11522
device_uplink,1788942473000000000,70b3d57ed00778cc,-34,13,11523
device_uplink,1788942489000000000,70b3d57ed00778cc,-46,7.5,11524
device_uplink,1788942505000000000,70b3d57ed00778cc,-32,13.2,11525
device_uplink,1788942521000000000,70b3d57ed00778cc,-36,11.8,11526
device_uplink,1788942537000000000,70b3d57ed00778cc,-31,13.2,11527
device_uplink,1788942553000000000,70b3d57ed00778cc,-30,9.5,11528
device_uplink,1788942569000000000,70b3d57ed00778cc,-38,12.5,11529
device_uplink,1788942587000000000,70b3d57ed00778cc,-33,14,11530
device_uplink,1788942603000000000,70b3d57ed00778cc,-29,13.8,11531
device_uplink,1788942619000000000,70b3d57ed00778cc,-37,11.8,11532
device_uplink,1788942635000000000,70b3d57ed00778cc,-37,11,11533
device_uplink,1788942651000000000,70b3d57ed00778cc,-32,13,11534
device_uplink,1788942667000000000,70b3d57ed00778cc,-31,11.2,11535
device_uplink,1788942683000000000,70b3d57ed00778cc,-34,13,11536
device_uplink,1788942701000000000,70b3d57ed00778cc,-34,12.2,11537
device_uplink,1788942717000000000,70b3d57ed00778cc,-33,12.2,11538
device_uplink,1788942733000000000,70b3d57ed00778cc,-40,12.5,11539
device_uplink,1788942749000000000,70b3d57ed00778cc,-40,11.5,11540
device_uplink,1788942765000000000,70b3d57ed00778cc,-32,13.5,11541
device_uplink,1788942781000000000,70b3d57ed00778cc,-46,9,11542
device_uplink,1788942797000000000,70b3d57ed00778cc,-33,13.2,11543
device_uplink,1788942815000000000,70b3d57ed00778cc,-35,10,11544
device_uplink,1788942831000000000,70b3d57ed00778cc,-32,13.5,11545
device_uplink,1788942847000000000,70b3d57ed00778cc,-37,12.2,11546
device_uplink,1788942863000000000,70b3d57ed00778cc,-33,13,11547
device_uplink,1788942879000000000,70b3d57ed00778cc,-28,14,11548
device_uplink,1788942895000000000,70b3d57ed00778cc,-36,9,11549
device_uplink,1788942911000000000,70b3d57ed00778cc,-30,13.2,11550
device_uplink,1788942927000000000,70b3d57ed00778cc,-29,13.2,11551
device_uplink,1788942945000000000,70b3d57ed00778cc,-37,11.5,11552
device_uplink,1788942961000000000,70b3d57ed00778cc,-32,13.2,11553
device_uplink,1788942977000000000,70b3d57ed00778cc,-35,12.8,11554
device_uplink,1788942993000000000,70b3d57ed00778cc,-30,10.2,11555
device_uplink,1788943009000000000,70b3d57ed00778cc,-32,13,11556
device_uplink,1788943025000000000,70b3d57ed00778cc,-38,12,11557
device_uplink,1788943041000000000,70b3d57ed00778cc,-32,13.2,11558
device_uplink,1788943059000000000,70b3d57ed00778cc,-36,11.8,11559
device_uplink,1788943075000000000,70b3d57ed00778cc,-30,9,11560
device_uplink,1788943091000000000,70b3d57ed00778cc,-31,13,11561
device_uplink,1788943107000000000,70b3d57ed00778cc,-34,13.2,11562
device_uplink,1788943123000000000,70b3d57ed00778cc,-34,13,11563
device_uplink,1788943139000000000,70b3d57ed00778cc,-25,13.5,11564
device_uplink,1788943155000000000,70b3d57ed00778cc,-33,13.2,11565
device_uplink,1788943173000000000,70b3d57ed00778cc,-30,12.2,11566
device_uplink,1788943189000000000,70b3d57ed00778cc,-24,10,11567
device_uplink,1788943205000000000,70b3d57ed00778cc,-33,13.8,11568
device_uplink,1788943221000000000,70b3d57ed00778cc,-27,13.5,11569
device_uplink,1788943237000000000,70b3d57ed00778cc,-26,13.5,11570
device_uplink,1788943253000000000,70b3d57ed00778cc,-19,13.2,11571
device_uplink,1788943269000000000,70b3d57ed00778cc,-22,13.8,11572
device_uplink,1788943285000000000,70b3d57ed00778cc,-22,13.8,11573
device_uplink,1788943303000000000,70b3d57ed00778cc,-31,10.8,11574
device_uplink,1788943319000000000,70b3d57ed00778cc,-26,13,11575
device_uplink,1788943331000000000,70b3d57ed0077801,-21,14,137
device_uplink,1788943335000000000,70b3d57ed00778cc,-28,13.5,11576
device_uplink,1788943351000000000,70b3d57ed00778cc,-22,14,11577
device_uplink,1788943367000000000,70b3d57ed00778cc,-27,13.8,11578
device_uplink,1788943383000000000,70b3d57ed00778cc,-24,12.5,11579
device_uplink,1788943399000000000,70b3d57ed00778cc,-30,13,11580
device_uplink,1788943415000000000,70b3d57ed00778cc,-28,13.2,11581
device_uplink,1788943433000000000,70b3d57ed00778cc,-29,10.2,11582
device_uplink,1788943449000000000,70b3d57ed00778cc,-27,13.5,11583
device_uplink,1788943465000000000,70b3d57ed00778cc,-32,13.5,11584
device_uplink,1788943481000000000,70b3d57ed00778cc,-29,13.5,11585
device_uplink,1788943497000000000,70b3d57ed00778cc,-44,9.2,11586
device_uplink,1788943513000000000,70b3d57ed00778cc,-26,14,11587
device_uplink,1788943529000000000,70b3d57ed00778cc,-42,11.8,11588
device_uplink,1788943545000000000,70b3d57ed00778cc,-24,13.2,11589
device_uplink,1788943563000000000,70b3d57ed00778cc,-24,13.8,11590
device_uplink,1788943579000000000,70b3d57ed00778cc,-27,11,11591
device_uplink,1788943595000000000,70b3d57ed00778cc,-32,13.2,11592
device_uplink,1788943611000000000,70b3d57ed00778cc,-27,13.2,11593
device_uplink,1788943627000000000,70b3d57ed00778cc,-25,13.5,11594
device_uplink,1788943643000000000,70b3d57ed00778cc,-30,13,11595
device_uplink,1788943659000000000,70b3d57ed00778cc,-27,13.5,11596
device_uplink,1788943675000000000,70b3d57ed00778cc,-39,11.2,11597
device_uplink,1788943693000000000,70b3d57ed00778cc,-33,10.8,11598
device_uplink,1788943709000000000,70b3d57ed00778cc,-42,10,11599
device_uplink,1788943725000000000,70b3d57ed00778cc,-27,13.8,11600
device_uplink,1788943741000000000,70b3d57ed00778cc,-31,13.5,11601
device_uplink,1788943757000000000,70b3d57ed00778cc,-30,13,11602
device_uplink,1788943773000000000,70b3d57ed00778cc,-33,13.2,11603
device_uplink,1788943789000000000,70b3d57ed00778cc,-31,13.8,11604
device_uplink,1788943805000000000,70b3d57ed00778cc,-30,10.5,11605
device_uplink,1788943823000000000,70b3d57ed00778cc,-35,10,11606
device_uplink,1788943839000000000,70b3d57ed00778cc,-31,13.8,11607
device_uplink,1788943855000000000,70b3d57ed00778cc,-31,13.8,11608
device_uplink,1788943871000000000,70b3d57ed00778cc,-28,13.2,11609
device_uplink,1788943887000000000,70b3d57ed00778cc,-22,13.8,11610
device_uplink,1788943903000000000,70b3d57ed00778cc,-25,13.2,11611
device_uplink,1788943919000000000,70b3d57ed00778cc,-35,13,11612
device_uplink,1788943935000000000,70b3d57ed00778cc,-34,12.5,11613
device_uplink,1788943953000000000,70b3d57ed00778cc,-42,10,11614
device_uplink,1788943969000000000,70b3d57ed00778cc,-26,13.2,11615
device_uplink,1788943985000000000,70b3d57ed00778cc,-27,10.8,11616
device_uplink,1788944001000000000,70b3d57ed00778cc,-27,13.5,11617
device_uplink,1788944017000000000,70b3d57ed00778cc,-25,13.5,11618
device_uplink,1788944033000000000,70b3d57ed00778cc,-25,13.5,11619
device_uplink,1788944049000000000,70b3d57ed00778cc,-24,13.2,11620
device_uplink,1788944065000000000,70b3d57ed00778cc,-33,13.2,11621
device_uplink,1788944083000000000,70b3d57ed00778cc,-24,9.8,11622
device_uplink,1788944099000000000,70b3d57ed00778cc,-27,14,11623
device_uplink,1788944115000000000,70b3d57ed00778cc,-25,13.8,11624
device_uplink,1788944131000000000,70b3d57ed00778cc,-28,13.5,11625
device_uplink,1788944147000000000,70b3d57ed00778cc,-28,13.8,11626
device_uplink,1788944163000000000,70b3d57ed00778cc,-28,13.5,11627
device_uplink,1788944179000000000,70b3d57ed00778cc,-26,13.5,11628
device_uplink,1788944197000000000,70b3d57ed00778cc,-26,11.2,11629
device_uplink,1788944213000000000,70b3d57ed00778cc,-25,13.8,11630
device_uplink,1788944229000000000,70b3d57ed00778cc,-24,13.2,11631
device_uplink,1788944239000000000,70b3d57ed0077801,-20,13.5,138
device_uplink,1788944245000000000,70b3d57ed00778cc,-26,13.5,11632
device_uplink,1788944261000000000,70b3d57ed00778cc,-27,14,11633
device_uplink,1788944277000000000,70b3d57ed00778cc,-27,12.8,11634
device_uplink,1788944293000000000,70b3d57ed00778cc,-28,13.5,11635
device_uplink,1788944309000000000,70b3d57ed00778cc,-27,13.8,11636
device_uplink,1788944327000000000,70b3d57ed00778cc,-25,13.2,11637
device_uplink,1788944343000000000,70b3d57ed00778cc,-27,14.2,11638
device_uplink,1788944359000000000,70b3d57ed00778cc,-30,13,11639
device_uplink,1788944375000000000,70b3d57ed00778cc,-25,11.2,11640
device_uplink,1788944391000000000,70b3d57ed00778cc,-24,14,11641
device_uplink,1788944407000000000,70b3d57ed00778cc,-31,13.5,11642
device_uplink,1788944423000000000,70b3d57ed00778cc,-22,14,11643
device_uplink,1788944439000000000,70b3d57ed00778cc,-28,8.8,11644
device_uplink,1788944457000000000,70b3d57ed00778cc,-23,14.2,11645
device_uplink,1788944473000000000,70b3d57ed00778cc,-28,13.5,11646
device_uplink,1788944489000000000,70b3d57ed00778cc,-20,13.8,11647
device_uplink,1788944505000000000,70b3d57ed00778cc,-20,13.5,11648
device_uplink,1788944521000000000,70b3d57ed00778cc,-20,6.5,11649
device_uplink,1788944537000000000,70b3d57ed00778cc,-21,13.5,11650
device_uplink,1788944553000000000,70b3d57ed00778cc,-22,10.5,11651
device_uplink,1788944571000000000,70b3d57ed00778cc,-22,13.5,11652
device_uplink,1788944587000000000,70b3d57ed00778cc,-20,13.5,11653
device_uplink,1788944603000000000,70b3d57ed00778cc,-21,14,11654
device_uplink,1788944619000000000,70b3d57ed00778cc,-21,13.2,11655
device_uplink,1788944635000000000,70b3d57ed00778cc,-24,12.5,11656
device_uplink,1788944651000000000,70b3d57ed00778cc,-20,13.5,11657
device_uplink,1788944667000000000,70b3d57ed00778cc,-20,13.5,11658
device_uplink,1788944683000000000,70b3d57ed00778cc,-18,9.8,11659
device_uplink,1788944701000000000,70b3d57ed00778cc,-20,13.8,11660
device_uplink,1788944717000000000,70b3d57ed00778cc,-20,14,11661
device_uplink,1788944733000000000,70b3d57ed00778cc,-22,13.8,11662
device_uplink,1788944749000000000,70b3d57ed00778cc,-22,13.8,11663
device_uplink,1788944765000000000,70b3d57ed00778cc,-21,14,11664
device_uplink,1788944781000000000,70b3d57ed00778cc,-22,11.2,11665
device_uplink,1788944797000000000,70b3d57ed00778cc,-22,13.8,11666
device_uplink,1788944813000000000,70b3d57ed00778cc,-20,10.8,11667
device_uplink,1788944831000000000,70b3d57ed00778cc,-22,13.8,11668
device_uplink,1788944847000000000,70b3d57ed00778cc,-22,13.5,11669
device_uplink,1788944863000000000,70b3d57ed00778cc,-20,13.5,11670
device_uplink,1788944879000000000,70b3d57ed00778cc,-23,11.8,11671
device_uplink,1788944895000000000,70b3d57ed00778cc,-23,13.2,11672
device_uplink,1788944911000000000,70b3d57ed00778cc,-21,13.8,11673
device_uplink,1788944927000000000,70b3d57ed00778cc,-23,13.8,11674
device_uplink,1788944943000000000,70b3d57ed00778cc,-21,13.8,11675
device_uplink,1788944961000000000,70b3d57ed00778cc,-21,14,11676
device_uplink,1788944977000000000,70b3d57ed00778cc,-24,14,11677
device_uplink,1788944993000000000,70b3d57ed00778cc,-23,14,11678
device_uplink,1788945009000000000,70b3d57ed00778cc,-20,13.5,11679
device_uplink,1788945025000000000,70b3d57ed00778cc,-22,11,11680
device_uplink,1788945041000000000,70b3d57ed00778cc,-21,13.8,11681
device_uplink,1788945057000000000,70b3d57ed00778cc,-21,13.5,11682
device_uplink,1788945075000000000,70b3d57ed00778cc,-22,14,11683
device_uplink,1788945091000000000,70b3d57ed00778cc,-22,10.8,11684
device_uplink,1788945107000000000,70b3d57ed00778cc,-20,13.2,11685
device_uplink,1788945123000000000,70b3d57ed00778cc,-22,13.8,11686
device_uplink,1788945139000000000,70b3d57ed00778cc,-21,13.8,11687
device_uplink,1788945148000000000,70b3d57ed0077801,-18,13,139
device_uplink,1788945155000000000,70b3d57ed00778cc,-22,14,11688
device_uplink,1788945171000000000,70b3d57ed00778cc,-22,13.8,11689
device_uplink,1788945189000000000,70b3d57ed00778cc,-22,13.8,11690
device_uplink,1788945205000000000,70b3d57ed00778cc,-22,13.5,11691
device_uplink,1788945221000000000,70b3d57ed00778cc,-23,10.5,11692
device_uplink,1788945237000000000,70b3d57ed00778cc,-24,13.8,11693
device_uplink,1788945253000000000,70b3d57ed00778cc,-21,14,11694
device_uplink,1788945269000000000,70b3d57ed00778cc,-21,13.5,11695
device_uplink,1788945285000000000,70b3d57ed00778cc,-21,13.8,11696
device_uplink,1788945301000000000,70b3d57ed00778cc,-22,13.8,11697
device_uplink,1788945319000000000,70b3d57ed00778cc,-21,14,11698
device_uplink,1788945335000000000,70b3d57ed00778cc,-22,14,11699
device_uplink,1788945351000000000,70b3d57ed00778cc,-22,11,11700
device_uplink,1788945367000000000,70b3d57ed00778cc,-22,14,11701
device_uplink,1788945383000000000,70b3d57ed00778cc,-21,13.8,11702
device_uplink,1788945399000000000,70b3d57ed00778cc,-23,14.2,11703
device_uplink,1788945415000000000,70b3d57ed00778cc,-21,13.5,11704
device_uplink,1788945431000000000,70b3d57ed00778cc,-21,14.2,11705
device_uplink,1788945449000000000,70b3d57ed00778cc,-22,14.5,11706
device_uplink,1788945465000000000,70b3d57ed00778cc,-21,14.2,11707
device_uplink,1788945481000000000,70b3d57ed00778cc,-21,14,11708
device_uplink,1788945497000000000,70b3d57ed00778cc,-22,13.8,11709
device_uplink,1788945513000000000,70b3d57ed00778cc,-21,13.8,11710
device_uplink,1788945529000000000,70b3d57ed00778cc,-22,10.8,11711
device_uplink,1788945545000000000,70b3d57ed00778cc,-22,14.5,11712
device_uplink,1788945561000000000,70b3d57ed00778cc,-21,13.5,11713
device_uplink,1788945579000000000,70b3d57ed00778cc,-20,13.2,11714
device_uplink,1788945595000000000,70b3d57ed00778cc,-22,11,11715
device_uplink,1788945611000000000,70b3d57ed00778cc,-21,14.2,11716
device_uplink,1788945627000000000,70b3d57ed00778cc,-21,14,11717
device_uplink,1788945643000000000,70b3d57ed00778cc,-22,14,11718
device_uplink,1788945659000000000,70b3d57ed00778cc,-24,14,11719
device_uplink,1788945675000000000,70b3d57ed00778cc,-22,14.2,11720
device_uplink,1788945691000000000,70b3d57ed00778cc,-22,13.5,11721
device_uplink,1788945709000000000,70b3d57ed00778cc,-22,13.8,11722
device_uplink,1788945725000000000,70b3d57ed00778cc,-20,13.5,11723
device_uplink,1788945741000000000,70b3d57ed00778cc,-21,14,11724
device_uplink,1788945757000000000,70b3d57ed00778cc,-22,13.8,11725
device_uplink,1788945773000000000,70b3d57ed00778cc,-21,13,11726
device_uplink,1788945789000000000,70b3d57ed00778cc,-22,13.8,11727
device_uplink,1788945805000000000,70b3d57ed00778cc,-21,10,11728
device_uplink,1788945823000000000,70b3d57ed00778cc,-22,13.8,11729
device_uplink,1788945839000000000,70b3d57ed00778cc,-22,13.8,11730
device_uplink,1788945855000000000,70b3d57ed00778cc,-20,13.2,11731
device_uplink,1788945871000000000,70b3d57ed00778cc,-20,13.2,11732
device_uplink,1788945887000000000,70b3d57ed00778cc,-21,13.8,11733
device_uplink,1788945903000000000,70b3d57ed00778cc,-22,11,11734
device_uplink,1788945919000000000,70b3d57ed00778cc,-21,14.2,11735
device_uplink,1788945937000000000,70b3d57ed00778cc,-21,13.8,11736
device_uplink,1788945953000000000,70b3d57ed00778cc,-21,13.8,11737
device_uplink,1788945969000000000,70b3d57ed00778cc,-22,11,11738
device_uplink,1788945985000000000,70b3d57ed00778cc,-20,13.2,11739
device_uplink,1788946001000000000,70b3d57ed00778cc,-21,14,11740
device_uplink,1788946017000000000,70b3d57ed00778cc,-21,13.5,11741
device_uplink,1788946033000000000,70b3d57ed00778cc,-21,14,11742
device_uplink,1788946049000000000,70b3d57ed00778cc,-23,13.5,11743
device_uplink,1788946056000000000,70b3d57ed0077801,-17,13.8,140
device_uplink,1788946067000000000,70b3d57ed00778cc,-22,13.8,11744
device_uplink,1788946083000000000,70b3d57ed00778cc,-20,13.2,11745
device_uplink,1788946099000000000,70b3d57ed00778cc,-21,9.8,11746
device_uplink,1788946115000000000,70b3d57ed00778cc,-21,13.5,11747
device_uplink,1788946131000000000,70b3d57ed00778cc,-21,13.8,11748
device_uplink,1788946147000000000,70b3d57ed00778cc,-22,13.5,11749
device_uplink,1788946163000000000,70b3d57ed00778cc,-21,14.2,11750
device_uplink,1788946179000000000,70b3d57ed00778cc,-21,13.8,11751
device_uplink,1788946197000000000,70b3d57ed00778cc,-21,13.8,11752
device_uplink,1788946213000000000,70b3d57ed00778cc,-21,13.8,11753
device_uplink,1788946229000000000,70b3d57ed00778cc,-21,13.8,11754
device_uplink,1788946245000000000,70b3d57ed00778cc,-21,13.8,11755
device_uplink,1788946261000000000,70b3d57ed00778cc,-22,14,11756
device_uplink,1788946277000000000,70b3d57ed00778cc,-21,13.8,11757
device_uplink,1788946295000000000,70b3d57ed00778cc,-21,13.8,11758
device_uplink,1788946311000000000,70b3d57ed00778cc,-21,13.8,11759
device_uplink,1788946327000000000,70b3d57ed00778cc,-22,11,11760
device_uplink,1788946343000000000,70b3d57ed00778cc,-21,13.8,11761
device_uplink,1788946359000000000,70b3d57ed00778cc,-22,11.5,11762
device_uplink,1788946375000000000,70b3d57ed00778cc,-21,14.2,11763
device_uplink,1788946391000000000,70b3d57ed00778cc,-21,14.2,11764
device_uplink,1788946407000000000,70b3d57ed00778cc,-23,14.2,11765
device_uplink,1788946425000000000,70b3d57ed00778cc,-21,14,11766
device_uplink,1788946441000000000,70b3d57ed00778cc,-21,14,11767
device_uplink,1788946457000000000,70b3d57ed00778cc,-21,14,11768
device_uplink,1788946473000000000,70b3d57ed00778cc,-21,14,11769
device_uplink,1788946489000000000,70b3d57ed00778cc,-21,14.2,11770
device_uplink,1788946505000000000,70b3d57ed00778cc,-21,13.5,11771
device_uplink,1788946521000000000,70b3d57ed00778cc,-21,14,11772
device_uplink,1788946537000000000,70b3d57ed00778cc,-23,14.2,11773
device_uplink,1788946555000000000,70b3d57ed00778cc,-20,13.2,11774
device_uplink,1788946571000000000,70b3d57ed00778cc,-21,14,11775
device_uplink,1788946587000000000,70b3d57ed00778cc,-22,11.2,11776
device_uplink,1788946603000000000,70b3d57ed00778cc,-21,13.5,11777
device_uplink,1788946619000000000,70b3d57ed00778cc,-21,14,11778
device_uplink,1788946635000000000,70b3d57ed00778cc,-22,14,11779
device_uplink,1788946651000000000,70b3d57ed00778cc,-22,14,11780
device_uplink,1788946667000000000,70b3d57ed00778cc,-23,13.8,11781
device_uplink,1788946685000000000,70b3d57ed00778cc,-22,10.8,11782
device_uplink,1788946701000000000,70b3d57ed00778cc,-22,14.2,11783
device_uplink,1788946717000000000,70b3d57ed00778cc,-24,13.8,11784
device_uplink,1788946733000000000,70b3d57ed00778cc,-21,14,11785
device_uplink,1788946749000000000,70b3d57ed00778cc,-21,13.5,11786
device_uplink,1788946765000000000,70b3d57ed00778cc,-21,14,11787
device_uplink,1788946781000000000,70b3d57ed00778cc,-21,14,11788
device_uplink,1788946799000000000,70b3d57ed00778cc,-20,13.5,11789
device_uplink,1788946815000000000,70b3d57ed00778cc,-21,14,11790
device_uplink,1788946831000000000,70b3d57ed00778cc,-23,14.2,11791
device_uplink,1788946847000000000,70b3d57ed00778cc,-21,11.2,11792
device_uplink,1788946863000000000,70b3d57ed00778cc,-21,14,11793
device_uplink,1788946879000000000,70b3d57ed00778cc,-21,13.2,11794
device_uplink,1788946895000000000,70b3d57ed00778cc,-21,14,11795
device_uplink,1788946911000000000,70b3d57ed00778cc,-21,14.2,11796
device_uplink,1788946929000000000,70b3d57ed00778cc,-23,14.2,11797
device_uplink,1788946945000000000,70b3d57ed00778cc,-21,13.8,11798
device_uplink,1788946961000000000,70b3d57ed00778cc,-22,11.2,11799
device_uplink,1788946965000000000,70b3d57ed0077801,-18,13,141
device_uplink,1788946977000000000,70b3d57ed00778cc,-21,13.5,11800
device_uplink,1788946993000000000,70b3d57ed00778cc,-22,13.8,11801
device_uplink,1788947009000000000,70b3d57ed00778cc,-22,14.5,11802
device_uplink,1788947025000000000,70b3d57ed00778cc,-21,13.2,11803
device_uplink,1788947043000000000,70b3d57ed00778cc,-22,13.8,11804
device_uplink,1788947059000000000,70b3d57ed00778cc,-22,11,11805
device_uplink,1788947075000000000,70b3d57ed00778cc,-21,13.8,11806
device_uplink,1788947091000000000,70b3d57ed00778cc,-21,13.8,11807
device_uplink,1788947107000000000,70b3d57ed00778cc,-22,13.5,11808
device_uplink,1788947123000000000,70b3d57ed00778cc,-21,14,11809
device_uplink,1788947139000000000,70b3d57ed00778cc,-21,13.5,11810
device_uplink,1788947155000000000,70b3d57ed00778cc,-22,13.5,11811
device_uplink,1788947173000000000,70b3d57ed00778cc,-21,13.8,11812
device_uplink,1788947189000000000,70b3d57ed00778cc,-22,14,11813
device_uplink,1788947205000000000,70b3d57ed00778cc,-22,14,11814
device_uplink,1788947221000000000,70b3d57ed00778cc,-22,13.8,11815
device_uplink,1788947237000000000,70b3d57ed00778cc,-22,10.8,11816
device_uplink,1788947253000000000,70b3d57ed00778cc,-21,13.8,11817
device_uplink,1788947269000000000,70b3d57ed00778cc,-21,14,11818
device_uplink,1788947285000000000,70b3d57ed00778cc,-21,9.8,11819
device_uplink,1788947303000000000,70b3d57ed00778cc,-20,13.2,11820
device_uplink,1788947319000000000,70b3d57ed00778cc,-23,14.2,11821
device_uplink,1788947335000000000,70b3d57ed00778cc,-20,13.5,11822
device_uplink,1788947351000000000,70b3d57ed00778cc,-21,14,11823
device_uplink,1788947367000000000,70b3d57ed00778cc,-20,13.2,11824
device_uplink,1788947383000000000,70b3d57ed00778cc,-21,14,11825
device_uplink,1788947399000000000,70b3d57ed00778cc,-21,10,11826
device_uplink,1788947415000000000,70b3d57ed00778cc,-20,13.5,11827
device_uplink,1788947433000000000,70b3d57ed00778cc,-21,14,11828
device_uplink,1788947449000000000,70b3d57ed00778cc,-22,13.5,11829
device_uplink,1788947465000000000,70b3d57ed00778cc,-21,13.8,11830
device_uplink,1788947481000000000,70b3d57ed00778cc,-21,14,11831
device_uplink,1788947497000000000,70b3d57ed00778cc,-21,13.5,11832
device_uplink,1788947513000000000,70b3d57ed00778cc,-21,13.8,11833
device_uplink,1788947529000000000,70b3d57ed00778cc,-21,14.2,11834
device_uplink,1788947545000000000,70b3d57ed00778cc,-21,13.8,11835
device_uplink,1788947563000000000,70b3d57ed00778cc,-21,14,11836
device_uplink,1788947579000000000,70b3d57ed00778cc,-21,13.2,11837
device_uplink,1788947595000000000,70b3d57ed00778cc,-21,11,11838
device_uplink,1788947611000000000,70b3d57ed00778cc,-21,13.8,11839
device_uplink,1788947627000000000,70b3d57ed00778cc,-22,14,11840
device_uplink,1788947643000000000,70b3d57ed00778cc,-21,14,11841
device_uplink,1788947661000000000,70b3d57ed00778cc,-22,13.2,11842
device_uplink,1788947677000000000,70b3d57ed00778cc,-22,13.5,11843
device_uplink,1788947693000000000,70b3d57ed00778cc,-22,11.2,11844
device_uplink,1788947709000000000,70b3d57ed00778cc,-22,14,11845
device_uplink,1788947725000000000,70b3d57ed00778cc,-21,13.5,11846
device_uplink,1788947741000000000,70b3d57ed00778cc,-21,13.8,11847
device_uplink,1788947757000000000,70b3d57ed00778cc,-22,13.8,11848
device_uplink,1788947773000000000,70b3d57ed00778cc,-21,13.5,11849
device_uplink,1788947791000000000,70b3d57ed00778cc,-21,13.8,11850
device_uplink,1788947807000000000,70b3d57ed00778cc,-21,10,11851
device_uplink,1788947823000000000,70b3d57ed00778cc,-20,13.5,11852
device_uplink,1788947839000000000,70b3d57ed00778cc,-22,13.8,11853
device_uplink,1788947855000000000,70b3d57ed00778cc,-20,13.5,11854
device_uplink,1788947871000000000,70b3d57ed00778cc,-21,14,11855
device_uplink,1788947873000000000,70b3d57ed0077801,-18,10.8,142
device_uplink,1788947887000000000,70b3d57ed00778cc,-21,13.5,11856
device_uplink,1788947903000000000,70b3d57ed00778cc,-21,13.8,11857
device_uplink,1788947921000000000,70b3d57ed00778cc,-21,13.2,11858
device_uplink,1788947937000000000,70b3d57ed00778cc,-23,14.2,11859
device_uplink,1788947953000000000,70b3d57ed00778cc,-22,13.8,11860
device_uplink,1788947969000000000,70b3d57ed00778cc,-22,11,11861
device_uplink,1788947985000000000,70b3d57ed00778cc,-21,13.5,11862
device_uplink,1788948001000000000,70b3d57ed00778cc,-21,13.8,11863
device_uplink,1788948017000000000,70b3d57ed00778cc,-21,14,11864
device_uplink,1788948033000000000,70b3d57ed00778cc,-21,13.5,11865
device_uplink,1788948051000000000,70b3d57ed00778cc,-23,14.8,11866
device_uplink,1788948067000000000,70b3d57ed00778cc,-22,11.2,11867
device_uplink,1788948083000000000,70b3d57ed00778cc,-21,13.8,11868
device_uplink,1788948099000000000,70b3d57ed00778cc,-22,13.8,11869
device_uplink,1788948115000000000,70b3d57ed00778cc,-21,14,11870
device_uplink,1788948131000000000,70b3d57ed00778cc,-21,14,11871
device_uplink,1788948147000000000,70b3d57ed00778cc,-21,13.2,11872
device_uplink,1788948163000000000,70b3d57ed00778cc,-21,13,11873
device_uplink,1788948181000000000,70b3d57ed00778cc,-21,13.8,11874
device_uplink,1788948197000000000,70b3d57ed00778cc,-22,14.2,11875
device_uplink,1788948213000000000,70b3d57ed00778cc,-21,14,11876
device_uplink,1788948229000000000,70b3d57ed00778cc,-20,13.2,11877
device_uplink,1788948245000000000,70b3d57ed00778cc,-21,9.8,11878
device_uplink,1788948261000000000,70b3d57ed00778cc,-21,13.8,11879
device_uplink,1788948277000000000,70b3d57ed00778cc,-21,13.2,11880
device_uplink,1788948293000000000,70b3d57ed00778cc,-21,13.5,11881
device_uplink,1788948311000000000,70b3d57ed00778cc,-21,14.2,11882
device_uplink,1788948327000000000,70b3d57ed00778cc,-21,13.2,11883
device_uplink,1788948343000000000,70b3d57ed00778cc,-23,14,11884
device_uplink,1788948359000000000,70b3d57ed00778cc,-22,13.8,11885
device_uplink,1788948375000000000,70b3d57ed00778cc,-21,14.2,11886
device_uplink,1788948391000000000,70b3d57ed00778cc,-21,14,11887
device_uplink,1788948407000000000,70b3d57ed00778cc,-22,10.8,11888
device_uplink,1788948423000000000,70b3d57ed00778cc,-22,13.8,11889
device_uplink,1788948441000000000,70b3d57ed00778cc,-20,13.5,11890
device_uplink,1788948457000000000,70b3d57ed00778cc,-21,14,11891
device_uplink,1788948473000000000,70b3d57ed00778cc,-21,14.2,11892
device_uplink,1788948489000000000,70b3d57ed00778cc,-22,14,11893
device_uplink,1788948505000000000,70b3d57ed00778cc,-21,13.8,11894
device_uplink,1788948521000000000,70b3d57ed00778cc,-22,10.8,11895
device_uplink,1788948537000000000,70b3d57ed00778cc,-21,13.8,11896
device_uplink,1788948553000000000,70b3d57ed00778cc,-22,14.2,11897
device_uplink,1788948571000000000,70b3d57ed00778cc,-22,14.5,11898
device_uplink,1788948587000000000,70b3d57ed00778cc,-21,14.5,11899
device_uplink,1788948603000000000,70b3d57ed00778cc,-21,13.8,11900
device_uplink,1788948619000000000,70b3d57ed00778cc,-21,11.5,11901
device_uplink,1788948635000000000,70b3d57ed00778cc,-21,13.5,11902
device_uplink,1788948651000000000,70b3d57ed00778cc,-21,13.8,11903
device_uplink,1788948667000000000,70b3d57ed00778cc,-21,13.8,11904
device_uplink,1788948683000000000,70b3d57ed00778cc,-21,13.5,11905
device_uplink,1788948701000000000,70b3d57ed00778cc,-22,13.5,11906
device_uplink,1788948717000000000,70b3d57ed00778cc,-21,13.2,11907
device_uplink,1788948733000000000,70b3d57ed00778cc,-21,14,11908
device_uplink,1788948749000000000,70b3d57ed00778cc,-23,14.5,11909
device_uplink,1788948765000000000,70b3d57ed00778cc,-22,13.8,11910
device_uplink,1788948781000000000,70b3d57ed00778cc,-22,14,11911
device_uplink,1788948782000000000,70b3d57ed0077801,-18,14,143
device_uplink,1788948797000000000,70b3d57ed00778cc,-22,10.8,11912
device_uplink,1788948813000000000,70b3d57ed00778cc,-22,13.8,11913
device_uplink,1788948831000000000,70b3d57ed00778cc,-22,13.8,11914
device_uplink,1788948847000000000,70b3d57ed00778cc,-22,11,11915
device_uplink,1788948863000000000,70b3d57ed00778cc,-22,14,11916
device_uplink,1788948879000000000,70b3d57ed00778cc,-22,14.2,11917
device_uplink,1788948895000000000,70b3d57ed00778cc,-21,14,11918
device_uplink,1788948911000000000,70b3d57ed00778cc,-22,14,11919
device_uplink,1788948927000000000,70b3d57ed00778cc,-21,14,11920
device_uplink,1788948943000000000,70b3d57ed00778cc,-21,14,11921
device_uplink,1788948961000000000,70b3d57ed00778cc,-21,13.2,11922
device_uplink,1788948977000000000,70b3d57ed00778cc,-21,14,11923
device_uplink,1788948993000000000,70b3d57ed00778cc,-22,13.8,11924
device_uplink,1788949009000000000,70b3d57ed00778cc,-21,14.2,11925
device_uplink,1788949025000000000,70b3d57ed00778cc,-22,13.2,11926
device_uplink,1788949041000000000,70b3d57ed00778cc,-23,14.2,11927
device_uplink,1788949057000000000,70b3d57ed00778cc,-22,10.8,11928
device_uplink,1788949073000000000,70b3d57ed00778cc,-21,13.8,11929
device_uplink,1788949091000000000,70b3d57ed00778cc,-22,13.8,11930
device_uplink,1788949107000000000,70b3d57ed00778cc,-22,13.5,11931
device_uplink,1788949123000000000,70b3d57ed00778cc,-23,14.2,11932
device_uplink,1788949139000000000,70b3d57ed00778cc,-22,13.8,11933
device_uplink,1788949155000000000,70b3d57ed00778cc,-22,11.2,11934
device_uplink,1788949171000000000,70b3d57ed00778cc,-21,13,11935
device_uplink,1788949187000000000,70b3d57ed00778cc,-21,13.8,11936
device_uplink,1788949203000000000,70b3d57ed00778cc,-21,14,11937
device_uplink,1788949221000000000,70b3d57ed00778cc,-22,13.5,11938
device_uplink,1788949237000000000,70b3d57ed00778cc,-21,13.5,11939
device_uplink,1788949253000000000,70b3d57ed00778cc,-21,13.8,11940
device_uplink,1788949269000000000,70b3d57ed00778cc,-21,13.8,11941
device_uplink,1788949285000000000,70b3d57ed00778cc,-21,14,11942
device_uplink,1788949301000000000,70b3d57ed00778cc,-21,9.8,11943
device_uplink,1788949317000000000,70b3d57ed00778cc,-22,14.2,11944
device_uplink,1788949335000000000,70b3d57ed00778cc,-21,13.8,11945
device_uplink,1788949351000000000,70b3d57ed00778cc,-21,13.8,11946
device_uplink,1788949367000000000,70b3d57ed00778cc,-23,13.2,11947
device_uplink,1788949383000000000,70b3d57ed00778cc,-22,13.5,11948
device_uplink,1788949399000000000,70b3d57ed00778cc,-22,13.8,11949
device_uplink,1788949415000000000,70b3d57ed00778cc,-21,14,11950
device_uplink,1788949431000000000,70b3d57ed00778cc,-22,11,11951
device_uplink,1788949447000000000,70b3d57ed00778cc,-21,14,11952
device_uplink,1788949465000000000,70b3d57ed00778cc,-21,13.8,11953
device_uplink,1788949481000000000,70b3d57ed00778cc,-22,14,11954
device_uplink,1788949497000000000,70b3d57ed00778cc,-21,13.2,11955
device_uplink,1788949513000000000,70b3d57ed00778cc,-22,13.5,11956
device_uplink,1788949529000000000,70b3d57ed00778cc,-22,13.8,11957
device_uplink,1788949545000000000,70b3d57ed00778cc,-22,10.5,11958
device_uplink,1788949561000000000,70b3d57ed00778cc,-21,14,11959
device_uplink,1788949577000000000,70b3d57ed00778cc,-23,13.8,11960
device_uplink,1788949595000000000,70b3d57ed00778cc,-23,14,11961
device_uplink,1788949611000000000,70b3d57ed00778cc,-23,10.5,11962
device_uplink,1788949627000000000,70b3d57ed00778cc,-23,14,11963
device_uplink,1788949643000000000,70b3d57ed00778cc,-21,13.8,11964
device_uplink,1788949659000000000,70b3d57ed00778cc,-24,13.8,11965
device_uplink,1788949675000000000,70b3d57ed00778cc,-21,13.8,11966
device_uplink,1788949691000000000,70b3d57ed0077801,-19,13.8,144
device_uplink,1788949691000000000,70b3d57ed00778cc,-21,14,11967
device_uplink,1788949707000000000,70b3d57ed00778cc,-22,13.2,11968
device_uplink,1788949725000000000,70b3d57ed00778cc,-22,13.8,11969
device_uplink,1788949741000000000,70b3d57ed00778cc,-23,11,11970
device_uplink,1788949757000000000,70b3d57ed00778cc,-23,13.8,11971
device_uplink,1788949773000000000,70b3d57ed00778cc,-22,13.8,11972
device_uplink,1788949789000000000,70b3d57ed00778cc,-22,14,11973
device_uplink,1788949805000000000,70b3d57ed00778cc,-21,14,11974
device_uplink,1788949821000000000,70b3d57ed00778cc,-22,13.2,11975
device_uplink,1788949837000000000,70b3d57ed00778cc,-22,14,11976
device_uplink,1788949855000000000,70b3d57ed00778cc,-22,13.2,11977
device_uplink,1788949871000000000,70b3d57ed00778cc,-23,14,11978
device_uplink,1788949887000000000,70b3d57ed00778cc,-21,13.8,11979
device_uplink,1788949903000000000,70b3d57ed00778cc,-21,14.2,11980
device_uplink,1788949919000000000,70b3d57ed00778cc,-22,10.2,11981
device_uplink,1788949935000000000,70b3d57ed00778cc,-21,13.8,11982
device_uplink,1788949951000000000,70b3d57ed00778cc,-22,13.8,11983
device_uplink,1788949967000000000,70b3d57ed00778cc,-22,13.2,11984
device_uplink,1788949985000000000,70b3d57ed00778cc,-22,13.8,11985
device_uplink,1788950001000000000,70b3d57ed00778cc,-23,14,11986
device_uplink,1788950017000000000,70b3d57ed00778cc,-21,13.8,11987
device_uplink,1788950033000000000,70b3d57ed00778cc,-22,13.2,11988
device_uplink,1788950049000000000,70b3d57ed00778cc,-22,13.8,11989
device_uplink,1788950065000000000,70b3d57ed00778cc,-22,13.5,11990
device_uplink,1788950081000000000,70b3d57ed00778cc,-22,10.8,11991
device_uplink,1788950097000000000,70b3d57ed00778cc,-22,14.2,11992
device_uplink,1788950115000000000,70b3d57ed00778cc,-22,14,11993
device_uplink,1788950131000000000,70b3d57ed00778cc,-22,13.8,11994
device_uplink,1788950147000000000,70b3d57ed00778cc,-21,13.8,11995
device_uplink,1788950163000000000,70b3d57ed00778cc,-22,14,11996
device_uplink,1788950179000000000,70b3d57ed00778cc,-22,14.2,11997
device_uplink,1788950195000000000,70b3d57ed00778cc,-22,14.5,11998
device_uplink,1788950211000000000,70b3d57ed00778cc,-22,10.8,11999
device_uplink,1788950227000000000,70b3d57ed00778cc,-23,14.5,12000
device_uplink,1788950245000000000,70b3d57ed00778cc,-22,13.8,12001
device_uplink,1788950261000000000,70b3d57ed00778cc,-22,13.8,12002
device_uplink,1788950277000000000,70b3d57ed00778cc,-22,13.8,12003
device_uplink,1788950293000000000,70b3d57ed00778cc,-22,13.8,12004
device_uplink,1788950309000000000,70b3d57ed00778cc,-22,13.8,12005
device_uplink,1788950325000000000,70b3d57ed00778cc,-22,10.8,12006
device_uplink,1788950341000000000,70b3d57ed00778cc,-23,13.5,12007
device_uplink,1788950357000000000,70b3d57ed00778cc,-22,14.5,12008
device_uplink,1788950373000000000,70b3d57ed00778cc,-22,13.2,12009
device_uplink,1788950391000000000,70b3d57ed00778cc,-23,14.8,12010
device_uplink,1788950407000000000,70b3d57ed00778cc,-22,14,12011
device_uplink,1788950423000000000,70b3d57ed00778cc,-22,13.5,12012
device_uplink,1788950439000000000,70b3d57ed00778cc,-22,11,12013
device_uplink,1788950455000000000,70b3d57ed00778cc,-22,13.8,12014
device_uplink,1788950471000000000,70b3d57ed00778cc,-22,13.2,12015
device_uplink,1788950487000000000,70b3d57ed00778cc,-22,13.2,12016
device_uplink,1788950503000000000,70b3d57ed00778cc,-22,13.5,12017
device_uplink,1788950521000000000,70b3d57ed00778cc,-22,13.8,12018
device_uplink,1788950537000000000,70b3d57ed00778cc,-22,13.8,12019
device_uplink,1788950553000000000,70b3d57ed00778cc,-22,10.2,12020
device_uplink,1788950569000000000,70b3d57ed00778cc,-22,13.5,12021
device_uplink,1788950585000000000,70b3d57ed00778cc,-22,14.5,12022
device_uplink,1788950599000000000,70b3d57ed0077801,-17,13.8,145
device_uplink,1788950601000000000,70b3d57ed00778cc,-22,14,12023
device_uplink,1788950617000000000,70b3d57ed00778cc,-23,14.5,12024
device_uplink,1788950633000000000,70b3d57ed00778cc,-22,13.8,12025
device_uplink,1788950651000000000,70b3d57ed00778cc,-23,10.2,12026
device_uplink,1788950667000000000,70b3d57ed00778cc,-22,13.5,12027
device_uplink,1788950683000000000,70b3d57ed00778cc,-21,13.8,12028
device_uplink,1788950699000000000,70b3d57ed00778cc,-21,13.8,12029
device_uplink,1788950715000000000,70b3d57ed00778cc,-22,14,12030
device_uplink,1788950731000000000,70b3d57ed00778cc,-23,14.2,12031
device_uplink,1788950749000000000,70b3d57ed00778cc,-22,14,12032
device_uplink,1788950765000000000,70b3d57ed00778cc,-22,13.8,12033
device_uplink,1788950781000000000,70b3d57ed00778cc,-23,13.8,12034
device_uplink,1788950797000000000,70b3d57ed00778cc,-22,14,12035
device_uplink,1788950813000000000,70b3d57ed00778cc,-22,14.5,12036
device_uplink,1788950829000000000,70b3d57ed00778cc,-22,14,12037
device_uplink,1788950845000000000,70b3d57ed00778cc,-21,13.8,12038
device_uplink,1788950861000000000,70b3d57ed00778cc,-22,11,12039
device_uplink,1788950879000000000,70b3d57ed00778cc,-22,13.8,12040
device_uplink,1788950895000000000,70b3d57ed00778cc,-21,13.2,12041
device_uplink,1788950911000000000,70b3d57ed00778cc,-22,13.8,12042
device_uplink,1788950927000000000,70b3d57ed00778cc,-22,14,12043
device_uplink,1788950943000000000,70b3d57ed00778cc,-22,10.8,12044
device_uplink,1788950959000000000,70b3d57ed00778cc,-23,13.5,12045
device_uplink,1788950975000000000,70b3d57ed00778cc,-21,13.8,12046
device_uplink,1788950991000000000,70b3d57ed00778cc,-21,13.5,12047
device_uplink,1788951007000000000,70b3d57ed00778cc,-22,13.2,12048
device_uplink,1788951025000000000,70b3d57ed00778cc,-21,13.5,12049
device_uplink,1788951041000000000,70b3d57ed00778cc,-21,13.8,12050
device_uplink,1788951057000000000,70b3d57ed00778cc,-22,14,12051
device_uplink,1788951073000000000,70b3d57ed00778cc,-22,11,12052
device_uplink,1788951089000000000,70b3d57ed00778cc,-23,13.8,12053
device_uplink,1788951105000000000,70b3d57ed00778cc,-22,13.8,12054
device_uplink,1788951121000000000,70b3d57ed00778cc,-22,14.5,12055
device_uplink,1788951137000000000,70b3d57ed00778cc,-22,13.8,12056
device_uplink,1788951153000000000,70b3d57ed00778cc,-22,13.8,12057
device_uplink,1788951171000000000,70b3d57ed00778cc,-22,13.2,12058
device_uplink,1788951187000000000,70b3d57ed00778cc,-24,13.2,12059
device_uplink,1788951203000000000,70b3d57ed00778cc,-22,14,12060
device_uplink,1788951219000000000,70b3d57ed00778cc,-22,14.2,12061
device_uplink,1788951235000000000,70b3d57ed00778cc,-23,13.5,12062
device_uplink,1788951251000000000,70b3d57ed00778cc,-22,10.8,12063
device_uplink,1788951269000000000,70b3d57ed00778cc,-22,13,12064
device_uplink,1788951285000000000,70b3d57ed00778cc,-22,13.5,12065
device_uplink,1788951301000000000,70b3d57ed00778cc,-22,13.5,12066
device_uplink,1788951317000000000,70b3d57ed00778cc,-22,13.5,12067
device_uplink,1788951333000000000,70b3d57ed00778cc,-22,10.5,12068
device_uplink,1788951349000000000,70b3d57ed00778cc,-22,14,12069
device_uplink,1788951365000000000,70b3d57ed00778cc,-22,14.2,12070
device_uplink,1788951381000000000,70b3d57ed00778cc,-23,14,12071
device_uplink,1788951399000000000,70b3d57ed00778cc,-22,14,12072
device_uplink,1788951415000000000,70b3d57ed00778cc,-22,13.8,12073
device_uplink,1788951431000000000,70b3d57ed00778cc,-22,13.5,12074
device_uplink,1788951447000000000,70b3d57ed00778cc,-22,10.5,12075
device_uplink,1788951463000000000,70b3d57ed00778cc,-24,13.5,12076
device_uplink,1788951481000000000,70b3d57ed00778cc,-22,14.2,12077
device_uplink,1788951497000000000,70b3d57ed00778cc,-22,14.2,12078
device_uplink,1788951507000000000,70b3d57ed0077801,-18,13.5,146
device_uplink,1788951513000000000,70b3d57ed00778cc,-21,13.8,12079
device_uplink,1788951529000000000,70b3d57ed00778cc,-22,14,12080
device_uplink,1788951545000000000,70b3d57ed00778cc,-22,13.8,12081
device_uplink,1788951561000000000,70b3d57ed00778cc,-22,14.8,12082
device_uplink,1788951577000000000,70b3d57ed00778cc,-22,11.5,12083
device_uplink,1788951595000000000,70b3d57ed00778cc,-22,13.8,12084
device_uplink,1788951611000000000,70b3d57ed00778cc,-22,14,12085
device_uplink,1788951627000000000,70b3d57ed00778cc,-22,13.8,12086
device_uplink,1788951643000000000,70b3d57ed00778cc,-23,13.8,12087
device_uplink,1788951659000000000,70b3d57ed00778cc,-22,14,12088
device_uplink,1788951675000000000,70b3d57ed00778cc,-22,14,12089
device_uplink,1788951691000000000,70b3d57ed00778cc,-22,13.8,12090
device_uplink,1788951709000000000,70b3d57ed00778cc,-22,14,12091
device_uplink,1788951725000000000,70b3d57ed00778cc,-23,10.5,12092
device_uplink,1788951741000000000,70b3d57ed00778cc,-21,14,12093
device_uplink,1788951757000000000,70b3d57ed00778cc,-20,13.2,12094
device_uplink,1788951773000000000,70b3d57ed00778cc,-21,13.2,12095
device_uplink,1788951789000000000,70b3d57ed00778cc,-22,14,12096
device_uplink,1788951805000000000,70b3d57ed00778cc,-20,13.5,12097
device_uplink,1788951821000000000,70b3d57ed00778cc,-21,13.8,12098
device_uplink,1788951839000000000,70b3d57ed00778cc,-20,13.2,12099
device_uplink,1788951855000000000,70b3d57ed00778cc,-20,13.8,12100
device_uplink,1788951871000000000,70b3d57ed00778cc,-17,14.2,12101
device_uplink,1788951887000000000,70b3d57ed00778cc,-29,10.2,12102
device_uplink,1788951903000000000,70b3d57ed00778cc,-21,13.8,12103
device_uplink,1788951919000000000,70b3d57ed00778cc,-21,14,12104
device_uplink,1788951935000000000,70b3d57ed00778cc,-31,13,12105
device_uplink,1788951951000000000,70b3d57ed00778cc,-19,13.8,12106
device_uplink,1788951969000000000,70b3d57ed00778cc,-22,14.2,12107
device_uplink,1788951985000000000,70b3d57ed00778cc,-24,9.8,12108
device_uplink,1788952001000000000,70b3d57ed00778cc,-24,13,12109
device_uplink,1788952017000000000,70b3d57ed00778cc,-23,13.8,12110
device_uplink,1788952033000000000,70b3d57ed00778cc,-25,14,12111
device_uplink,1788952049000000000,70b3d57ed00778cc,-22,13.8,12112
device_uplink,1788952065000000000,70b3d57ed00778cc,-19,13.8,12113
device_uplink,1788952081000000000,70b3d57ed00778cc,-23,13.5,12114
device_uplink,1788952099000000000,70b3d57ed00778cc,-22,13.5,12115
device_uplink,1788952115000000000,70b3d57ed00778cc,-21,10.2,12116
device_uplink,1788952131000000000,70b3d57ed00778cc,-21,13.8,12117
device_uplink,1788952147000000000,70b3d57ed00778cc,-21,14,12118
device_uplink,1788952163000000000,70b3d57ed00778cc,-22,14,12119
device_uplink,1788952179000000000,70b3d57ed00778cc,-21,14,12120
device_uplink,1788952195000000000,70b3d57ed00778cc,-20,13.5,12121
device_uplink,1788952211000000000,70b3d57ed00778cc,-21,13.8,12122
device_uplink,1788952229000000000,70b3d57ed00778cc,-22,13.8,12123
device_uplink,1788952245000000000,70b3d57ed00778cc,-25,13.2,12124
device_uplink,1788952261000000000,70b3d57ed00778cc,-23,13.2,12125
device_uplink,1788952277000000000,70b3d57ed00778cc,-24,12.8,12126
device_uplink,1788952293000000000,70b3d57ed00778cc,-22,11,12127
device_uplink,1788952309000000000,70b3d57ed00778cc,-24,12.2,12128
device_uplink,1788952325000000000,70b3d57ed00778cc,-23,14.2,12129
device_uplink,1788952341000000000,70b3d57ed00778cc,-22,11,12130
device_uplink,1788952359000000000,70b3d57ed00778cc,-24,13,12131
device_uplink,1788952375000000000,70b3d57ed00778cc,-22,13.8,12132
device_uplink,1788952391000000000,70b3d57ed00778cc,-22,14,12133
device_uplink,1788952407000000000,70b3d57ed00778cc,-22,13.5,12134
device_uplink,1788952416000000000,70b3d57ed0077801,-23,10.5,147
device_uplink,1788952423000000000,70b3d57ed00778cc,-21,13.8,12135
device_uplink,1788952439000000000,70b3d57ed00778cc,-22,13.5,12136
device_uplink,1788952455000000000,70b3d57ed00778cc,-21,13.8,12137
device_uplink,1788952471000000000,70b3d57ed00778cc,-21,13.8,12138
device_uplink,1788952487000000000,70b3d57ed00778cc,-21,13.2,12139
device_uplink,1788952505000000000,70b3d57ed00778cc,-24,13.5,12140
device_uplink,1788952521000000000,70b3d57ed00778cc,-21,13.8,12141
device_uplink,1788952537000000000,70b3d57ed00778cc,-23,10.5,12142
device_uplink,1788952553000000000,70b3d57ed00778cc,-21,14.2,12143
device_uplink,1788952569000000000,70b3d57ed00778cc,-21,14,12144
device_uplink,1788952585000000000,70b3d57ed00778cc,-21,13.5,12145
device_uplink,1788952603000000000,70b3d57ed00778cc,-22,10.8,12146
device_uplink,1788952619000000000,70b3d57ed00778cc,-21,14,12147
device_uplink,1788952635000000000,70b3d57ed00778cc,-23,14.2,12148
device_uplink,1788952651000000000,70b3d57ed00778cc,-21,13.8,12149
device_uplink,1788952667000000000,70b3d57ed00778cc,-21,13.2,12150
device_uplink,1788952683000000000,70b3d57ed00778cc,-22,13.5,12151
device_uplink,1788952699000000000,70b3d57ed00778cc,-22,13.2,12152
device_uplink,1788952715000000000,70b3d57ed00778cc,-21,13.8,12153
device_uplink,1788952733000000000,70b3d57ed00778cc,-24,12.8,12154
device_uplink,1788952749000000000,70b3d57ed00778cc,-21,13.8,12155
device_uplink,1788952765000000000,70b3d57ed00778cc,-23,13.8,12156
device_uplink,1788952781000000000,70b3d57ed00778cc,-20,13.8,12157
device_uplink,1788952797000000000,70b3d57ed00778cc,-22,11,12158
device_uplink,1788952813000000000,70b3d57ed00778cc,-21,13.5,12159
device_uplink,1788952829000000000,70b3d57ed00778cc,-22,13.8,12160
device_uplink,1788952845000000000,70b3d57ed00778cc,-21,13.8,12161
device_uplink,1788952863000000000,70b3d57ed00778cc,-21,14.2,12162
device_uplink,1788952879000000000,70b3d57ed00778cc,-22,13.5,12163
device_uplink,1788952895000000000,70b3d57ed00778cc,-22,11.2,12164
device_uplink,1788952911000000000,70b3d57ed00778cc,-21,14,12165
device_uplink,1788952927000000000,70b3d57ed00778cc,-21,13.8,12166
device_uplink,1788952943000000000,70b3d57ed00778cc,-23,13.5,12167
device_uplink,1788952959000000000,70b3d57ed00778cc,-23,13.5,12168
device_uplink,1788952975000000000,70b3d57ed00778cc,-22,13.5,12169
device_uplink,1788952993000000000,70b3d57ed00778cc,-21,13.2,12170
device_uplink,1788953009000000000,70b3d57ed00778cc,-23,14,12171
device_uplink,1788953025000000000,70b3d57ed00778cc,-22,11,12172
device_uplink,1788953041000000000,70b3d57ed00778cc,-24,12.5,12173
device_uplink,1788953057000000000,70b3d57ed00778cc,-22,13.8,12174
device_uplink,1788953073000000000,70b3d57ed00778cc,-22,13.8,12175
device_uplink,1788953089000000000,70b3d57ed00778cc,-23,14,12176
device_uplink,1788953105000000000,70b3d57ed00778cc,-22,14,12177
device_uplink,1788953123000000000,70b3d57ed00778cc,-23,13.5,12178
device_uplink,1788953139000000000,70b3d57ed00778cc,-25,13.2,12179
device_uplink,1788953155000000000,70b3d57ed00778cc,-22,14.2,12180
device_uplink,1788953171000000000,70b3d57ed00778cc,-22,13.8,12181
device_uplink,1788953187000000000,70b3d57ed00778cc,-22,14.2,12182
device_uplink,1788953203000000000,70b3d57ed00778cc,-22,14,12183
device_uplink,1788953219000000000,70b3d57ed00778cc,-21,9.2,12184
device_uplink,1788953235000000000,70b3d57ed00778cc,-21,13.2,12185
device_uplink,1788953253000000000,70b3d57ed00778cc,-20,13.5,12186
device_uplink,1788953269000000000,70b3d57ed00778cc,-20,13.8,12187
device_uplink,1788953285000000000,70b3d57ed00778cc,-21,13.8,12188
device_uplink,1788953301000000000,70b3d57ed00778cc,-20,13.2,12189
device_uplink,1788953317000000000,70b3d57ed00778cc,-22,11.5,12190
device_uplink,1788953324000000000,70b3d57ed0077801,-20,13.2,148
device_uplink,1788953333000000000,70b3d57ed00778cc,-21,14,12191
device_uplink,1788953349000000000,70b3d57ed00778cc,-21,13.8,12192
device_uplink,1788953365000000000,70b3d57ed00778cc,-21,14,12193
device_uplink,1788953383000000000,70b3d57ed00778cc,-21,14,12194
device_uplink,1788953399000000000,70b3d57ed00778cc,-22,11,12195
device_uplink,1788953415000000000,70b3d57ed00778cc,-21,13.8,12196
device_uplink,1788953431000000000,70b3d57ed00778cc,-22,14.2,12197
device_uplink,1788953447000000000,70b3d57ed00778cc,-25,13.8,12198
device_uplink,1788953463000000000,70b3d57ed00778cc,-21,14.2,12199
device_uplink,1788953479000000000,70b3d57ed00778cc,-22,14.5,12200
device_uplink,1788953495000000000,70b3d57ed00778cc,-23,14,12201
device_uplink,1788953513000000000,70b3d57ed00778cc,-25,11,12202
device_uplink,1788953529000000000,70b3d57ed00778cc,-24,13.2,12203
device_uplink,1788953545000000000,70b3d57ed00778cc,-25,13.5,12204
device_uplink,1788953561000000000,70b3d57ed00778cc,-28,14.2,12205
device_uplink,1788953577000000000,70b3d57ed00778cc,-26,13.2,12206
device_uplink,1788953593000000000,70b3d57ed00778cc,-26,13.5,12207
device_uplink,1788953609000000000,70b3d57ed00778cc,-30,14.2,12208
device_uplink,1788953625000000000,70b3d57ed00778cc,-27,13.2,12209
device_uplink,1788953643000000000,70b3d57ed00778cc,-26,13.2,12210
device_uplink,1788953659000000000,70b3d57ed00778cc,-25,13.8,12211
device_uplink,1788953675000000000,70b3d57ed00778cc,-28,14,12212
device_uplink,1788953691000000000,70b3d57ed00778cc,-26,13.8,12213
device_uplink,1788953707000000000,70b3d57ed00778cc,-24,13.5,12214
device_uplink,1788953723000000000,70b3d57ed00778cc,-25,11.5,12215
device_uplink,1788953739000000000,70b3d57ed00778cc,-26,13.5,12216
device_uplink,1788953755000000000,70b3d57ed00778cc,-26,14,12217
device_uplink,1788953773000000000,70b3d57ed00778cc,-25,13.8,12218
device_uplink,1788953789000000000,70b3d57ed00778cc,-26,13.8,12219
device_uplink,1788953805000000000,70b3d57ed00778cc,-26,11.8,12220
device_uplink,1788953821000000000,70b3d57ed00778cc,-28,14,12221
device_uplink,1788953837000000000,70b3d57ed00778cc,-26,13.8,12222
device_uplink,1788953853000000000,70b3d57ed00778cc,-29,13.2,12223
device_uplink,1788953869000000000,70b3d57ed00778cc,-30,12.8,12224
device_uplink,1788953885000000000,70b3d57ed00778cc,-39,12.8,12225
device_uplink,1788953903000000000,70b3d57ed00778cc,-25,13.5,12226
device_uplink,1788953919000000000,70b3d57ed00778cc,-23,14.2,12227
device_uplink,1788953935000000000,70b3d57ed00778cc,-20,13.5,12228
device_uplink,1788953951000000000,70b3d57ed00778cc,-27,13.8,12229
device_uplink,1788953967000000000,70b3d57ed00778cc,-28,13.8,12230
device_uplink,1788953983000000000,70b3d57ed00778cc,-24,12.8,12231
device_uplink,1788953999000000000,70b3d57ed00778cc,-28,10.2,12232
device_uplink,1788954015000000000,70b3d57ed00778cc,-23,13.5,12233
device_uplink,1788954033000000000,70b3d57ed00778cc,-25,11.5,12234
device_uplink,1788954049000000000,70b3d57ed00778cc,-24,13,12235
device_uplink,1788954065000000000,70b3d57ed00778cc,-24,12.5,12236
device_uplink,1788954081000000000,70b3d57ed00778cc,-24,14.2,12237
device_uplink,1788954097000000000,70b3d57ed00778cc,-24,13.5,12238
device_uplink,1788954113000000000,70b3d57ed00778cc,-22,13.5,12239
device_uplink,1788954129000000000,70b3d57ed00778cc,-24,14.2,12240
device_uplink,1788954145000000000,70b3d57ed00778cc,-20,13.8,12241
device_uplink,1788954163000000000,70b3d57ed00778cc,-21,13.8,12242
device_uplink,1788954179000000000,70b3d57ed00778cc,-24,13.5,12243
device_uplink,1788954195000000000,70b3d57ed00778cc,-26,13.2,12244
device_uplink,1788954211000000000,70b3d57ed00778cc,-22,14.2,12245
device_uplink,1788954227000000000,70b3d57ed00778cc,-31,13,12246
device_uplink,1788954233000000000,70b3d57ed0077801,-23,14,149
device_uplink,1788954243000000000,70b3d57ed00778cc,-29,10.8,12247
device_uplink,1788954259000000000,70b3d57ed00778cc,-24,12.8,12248
device_uplink,1788954275000000000,70b3d57ed00778cc,-24,13.2,12249
device_uplink,1788954293000000000,70b3d57ed00778cc,-26,11.5,12250
device_uplink,1788954309000000000,70b3d57ed00778cc,-26,13.5,12251
device_uplink,1788954325000000000,70b3d57ed00778cc,-22,14,12252
device_uplink,1788954341000000000,70b3d57ed00778cc,-24,12.8,12253
device_uplink,1788954357000000000,70b3d57ed00778cc,-21,13.8,12254
device_uplink,1788954373000000000,70b3d57ed00778cc,-23,13.2,12255
device_uplink,1788954389000000000,70b3d57ed00778cc,-22,13.5,12256
device_uplink,1788954405000000000,70b3d57ed00778cc,-23,14,12257
device_uplink,1788954423000000000,70b3d57ed00778cc,-25,14,12258
device_uplink,1788954439000000000,70b3d57ed00778cc,-23,14,12259
device_uplink,1788954455000000000,70b3d57ed00778cc,-23,11.8,12260
device_uplink,1788954471000000000,70b3d57ed00778cc,-24,8.8,12261
device_uplink,1788954487000000000,70b3d57ed00778cc,-24,13.8,12262
device_uplink,1788954503000000000,70b3d57ed00778cc,-22,14.2,12263
device_uplink,1788954519000000000,70b3d57ed00778cc,-23,13.5,12264
device_uplink,1788954535000000000,70b3d57ed00778cc,-23,14,12265
device_uplink,1788954553000000000,70b3d57ed00778cc,-23,14.2,12266
device_uplink,1788954569000000000,70b3d57ed00778cc,-24,13.2,12267
device_uplink,1788954585000000000,70b3d57ed00778cc,-24,8.8,12268
device_uplink,1788954601000000000,70b3d57ed00778cc,-24,13.5,12269
device_uplink,1788954617000000000,70b3d57ed00778cc,-24,13.5,12270
device_uplink,1788954633000000000,70b3d57ed00778cc,-21,13.8,12271
device_uplink,1788954649000000000,70b3d57ed00778cc,-23,13.8,12272
device_uplink,1788954665000000000,70b3d57ed00778cc,-25,14,12273
device_uplink,1788954681000000000,70b3d57ed00778cc,-25,13.5,12274
device_uplink,1788954699000000000,70b3d57ed00778cc,-34,13.5,12275
device_uplink,1788954715000000000,70b3d57ed00778cc,-28,10.8,12276
device_uplink,1788954731000000000,70b3d57ed00778cc,-24,13.5,12277
device_uplink,1788954747000000000,70b3d57ed00778cc,-24,12.2,12278
device_uplink,1788954763000000000,70b3d57ed00778cc,-28,14,12279
device_uplink,1788954779000000000,70b3d57ed00778cc,-25,13.8,12280
device_uplink,1788954795000000000,70b3d57ed00778cc,-24,12.5,12281
device_uplink,1788954811000000000,70b3d57ed00778cc,-24,14.2,12282
device_uplink,1788954829000000000,70b3d57ed00778cc,-26,13.5,12283
device_uplink,1788954845000000000,70b3d57ed00778cc,-25,11,12284
device_uplink,1788954861000000000,70b3d57ed00778cc,-23,14,12285
device_uplink,1788954877000000000,70b3d57ed00778cc,-21,14,12286
device_uplink,1788954893000000000,70b3d57ed00778cc,-21,13.8,12287
device_uplink,1788954909000000000,70b3d57ed00778cc,-26,13.2,12288
device_uplink,1788954925000000000,70b3d57ed00778cc,-26,13.2,12289
device_uplink,1788954941000000000,70b3d57ed00778cc,-18,14,12290
device_uplink,1788954957000000000,70b3d57ed00778cc,-24,13.8,12291
device_uplink,1788954975000000000,70b3d57ed00778cc,-28,13.5,12292
device_uplink,1788954991000000000,70b3d57ed00778cc,-26,14.2,12293
device_uplink,1788955007000000000,70b3d57ed00778cc,-24,13.2,12294
device_uplink,1788955023000000000,70b3d57ed00778cc,-24,8.8,12295
device_uplink,1788955039000000000,70b3d57ed00778cc,-27,13.5,12296
device_uplink,1788955055000000000,70b3d57ed00778cc,-21,13.8,12297
device_uplink,1788955073000000000,70b3d57ed00778cc,-24,12.2,12298
device_uplink,1788955089000000000,70b3d57ed00778cc,-23,14.2,12299
device_uplink,1788955105000000000,70b3d57ed00778cc,-23,10.5,12300
device_uplink,1788955121000000000,70b3d57ed00778cc,-27,14,12301
device_uplink,1788955137000000000,70b3d57ed00778cc,-31,12.8,12302
device_uplink,1788955141000000000,70b3d57ed0077801,-28,13.8,150
device_uplink,1788955153000000000,70b3d57ed00778cc,-36,12.2,12303
device_uplink,1788955169000000000,70b3d57ed00778cc,-44,8.5,12304
device_uplink,1788955185000000000,70b3d57ed00778cc,-30,14,12305
device_uplink,1788955203000000000,70b3d57ed00778cc,-29,13.8,12306
device_uplink,1788955219000000000,70b3d57ed00778cc,-28,13.5,12307
device_uplink,1788955235000000000,70b3d57ed00778cc,-27,11,12308
device_uplink,1788955251000000000,70b3d57ed00778cc,-26,13,12309
device_uplink,1788955267000000000,70b3d57ed00778cc,-28,13.2,12310
device_uplink,1788955283000000000,70b3d57ed00778cc,-26,13.8,12311
device_uplink,1788955299000000000,70b3d57ed00778cc,-27,13.5,12312
device_uplink,1788955315000000000,70b3d57ed00778cc,-27,13.8,12313
device_uplink,1788955333000000000,70b3d57ed00778cc,-27,13.5,12314
device_uplink,1788955349000000000,70b3d57ed00778cc,-27,10.8,12315
device_uplink,1788955365000000000,70b3d57ed00778cc,-27,13.5,12316
device_uplink,1788955381000000000,70b3d57ed00778cc,-28,13.8,12317
device_uplink,1788955397000000000,70b3d57ed00778cc,-27,13.2,12318
device_uplink,1788955413000000000,70b3d57ed00778cc,-26,13.8,12319
device_uplink,1788955429000000000,70b3d57ed00778cc,-25,13.5,12320
device_uplink,1788955445000000000,70b3d57ed00778cc,-25,13.8,12321
device_uplink,1788955461000000000,70b3d57ed00778cc,-23,14.5,12322
device_uplink,1788955479000000000,70b3d57ed00778cc,-26,13.8,12323
device_uplink,1788955495000000000,70b3d57ed00778cc,-24,13.8,12324
device_uplink,1788955511000000000,70b3d57ed00778cc,-23,10.2,12325
device_uplink,1788955527000000000,70b3d57ed00778cc,-23,13.2,12326
device_uplink,1788955543000000000,70b3d57ed00778cc,-23,13.8,12327
device_uplink,1788955559000000000,70b3d57ed00778cc,-26,13,12328
device_uplink,1788955575000000000,70b3d57ed00778cc,-23,13.8,12329
device_uplink,1788955591000000000,70b3d57ed00778cc,-28,13.8,12330
device_uplink,1788955609000000000,70b3d57ed00778cc,-26,13.5,12331
device_uplink,1788955625000000000,70b3d57ed00778cc,-24,13.2,12332
device_uplink,1788955641000000000,70b3d57ed00778cc,-28,13.5,12333
device_uplink,1788955657000000000,70b3d57ed00778cc,-29,10,12334
device_uplink,1788955673000000000,70b3d57ed00778cc,-25,14,12335
device_uplink,1788955689000000000,70b3d57ed00778cc,-24,14,12336
device_uplink,1788955705000000000,70b3d57ed00778cc,-24,13.2,12337
device_uplink,1788955721000000000,70b3d57ed00778cc,-30,13.5,12338
device_uplink,1788955737000000000,70b3d57ed00778cc,-31,14,12339
device_uplink,1788955755000000000,70b3d57ed00778cc,-30,13.5,12340
device_uplink,1788955771000000000,70b3d57ed00778cc,-28,13.8,12341
device_uplink,1788955787000000000,70b3d57ed00778cc,-27,13.2,12342
device_uplink,1788955803000000000,70b3d57ed00778cc,-30,10,12343
device_uplink,1788955819000000000,70b3d57ed00778cc,-29,13,12344
device_uplink,1788955835000000000,70b3d57ed00778cc,-26,13.2,12345
device_uplink,1788955853000000000,70b3d57ed00778cc,-27,13.8,12346
device_uplink,1788955869000000000,70b3d57ed00778cc,-26,13.2,12347
device_uplink,1788955885000000000,70b3d57ed00778cc,-26,13.8,12348
device_uplink,1788955901000000000,70b3d57ed00778cc,-26,13.5,12349
device_uplink,1788955917000000000,70b3d57ed00778cc,-27,10.5,12350
device_uplink,1788955933000000000,70b3d57ed00778cc,-27,13.5,12351
device_uplink,1788955949000000000,70b3d57ed00778cc,-26,13.2,12352
device_uplink,1788955965000000000,70b3d57ed00778cc,-27,13.8,12353
device_uplink,1788955983000000000,70b3d57ed00778cc,-28,14,12354
device_uplink,1788955999000000000,70b3d57ed00778cc,-27,13.8,12355
device_uplink,1788956015000000000,70b3d57ed00778cc,-28,13.8,12356
device_uplink,1788956031000000000,70b3d57ed00778cc,-27,13.2,12357
device_uplink,1788956047000000000,70b3d57ed00778cc,-27,11,12358
device_uplink,1788956050000000000,70b3d57ed0077801,-31,12.5,151
device_uplink,1788956063000000000,70b3d57ed00778cc,-26,13.5,12359
device_uplink,1788956079000000000,70b3d57ed00778cc,-27,13.5,12360
device_uplink,1788956095000000000,70b3d57ed00778cc,-25,13.8,12361
device_uplink,1788956113000000000,70b3d57ed00778cc,-24,13.5,12362
device_uplink,1788956129000000000,70b3d57ed00778cc,-25,12,12363
device_uplink,1788956145000000000,70b3d57ed00778cc,-25,13.2,12364
device_uplink,1788956161000000000,70b3d57ed00778cc,-24,13.8,12365
device_uplink,1788956177000000000,70b3d57ed00778cc,-23,13.2,12366
device_uplink,1788956193000000000,70b3d57ed00778cc,-23,13.8,12367
device_uplink,1788956209000000000,70b3d57ed00778cc,-22,13.8,12368
device_uplink,1788956225000000000,70b3d57ed00778cc,-22,13.5,12369
device_uplink,1788956243000000000,70b3d57ed00778cc,-23,13.5,12370
device_uplink,1788956259000000000,70b3d57ed00778cc,-23,13.2,12371
device_uplink,1788956275000000000,70b3d57ed00778cc,-23,13.2,12372
device_uplink,1788956291000000000,70b3d57ed00778cc,-22,13.5,12373
device_uplink,1788956307000000000,70b3d57ed00778cc,-21,8.8,12374
device_uplink,1788956323000000000,70b3d57ed00778cc,-22,14,12375
device_uplink,1788956339000000000,70b3d57ed00778cc,-21,13.5,12376
device_uplink,1788956355000000000,70b3d57ed00778cc,-23,13.5,12377
device_uplink,1788956373000000000,70b3d57ed00778cc,-22,13.5,12378
device_uplink,1788956389000000000,70b3d57ed00778cc,-23,14.2,12379
device_uplink,1788956405000000000,70b3d57ed00778cc,-24,13.5,12380
device_uplink,1788956421000000000,70b3d57ed00778cc,-23,13,12381
device_uplink,1788956437000000000,70b3d57ed00778cc,-23,11,12382
device_uplink,1788956453000000000,70b3d57ed00778cc,-23,13,12383
device_uplink,1788956469000000000,70b3d57ed00778cc,-24,12.8,12384
device_uplink,1788956485000000000,70b3d57ed00778cc,-24,13.5,12385
device_uplink,1788956503000000000,70b3d57ed00778cc,-23,14,12386
device_uplink,1788956519000000000,70b3d57ed00778cc,-24,13.8,12387
device_uplink,1788956535000000000,70b3d57ed00778cc,-23,13,12388
device_uplink,1788956551000000000,70b3d57ed00778cc,-23,13.8,12389
device_uplink,1788956567000000000,70b3d57ed00778cc,-23,10.2,12390
device_uplink,1788956583000000000,70b3d57ed00778cc,-23,14.2,12391
device_uplink,1788956601000000000,70b3d57ed00778cc,-23,13.5,12392
device_uplink,1788956617000000000,70b3d57ed00778cc,-23,13.8,12393
device_uplink,1788956633000000000,70b3d57ed00778cc,-23,13.2,12394
device_uplink,1788956649000000000,70b3d57ed00778cc,-22,13.8,12395
device_uplink,1788956665000000000,70b3d57ed00778cc,-22,13.2,12396
device_uplink,1788956681000000000,70b3d57ed00778cc,-30,13.2,12397
device_uplink,1788956697000000000,70b3d57ed00778cc,-25,14,12398
device_uplink,1788956713000000000,70b3d57ed00778cc,-25,14.5,12399
device_uplink,1788956731000000000,70b3d57ed00778cc,-25,11.5,12400
device_uplink,1788956747000000000,70b3d57ed00778cc,-25,13.5,12401
device_uplink,1788956763000000000,70b3d57ed00778cc,-30,12.2,12402
device_uplink,1788956779000000000,70b3d57ed00778cc,-25,13.5,12403
device_uplink,1788956795000000000,70b3d57ed00778cc,-24,12.8,12404
device_uplink,1788956811000000000,70b3d57ed00778cc,-35,8.8,12405
device_uplink,1788956827000000000,70b3d57ed00778cc,-35,12.2,12406
device_uplink,1788956843000000000,70b3d57ed00778cc,-26,13.8,12407
device_uplink,1788956861000000000,70b3d57ed00778cc,-27,13.5,12408
device_uplink,1788956877000000000,70b3d57ed00778cc,-26,13.8,12409
device_uplink,1788956893000000000,70b3d57ed00778cc,-27,10,12410
device_uplink,1788956909000000000,70b3d57ed00778cc,-28,14,12411
device_uplink,1788956925000000000,70b3d57ed00778cc,-27,13.5,12412
device_uplink,1788956941000000000,70b3d57ed00778cc,-27,13.8,12413
device_uplink,1788956957000000000,70b3d57ed00778cc,-33,13,12414
device_uplink,1788956958000000000,70b3d57ed0077801,-27,13.5,152
device_uplink,1788956973000000000,70b3d57ed00778cc,-30,13.2,12415
device_uplink,1788956991000000000,70b3d57ed00778cc,-28,13.5,12416
device_uplink,1788957007000000000,70b3d57ed00778cc,-29,13,12417
device_uplink,1788957023000000000,70b3d57ed00778cc,-28,8.8,12418
device_uplink,1788957039000000000,70b3d57ed00778cc,-29,14.2,12419
device_uplink,1788957055000000000,70b3d57ed00778cc,-30,11.8,12420
device_uplink,1788957071000000000,70b3d57ed00778cc,-31,13.2,12421
device_uplink,1788957089000000000,70b3d57ed00778cc,-31,13,12422
device_uplink,1788957105000000000,70b3d57ed00778cc,-28,14.2,12423
device_uplink,1788957121000000000,70b3d57ed00778cc,-27,14,12424
device_uplink,1788957137000000000,70b3d57ed00778cc,-21,13.8,12425
device_uplink,1788957153000000000,70b3d57ed00778cc,-22,13.8,12426
device_uplink,1788957169000000000,70b3d57ed00778cc,-22,13.2,12427
device_uplink,1788957185000000000,70b3d57ed00778cc,-24,14,12428
device_uplink,1788957201000000000,70b3d57ed00778cc,-27,14.2,12429
device_uplink,1788957219000000000,70b3d57ed00778cc,-24,13.5,12430
device_uplink,1788957235000000000,70b3d57ed00778cc,-22,13.8,12431
device_uplink,1788957251000000000,70b3d57ed00778cc,-21,9,12432
device_uplink,1788957267000000000,70b3d57ed00778cc,-22,13.5,12433
device_uplink,1788957283000000000,70b3d57ed00778cc,-23,13.5,12434
device_uplink,1788957299000000000,70b3d57ed00778cc,-24,13.2,12435
device_uplink,1788957315000000000,70b3d57ed00778cc,-23,14,12436
device_uplink,1788957331000000000,70b3d57ed00778cc,-23,13.2,12437
device_uplink,1788957349000000000,70b3d57ed00778cc,-25,11.8,12438
device_uplink,1788957365000000000,70b3d57ed00778cc,-23,13.2,12439
device_uplink,1788957381000000000,70b3d57ed00778cc,-23,14.2,12440
device_uplink,1788957397000000000,70b3d57ed00778cc,-23,14,12441
device_uplink,1788957413000000000,70b3d57ed00778cc,-23,14,12442
device_uplink,1788957429000000000,70b3d57ed00778cc,-23,10.5,12443
device_uplink,1788957445000000000,70b3d57ed00778cc,-24,13.5,12444
device_uplink,1788957461000000000,70b3d57ed00778cc,-24,13.8,12445
device_uplink,1788957479000000000,70b3d57ed00778cc,-23,13.5,12446
device_uplink,1788957495000000000,70b3d57ed00778cc,-23,14,12447
device_uplink,1788957511000000000,70b3d57ed00778cc,-23,13.8,12448
device_uplink,1788957527000000000,70b3d57ed00778cc,-24,13.8,12449
device_uplink,1788957543000000000,70b3d57ed00778cc,-24,13.5,12450
device_uplink,1788957559000000000,70b3d57ed00778cc,-25,13.5,12451
device_uplink,1788957575000000000,70b3d57ed00778cc,-25,11.2,12452
device_uplink,1788957591000000000,70b3d57ed00778cc,-22,13.2,12453
device_uplink,1788957609000000000,70b3d57ed00778cc,-23,13.5,12454
device_uplink,1788957625000000000,70b3d57ed00778cc,-25,13.5,12455
device_uplink,1788957641000000000,70b3d57ed00778cc,-24,13.8,12456
device_uplink,1788957657000000000,70b3d57ed00778cc,-22,13.8,12457
device_uplink,1788957673000000000,70b3d57ed00778cc,-25,13.5,12458
device_uplink,1788957689000000000,70b3d57ed00778cc,-24,13,12459
device_uplink,1788957705000000000,70b3d57ed00778cc,-24,13,12460
device_uplink,1788957721000000000,70b3d57ed00778cc,-23,13.8,12461
device_uplink,1788957739000000000,70b3d57ed00778cc,-23,10.8,12462
device_uplink,1788957755000000000,70b3d57ed00778cc,-23,13.8,12463
device_uplink,1788957771000000000,70b3d57ed00778cc,-24,13.2,12464
device_uplink,1788957787000000000,70b3d57ed00778cc,-23,14,12465
device_uplink,1788957803000000000,70b3d57ed00778cc,-28,10.8,12466
device_uplink,1788957819000000000,70b3d57ed00778cc,-22,14,12467
device_uplink,1788957835000000000,70b3d57ed00778cc,-23,14.2,12468
device_uplink,1788957851000000000,70b3d57ed00778cc,-23,14,12469
device_uplink,1788957866000000000,70b3d57ed0077801,-37,8.2,153
device_uplink,1788957869000000000,70b3d57ed00778cc,-28,14,12470
device_uplink,1788957885000000000,70b3d57ed00778cc,-28,13.2,12471
device_uplink,1788957901000000000,70b3d57ed00778cc,-28,13,12472
device_uplink,1788957917000000000,70b3d57ed00778cc,-30,12,12473
device_uplink,1788957933000000000,70b3d57ed00778cc,-27,14,12474
device_uplink,1788957949000000000,70b3d57ed00778cc,-27,13.2,12475
device_uplink,1788957965000000000,70b3d57ed00778cc,-26,13.2,12476
device_uplink,1788957981000000000,70b3d57ed00778cc,-26,13.5,12477
device_uplink,1788957999000000000,70b3d57ed00778cc,-27,13.8,12478
device_uplink,1788958015000000000,70b3d57ed00778cc,-26,11.2,12479
device_uplink,1788958031000000000,70b3d57ed00778cc,-28,13.8,12480
device_uplink,1788958047000000000,70b3d57ed00778cc,-27,13.8,12481
device_uplink,1788958063000000000,70b3d57ed00778cc,-27,10.2,12482
device_uplink,1788958079000000000,70b3d57ed00778cc,-28,14.2,12483
device_uplink,1788958095000000000,70b3d57ed00778cc,-27,14,12484
device_uplink,1788958111000000000,70b3d57ed00778cc,-28,13.8,12485
device_uplink,1788958129000000000,70b3d57ed00778cc,-27,13.8,12486
device_uplink,1788958145000000000,70b3d57ed00778cc,-26,13.5,12487
device_uplink,1788958161000000000,70b3d57ed00778cc,-28,13.8,12488
device_uplink,1788958177000000000,70b3d57ed00778cc,-26,13.5,12489
device_uplink,1788958193000000000,70b3d57ed00778cc,-22,14,12490
device_uplink,1788958209000000000,70b3d57ed00778cc,-22,13.5,12491
device_uplink,1788958227000000000,70b3d57ed00778cc,-23,13.5,12492
device_uplink,1788958243000000000,70b3d57ed00778cc,-22,10.8,12493
device_uplink,1788958259000000000,70b3d57ed00778cc,-27,13.5,12494
device_uplink,1788958275000000000,70b3d57ed00778cc,-23,13.5,12495
device_uplink,1788958291000000000,70b3d57ed00778cc,-23,13.2,12496
device_uplink,1788958307000000000,70b3d57ed00778cc,-22,13.8,12497
device_uplink,1788958323000000000,70b3d57ed00778cc,-22,13.8,12498
device_uplink,1788958339000000000,70b3d57ed00778cc,-22,13.8,12499
device_uplink,1788958357000000000,70b3d57ed00778cc,-22,13.8,12500
device_uplink,1788958373000000000,70b3d57ed00778cc,-23,13.2,12501
device_uplink,1788958389000000000,70b3d57ed00778cc,-22,13.5,12502
device_uplink,1788958405000000000,70b3d57ed00778cc,-25,11.2,12503
device_uplink,1788958421000000000,70b3d57ed00778cc,-25,13.8,12504
device_uplink,1788958439000000000,70b3d57ed00778cc,-25,14.2,12505
device_uplink,1788958455000000000,70b3d57ed00778cc,-22,13.8,12506
device_uplink,1788958471000000000,70b3d57ed00778cc,-22,14,12507
device_uplink,1788958487000000000,70b3d57ed00778cc,-26,13.8,12508
device_uplink,1788958503000000000,70b3d57ed00778cc,-21,13.2,12509
device_uplink,1788958519000000000,70b3d57ed00778cc,-20,13.2,12510
device_uplink,1788958535000000000,70b3d57ed00778cc,-22,14.5,12511
device_uplink,1788958551000000000,70b3d57ed00778cc,-22,9.8,12512
device_uplink,1788958569000000000,70b3d57ed00778cc,-22,13.5,12513
device_uplink,1788958585000000000,70b3d57ed00778cc,-22,13.5,12514
device_uplink,1788958601000000000,70b3d57ed00778cc,-19,13.8,12515
device_uplink,1788958617000000000,70b3d57ed00778cc,-19,13.8,12516
device_uplink,1788958633000000000,70b3d57ed00778cc,-20,13.2,12517
device_uplink,1788958649000000000,70b3d57ed00778cc,-22,11,12518
device_uplink,1788958665000000000,70b3d57ed00778cc,-20,13.8,12519
device_uplink,1788958681000000000,70b3d57ed00778cc,-20,13.5,12520
device_uplink,1788958697000000000,70b3d57ed00778cc,-20,14,12521
device_uplink,1788958715000000000,70b3d57ed00778cc,-21,11.5,12522
device_uplink,1788958731000000000,70b3d57ed00778cc,-20,11.2,12523
device_uplink,1788958747000000000,70b3d57ed00778cc,-21,14,12524
device_uplink,1788958763000000000,70b3d57ed00778cc,-23,13.5,12525
device_uplink,1788958775000000000,70b3d57ed0077801,-27,13.5,154
device_uplink,1788958779000000000,70b3d57ed00778cc,-23,13.2,12526
device_uplink,1788958795000000000,70b3d57ed00778cc,-23,13.2,12527
device_uplink,1788958811000000000,70b3d57ed00778cc,-22,13.5,12528
device_uplink,1788958827000000000,70b3d57ed00778cc,-23,14,12529
device_uplink,1788958845000000000,70b3d57ed00778cc,-22,12.2,12530
device_uplink,1788958861000000000,70b3d57ed00778cc,-24,13.5,12531
device_uplink,1788958877000000000,70b3d57ed00778cc,-23,13.5,12532
device_uplink,1788958893000000000,70b3d57ed00778cc,-23,13.5,12533
device_uplink,1788958909000000000,70b3d57ed00778cc,-24,13.2,12534
device_uplink,1788958925000000000,70b3d57ed00778cc,-24,10,12535
device_uplink,1788958941000000000,70b3d57ed00778cc,-22,13.5,12536
device_uplink,1788958957000000000,70b3d57ed00778cc,-23,13.8,12537
device_uplink,1788958975000000000,70b3d57ed00778cc,-23,10.8,12538
device_uplink,1788958991000000000,70b3d57ed00778cc,-23,14.2,12539
device_uplink,1788959007000000000,70b3d57ed00778cc,-23,13.2,12540
device_uplink,1788959023000000000,70b3d57ed00778cc,-22,13.8,12541
device_uplink,1788959039000000000,70b3d57ed00778cc,-23,13.5,12542
device_uplink,1788959055000000000,70b3d57ed00778cc,-20,13.2,12543
device_uplink,1788959071000000000,70b3d57ed00778cc,-20,13.5,12544
device_uplink,1788959089000000000,70b3d57ed00778cc,-20,13.8,12545
device_uplink,1788959105000000000,70b3d57ed00778cc,-20,13.2,12546
device_uplink,1788959121000000000,70b3d57ed00778cc,-20,13.5,12547
device_uplink,1788959137000000000,70b3d57ed00778cc,-20,13.5,12548
device_uplink,1788959153000000000,70b3d57ed00778cc,-24,13.8,12549
device_uplink,1788959169000000000,70b3d57ed00778cc,-23,12.8,12550
device_uplink,1788959185000000000,70b3d57ed00778cc,-24,10,12551
device_uplink,1788959201000000000,70b3d57ed00778cc,-21,13.5,12552
device_uplink,1788959219000000000,70b3d57ed00778cc,-21,13.2,12553
device_uplink,1788959235000000000,70b3d57ed00778cc,-21,14,12554
device_uplink,1788959251000000000,70b3d57ed00778cc,-25,11,12555
device_uplink,1788959267000000000,70b3d57ed00778cc,-28,13.8,12556
device_uplink,1788959283000000000,70b3d57ed00778cc,-28,14.2,12557
device_uplink,1788959299000000000,70b3d57ed00778cc,-24,13.5,12558
device_uplink,1788959315000000000,70b3d57ed00778cc,-25,14,12559
device_uplink,1788959331000000000,70b3d57ed00778cc,-24,13.2,12560
device_uplink,1788959347000000000,70b3d57ed00778cc,-24,12.5,12561
device_uplink,1788959365000000000,70b3d57ed00778cc,-27,13.5,12562
device_uplink,1788959381000000000,70b3d57ed00778cc,-26,13.2,12563
device_uplink,1788959397000000000,70b3d57ed00778cc,-26,13.5,12564
device_uplink,1788959413000000000,70b3d57ed00778cc,-25,14,12565
device_uplink,1788959429000000000,70b3d57ed00778cc,-26,13.2,12566
device_uplink,1788959445000000000,70b3d57ed00778cc,-25,14.2,12567
device_uplink,1788959461000000000,70b3d57ed00778cc,-26,11.5,12568
device_uplink,1788959477000000000,70b3d57ed00778cc,-26,13.2,12569
device_uplink,1788959495000000000,70b3d57ed00778cc,-25,14.5,12570
device_uplink,1788959511000000000,70b3d57ed00778cc,-26,13.2,12571
device_uplink,1788959527000000000,70b3d57ed00778cc,-26,13,12572
device_uplink,1788959543000000000,70b3d57ed00778cc,-24,13.5,12573
device_uplink,1788959559000000000,70b3d57ed00778cc,-28,14,12574
device_uplink,1788959575000000000,70b3d57ed00778cc,-25,11.5,12575
device_uplink,1788959593000000000,70b3d57ed00778cc,-25,13.2,12576
device_uplink,1788959609000000000,70b3d57ed00778cc,-24,14,12577
device_uplink,1788959625000000000,70b3d57ed00778cc,-25,13.8,12578
device_uplink,1788959641000000000,70b3d57ed00778cc,-24,13,12579
device_uplink,1788959657000000000,70b3d57ed00778cc,-26,12.8,12580
device_uplink,1788959673000000000,70b3d57ed00778cc,-25,13.8,12581
device_uplink,1788959683000000000,70b3d57ed0077801,-29,13.5,155
device_uplink,1788959689000000000,70b3d57ed00778cc,-25,12,12582
device_uplink,1788959705000000000,70b3d57ed00778cc,-25,13.8,12583
device_uplink,1788959723000000000,70b3d57ed00778cc,-25,13.8,12584
device_uplink,1788959739000000000,70b3d57ed00778cc,-22,13.8,12585
device_uplink,1788959755000000000,70b3d57ed00778cc,-22,9.2,12586
device_uplink,1788959771000000000,70b3d57ed00778cc,-23,13.2,12587
device_uplink,1788959787000000000,70b3d57ed00778cc,-23,14,12588
device_uplink,1788959803000000000,70b3d57ed00778cc,-24,13.8,12589
device_uplink,1788959819000000000,70b3d57ed00778cc,-23,13.2,12590
device_uplink,1788959837000000000,70b3d57ed00778cc,-24,13,12591
device_uplink,1788959853000000000,70b3d57ed00778cc,-24,13.2,12592
device_uplink,1788959869000000000,70b3d57ed00778cc,-24,13,12593
device_uplink,1788959885000000000,70b3d57ed00778cc,-24,10,12594
device_uplink,1788959901000000000,70b3d57ed00778cc,-24,12.5,12595
device_uplink,1788959917000000000,70b3d57ed00778cc,-23,13.2,12596
device_uplink,1788959933000000000,70b3d57ed00778cc,-23,13.5,12597
device_uplink,1788959949000000000,70b3d57ed00778cc,-22,13.8,12598
device_uplink,1788959965000000000,70b3d57ed00778cc,-22,13.2,12599
device_uplink,1788959983000000000,70b3d57ed00778cc,-23,13.5,12600
device_uplink,1788959999000000000,70b3d57ed00778cc,-23,13.2,12601
device_uplink,1788960015000000000,70b3d57ed00778cc,-22,13.5,12602
device_uplink,1788960031000000000,70b3d57ed00778cc,-22,13.8,12603
device_uplink,1788960047000000000,70b3d57ed00778cc,-22,14.2,12604
device_uplink,1788960063000000000,70b3d57ed00778cc,-24,12.5,12605
device_uplink,1788960079000000000,70b3d57ed00778cc,-22,9,12606
device_uplink,1788960095000000000,70b3d57ed00778cc,-21,14,12607
device_uplink,1788960113000000000,70b3d57ed00778cc,-22,13.8,12608
device_uplink,1788960129000000000,70b3d57ed00778cc,-22,13.2,12609
device_uplink,1788960145000000000,70b3d57ed00778cc,-22,13.5,12610
device_uplink,1788960161000000000,70b3d57ed00778cc,-21,14,12611
device_uplink,1788960177000000000,70b3d57ed00778cc,-22,9,12612
device_uplink,1788960193000000000,70b3d57ed00778cc,-22,13.8,12613
device_uplink,1788960209000000000,70b3d57ed00778cc,-22,13.2,12614
device_uplink,1788960227000000000,70b3d57ed00778cc,-23,13.8,12615
device_uplink,1788960243000000000,70b3d57ed00778cc,-21,14.5,12616
device_uplink,1788960259000000000,70b3d57ed00778cc,-22,14,12617
device_uplink,1788960275000000000,70b3d57ed00778cc,-22,13.8,12618
device_uplink,1788960291000000000,70b3d57ed00778cc,-23,10.5,12619
device_uplink,1788960307000000000,70b3d57ed00778cc,-22,13.8,12620
device_uplink,1788960323000000000,70b3d57ed00778cc,-23,13.5,12621
device_uplink,1788960339000000000,70b3d57ed00778cc,-23,13.2,12622
device_uplink,1788960357000000000,70b3d57ed00778cc,-21,14,12623
device_uplink,1788960373000000000,70b3d57ed00778cc,-23,13.5,12624
device_uplink,1788960389000000000,70b3d57ed00778cc,-21,14,12625
device_uplink,1788960405000000000,70b3d57ed00778cc,-22,13.5,12626
device_uplink,1788960421000000000,70b3d57ed00778cc,-21,14,12627
device_uplink,1788960437000000000,70b3d57ed00778cc,-22,14,12628
device_uplink,1788960453000000000,70b3d57ed00778cc,-23,13.2,12629
device_uplink,1788960469000000000,70b3d57ed00778cc,-22,14.2,12630
device_uplink,1788960487000000000,70b3d57ed00778cc,-21,10,12631
device_uplink,1788960503000000000,70b3d57ed00778cc,-22,14.5,12632
device_uplink,1788960519000000000,70b3d57ed00778cc,-23,13.8,12633
device_uplink,1788960535000000000,70b3d57ed00778cc,-22,13.2,12634
device_uplink,1788960551000000000,70b3d57ed00778cc,-22,13.2,12635
device_uplink,1788960567000000000,70b3d57ed00778cc,-22,14,12636
device_uplink,1788960583000000000,70b3d57ed00778cc,-22,13.8,12637
device_uplink,1788960592000000000,70b3d57ed0077801,-28,13.2,156
device_uplink,1788960599000000000,70b3d57ed00778cc,-22,13.8,12638
device_uplink,1788960617000000000,70b3d57ed00778cc,-22,10.8,12639
device_uplink,1788960633000000000,70b3d57ed00778cc,-22,14.2,12640
device_uplink,1788960649000000000,70b3d57ed00778cc,-22,14,12641
device_uplink,1788960665000000000,70b3d57ed00778cc,-21,9.5,12642
device_uplink,1788960681000000000,70b3d57ed00778cc,-21,13,12643
device_uplink,1788960697000000000,70b3d57ed00778cc,-21,14,12644
device_uplink,1788960713000000000,70b3d57ed00778cc,-21,14.2,12645
device_uplink,1788960729000000000,70b3d57ed00778cc,-21,14,12646
device_uplink,1788960747000000000,70b3d57ed00778cc,-25,14.5,12647
device_uplink,1788960763000000000,70b3d57ed00778cc,-21,13.5,12648
device_uplink,1788960779000000000,70b3d57ed00778cc,-22,13.5,12649
device_uplink,1788960795000000000,70b3d57ed00778cc,-21,13.5,12650
device_uplink,1788960811000000000,70b3d57ed00778cc,-22,14,12651
device_uplink,1788960827000000000,70b3d57ed00778cc,-23,13.2,12652
device_uplink,1788960843000000000,70b3d57ed00778cc,-23,10.8,12653
device_uplink,1788960859000000000,70b3d57ed00778cc,-24,13.8,12654
device_uplink,1788960875000000000,70b3d57ed00778cc,-23,13.5,12655
device_uplink,1788960893000000000,70b3d57ed00778cc,-23,13.5,12656
device_uplink,1788960909000000000,70b3d57ed00778cc,-24,13.5,12657
device_uplink,1788960925000000000,70b3d57ed00778cc,-23,14,12658
device_uplink,1788960941000000000,70b3d57ed00778cc,-24,13.2,12659
device_uplink,1788960957000000000,70b3d57ed00778cc,-22,14.2,12660
device_uplink,1788960973000000000,70b3d57ed00778cc,-22,13.8,12661
device_uplink,1788960989000000000,70b3d57ed00778cc,-22,14,12662
device_uplink,1788961007000000000,70b3d57ed00778cc,-22,13.8,12663
device_uplink,1788961023000000000,70b3d57ed00778cc,-23,10.5,12664
device_uplink,1788961039000000000,70b3d57ed00778cc,-22,13.8,12665
device_uplink,1788961055000000000,70b3d57ed00778cc,-22,14,12666
device_uplink,1788961071000000000,70b3d57ed00778cc,-22,13,12667
device_uplink,1788961087000000000,70b3d57ed00778cc,-22,13.5,12668
device_uplink,1788961103000000000,70b3d57ed00778cc,-22,13.8,12669
device_uplink,1788961135000000000,70b3d57ed00778cc,-23,10,12671
device_uplink,1788961153000000000,70b3d57ed00778cc,-23,13.5,12672
device_uplink,1788961169000000000,70b3d57ed00778cc,-23,13.2,12673
device_uplink,1788961185000000000,70b3d57ed00778cc,-22,13.8,12674
device_uplink,1788961201000000000,70b3d57ed00778cc,-22,14.2,12675
device_uplink,1788961217000000000,70b3d57ed00778cc,-23,12.8,12676
device_uplink,1788961233000000000,70b3d57ed00778cc,-21,10.2,12677
device_uplink,1788961249000000000,70b3d57ed00778cc,-24,12,12678
device_uplink,1788961265000000000,70b3d57ed00778cc,-24,13.2,12679
device_uplink,1788961283000000000,70b3d57ed00778cc,-22,9,12680
device_uplink,1788961299000000000,70b3d57ed00778cc,-22,14,12681
device_uplink,1788961315000000000,70b3d57ed00778cc,-26,13,12682
device_uplink,1788961331000000000,70b3d57ed00778cc,-25,13.8,12683
device_uplink,1788961347000000000,70b3d57ed00778cc,-25,13.8,12684
device_uplink,1788961363000000000,70b3d57ed00778cc,-25,13.5,12685
device_uplink,1788961379000000000,70b3d57ed00778cc,-22,13.8,12686
device_uplink,1788961395000000000,70b3d57ed00778cc,-22,9.2,12687
device_uplink,1788961413000000000,70b3d57ed00778cc,-22,13.8,12688
device_uplink,1788961429000000000,70b3d57ed00778cc,-22,13.8,12689
device_uplink,1788961445000000000,70b3d57ed00778cc,-21,14.2,12690
device_uplink,1788961461000000000,70b3d57ed00778cc,-22,9.2,12691
device_uplink,1788961477000000000,70b3d57ed00778cc,-22,13.5,12692
device_uplink,1788961493000000000,70b3d57ed00778cc,-22,14.5,12693
device_uplink,1788961500000000000,70b3d57ed0077801,-27,9.8,157
device_uplink,1788961509000000000,70b3d57ed00778cc,-22,13.8,12694
device_uplink,1788961525000000000,70b3d57ed00778cc,-21,14,12695
device_uplink,1788961543000000000,70b3d57ed00778cc,-21,13.2,12696
device_uplink,1788961559000000000,70b3d57ed00778cc,-21,14.2,12697
device_uplink,1788961575000000000,70b3d57ed00778cc,-21,14.2,12698
device_uplink,1788961591000000000,70b3d57ed00778cc,-22,14,12699
device_uplink,1788961607000000000,70b3d57ed00778cc,-24,13.5,12700
device_uplink,1788961623000000000,70b3d57ed00778cc,-23,13.8,12701
device_uplink,1788961641000000000,70b3d57ed00778cc,-23,10.2,12702
device_uplink,1788961657000000000,70b3d57ed00778cc,-24,13.5,12703
device_uplink,1788961673000000000,70b3d57ed00778cc,-22,13.8,12704
device_uplink,1788961689000000000,70b3d57ed00778cc,-22,14,12705
device_uplink,1788961705000000000,70b3d57ed00778cc,-23,13.2,12706
device_uplink,1788961721000000000,70b3d57ed00778cc,-22,14,12707
device_uplink,1788961737000000000,70b3d57ed00778cc,-22,9.2,12708
device_uplink,1788961753000000000,70b3d57ed00778cc,-22,13.5,12709
device_uplink,1788961771000000000,70b3d57ed00778cc,-21,14,12710
device_uplink,1788961787000000000,70b3d57ed00778cc,-21,14.2,12711
device_uplink,1788961803000000000,70b3d57ed00778cc,-23,13.8,12712
device_uplink,1788961819000000000,70b3d57ed00778cc,-22,13.5,12713
device_uplink,1788961835000000000,70b3d57ed00778cc,-22,13.5,12714
device_uplink,1788961851000000000,70b3d57ed00778cc,-22,13.5,12715
device_uplink,1788961867000000000,70b3d57ed00778cc,-21,9.2,12716
device_uplink,1788961883000000000,70b3d57ed00778cc,-22,13.5,12717
device_uplink,1788961901000000000,70b3d57ed00778cc,-22,14,12718
device_uplink,1788961917000000000,70b3d57ed00778cc,-22,13.5,12719
device_uplink,1788961933000000000,70b3d57ed00778cc,-22,13.2,12720
device_uplink,1788961949000000000,70b3d57ed00778cc,-22,13.8,12721
device_uplink,1788961965000000000,70b3d57ed00778cc,-27,9.8,12722
device_uplink,1788961981000000000,70b3d57ed00778cc,-27,14,12723
device_uplink,1788961997000000000,70b3d57ed00778cc,-27,13.2,12724
device_uplink,1788962013000000000,70b3d57ed00778cc,-27,13.5,12725
device_uplink,1788962031000000000,70b3d57ed00778cc,-23,13.2,12726
device_uplink,1788962047000000000,70b3d57ed00778cc,-23,13.5,12727
device_uplink,1788962063000000000,70b3d57ed00778cc,-23,13.5,12728
device_uplink,1788962079000000000,70b3d57ed00778cc,-22,13.2,12729
device_uplink,1788962095000000000,70b3d57ed00778cc,-25,14,12730
device_uplink,1788962111000000000,70b3d57ed00778cc,-25,13.2,12731
device_uplink,1788962127000000000,70b3d57ed00778cc,-41,11,12732
device_uplink,1788962143000000000,70b3d57ed00778cc,-25,13.5,12733
device_uplink,1788962161000000000,70b3d57ed00778cc,-26,13,12734
device_uplink,1788962177000000000,70b3d57ed00778cc,-26,11.2,12735
device_uplink,1788962193000000000,70b3d57ed00778cc,-27,11.8,12736
device_uplink,1788962209000000000,70b3d57ed00778cc,-21,14,12737
device_uplink,1788962225000000000,70b3d57ed00778cc,-21,14,12738
device_uplink,1788962241000000000,70b3d57ed00778cc,-21,13.8,12739
device_uplink,1788962257000000000,70b3d57ed00778cc,-22,14.2,12740
device_uplink,1788962273000000000,70b3d57ed00778cc,-21,14,12741
device_uplink,1788962291000000000,70b3d57ed00778cc,-21,10.5,12742
device_uplink,1788962307000000000,70b3d57ed00778cc,-21,13.5,12743
device_uplink,1788962323000000000,70b3d57ed00778cc,-20,13.8,12744
device_uplink,1788962339000000000,70b3d57ed00778cc,-21,13.5,12745
device_uplink,1788962355000000000,70b3d57ed00778cc,-21,13.8,12746
device_uplink,1788962371000000000,70b3d57ed00778cc,-21,14.2,12747
device_uplink,1788962387000000000,70b3d57ed00778cc,-22,13.8,12748
device_uplink,1788962403000000000,70b3d57ed00778cc,-22,14,12749
device_uplink,1788962408000000000,70b3d57ed0077801,-28,9.2,158
device_uplink,1788962421000000000,70b3d57ed00778cc,-22,13.8,12750
device_uplink,1788962437000000000,70b3d57ed00778cc,-22,10.2,12751
device_uplink,1788962453000000000,70b3d57ed00778cc,-22,13.2,12752
device_uplink,1788962469000000000,70b3d57ed00778cc,-21,13.5,12753
device_uplink,1788962485000000000,70b3d57ed00778cc,-23,13,12754
device_uplink,1788962501000000000,70b3d57ed00778cc,-23,13.5,12755
device_uplink,1788962517000000000,70b3d57ed00778cc,-24,10.2,12756
device_uplink,1788962533000000000,70b3d57ed00778cc,-24,13.8,12757
device_uplink,1788962551000000000,70b3d57ed00778cc,-25,13.8,12758
device_uplink,1788962567000000000,70b3d57ed00778cc,-25,13,12759
device_uplink,1788962583000000000,70b3d57ed00778cc,-25,13.8,12760
device_uplink,1788962599000000000,70b3d57ed00778cc,-22,13.8,12761
device_uplink,1788962615000000000,70b3d57ed00778cc,-23,10.5,12762
device_uplink,1788962631000000000,70b3d57ed00778cc,-24,13.5,12763
device_uplink,1788962649000000000,70b3d57ed00778cc,-23,13.2,12764
device_uplink,1788962666000000000,70b3d57ed00778cc,-23,14,12765
device_uplink,1788962681000000000,70b3d57ed00778cc,-23,13.2,12766
device_uplink,1788962697000000000,70b3d57ed00778cc,-22,13.8,12767
device_uplink,1788962713000000000,70b3d57ed00778cc,-22,13.5,12768
device_uplink,1788962729000000000,70b3d57ed00778cc,-22,13.5,12769
device_uplink,1788962745000000000,70b3d57ed00778cc,-23,13.5,12770
device_uplink,1788962761000000000,70b3d57ed00778cc,-22,12,12771
device_uplink,1788962779000000000,70b3d57ed00778cc,-24,12.2,12772
device_uplink,1788962795000000000,70b3d57ed00778cc,-23,14.2,12773
device_uplink,1788962811000000000,70b3d57ed00778cc,-22,8.8,12774
device_uplink,1788962827000000000,70b3d57ed00778cc,-24,11.8,12775
device_uplink,1788962843000000000,70b3d57ed00778cc,-23,13.5,12776
device_uplink,1788962859000000000,70b3d57ed00778cc,-24,13.5,12777
device_uplink,1788962875000000000,70b3d57ed00778cc,-26,13.8,12778
device_uplink,1788962891000000000,70b3d57ed00778cc,-24,13,12779
device_uplink,1788962909000000000,70b3d57ed00778cc,-22,13.5,12780
device_uplink,1788962925000000000,70b3d57ed00778cc,-22,13.2,12781
device_uplink,1788962941000000000,70b3d57ed00778cc,-23,13.2,12782
device_uplink,1788962957000000000,70b3d57ed00778cc,-23,10.5,12783
device_uplink,1788962973000000000,70b3d57ed00778cc,-26,13.2,12784
device_uplink,1788962989000000000,70b3d57ed00778cc,-26,13.5,12785
device_uplink,1788963005000000000,70b3d57ed00778cc,-26,13.8,12786
device_uplink,1788963021000000000,70b3d57ed00778cc,-25,14,12787
device_uplink,1788963039000000000,70b3d57ed00778cc,-20,13.5,12788
device_uplink,1788963055000000000,70b3d57ed00778cc,-21,10,12789
device_uplink,1788963071000000000,70b3d57ed00778cc,-21,14.5,12790
device_uplink,1788963087000000000,70b3d57ed00778cc,-24,13.5,12791
device_uplink,1788963103000000000,70b3d57ed00778cc,-23,13.8,12792
device_uplink,1788963119000000000,70b3d57ed00778cc,-22,13.8,12793
device_uplink,1788963135000000000,70b3d57ed00778cc,-24,13.5,12794
device_uplink,1788963151000000000,70b3d57ed00778cc,-25,13.8,12795
device_uplink,1788963169000000000,70b3d57ed00778cc,-24,13.8,12796
device_uplink,1788963185000000000,70b3d57ed00778cc,-24,13.8,12797
device_uplink,1788963201000000000,70b3d57ed00778cc,-23,13.5,12798
device_uplink,1788963217000000000,70b3d57ed00778cc,-20,11.5,12799
device_uplink,1788963233000000000,70b3d57ed00778cc,-20,13.8,12800
device_uplink,1788963249000000000,70b3d57ed00778cc,-21,13.8,12801
device_uplink,1788963265000000000,70b3d57ed00778cc,-21,14.2,12802
device_uplink,1788963281000000000,70b3d57ed00778cc,-21,13.5,12803
device_uplink,1788963299000000000,70b3d57ed00778cc,-21,14,12804
device_uplink,1788963315000000000,70b3d57ed00778cc,-21,13.5,12805
device_uplink,1788963317000000000,70b3d57ed0077801,-25,13.5,159
device_uplink,1788963331000000000,70b3d57ed00778cc,-21,9,12806
device_uplink,1788963347000000000,70b3d57ed00778cc,-22,14.2,12807
device_uplink,1788963363000000000,70b3d57ed00778cc,-22,13.8,12808
device_uplink,1788963379000000000,70b3d57ed00778cc,-22,13.8,12809
device_uplink,1788963395000000000,70b3d57ed00778cc,-21,14.2,12810
device_uplink,1788963413000000000,70b3d57ed00778cc,-21,14.2,12811
device_uplink,1788963429000000000,70b3d57ed00778cc,-22,13.5,12812
device_uplink,1788963445000000000,70b3d57ed00778cc,-22,13.5,12813
device_uplink,1788963461000000000,70b3d57ed00778cc,-21,14,12814
device_uplink,1788963477000000000,70b3d57ed00778cc,-26,11,12815
device_uplink,1788963493000000000,70b3d57ed00778cc,-26,13,12816
device_uplink,1788963509000000000,70b3d57ed00778cc,-23,14,12817
device_uplink,1788963525000000000,70b3d57ed00778cc,-23,13.2,12818
device_uplink,1788963541000000000,70b3d57ed00778cc,-24,13.5,12819
device_uplink,1788963559000000000,70b3d57ed00778cc,-24,14,12820
device_uplink,1788963575000000000,70b3d57ed00778cc,-28,13.8,12821
device_uplink,1788963591000000000,70b3d57ed00778cc,-21,13.8,12822
device_uplink,1788963607000000000,70b3d57ed00778cc,-21,11,12823
device_uplink,1788963623000000000,70b3d57ed00778cc,-22,14,12824
device_uplink,1788963639000000000,70b3d57ed00778cc,-24,13.2,12825
device_uplink,1788963657000000000,70b3d57ed00778cc,-24,13.5,12826
device_uplink,1788963673000000000,70b3d57ed00778cc,-27,13.8,12827
device_uplink,1788963689000000000,70b3d57ed00778cc,-29,12,12828
device_uplink,1788963705000000000,70b3d57ed00778cc,-30,13,12829
device_uplink,1788963721000000000,70b3d57ed00778cc,-28,9.5,12830
device_uplink,1788963737000000000,70b3d57ed00778cc,-22,13.5,12831
device_uplink,1788963753000000000,70b3d57ed00778cc,-23,13.8,12832
device_uplink,1788963769000000000,70b3d57ed00778cc,-23,13.5,12833
device_uplink,1788963787000000000,70b3d57ed00778cc,-21,13.8,12834
device_uplink,1788963803000000000,70b3d57ed00778cc,-22,9.5,12835
device_uplink,1788963819000000000,70b3d57ed00778cc,-21,14.2,12836
device_uplink,1788963835000000000,70b3d57ed00778cc,-21,14,12837
device_uplink,1788963851000000000,70b3d57ed00778cc,-24,13.2,12838
device_uplink,1788963867000000000,70b3d57ed00778cc,-24,12.8,12839
device_uplink,1788963883000000000,70b3d57ed00778cc,-24,13.2,12840
device_uplink,1788963899000000000,70b3d57ed00778cc,-24,12.8,12841
device_uplink,1788963917000000000,70b3d57ed00778cc,-25,14,12842
device_uplink,1788963933000000000,70b3d57ed00778cc,-41,9.5,12843
device_uplink,1788963949000000000,70b3d57ed00778cc,-20,13.5,12844
device_uplink,1788963965000000000,70b3d57ed00778cc,-21,14.2,12845
device_uplink,1788963981000000000,70b3d57ed00778cc,-22,13.5,12846
device_uplink,1788963997000000000,70b3d57ed00778cc,-23,13.2,12847
device_uplink,1788964013000000000,70b3d57ed00778cc,-23,13.2,12848
device_uplink,1788964031000000000,70b3d57ed00778cc,-21,13.8,12849
device_uplink,1788964047000000000,70b3d57ed00778cc,-22,8.8,12850
device_uplink,1788964063000000000,70b3d57ed00778cc,-22,13.8,12851
device_uplink,1788964079000000000,70b3d57ed00778cc,-23,14,12852
device_uplink,1788964095000000000,70b3d57ed00778cc,-21,14.5,12853
device_uplink,1788964111000000000,70b3d57ed00778cc,-21,13.8,12854
device_uplink,1788964127000000000,70b3d57ed00778cc,-21,14.2,12855
device_uplink,1788964143000000000,70b3d57ed00778cc,-21,14.5,12856
device_uplink,1788964161000000000,70b3d57ed00778cc,-22,14,12857
device_uplink,1788964177000000000,70b3d57ed00778cc,-21,9,12858
device_uplink,1788964193000000000,70b3d57ed00778cc,-21,14.2,12859
device_uplink,1788964209000000000,70b3d57ed00778cc,-22,13.8,12860
device_uplink,1788964225000000000,70b3d57ed0077801,-31,12.2,160
device_uplink,1788964225000000000,70b3d57ed00778cc,-23,13.8,12861
device_uplink,1788964241000000000,70b3d57ed00778cc,-23,13.2,12862
device_uplink,1788964257000000000,70b3d57ed00778cc,-22,13.8,12863
device_uplink,1788964273000000000,70b3d57ed00778cc,-23,13.5,12864
device_uplink,1788964291000000000,70b3d57ed00778cc,-23,13.8,12865
device_uplink,1788964307000000000,70b3d57ed00778cc,-22,13.5,12866
device_uplink,1788964323000000000,70b3d57ed00778cc,-22,14,12867
device_uplink,1788964339000000000,70b3d57ed00778cc,-24,13.8,12868
device_uplink,1788964355000000000,70b3d57ed00778cc,-23,10.2,12869
device_uplink,1788964371000000000,70b3d57ed00778cc,-23,13.5,12870
device_uplink,1788964387000000000,70b3d57ed00778cc,-23,13.5,12871
device_uplink,1788964405000000000,70b3d57ed00778cc,-23,13.5,12872
device_uplink,1788964421000000000,70b3d57ed00778cc,-23,13.5,12873
device_uplink,1788964437000000000,70b3d57ed00778cc,-23,13.5,12874
device_uplink,1788964453000000000,70b3d57ed00778cc,-23,10.2,12875
device_uplink,1788964469000000000,70b3d57ed00778cc,-23,14.2,12876
device_uplink,1788964485000000000,70b3d57ed00778cc,-23,13.8,12877
device_uplink,1788964501000000000,70b3d57ed00778cc,-23,13.5,12878
device_uplink,1788964517000000000,70b3d57ed00778cc,-23,14,12879
device_uplink,1788964535000000000,70b3d57ed00778cc,-23,13.5,12880
device_uplink,1788964551000000000,70b3d57ed00778cc,-23,13.8,12881
device_uplink,1788964567000000000,70b3d57ed00778cc,-23,13.5,12882
device_uplink,1788964583000000000,70b3d57ed00778cc,-23,13.8,12883
device_uplink,1788964599000000000,70b3d57ed00778cc,-23,13.2,12884
device_uplink,1788964615000000000,70b3d57ed00778cc,-27,13.5,12885
device_uplink,1788964631000000000,70b3d57ed00778cc,-27,13.5,12886
device_uplink,1788964647000000000,70b3d57ed00778cc,-22,13.8,12887
device_uplink,1788964665000000000,70b3d57ed00778cc,-23,10,12888
device_uplink,1788964681000000000,70b3d57ed00778cc,-23,13.8,12889
device_uplink,1788964697000000000,70b3d57ed00778cc,-22,13.8,12890
device_uplink,1788964713000000000,70b3d57ed00778cc,-23,13.5,12891
device_uplink,1788964729000000000,70b3d57ed00778cc,-23,13.5,12892
device_uplink,1788964745000000000,70b3d57ed00778cc,-23,13.8,12893
device_uplink,1788964761000000000,70b3d57ed00778cc,-24,13.2,12894
device_uplink,1788964777000000000,70b3d57ed00778cc,-23,13.8,12895
device_uplink,1788964795000000000,70b3d57ed00778cc,-23,10.5,12896
device_uplink,1788964811000000000,70b3d57ed00778cc,-23,13.8,12897
device_uplink,1788964827000000000,70b3d57ed00778cc,-23,13.5,12898
device_uplink,1788964843000000000,70b3d57ed00778cc,-23,14,12899
device_uplink,1788964859000000000,70b3d57ed00778cc,-23,13.5,12900
device_uplink,1788964875000000000,70b3d57ed00778cc,-24,13.5,12901
device_uplink,1788964893000000000,70b3d57ed00778cc,-24,13.5,12902
device_uplink,1788964909000000000,70b3d57ed00778cc,-23,13.8,12903
device_uplink,1788964925000000000,70b3d57ed00778cc,-26,11.2,12904
device_uplink,1788964941000000000,70b3d57ed00778cc,-26,13.2,12905
device_uplink,1788964957000000000,70b3d57ed00778cc,-23,14,12906
device_uplink,1788964973000000000,70b3d57ed00778cc,-22,13.2,12907
device_uplink,1788964989000000000,70b3d57ed00778cc,-23,10.5,12908
device_uplink,1788965005000000000,70b3d57ed00778cc,-23,13.5,12909
device_uplink,1788965023000000000,70b3d57ed00778cc,-23,13.5,12910
device_uplink,1788965039000000000,70b3d57ed00778cc,-24,13.5,12911
device_uplink,1788965055000000000,70b3d57ed00778cc,-27,13.8,12912
device_uplink,1788965071000000000,70b3d57ed00778cc,-25,13.8,12913
device_uplink,1788965087000000000,70b3d57ed00778cc,-24,13.8,12914
device_uplink,1788965103000000000,70b3d57ed00778cc,-24,13.8,12915
device_uplink,1788965119000000000,70b3d57ed00778cc,-24,14.2,12916
device_uplink,1788965134000000000,70b3d57ed0077801,-38,8.8,161
device_uplink,1788965135000000000,70b3d57ed00778cc,-23,13.5,12917
device_uplink,1788965153000000000,70b3d57ed00778cc,-24,13,12918
device_uplink,1788965169000000000,70b3d57ed00778cc,-24,9.5,12919
device_uplink,1788965185000000000,70b3d57ed00778cc,-24,13.2,12920
device_uplink,1788965201000000000,70b3d57ed00778cc,-25,14.5,12921
device_uplink,1788965217000000000,70b3d57ed00778cc,-24,12.8,12922
device_uplink,1788965233000000000,70b3d57ed00778cc,-24,13.2,12923
device_uplink,1788965249000000000,70b3d57ed00778cc,-24,9.5,12924
device_uplink,1788965265000000000,70b3d57ed00778cc,-27,13.8,12925
device_uplink,1788965283000000000,70b3d57ed00778cc,-28,14,12926
device_uplink,1788965299000000000,70b3d57ed00778cc,-30,13,12927
device_uplink,1788965315000000000,70b3d57ed00778cc,-29,12.2,12928
device_uplink,1788965331000000000,70b3d57ed00778cc,-24,13.8,12929
device_uplink,1788965347000000000,70b3d57ed00778cc,-24,13.5,12930
device_uplink,1788965363000000000,70b3d57ed00778cc,-26,11,12931
device_uplink,1788965379000000000,70b3d57ed00778cc,-26,14,12932
device_uplink,1788965395000000000,70b3d57ed00778cc,-27,14.2,12933
device_uplink,1788965413000000000,70b3d57ed00778cc,-24,13.8,12934
device_uplink,1788965429000000000,70b3d57ed00778cc,-25,13,12935
device_uplink,1788965445000000000,70b3d57ed00778cc,-24,13.2,12936
device_uplink,1788965461000000000,70b3d57ed00778cc,-24,13.8,12937
device_uplink,1788965477000000000,70b3d57ed00778cc,-24,9.8,12938
device_uplink,1788965493000000000,70b3d57ed00778cc,-24,14,12939
device_uplink,1788965509000000000,70b3d57ed00778cc,-24,14,12940
device_uplink,1788965525000000000,70b3d57ed00778cc,-24,13,12941
device_uplink,1788965543000000000,70b3d57ed00778cc,-23,13.5,12942
device_uplink,1788965559000000000,70b3d57ed00778cc,-24,12.5,12943
device_uplink,1788965575000000000,70b3d57ed00778cc,-24,13.5,12944
device_uplink,1788965591000000000,70b3d57ed00778cc,-24,13.5,12945
device_uplink,1788965607000000000,70b3d57ed00778cc,-23,13.5,12946
device_uplink,1788965623000000000,70b3d57ed00778cc,-24,13.5,12947
device_uplink,1788965639000000000,70b3d57ed00778cc,-22,13.5,12948
device_uplink,1788965655000000000,70b3d57ed00778cc,-22,14,12949
device_uplink,1788965673000000000,70b3d57ed00778cc,-22,13.5,12950
device_uplink,1788965689000000000,70b3d57ed00778cc,-21,9.8,12951
device_uplink,1788965705000000000,70b3d57ed00778cc,-22,13.5,12952
device_uplink,1788965721000000000,70b3d57ed00778cc,-22,14,12953
device_uplink,1788965737000000000,70b3d57ed00778cc,-21,14.2,12954
device_uplink,1788965753000000000,70b3d57ed00778cc,-22,14,12955
device_uplink,1788965769000000000,70b3d57ed00778cc,-24,10,12956
device_uplink,1788965785000000000,70b3d57ed00778cc,-25,14,12957
device_uplink,1788965803000000000,70b3d57ed00778cc,-24,13.2,12958
device_uplink,1788965819000000000,70b3d57ed00778cc,-25,12.8,12959
device_uplink,1788965835000000000,70b3d57ed00778cc,-25,14.2,12960
device_uplink,1788965851000000000,70b3d57ed00778cc,-23,13,12961
device_uplink,1788965867000000000,70b3d57ed00778cc,-24,12.8,12962
device_uplink,1788965883000000000,70b3d57ed00778cc,-24,13.5,12963
device_uplink,1788965899000000000,70b3d57ed00778cc,-24,10,12964
device_uplink,1788965915000000000,70b3d57ed00778cc,-23,13.5,12965
device_uplink,1788965933000000000,70b3d57ed00778cc,-24,13.8,12966
device_uplink,1788965949000000000,70b3d57ed00778cc,-23,13.8,12967
device_uplink,1788965965000000000,70b3d57ed00778cc,-24,13.5,12968
device_uplink,1788965981000000000,70b3d57ed00778cc,-24,13.2,12969
device_uplink,1788965997000000000,70b3d57ed00778cc,-22,9.2,12970
device_uplink,1788966013000000000,70b3d57ed00778cc,-22,13.5,12971
device_uplink,1788966029000000000,70b3d57ed00778cc,-23,13.5,12972
device_uplink,1788966042000000000,70b3d57ed0077801,-34,13,162
device_uplink,1788966045000000000,70b3d57ed00778cc,-23,13.5,12973
device_uplink,1788966063000000000,70b3d57ed00778cc,-23,13.2,12974
device_uplink,1788966079000000000,70b3d57ed00778cc,-24,14,12975
device_uplink,1788966095000000000,70b3d57ed00778cc,-23,13.8,12976
device_uplink,1788966111000000000,70b3d57ed00778cc,-23,14,12977
device_uplink,1788966127000000000,70b3d57ed00778cc,-24,13,12978
device_uplink,1788966143000000000,70b3d57ed00778cc,-24,13.2,12979
device_uplink,1788966159000000000,70b3d57ed00778cc,-23,13.2,12980
device_uplink,1788966175000000000,70b3d57ed00778cc,-22,9.8,12981
device_uplink,1788966193000000000,70b3d57ed00778cc,-23,13.5,12982
device_uplink,1788966209000000000,70b3d57ed00778cc,-23,14,12983
device_uplink,1788966225000000000,70b3d57ed00778cc,-24,11.5,12984
device_uplink,1788966241000000000,70b3d57ed00778cc,-23,13.2,12985
device_uplink,1788966257000000000,70b3d57ed00778cc,-24,13.8,12986
device_uplink,1788966273000000000,70b3d57ed00778cc,-25,13.5,12987
device_uplink,1788966291000000000,70b3d57ed00778cc,-24,9.2,12988
device_uplink,1788966307000000000,70b3d57ed00778cc,-24,13.5,12989
device_uplink,1788966323000000000,70b3d57ed00778cc,-25,13.8,12990
device_uplink,1788966339000000000,70b3d57ed00778cc,-23,13.8,12991
device_uplink,1788966355000000000,70b3d57ed00778cc,-23,14,12992
device_uplink,1788966371000000000,70b3d57ed00778cc,-24,12.8,12993
device_uplink,1788966389000000000,70b3d57ed00778cc,-25,13.5,12994
device_uplink,1788966405000000000,70b3d57ed00778cc,-24,9.8,12995
device_uplink,1788966421000000000,70b3d57ed00778cc,-23,13.8,12996
device_uplink,1788966437000000000,70b3d57ed00778cc,-25,13.8,12997
device_uplink,1788966453000000000,70b3d57ed00778cc,-24,13.8,12998
device_uplink,1788966469000000000,70b3d57ed00778cc,-23,13.5,12999
device_uplink,1788966485000000000,70b3d57ed00778cc,-25,13,13000
device_uplink,1788966501000000000,70b3d57ed00778cc,-23,13.5,13001
device_uplink,1788966519000000000,70b3d57ed00778cc,-24,10.2,13002
device_uplink,1788966535000000000,70b3d57ed00778cc,-23,13.8,13003
device_uplink,1788966551000000000,70b3d57ed00778cc,-23,13.5,13004
device_uplink,1788966567000000000,70b3d57ed00778cc,-24,13.8,13005
device_uplink,1788966583000000000,70b3d57ed00778cc,-27,14,13006
device_uplink,1788966599000000000,70b3d57ed00778cc,-26,13.2,13007
device_uplink,1788966615000000000,70b3d57ed00778cc,-27,13.5,13008
device_uplink,1788966631000000000,70b3d57ed00778cc,-26,13.2,13009
device_uplink,1788966649000000000,70b3d57ed00778cc,-26,13.2,13010
device_uplink,1788966665000000000,70b3d57ed00778cc,-26,13,13011
device_uplink,1788966681000000000,70b3d57ed00778cc,-24,9.2,13012
device_uplink,1788966697000000000,70b3d57ed00778cc,-25,13.5,13013
device_uplink,1788966713000000000,70b3d57ed00778cc,-24,13.5,13014
device_uplink,1788966729000000000,70b3d57ed00778cc,-25,13.2,13015
device_uplink,1788966745000000000,70b3d57ed00778cc,-24,13.8,13016
device_uplink,1788966761000000000,70b3d57ed00778cc,-25,13.8,13017
device_uplink,1788966779000000000,70b3d57ed00778cc,-24,14,13018
device_uplink,1788966795000000000,70b3d57ed00778cc,-23,13.8,13019
device_uplink,1788966811000000000,70b3d57ed00778cc,-23,10,13020
device_uplink,1788966827000000000,70b3d57ed00778cc,-28,14.2,13021
device_uplink,1788966843000000000,70b3d57ed00778cc,-26,13.5,13022
device_uplink,1788966859000000000,70b3d57ed00778cc,-24,13.2,13023
device_uplink,1788966875000000000,70b3d57ed00778cc,-24,13.8,13024
device_uplink,1788966893000000000,70b3d57ed00778cc,-24,11.5,13025
device_uplink,1788966909000000000,70b3d57ed00778cc,-30,12.8,13026
device_uplink,1788966925000000000,70b3d57ed00778cc,-28,14,13027
device_uplink,1788966941000000000,70b3d57ed00778cc,-30,12,13028
device_uplink,1788966950000000000,70b3d57ed0077801,-51,3,163
device_uplink,1788966957000000000,70b3d57ed00778cc,-27,13.8,13029
device_uplink,1788966973000000000,70b3d57ed00778cc,-27,11.2,13030
device_uplink,1788966989000000000,70b3d57ed00778cc,-28,13.5,13031
device_uplink,1788967005000000000,70b3d57ed00778cc,-29,14.2,13032
device_uplink,1788967023000000000,70b3d57ed00778cc,-29,14,13033
device_uplink,1788967039000000000,70b3d57ed00778cc,-25,14,13034
device_uplink,1788967055000000000,70b3d57ed00778cc,-28,14.2,13035
device_uplink,1788967071000000000,70b3d57ed00778cc,-31,13,13036
device_uplink,1788967087000000000,70b3d57ed00778cc,-25,14.5,13037
device_uplink,1788967103000000000,70b3d57ed00778cc,-26,13,13038
device_uplink,1788967119000000000,70b3d57ed00778cc,-25,12.5,13039
device_uplink,1788967135000000000,70b3d57ed00778cc,-28,9.5,13040
device_uplink,1788967151000000000,70b3d57ed00778cc,-28,14,13041
device_uplink,1788967169000000000,70b3d57ed00778cc,-23,10,13042
device_uplink,1788967185000000000,70b3d57ed00778cc,-23,13.5,13043
device_uplink,1788967201000000000,70b3d57ed00778cc,-25,14.2,13044
device_uplink,1788967217000000000,70b3d57ed00778cc,-23,13.8,13045
device_uplink,1788967233000000000,70b3d57ed00778cc,-23,13.8,13046
device_uplink,1788967249000000000,70b3d57ed00778cc,-27,13.8,13047
device_uplink,1788967265000000000,70b3d57ed00778cc,-27,13,13048
device_uplink,1788967281000000000,70b3d57ed00778cc,-27,14.2,13049
device_uplink,1788967299000000000,70b3d57ed00778cc,-24,14,13050
device_uplink,1788967315000000000,70b3d57ed00778cc,-23,13.5,13051
device_uplink,1788967331000000000,70b3d57ed00778cc,-25,11,13052
device_uplink,1788967347000000000,70b3d57ed00778cc,-26,13.5,13053
device_uplink,1788967363000000000,70b3d57ed00778cc,-24,13.5,13054
device_uplink,1788967379000000000,70b3d57ed00778cc,-27,13.8,13055
device_uplink,1788967395000000000,70b3d57ed00778cc,-24,13.8,13056
device_uplink,1788967413000000000,70b3d57ed00778cc,-24,12.5,13057
device_uplink,1788967429000000000,70b3d57ed00778cc,-24,13,13058
device_uplink,1788967445000000000,70b3d57ed00778cc,-25,14,13059
device_uplink,1788967461000000000,70b3d57ed00778cc,-25,13.5,13060
device_uplink,1788967477000000000,70b3d57ed00778cc,-25,13.8,13061
device_uplink,1788967493000000000,70b3d57ed00778cc,-25,14.8,13062
device_uplink,1788967509000000000,70b3d57ed00778cc,-23,10.5,13063
device_uplink,1788967527000000000,70b3d57ed00778cc,-23,13.2,13064
device_uplink,1788967543000000000,70b3d57ed00778cc,-24,12.5,13065
device_uplink,1788967559000000000,70b3d57ed00778cc,-23,13.5,13066
device_uplink,1788967575000000000,70b3d57ed00778cc,-31,14,13067
device_uplink,1788967591000000000,70b3d57ed00778cc,-26,12.8,13068
device_uplink,1788967607000000000,70b3d57ed00778cc,-26,13.2,13069
device_uplink,1788967623000000000,70b3d57ed00778cc,-25,13.8,13070
device_uplink,1788967639000000000,70b3d57ed00778cc,-29,11.5,13071
device_uplink,1788967657000000000,70b3d57ed00778cc,-24,13.8,13072
device_uplink,1788967673000000000,70b3d57ed00778cc,-24,10.5,13073
device_uplink,1788967689000000000,70b3d57ed00778cc,-24,9.5,13074
device_uplink,1788967705000000000,70b3d57ed00778cc,-26,13.2,13075
device_uplink,1788967721000000000,70b3d57ed00778cc,-26,11.8,13076
device_uplink,1788967737000000000,70b3d57ed00778cc,-26,13,13077
device_uplink,1788967753000000000,70b3d57ed00778cc,-23,13.8,13078
device_uplink,1788967769000000000,70b3d57ed00778cc,-23,13.2,13079
device_uplink,1788967787000000000,70b3d57ed00778cc,-24,13.8,13080
device_uplink,1788967803000000000,70b3d57ed00778cc,-27,13.5,13081
device_uplink,1788967819000000000,70b3d57ed00778cc,-25,13.8,13082
device_uplink,1788967835000000000,70b3d57ed00778cc,-25,11,13083
device_uplink,1788967851000000000,70b3d57ed00778cc,-25,13.5,13084
device_uplink,1788967859000000000,70b3d57ed0077801,-36,10.2,164
device_uplink,1788967867000000000,70b3d57ed00778cc,-25,13.2,13085
device_uplink,1788967883000000000,70b3d57ed00778cc,-22,13.8,13086
device_uplink,1788967899000000000,70b3d57ed00778cc,-23,14,13087
device_uplink,1788967917000000000,70b3d57ed00778cc,-23,13.5,13088
device_uplink,1788967933000000000,70b3d57ed00778cc,-23,13.2,13089
device_uplink,1788967949000000000,70b3d57ed00778cc,-22,13.8,13090
device_uplink,1788967965000000000,70b3d57ed00778cc,-23,13,13091
device_uplink,1788967981000000000,70b3d57ed00778cc,-23,13,13092
device_uplink,1788967997000000000,70b3d57ed00778cc,-24,13.2,13093
device_uplink,1788968013000000000,70b3d57ed00778cc,-23,13.5,13094
device_uplink,1788968029000000000,70b3d57ed00778cc,-23,13.2,13095
device_uplink,1788968047000000000,70b3d57ed00778cc,-23,10.2,13096
device_uplink,1788968063000000000,70b3d57ed00778cc,-24,13.8,13097
device_uplink,1788968079000000000,70b3d57ed00778cc,-26,13.2,13098
device_uplink,1788968095000000000,70b3d57ed00778cc,-25,13.2,13099
device_uplink,1788968111000000000,70b3d57ed00778cc,-23,14,13100
device_uplink,1788968127000000000,70b3d57ed00778cc,-24,13.8,13101
device_uplink,1788968143000000000,70b3d57ed00778cc,-25,14.5,13102
device_uplink,1788968159000000000,70b3d57ed00778cc,-25,13.5,13103
device_uplink,1788968177000000000,70b3d57ed00778cc,-25,11.2,13104
device_uplink,1788968193000000000,70b3d57ed00778cc,-25,14,13105
device_uplink,1788968209000000000,70b3d57ed00778cc,-22,14,13106
device_uplink,1788968225000000000,70b3d57ed00778cc,-23,13.5,13107
device_uplink,1788968241000000000,70b3d57ed00778cc,-21,8.8,13108
device_uplink,1788968257000000000,70b3d57ed00778cc,-24,13.5,13109
device_uplink,1788968273000000000,70b3d57ed00778cc,-23,14.2,13110
device_uplink,1788968291000000000,70b3d57ed00778cc,-21,13.8,13111
device_uplink,1788968307000000000,70b3d57ed00778cc,-25,13.5,13112
device_uplink,1788968323000000000,70b3d57ed00778cc,-25,13.5,13113
device_uplink,1788968339000000000,70b3d57ed00778cc,-24,12.5,13114
device_uplink,1788968355000000000,70b3d57ed00778cc,-24,13.2,13115
device_uplink,1788968371000000000,70b3d57ed00778cc,-25,13.8,13116
device_uplink,1788968387000000000,70b3d57ed00778cc,-23,13.8,13117
device_uplink,1788968403000000000,70b3d57ed00778cc,-23,14,13118
device_uplink,1788968419000000000,70b3d57ed00778cc,-24,9.5,13119
device_uplink,1788968437000000000,70b3d57ed00778cc,-23,14,13120
device_uplink,1788968453000000000,70b3d57ed00778cc,-24,12.5,13121
device_uplink,1788968469000000000,70b3d57ed00778cc,-23,13,13122
device_uplink,1788968485000000000,70b3d57ed00778cc,-21,14,13123
device_uplink,1788968501000000000,70b3d57ed00778cc,-24,13.5,13124
device_uplink,1788968517000000000,70b3d57ed00778cc,-22,14.5,13125
device_uplink,1788968535000000000,70b3d57ed00778cc,-21,10.2,13126
device_uplink,1788968551000000000,70b3d57ed00778cc,-22,13.8,13127
device_uplink,1788968567000000000,70b3d57ed00778cc,-22,14,13128
device_uplink,1788968583000000000,70b3d57ed00778cc,-21,13.8,13129
device_uplink,1788968599000000000,70b3d57ed00778cc,-21,14.5,13130
device_uplink,1788968615000000000,70b3d57ed00778cc,-24,13.5,13131
device_uplink,1788968631000000000,70b3d57ed00778cc,-21,13.8,13132
device_uplink,1788968647000000000,70b3d57ed00778cc,-21,13,13133
device_uplink,1788968665000000000,70b3d57ed00778cc,-21,13.8,13134
device_uplink,1788968681000000000,70b3d57ed00778cc,-21,14.5,13135
device_uplink,1788968697000000000,70b3d57ed00778cc,-21,10,13136
device_uplink,1788968713000000000,70b3d57ed00778cc,-23,13.8,13137
device_uplink,1788968729000000000,70b3d57ed00778cc,-22,13.5,13138
device_uplink,1788968745000000000,70b3d57ed00778cc,-22,13.5,13139
device_uplink,1788968761000000000,70b3d57ed00778cc,-21,14.5,13140
device_uplink,1788968767000000000,70b3d57ed0077801,-31,13,165
device_uplink,1788968777000000000,70b3d57ed00778cc,-22,13.5,13141
device_uplink,1788968795000000000,70b3d57ed00778cc,-24,13.2,13142
device_uplink,1788968811000000000,70b3d57ed00778cc,-21,13.5,13143
device_uplink,1788968827000000000,70b3d57ed00778cc,-21,10.5,13144
device_uplink,1788968843000000000,70b3d57ed00778cc,-21,13.8,13145
device_uplink,1788968859000000000,70b3d57ed00778cc,-21,14.2,13146
device_uplink,1788968875000000000,70b3d57ed00778cc,-22,13.5,13147
device_uplink,1788968891000000000,70b3d57ed00778cc,-22,14,13148
device_uplink,1788968907000000000,70b3d57ed00778cc,-21,13.8,13149
device_uplink,1788968923000000000,70b3d57ed00778cc,-21,9.8,13150
device_uplink,1788968941000000000,70b3d57ed00778cc,-31,10.8,13151
device_uplink,1788968957000000000,70b3d57ed00778cc,-22,14,13152
device_uplink,1788968973000000000,70b3d57ed00778cc,-23,13.5,13153
device_uplink,1788968989000000000,70b3d57ed00778cc,-23,13,13154
device_uplink,1788969005000000000,70b3d57ed00778cc,-22,14,13155
device_uplink,1788969021000000000,70b3d57ed00778cc,-23,13,13156
device_uplink,1788969037000000000,70b3d57ed00778cc,-22,13.2,13157
device_uplink,1788969053000000000,70b3d57ed00778cc,-23,10.5,13158
device_uplink,1788969071000000000,70b3d57ed00778cc,-21,6.5,13159
device_uplink,1788969087000000000,70b3d57ed00778cc,-21,13.8,13160
device_uplink,1788969103000000000,70b3d57ed00778cc,-22,13.5,13161
device_uplink,1788969119000000000,70b3d57ed00778cc,-22,14,13162
device_uplink,1788969135000000000,70b3d57ed00778cc,-22,13.5,13163
device_uplink,1788969151000000000,70b3d57ed00778cc,-22,9.5,13164
device_uplink,1788969167000000000,70b3d57ed00778cc,-22,10.5,13165
device_uplink,1788969183000000000,70b3d57ed00778cc,-23,13.5,13166
device_uplink,1788969201000000000,70b3d57ed00778cc,-22,13.8,13167
device_uplink,1788969217000000000,70b3d57ed00778cc,-23,13.8,13168
device_uplink,1788969233000000000,70b3d57ed00778cc,-22,14,13169
device_uplink,1788969249000000000,70b3d57ed00778cc,-24,13.5,13170
device_uplink,1788969265000000000,70b3d57ed00778cc,-23,13,13171
device_uplink,1788969281000000000,70b3d57ed00778cc,-23,13.8,13172
device_uplink,1788969297000000000,70b3d57ed00778cc,-21,14.5,13173
device_uplink,1788969313000000000,70b3d57ed00778cc,-22,13.5,13174
device_uplink,1788969331000000000,70b3d57ed00778cc,-24,9.8,13175
device_uplink,1788969347000000000,70b3d57ed00778cc,-23,13.2,13176
device_uplink,1788969363000000000,70b3d57ed00778cc,-23,13.2,13177
device_uplink,1788969379000000000,70b3d57ed00778cc,-22,14.2,13178
device_uplink,1788969395000000000,70b3d57ed00778cc,-23,13.2,13179
device_uplink,1788969411000000000,70b3d57ed00778cc,-25,13.8,13180
device_uplink,1788969427000000000,70b3d57ed00778cc,-23,13.8,13181
device_uplink,1788969443000000000,70b3d57ed00778cc,-24,12.8,13182
device_uplink,1788969461000000000,70b3d57ed00778cc,-24,9.8,13183
device_uplink,1788969477000000000,70b3d57ed00778cc,-23,13.5,13184
device_uplink,1788969493000000000,70b3d57ed00778cc,-25,13.8,13185
device_uplink,1788969509000000000,70b3d57ed00778cc,-23,10.2,13186
device_uplink,1788969525000000000,70b3d57ed00778cc,-23,13.2,13187
device_uplink,1788969541000000000,70b3d57ed00778cc,-23,13.5,13188
device_uplink,1788969557000000000,70b3d57ed00778cc,-25,13.5,13189
device_uplink,1788969573000000000,70b3d57ed00778cc,-24,13.8,13190
device_uplink,1788969591000000000,70b3d57ed00778cc,-24,13,13191
device_uplink,1788969607000000000,70b3d57ed00778cc,-23,13.5,13192
device_uplink,1788969623000000000,70b3d57ed00778cc,-24,13.5,13193
device_uplink,1788969639000000000,70b3d57ed00778cc,-23,13.8,13194
device_uplink,1788969655000000000,70b3d57ed00778cc,-23,10.5,13195
device_uplink,1788969671000000000,70b3d57ed00778cc,-23,14,13196
device_uplink,1788969676000000000,70b3d57ed0077801,-29,13,166
device_uplink,1788969687000000000,70b3d57ed00778cc,-24,12.2,13197
device_uplink,1788969703000000000,70b3d57ed00778cc,-23,10.2,13198
device_uplink,1788969721000000000,70b3d57ed00778cc,-24,13.5,13199
device_uplink,1788969737000000000,70b3d57ed00778cc,-23,13.8,13200
device_uplink,1788969753000000000,70b3d57ed00778cc,-23,13.8,13201
device_uplink,1788969769000000000,70b3d57ed00778cc,-22,13.2,13202
device_uplink,1788969785000000000,70b3d57ed00778cc,-22,13.8,13203
device_uplink,1788969801000000000,70b3d57ed00778cc,-23,13.5,13204
device_uplink,1788969817000000000,70b3d57ed00778cc,-23,10.2,13205
device_uplink,1788969833000000000,70b3d57ed00778cc,-25,14.2,13206
device_uplink,1788969851000000000,70b3d57ed00778cc,-23,13.8,13207
device_uplink,1788969867000000000,70b3d57ed00778cc,-23,13.5,13208
device_uplink,1788969883000000000,70b3d57ed00778cc,-23,13.8,13209
device_uplink,1788969899000000000,70b3d57ed00778cc,-23,13.8,13210
device_uplink,1788969915000000000,70b3d57ed00778cc,-25,13.2,13211
device_uplink,1788969931000000000,70b3d57ed00778cc,-24,10,13212
device_uplink,1788969947000000000,70b3d57ed00778cc,-24,12.5,13213
device_uplink,1788969963000000000,70b3d57ed00778cc,-24,12.8,13214
device_uplink,1788969979000000000,70b3d57ed00778cc,-23,13.8,13215
device_uplink,1788969997000000000,70b3d57ed00778cc,-24,12.8,13216
device_uplink,1788970013000000000,70b3d57ed00778cc,-22,14.2,13217
device_uplink,1788970029000000000,70b3d57ed00778cc,-23,10.5,13218
device_uplink,1788970045000000000,70b3d57ed00778cc,-24,13,13219
device_uplink,1788970061000000000,70b3d57ed00778cc,-30,12.5,13220
device_uplink,1788970077000000000,70b3d57ed00778cc,-32,13.5,13221
device_uplink,1788970093000000000,70b3d57ed00778cc,-32,13.8,13222
device_uplink,1788970109000000000,70b3d57ed00778cc,-24,12.5,13223
device_uplink,1788970127000000000,70b3d57ed00778cc,-23,13.2,13224
device_uplink,1788970143000000000,70b3d57ed00778cc,-24,13,13225
device_uplink,1788970159000000000,70b3d57ed00778cc,-24,13,13226
device_uplink,1788970175000000000,70b3d57ed00778cc,-27,13.5,13227
device_uplink,1788970191000000000,70b3d57ed00778cc,-24,9.8,13228
device_uplink,1788970207000000000,70b3d57ed00778cc,-26,13.8,13229
device_uplink,1788970223000000000,70b3d57ed00778cc,-25,14.2,13230
device_uplink,1788970239000000000,70b3d57ed00778cc,-26,13,13231
device_uplink,1788970257000000000,70b3d57ed00778cc,-26,13.2,13232
device_uplink,1788970273000000000,70b3d57ed00778cc,-24,13.5,13233
device_uplink,1788970289000000000,70b3d57ed00778cc,-25,13.2,13234
device_uplink,1788970305000000000,70b3d57ed00778cc,-24,13.2,13235
device_uplink,1788970321000000000,70b3d57ed00778cc,-24,13.5,13236
device_uplink,1788970337000000000,70b3d57ed00778cc,-23,13.5,13237
device_uplink,1788970355000000000,70b3d57ed00778cc,-24,9.5,13238
device_uplink,1788970371000000000,70b3d57ed00778cc,-22,13.8,13239
device_uplink,1788970387000000000,70b3d57ed00778cc,-23,13.2,13240
device_uplink,1788970403000000000,70b3d57ed00778cc,-23,13.5,13241
device_uplink,1788970419000000000,70b3d57ed00778cc,-23,13.5,13242
device_uplink,1788970435000000000,70b3d57ed00778cc,-23,10,13243
device_uplink,1788970451000000000,70b3d57ed00778cc,-23,13.2,13244
device_uplink,1788970467000000000,70b3d57ed00778cc,-23,13.2,13245
device_uplink,1788970483000000000,70b3d57ed00778cc,-24,13.5,13246
device_uplink,1788970501000000000,70b3d57ed00778cc,-24,13.8,13247
device_uplink,1788970517000000000,70b3d57ed00778cc,-24,12.5,13248
device_uplink,1788970533000000000,70b3d57ed00778cc,-25,14,13249
device_uplink,1788970549000000000,70b3d57ed00778cc,-24,13.5,13250
device_uplink,1788970565000000000,70b3d57ed00778cc,-23,14,13251
device_uplink,1788970581000000000,70b3d57ed00778cc,-24,9.8,13252
device_uplink,1788970584000000000,70b3d57ed0077801,-33,12.2,167
device_uplink,1788970597000000000,70b3d57ed00778cc,-23,13.8,13253
device_uplink,1788970613000000000,70b3d57ed00778cc,-24,12.5,13254
device_uplink,1788970629000000000,70b3d57ed00778cc,-23,13.2,13255
device_uplink,1788970647000000000,70b3d57ed00778cc,-24,14,13256
device_uplink,1788970663000000000,70b3d57ed00778cc,-24,13.2,13257
device_uplink,1788970679000000000,70b3d57ed00778cc,-22,13.8,13258
device_uplink,1788970695000000000,70b3d57ed00778cc,-23,13.5,13259
device_uplink,1788970711000000000,70b3d57ed00778cc,-24,13.5,13260
device_uplink,1788970727000000000,70b3d57ed00778cc,-23,10.2,13261
device_uplink,1788970745000000000,70b3d57ed00778cc,-23,13.2,13262
device_uplink,1788970761000000000,70b3d57ed00778cc,-24,12.8,13263
device_uplink,1788970777000000000,70b3d57ed00778cc,-24,12.8,13264
device_uplink,1788970793000000000,70b3d57ed00778cc,-25,13.8,13265
device_uplink,1788970809000000000,70b3d57ed00778cc,-25,13.8,13266
device_uplink,1788970825000000000,70b3d57ed00778cc,-24,14,13267
device_uplink,1788970843000000000,70b3d57ed00778cc,-24,13.2,13268
device_uplink,1788970859000000000,70b3d57ed00778cc,-22,9,13269
device_uplink,1788970875000000000,70b3d57ed00778cc,-23,13.2,13270
device_uplink,1788970891000000000,70b3d57ed00778cc,-25,13.8,13271
device_uplink,1788970907000000000,70b3d57ed00778cc,-24,13.8,13272
device_uplink,1788970923000000000,70b3d57ed00778cc,-24,13.8,13273
device_uplink,1788970941000000000,70b3d57ed00778cc,-24,14,13274
device_uplink,1788970957000000000,70b3d57ed00778cc,-24,13.2,13275
device_uplink,1788970973000000000,70b3d57ed00778cc,-23,10,13276
device_uplink,1788970989000000000,70b3d57ed00778cc,-24,13.5,13277
device_uplink,1788971005000000000,70b3d57ed00778cc,-25,13.5,13278
device_uplink,1788971023000000000,70b3d57ed00778cc,-25,14.8,13279
device_uplink,1788971039000000000,70b3d57ed00778cc,-24,12.8,13280
device_uplink,1788971055000000000,70b3d57ed00778cc,-23,13.8,13281
device_uplink,1788971071000000000,70b3d57ed00778cc,-27,13.2,13282
device_uplink,1788971087000000000,70b3d57ed00778cc,-25,11.5,13283
device_uplink,1788971103000000000,70b3d57ed00778cc,-24,13.2,13284
device_uplink,1788971119000000000,70b3d57ed00778cc,-25,13.2,13285
device_uplink,1788971135000000000,70b3d57ed00778cc,-23,13.5,13286
device_uplink,1788971151000000000,70b3d57ed00778cc,-23,13.5,13287
device_uplink,1788971169000000000,70b3d57ed00778cc,-27,13.5,13288
device_uplink,1788971185000000000,70b3d57ed00778cc,-27,13.5,13289
device_uplink,1788971201000000000,70b3d57ed00778cc,-27,13.8,13290
device_uplink,1788971217000000000,70b3d57ed00778cc,-30,13.8,13291
device_uplink,1788971233000000000,70b3d57ed00778cc,-27,13.8,13292
device_uplink,1788971251000000000,70b3d57ed00778cc,-31,13.2,13293
device_uplink,1788971267000000000,70b3d57ed00778cc,-30,11.2,13294
device_uplink,1788971283000000000,70b3d57ed00778cc,-29,13.2,13295
device_uplink,1788971299000000000,70b3d57ed00778cc,-31,10.5,13296
device_uplink,1788971315000000000,70b3d57ed00778cc,-30,12.5,13297
device_uplink,1788971331000000000,70b3d57ed00778cc,-31,13.2,13298
device_uplink,1788971347000000000,70b3d57ed00778cc,-34,13.8,13299
device_uplink,1788971363000000000,70b3d57ed00778cc,-30,12.8,13300
device_uplink,1788971379000000000,70b3d57ed00778cc,-30,12.2,13301
device_uplink,1788971397000000000,70b3d57ed00778cc,-32,13.5,13302
device_uplink,1788971413000000000,70b3d57ed00778cc,-30,11.8,13303
device_uplink,1788971429000000000,70b3d57ed00778cc,-31,11.5,13304
device_uplink,1788971445000000000,70b3d57ed00778cc,-30,13.2,13305
device_uplink,1788971461000000000,70b3d57ed00778cc,-31,11,13306
device_uplink,1788971477000000000,70b3d57ed00778cc,-29,10.5,13307
device_uplink,1788971492000000000,70b3d57ed0077801,-25,11.2,168
device_uplink,1788971495000000000,70b3d57ed00778cc,-33,13.5,13308
device_uplink,1788971511000000000,70b3d57ed00778cc,-29,13.5,13309
device_uplink,1788971527000000000,70b3d57ed00778cc,-30,12.2,13310
device_uplink,1788971543000000000,70b3d57ed00778cc,-30,13,13311
device_uplink,1788971559000000000,70b3d57ed00778cc,-31,13,13312
device_uplink,1788971575000000000,70b3d57ed00778cc,-29,13,13313
device_uplink,1788971591000000000,70b3d57ed00778cc,-30,13.5,13314
device_uplink,1788971607000000000,70b3d57ed00778cc,-31,11,13315
device_uplink,1788971625000000000,70b3d57ed00778cc,-32,13.2,13316
device_uplink,1788971641000000000,70b3d57ed00778cc,-29,14,13317
device_uplink,1788971657000000000,70b3d57ed00778cc,-29,13,13318
device_uplink,1788971673000000000,70b3d57ed00778cc,-34,12.8,13319
device_uplink,1788971689000000000,70b3d57ed00778cc,-29,12.8,13320
device_uplink,1788971705000000000,70b3d57ed00778cc,-30,13.2,13321
device_uplink,1788971721000000000,70b3d57ed00778cc,-30,13.5,13322
device_uplink,1788971737000000000,70b3d57ed00778cc,-31,11.2,13323
device_uplink,1788971755000000000,70b3d57ed00778cc,-32,12.2,13324
device_uplink,1788971771000000000,70b3d57ed00778cc,-29,13.2,13325
device_uplink,1788971787000000000,70b3d57ed00778cc,-30,10.8,13326
device_uplink,1788971803000000000,70b3d57ed00778cc,-29,12.8,13327
device_uplink,1788971819000000000,70b3d57ed00778cc,-29,13.5,13328
device_uplink,1788971835000000000,70b3d57ed00778cc,-30,12.8,13329
device_uplink,1788971851000000000,70b3d57ed00778cc,-30,13.5,13330
device_uplink,1788971867000000000,70b3d57ed00778cc,-30,10,13331
device_uplink,1788971885000000000,70b3d57ed00778cc,-31,12.8,13332
device_uplink,1788971901000000000,70b3d57ed00778cc,-32,13.5,13333
device_uplink,1788971917000000000,70b3d57ed00778cc,-29,13.5,13334
device_uplink,1788971933000000000,70b3d57ed00778cc,-29,13.5,13335
device_uplink,1788971949000000000,70b3d57ed00778cc,-29,13,13336
device_uplink,1788971965000000000,70b3d57ed00778cc,-29,13,13337
device_uplink,1788971981000000000,70b3d57ed00778cc,-29,13,13338
device_uplink,1788971999000000000,70b3d57ed00778cc,-30,10.5,13339
device_uplink,1788972015000000000,70b3d57ed00778cc,-33,13.8,13340
device_uplink,1788972031000000000,70b3d57ed00778cc,-29,14,13341
device_uplink,1788972047000000000,70b3d57ed00778cc,-29,13.2,13342
device_uplink,1788972063000000000,70b3d57ed00778cc,-31,13.5,13343
device_uplink,1788972079000000000,70b3d57ed00778cc,-29,13.2,13344
device_uplink,1788972095000000000,70b3d57ed00778cc,-29,12.5,13345
device_uplink,1788972111000000000,70b3d57ed00778cc,-30,13.5,13346
device_uplink,1788972129000000000,70b3d57ed00778cc,-29,12,13347
device_uplink,1788972145000000000,70b3d57ed00778cc,-30,9.5,13348
device_uplink,1788972161000000000,70b3d57ed00778cc,-28,13.8,13349
device_uplink,1788972193000000000,70b3d57ed00778cc,-32,14,13351
device_uplink,1788972209000000000,70b3d57ed00778cc,-29,13.8,13352
device_uplink,1788972225000000000,70b3d57ed00778cc,-29,14,13353
device_uplink,1788972241000000000,70b3d57ed00778cc,-29,13.5,13354
device_uplink,1788972259000000000,70b3d57ed00778cc,-29,13.2,13355
device_uplink,1788972275000000000,70b3d57ed00778cc,-36,12.8,13356
device_uplink,1788972291000000000,70b3d57ed00778cc,-29,13.8,13357
device_uplink,1788972307000000000,70b3d57ed00778cc,-31,13.8,13358
device_uplink,1788972323000000000,70b3d57ed00778cc,-29,10,13359
device_uplink,1788972339000000000,70b3d57ed00778cc,-29,14,13360
device_uplink,1788972355000000000,70b3d57ed00778cc,-28,14.5,13361
device_uplink,1788972371000000000,70b3d57ed00778cc,-30,10.5,13362
device_uplink,1788972389000000000,70b3d57ed00778cc,-31,13.5,13363
device_uplink,1788972401000000000,70b3d57ed0077801,-24,12,169
device_uplink,1788972405000000000,70b3d57ed00778cc,-29,13.5,13364
device_uplink,1788972421000000000,70b3d57ed00778cc,-31,13.5,13365
device_uplink,1788972437000000000,70b3d57ed00778cc,-29,13.5,13366
device_uplink,1788972453000000000,70b3d57ed00778cc,-28,13.8,13367
device_uplink,1788972469000000000,70b3d57ed00778cc,-28,13.5,13368
device_uplink,1788972485000000000,70b3d57ed00778cc,-29,13.8,13369
device_uplink,1788972501000000000,70b3d57ed00778cc,-29,13.8,13370
device_uplink,1788972517000000000,70b3d57ed00778cc,-29,13.2,13371
device_uplink,1788972535000000000,70b3d57ed00778cc,-32,13,13372
device_uplink,1788972551000000000,70b3d57ed00778cc,-31,13.8,13373
device_uplink,1788972567000000000,70b3d57ed00778cc,-29,13,13374
device_uplink,1788972583000000000,70b3d57ed00778cc,-29,8.8,13375
device_uplink,1788972599000000000,70b3d57ed00778cc,-28,13.5,13376
device_uplink,1788972615000000000,70b3d57ed00778cc,-29,13.8,13377
device_uplink,1788972633000000000,70b3d57ed00778cc,-28,13.5,13378
device_uplink,1788972649000000000,70b3d57ed00778cc,-30,12.2,13379
device_uplink,1788972665000000000,70b3d57ed00778cc,-41,11.2,13380
device_uplink,1788972681000000000,70b3d57ed00778cc,-28,13.8,13381
device_uplink,1788972697000000000,70b3d57ed00778cc,-29,13.5,13382
device_uplink,1788972713000000000,70b3d57ed00778cc,-30,10.5,13383
device_uplink,1788972729000000000,70b3d57ed00778cc,-29,13.5,13384
device_uplink,1788972745000000000,70b3d57ed00778cc,-29,13.5,13385
device_uplink,1788972763000000000,70b3d57ed00778cc,-30,9.5,13386
device_uplink,1788972779000000000,70b3d57ed00778cc,-28,13,13387
device_uplink,1788972795000000000,70b3d57ed00778cc,-32,13.8,13388
device_uplink,1788972811000000000,70b3d57ed00778cc,-35,13.2,13389
device_uplink,1788972827000000000,70b3d57ed00778cc,-29,13.8,13390
device_uplink,1788972843000000000,70b3d57ed00778cc,-29,13.8,13391
device_uplink,1788972859000000000,70b3d57ed00778cc,-29,12.8,13392
device_uplink,1788972877000000000,70b3d57ed00778cc,-29,12.8,13393
device_uplink,1788972893000000000,70b3d57ed00778cc,-32,12.2,13394
device_uplink,1788972909000000000,70b3d57ed00778cc,-30,12.8,13395
device_uplink,1788972925000000000,70b3d57ed00778cc,-29,12.5,13396
device_uplink,1788972941000000000,70b3d57ed00778cc,-31,12.8,13397
device_uplink,1788972957000000000,70b3d57ed00778cc,-30,9.8,13398
device_uplink,1788972973000000000,70b3d57ed00778cc,-29,13.8,13399
device_uplink,1788972989000000000,70b3d57ed00778cc,-30,13,13400
device_uplink,1788973005000000000,70b3d57ed00778cc,-30,13,13401
device_uplink,1788973023000000000,70b3d57ed00778cc,-30,13,13402
device_uplink,1788973039000000000,70b3d57ed00778cc,-29,13.5,13403
device_uplink,1788973055000000000,70b3d57ed00778cc,-29,13.2,13404
device_uplink,1788973071000000000,70b3d57ed00778cc,-29,11.5,13405
device_uplink,1788973087000000000,70b3d57ed00778cc,-31,13,13406
device_uplink,1788973103000000000,70b3d57ed00778cc,-32,13.8,13407
device_uplink,1788973121000000000,70b3d57ed00778cc,-30,10.8,13408
device_uplink,1788973137000000000,70b3d57ed00778cc,-30,13,13409
device_uplink,1788973153000000000,70b3d57ed00778cc,-31,12.5,13410
device_uplink,1788973169000000000,70b3d57ed00778cc,-30,13.5,13411
device_uplink,1788973185000000000,70b3d57ed00778cc,-32,13.8,13412
device_uplink,1788973201000000000,70b3d57ed00778cc,-30,10.8,13413
device_uplink,1788973217000000000,70b3d57ed00778cc,-30,11.8,13414
device_uplink,1788973233000000000,70b3d57ed00778cc,-29,13.2,13415
device_uplink,1788973251000000000,70b3d57ed00778cc,-31,13,13416
device_uplink,1788973267000000000,70b3d57ed00778cc,-31,13.5,13417
device_uplink,1788973283000000000,70b3d57ed00778cc,-30,12.2,13418
device_uplink,1788973299000000000,70b3d57ed00778cc,-31,13.5,13419
device_uplink,1788973309000000000,70b3d57ed0077801,-27,13.8,170
device_uplink,1788973315000000000,70b3d57ed00778cc,-30,12.5,13420
device_uplink,1788973331000000000,70b3d57ed00778cc,-30,13.5,13421
device_uplink,1788973347000000000,70b3d57ed00778cc,-33,13.5,13422
device_uplink,1788973365000000000,70b3d57ed00778cc,-30,13.2,13423
device_uplink,1788973381000000000,70b3d57ed00778cc,-31,10.8,13424
device_uplink,1788973397000000000,70b3d57ed00778cc,-30,13.5,13425
device_uplink,1788973413000000000,70b3d57ed00778cc,-30,13.8,13426
device_uplink,1788973429000000000,70b3d57ed00778cc,-30,9.8,13427
device_uplink,1788973445000000000,70b3d57ed00778cc,-28,13,13428
device_uplink,1788973461000000000,70b3d57ed00778cc,-32,13.8,13429
device_uplink,1788973479000000000,70b3d57ed00778cc,-29,14.2,13430
device_uplink,1788973495000000000,70b3d57ed00778cc,-29,14,13431
device_uplink,1788973511000000000,70b3d57ed00778cc,-31,13.5,13432
device_uplink,1788973527000000000,70b3d57ed00778cc,-29,13,13433
device_uplink,1788973543000000000,70b3d57ed00778cc,-30,12.2,13434
device_uplink,1788973559000000000,70b3d57ed00778cc,-29,12,13435
device_uplink,1788973575000000000,70b3d57ed00778cc,-31,13.5,13436
device_uplink,1788973593000000000,70b3d57ed00778cc,-29,13.2,13437
device_uplink,1788973609000000000,70b3d57ed00778cc,-31,11,13438
device_uplink,1788973625000000000,70b3d57ed00778cc,-34,12.8,13439
device_uplink,1788973641000000000,70b3d57ed00778cc,-32,12.8,13440
device_uplink,1788973657000000000,70b3d57ed00778cc,-30,12.8,13441
device_uplink,1788973673000000000,70b3d57ed00778cc,-30,13.2,13442
device_uplink,1788973689000000000,70b3d57ed00778cc,-31,13.2,13443
device_uplink,1788973707000000000,70b3d57ed00778cc,-28,13.5,13444
device_uplink,1788973723000000000,70b3d57ed00778cc,-28,14.5,13445
device_uplink,1788973739000000000,70b3d57ed00778cc,-31,13.5,13446
device_uplink,1788973755000000000,70b3d57ed00778cc,-28,13.5,13447
device_uplink,1788973771000000000,70b3d57ed00778cc,-29,9.5,13448
device_uplink,1788973787000000000,70b3d57ed00778cc,-29,14,13449
device_uplink,1788973803000000000,70b3d57ed00778cc,-29,13,13450
device_uplink,1788973819000000000,70b3d57ed00778cc,-29,9,13451
device_uplink,1788973837000000000,70b3d57ed00778cc,-30,13.5,13452
device_uplink,1788973853000000000,70b3d57ed00778cc,-29,13.8,13453
device_uplink,1788973869000000000,70b3d57ed00778cc,-34,13.2,13454
device_uplink,1788973885000000000,70b3d57ed00778cc,-29,14.2,13455
device_uplink,1788973901000000000,70b3d57ed00778cc,-29,13.2,13456
device_uplink,1788973917000000000,70b3d57ed00778cc,-29,12.8,13457
device_uplink,1788973933000000000,70b3d57ed00778cc,-28,14,13458
device_uplink,1788973951000000000,70b3d57ed00778cc,-30,8.8,13459
device_uplink,1788973967000000000,70b3d57ed00778cc,-28,13.8,13460
device_uplink,1788973983000000000,70b3d57ed00778cc,-27,13.5,13461
device_uplink,1788973999000000000,70b3d57ed00778cc,-27,13.5,13462
device_uplink,1788974015000000000,70b3d57ed00778cc,-31,13.2,13463
device_uplink,1788974031000000000,70b3d57ed00778cc,-29,12.8,13464
device_uplink,1788974047000000000,70b3d57ed00778cc,-28,14,13465
device_uplink,1788974063000000000,70b3d57ed00778cc,-29,13.5,13466
device_uplink,1788974079000000000,70b3d57ed00778cc,-31,13.8,13467
device_uplink,1788974097000000000,70b3d57ed00778cc,-28,14.2,13468
device_uplink,1788974113000000000,70b3d57ed00778cc,-28,14,13469
device_uplink,1788974129000000000,70b3d57ed00778cc,-28,13.2,13470
device_uplink,1788974145000000000,70b3d57ed00778cc,-28,13.8,13471
device_uplink,1788974161000000000,70b3d57ed00778cc,-29,10.2,13472
device_uplink,1788974177000000000,70b3d57ed00778cc,-28,13.8,13473
device_uplink,1788974193000000000,70b3d57ed00778cc,-28,13.2,13474
device_uplink,1788974209000000000,70b3d57ed00778cc,-28,13.8,13475
device_uplink,1788974218000000000,70b3d57ed0077801,-25,11,171
device_uplink,1788974227000000000,70b3d57ed00778cc,-28,13.8,13476
device_uplink,1788974243000000000,70b3d57ed00778cc,-32,13.8,13477
device_uplink,1788974259000000000,70b3d57ed00778cc,-30,8.5,13478
device_uplink,1788974275000000000,70b3d57ed00778cc,-27,13.8,13479
device_uplink,1788974291000000000,70b3d57ed00778cc,-30,13.5,13480
device_uplink,1788974307000000000,70b3d57ed00778cc,-29,14.2,13481
device_uplink,1788974323000000000,70b3d57ed00778cc,-29,13.8,13482
device_uplink,1788974339000000000,70b3d57ed00778cc,-29,8.8,13483
device_uplink,1788974357000000000,70b3d57ed00778cc,-31,13.5,13484
device_uplink,1788974373000000000,70b3d57ed00778cc,-32,13.8,13485
device_uplink,1788974389000000000,70b3d57ed00778cc,-28,12.8,13486
device_uplink,1788974405000000000,70b3d57ed00778cc,-28,14,13487
device_uplink,1788974421000000000,70b3d57ed00778cc,-29,13.5,13488
device_uplink,1788974437000000000,70b3d57ed00778cc,-29,13.8,13489
device_uplink,1788974453000000000,70b3d57ed00778cc,-29,14,13490
device_uplink,1788974469000000000,70b3d57ed00778cc,-30,13.5,13491
device_uplink,1788974487000000000,70b3d57ed00778cc,-28,13.8,13492
device_uplink,1788974503000000000,70b3d57ed00778cc,-28,13.2,13493
device_uplink,1788974519000000000,70b3d57ed00778cc,-29,9.2,13494
device_uplink,1788974535000000000,70b3d57ed00778cc,-32,13.5,13495
device_uplink,1788974551000000000,70b3d57ed00778cc,-29,13.2,13496
device_uplink,1788974567000000000,70b3d57ed00778cc,-29,14,13497
device_uplink,1788974583000000000,70b3d57ed00778cc,-30,13,13498
device_uplink,1788974601000000000,70b3d57ed00778cc,-32,13.2,13499
device_uplink,1788974617000000000,70b3d57ed00778cc,-30,8.8,13500
device_uplink,1788974633000000000,70b3d57ed00778cc,-27,14,13501
device_uplink,1788974649000000000,70b3d57ed00778cc,-28,13.2,13502
device_uplink,1788974665000000000,70b3d57ed00778cc,-28,13.8,13503
device_uplink,1788974681000000000,70b3d57ed00778cc,-29,13.8,13504
device_uplink,1788974697000000000,70b3d57ed00778cc,-28,13.5,13505
device_uplink,1788974713000000000,70b3d57ed00778cc,-33,14,13506
device_uplink,1788974731000000000,70b3d57ed00778cc,-29,14,13507
device_uplink,1788974747000000000,70b3d57ed00778cc,-28,14,13508
device_uplink,1788974763000000000,70b3d57ed00778cc,-28,13.8,13509
device_uplink,1788974779000000000,70b3d57ed00778cc,-29,12.8,13510
device_uplink,1788974795000000000,70b3d57ed00778cc,-31,14,13511
device_uplink,1788974813000000000,70b3d57ed00778cc,-29,8.5,13512
device_uplink,1788974829000000000,70b3d57ed00778cc,-28,14.2,13513
device_uplink,1788974845000000000,70b3d57ed00778cc,-30,13.8,13514
device_uplink,1788974861000000000,70b3d57ed00778cc,-28,13.5,13515
device_uplink,1788974877000000000,70b3d57ed00778cc,-29,14.2,13516
device_uplink,1788974893000000000,70b3d57ed00778cc,-31,14,13517
device_uplink,1788974909000000000,70b3d57ed00778cc,-29,9.2,13518
device_uplink,1788974925000000000,70b3d57ed00778cc,-28,14,13519
device_uplink,1788974943000000000,70b3d57ed00778cc,-28,14,13520
device_uplink,1788974959000000000,70b3d57ed00778cc,-29,14,13521
device_uplink,1788974975000000000,70b3d57ed00778cc,-29,13.5,13522
device_uplink,1788974991000000000,70b3d57ed00778cc,-32,13.2,13523
device_uplink,1788975007000000000,70b3d57ed00778cc,-28,13.5,13524
device_uplink,1788975023000000000,70b3d57ed00778cc,-27,14,13525
device_uplink,1788975039000000000,70b3d57ed00778cc,-30,12.5,13526
device_uplink,1788975055000000000,70b3d57ed00778cc,-30,9.2,13527
device_uplink,1788975073000000000,70b3d57ed00778cc,-29,13.8,13528
device_uplink,1788975089000000000,70b3d57ed00778cc,-29,13.8,13529
device_uplink,1788975105000000000,70b3d57ed00778cc,-29,8.5,13530
device_uplink,1788975121000000000,70b3d57ed00778cc,-30,13.5,13531
device_uplink,1788975126000000000,70b3d57ed0077801,-25,13.5,172
device_uplink,1788975137000000000,70b3d57ed00778cc,-28,13,13532
device_uplink,1788975153000000000,70b3d57ed00778cc,-28,13.8,13533
device_uplink,1788975169000000000,70b3d57ed00778cc,-31,13.2,13534
device_uplink,1788975185000000000,70b3d57ed00778cc,-29,13.8,13535
device_uplink,1788975203000000000,70b3d57ed00778cc,-28,13.8,13536
device_uplink,1788975219000000000,70b3d57ed00778cc,-29,13.5,13537
device_uplink,1788975235000000000,70b3d57ed00778cc,-27,14,13538
device_uplink,1788975251000000000,70b3d57ed00778cc,-29,13.8,13539
device_uplink,1788975267000000000,70b3d57ed00778cc,-28,13.2,13540
device_uplink,1788975283000000000,70b3d57ed00778cc,-32,14,13541
device_uplink,1788975299000000000,70b3d57ed00778cc,-28,13.5,13542
device_uplink,1788975317000000000,70b3d57ed00778cc,-31,13.5,13543
device_uplink,1788975333000000000,70b3d57ed00778cc,-29,9.2,13544
device_uplink,1788975349000000000,70b3d57ed00778cc,-28,13.8,13545
device_uplink,1788975365000000000,70b3d57ed00778cc,-29,13,13546
device_uplink,1788975381000000000,70b3d57ed00778cc,-28,14,13547
device_uplink,1788975397000000000,70b3d57ed00778cc,-30,9.2,13548
device_uplink,1788975413000000000,70b3d57ed00778cc,-32,13,13549
device_uplink,1788975431000000000,70b3d57ed00778cc,-28,13.5,13550
device_uplink,1788975447000000000,70b3d57ed00778cc,-28,13.2,13551
device_uplink,1788975463000000000,70b3d57ed00778cc,-28,13.5,13552
device_uplink,1788975479000000000,70b3d57ed00778cc,-29,14.2,13553
device_uplink,1788975495000000000,70b3d57ed00778cc,-32,14.2,13554
device_uplink,1788975511000000000,70b3d57ed00778cc,-28,13.5,13555
device_uplink,1788975527000000000,70b3d57ed00778cc,-30,11.2,13556
device_uplink,1788975545000000000,70b3d57ed00778cc,-33,12.5,13557
device_uplink,1788975561000000000,70b3d57ed00778cc,-28,14.2,13558
device_uplink,1788975577000000000,70b3d57ed00778cc,-29,13.8,13559
device_uplink,1788975593000000000,70b3d57ed00778cc,-28,13.8,13560
device_uplink,1788975609000000000,70b3d57ed00778cc,-29,14,13561
device_uplink,1788975625000000000,70b3d57ed00778cc,-32,14,13562
device_uplink,1788975641000000000,70b3d57ed00778cc,-28,14,13563
device_uplink,1788975659000000000,70b3d57ed00778cc,-28,14,13564
device_uplink,1788975675000000000,70b3d57ed00778cc,-30,13.2,13565
device_uplink,1788975691000000000,70b3d57ed00778cc,-30,12.8,13566
device_uplink,1788975707000000000,70b3d57ed00778cc,-30,9.5,13567
device_uplink,1788975723000000000,70b3d57ed00778cc,-28,13.8,13568
device_uplink,1788975739000000000,70b3d57ed00778cc,-29,13.8,13569
device_uplink,1788975755000000000,70b3d57ed00778cc,-28,13.5,13570
device_uplink,1788975771000000000,70b3d57ed00778cc,-29,8.8,13571
device_uplink,1788975789000000000,70b3d57ed00778cc,-29,13.5,13572
device_uplink,1788975805000000000,70b3d57ed00778cc,-28,13.8,13573
device_uplink,1788975821000000000,70b3d57ed00778cc,-32,13.5,13574
device_uplink,1788975837000000000,70b3d57ed00778cc,-28,14.2,13575
device_uplink,1788975853000000000,70b3d57ed00778cc,-31,12.8,13576
device_uplink,1788975869000000000,70b3d57ed00778cc,-29,13.8,13577
device_uplink,1788975885000000000,70b3d57ed00778cc,-29,13.2,13578
device_uplink,1788975903000000000,70b3d57ed00778cc,-29,13.5,13579
device_uplink,1788975919000000000,70b3d57ed00778cc,-31,13.5,13580
device_uplink,1788975935000000000,70b3d57ed00778cc,-31,14,13581
device_uplink,1788975951000000000,70b3d57ed00778cc,-28,14,13582
device_uplink,1788975967000000000,70b3d57ed00778cc,-29,8.8,13583
device_uplink,1788975983000000000,70b3d57ed00778cc,-27,13.8,13584
device_uplink,1788975999000000000,70b3d57ed00778cc,-29,13.8,13585
device_uplink,1788976015000000000,70b3d57ed00778cc,-27,14,13586
device_uplink,1788976033000000000,70b3d57ed00778cc,-28,13.2,13587
device_uplink,1788976034000000000,70b3d57ed0077801,-25,13.5,173
device_uplink,1788976049000000000,70b3d57ed00778cc,-29,14,13588
device_uplink,1788976065000000000,70b3d57ed00778cc,-31,13.8,13589
device_uplink,1788976081000000000,70b3d57ed00778cc,-28,14,13590
device_uplink,1788976097000000000,70b3d57ed00778cc,-31,13.8,13591
device_uplink,1788976113000000000,70b3d57ed00778cc,-30,8.8,13592
device_uplink,1788976129000000000,70b3d57ed00778cc,-29,13.5,13593
device_uplink,1788976147000000000,70b3d57ed00778cc,-29,13.5,13594
device_uplink,1788976163000000000,70b3d57ed00778cc,-28,13.8,13595
device_uplink,1788976179000000000,70b3d57ed00778cc,-28,13.5,13596
device_uplink,1788976195000000000,70b3d57ed00778cc,-29,14,13597
device_uplink,1788976211000000000,70b3d57ed00778cc,-30,13.2,13598
device_uplink,1788976227000000000,70b3d57ed00778cc,-30,8.8,13599
device_uplink,1788976243000000000,70b3d57ed00778cc,-32,13.8,13600
device_uplink,1788976259000000000,70b3d57ed00778cc,-28,13.8,13601
device_uplink,1788976277000000000,70b3d57ed00778cc,-30,8.8,13602
device_uplink,1788976293000000000,70b3d57ed00778cc,-28,14,13603
device_uplink,1788976309000000000,70b3d57ed00778cc,-30,12.5,13604
device_uplink,1788976325000000000,70b3d57ed00778cc,-27,13.8,13605
device_uplink,1788976341000000000,70b3d57ed00778cc,-27,13.5,13606
device_uplink,1788976359000000000,70b3d57ed00778cc,-32,13.8,13607
device_uplink,1788976375000000000,70b3d57ed00778cc,-29,13.5,13608
device_uplink,1788976391000000000,70b3d57ed00778cc,-29,13.8,13609
device_uplink,1788976407000000000,70b3d57ed00778cc,-28,13.5,13610
device_uplink,1788976423000000000,70b3d57ed00778cc,-29,9,13611
device_uplink,1788976439000000000,70b3d57ed00778cc,-28,13.5,13612
device_uplink,1788976455000000000,70b3d57ed00778cc,-31,13.8,13613
device_uplink,1788976473000000000,70b3d57ed00778cc,-29,13.8,13614
device_uplink,1788976489000000000,70b3d57ed00778cc,-27,14,13615
device_uplink,1788976521000000000,70b3d57ed00778cc,-29,14.2,13617
device_uplink,1788976537000000000,70b3d57ed00778cc,-30,11.8,13618
device_uplink,1788976553000000000,70b3d57ed00778cc,-29,14,13619
device_uplink,1788976569000000000,70b3d57ed00778cc,-28,14,13620
device_uplink,1788976585000000000,70b3d57ed00778cc,-27,14,13621
device_uplink,1788976603000000000,70b3d57ed00778cc,-32,12.5,13622
device_uplink,1788976619000000000,70b3d57ed00778cc,-27,13.5,13623
device_uplink,1788976635000000000,70b3d57ed00778cc,-29,8.8,13624
device_uplink,1788976651000000000,70b3d57ed00778cc,-30,13.2,13625
device_uplink,1788976667000000000,70b3d57ed00778cc,-28,13.8,13626
device_uplink,1788976685000000000,70b3d57ed00778cc,-28,14.2,13627
device_uplink,1788976701000000000,70b3d57ed00778cc,-27,13.5,13628
device_uplink,1788976717000000000,70b3d57ed00778cc,-31,14,13629
device_uplink,1788976733000000000,70b3d57ed00778cc,-27,13.8,13630
device_uplink,1788976749000000000,70b3d57ed00778cc,-29,8.8,13631
device_uplink,1788976765000000000,70b3d57ed00778cc,-31,13.2,13632
device_uplink,1788976781000000000,70b3d57ed00778cc,-28,14.2,13633
device_uplink,1788976797000000000,70b3d57ed00778cc,-29,14.2,13634
device_uplink,1788976815000000000,70b3d57ed00778cc,-29,14.2,13635
device_uplink,1788976831000000000,70b3d57ed00778cc,-30,8.8,13636
device_uplink,1788976847000000000,70b3d57ed00778cc,-27,14,13637
device_uplink,1788976863000000000,70b3d57ed00778cc,-32,13.8,13638
device_uplink,1788976879000000000,70b3d57ed00778cc,-28,13.2,13639
device_uplink,1788976895000000000,70b3d57ed00778cc,-30,13.2,13640
device_uplink,1788976911000000000,70b3d57ed00778cc,-29,14,13641
device_uplink,1788976927000000000,70b3d57ed00778cc,-32,13.8,13642
device_uplink,1788976943000000000,70b3d57ed0077801,-25,13.2,174
device_uplink,1788976943000000000,70b3d57ed00778cc,-28,13.5,13643
device_uplink,1788976961000000000,70b3d57ed00778cc,-30,13,13644
device_uplink,1788976977000000000,70b3d57ed00778cc,-28,14,13645
device_uplink,1788976993000000000,70b3d57ed00778cc,-29,14,13646
device_uplink,1788977009000000000,70b3d57ed00778cc,-28,13.2,13647
device_uplink,1788977025000000000,70b3d57ed00778cc,-29,8.8,13648
device_uplink,1788977041000000000,70b3d57ed00778cc,-28,14.5,13649
device_uplink,1788977057000000000,70b3d57ed00778cc,-28,14.2,13650
device_uplink,1788977075000000000,70b3d57ed00778cc,-28,13.5,13651
device_uplink,1788977091000000000,70b3d57ed00778cc,-30,12.8,13652
device_uplink,1788977107000000000,70b3d57ed00778cc,-32,13.5,13653
device_uplink,1788977123000000000,70b3d57ed00778cc,-29,8.8,13654
device_uplink,1788977139000000000,70b3d57ed00778cc,-29,13.5,13655
device_uplink,1788977155000000000,70b3d57ed00778cc,-28,14,13656
device_uplink,1788977171000000000,70b3d57ed00778cc,-29,14,13657
device_uplink,1788977187000000000,70b3d57ed00778cc,-28,13.5,13658
device_uplink,1788977203000000000,70b3d57ed00778cc,-28,12.5,13659
device_uplink,1788977221000000000,70b3d57ed00778cc,-30,8.5,13660
device_uplink,1788977237000000000,70b3d57ed00778cc,-32,13.8,13661
device_uplink,1788977253000000000,70b3d57ed00778cc,-38,11.8,13662
device_uplink,1788977269000000000,70b3d57ed00778cc,-28,13.8,13663
device_uplink,1788977285000000000,70b3d57ed00778cc,-32,13.8,13664
device_uplink,1788977301000000000,70b3d57ed00778cc,-27,13.8,13665
device_uplink,1788977317000000000,70b3d57ed00778cc,-28,13.2,13666
device_uplink,1788977335000000000,70b3d57ed00778cc,-35,11,13667
device_uplink,1788977351000000000,70b3d57ed00778cc,-33,13.5,13668
device_uplink,1788977367000000000,70b3d57ed00778cc,-28,12.5,13669
device_uplink,1788977383000000000,70b3d57ed00778cc,-30,12,13670
device_uplink,1788977399000000000,70b3d57ed00778cc,-30,13.2,13671
device_uplink,1788977415000000000,70b3d57ed00778cc,-33,14,13672
device_uplink,1788977431000000000,70b3d57ed00778cc,-31,13.2,13673
device_uplink,1788977447000000000,70b3d57ed00778cc,-34,13.5,13674
device_uplink,1788977463000000000,70b3d57ed00778cc,-33,13.5,13675
device_uplink,1788977481000000000,70b3d57ed00778cc,-29,14,13676
device_uplink,1788977497000000000,70b3d57ed00778cc,-31,11,13677
device_uplink,1788977513000000000,70b3d57ed00778cc,-31,13.2,13678
device_uplink,1788977529000000000,70b3d57ed00778cc,-28,13.8,13679
device_uplink,1788977545000000000,70b3d57ed00778cc,-28,13.5,13680
device_uplink,1788977561000000000,70b3d57ed00778cc,-31,13.5,13681
device_uplink,1788977577000000000,70b3d57ed00778cc,-28,13.8,13682
device_uplink,1788977593000000000,70b3d57ed00778cc,-28,13.5,13683
device_uplink,1788977611000000000,70b3d57ed00778cc,-36,12.5,13684
device_uplink,1788977627000000000,70b3d57ed00778cc,-29,13.2,13685
device_uplink,1788977643000000000,70b3d57ed00778cc,-34,13.5,13686
device_uplink,1788977659000000000,70b3d57ed00778cc,-31,10.8,13687
device_uplink,1788977675000000000,70b3d57ed00778cc,-30,13.5,13688
device_uplink,1788977691000000000,70b3d57ed00778cc,-30,13.5,13689
device_uplink,1788977707000000000,70b3d57ed00778cc,-32,13.2,13690
device_uplink,1788977723000000000,70b3d57ed00778cc,-27,13.8,13691
device_uplink,1788977741000000000,70b3d57ed00778cc,-32,11,13692
device_uplink,1788977757000000000,70b3d57ed00778cc,-36,13,13693
device_uplink,1788977773000000000,70b3d57ed00778cc,-29,13.5,13694
device_uplink,1788977789000000000,70b3d57ed00778cc,-30,13,13695
device_uplink,1788977805000000000,70b3d57ed00778cc,-28,13,13696
device_uplink,1788977821000000000,70b3d57ed00778cc,-30,12.8,13697
device_uplink,1788977837000000000,70b3d57ed00778cc,-27,13.5,13698
device_uplink,1788977851000000000,70b3d57ed0077801,-26,13.2,175
device_uplink,1788977853000000000,70b3d57ed00778cc,-28,13,13699
device_uplink,1788977871000000000,70b3d57ed00778cc,-34,13.8,13700
device_uplink,1788977887000000000,70b3d57ed00778cc,-29,13.2,13701
device_uplink,1788977903000000000,70b3d57ed00778cc,-30,12.8,13702
device_uplink,1788977919000000000,70b3d57ed00778cc,-32,13.8,13703
device_uplink,1788977935000000000,70b3d57ed00778cc,-31,10.2,13704
device_uplink,1788977951000000000,70b3d57ed00778cc,-30,13,13705
device_uplink,1788977967000000000,70b3d57ed00778cc,-27,13.8,13706
device_uplink,1788977983000000000,70b3d57ed00778cc,-28,12.8,13707
device_uplink,1788978001000000000,70b3d57ed00778cc,-33,13.2,13708
device_uplink,1788978017000000000,70b3d57ed00778cc,-30,12.8,13709
device_uplink,1788978033000000000,70b3d57ed00778cc,-30,12.8,13710
device_uplink,1788978049000000000,70b3d57ed00778cc,-31,10.2,13711
device_uplink,1788978065000000000,70b3d57ed00778cc,-32,13.8,13712
device_uplink,1788978081000000000,70b3d57ed00778cc,-30,13.2,13713
device_uplink,1788978097000000000,70b3d57ed00778cc,-35,12.8,13714
device_uplink,1788978113000000000,70b3d57ed00778cc,-29,13.5,13715
device_uplink,1788978131000000000,70b3d57ed00778cc,-28,13.8,13716
device_uplink,1788978147000000000,70b3d57ed00778cc,-28,12.8,13717
device_uplink,1788978163000000000,70b3d57ed00778cc,-32,13.2,13718
device_uplink,1788978179000000000,70b3d57ed00778cc,-30,12.5,13719
device_uplink,1788978195000000000,70b3d57ed00778cc,-31,11.2,13720
device_uplink,1788978211000000000,70b3d57ed00778cc,-30,12.5,13721
device_uplink,1788978227000000000,70b3d57ed00778cc,-32,13.8,13722
device_uplink,1788978243000000000,70b3d57ed00778cc,-29,13,13723
device_uplink,1788978261000000000,70b3d57ed00778cc,-30,12.8,13724
device_uplink,1788978277000000000,70b3d57ed00778cc,-28,14.2,13725
device_uplink,1788978293000000000,70b3d57ed00778cc,-31,11.2,13726
device_uplink,1788978309000000000,70b3d57ed00778cc,-28,12.8,13727
device_uplink,1788978325000000000,70b3d57ed00778cc,-34,13.2,13728
device_uplink,1788978343000000000,70b3d57ed00778cc,-30,13.2,13729
device_uplink,1788978359000000000,70b3d57ed00778cc,-34,11.8,13730
device_uplink,1788978375000000000,70b3d57ed00778cc,-29,13,13731
device_uplink,1788978391000000000,70b3d57ed00778cc,-29,11.8,13732
device_uplink,1788978407000000000,70b3d57ed00778cc,-34,13.8,13733
device_uplink,1788978423000000000,70b3d57ed00778cc,-32,13.5,13734
device_uplink,1788978439000000000,70b3d57ed00778cc,-30,12.8,13735
device_uplink,1788978455000000000,70b3d57ed00778cc,-28,13.2,13736
device_uplink,1788978471000000000,70b3d57ed00778cc,-30,13.8,13737
device_uplink,1788978489000000000,70b3d57ed00778cc,-30,13.2,13738
device_uplink,1788978505000000000,70b3d57ed00778cc,-32,12.2,13739
device_uplink,1788978521000000000,70b3d57ed00778cc,-34,13.2,13740
device_uplink,1788978537000000000,70b3d57ed00778cc,-28,13,13741
device_uplink,1788978553000000000,70b3d57ed00778cc,-31,10.2,13742
device_uplink,1788978569000000000,70b3d57ed00778cc,-30,13.5,13743
device_uplink,1788978587000000000,70b3d57ed00778cc,-29,13.2,13744
device_uplink,1788978603000000000,70b3d57ed00778cc,-30,12.5,13745
device_uplink,1788978619000000000,70b3d57ed00778cc,-29,13,13746
device_uplink,1788978635000000000,70b3d57ed00778cc,-28,13.5,13747
device_uplink,1788978651000000000,70b3d57ed00778cc,-29,13.8,13748
device_uplink,1788978667000000000,70b3d57ed00778cc,-36,13.2,13749
device_uplink,1788978683000000000,70b3d57ed00778cc,-31,12,13750
device_uplink,1788978699000000000,70b3d57ed00778cc,-32,13.2,13751
device_uplink,1788978715000000000,70b3d57ed00778cc,-35,11.8,13752
device_uplink,1788978733000000000,70b3d57ed00778cc,-29,12.5,13753
device_uplink,1788978749000000000,70b3d57ed00778cc,-30,9.2,13754
device_uplink,1788978760000000000,70b3d57ed0077801,-27,13.5,176
device_uplink,1788978765000000000,70b3d57ed00778cc,-31,12.8,13755
device_uplink,1788978781000000000,70b3d57ed00778cc,-27,13.2,13756
device_uplink,1788978797000000000,70b3d57ed00778cc,-27,13.8,13757
device_uplink,1788978813000000000,70b3d57ed00778cc,-29,13.8,13758
device_uplink,1788978829000000000,70b3d57ed00778cc,-28,14,13759
device_uplink,1788978845000000000,70b3d57ed00778cc,-30,13.2,13760
device_uplink,1788978863000000000,70b3d57ed00778cc,-29,14,13761
device_uplink,1788978879000000000,70b3d57ed00778cc,-27,13.5,13762
device_uplink,1788978895000000000,70b3d57ed00778cc,-30,8.8,13763
device_uplink,1788978911000000000,70b3d57ed00778cc,-27,14.2,13764
device_uplink,1788978927000000000,70b3d57ed00778cc,-32,13,13765
device_uplink,1788978943000000000,70b3d57ed00778cc,-29,13.5,13766
device_uplink,1788978959000000000,70b3d57ed00778cc,-29,13.2,13767
device_uplink,1788978975000000000,70b3d57ed00778cc,-31,13.5,13768
device_uplink,1788978991000000000,70b3d57ed00778cc,-29,13.8,13769
device_uplink,1788979009000000000,70b3d57ed00778cc,-28,13.8,13770
device_uplink,1788979025000000000,70b3d57ed00778cc,-30,9.5,13771
device_uplink,1788979041000000000,70b3d57ed00778cc,-27,13,13772
device_uplink,1788979057000000000,70b3d57ed00778cc,-32,13.5,13773
device_uplink,1788979073000000000,70b3d57ed00778cc,-29,12.8,13774
device_uplink,1788979089000000000,70b3d57ed00778cc,-31,12.5,13775
device_uplink,1788979105000000000,70b3d57ed00778cc,-27,13.8,13776
device_uplink,1788979121000000000,70b3d57ed00778cc,-30,13,13777
device_uplink,1788979139000000000,70b3d57ed00778cc,-30,13.2,13778
device_uplink,1788979155000000000,70b3d57ed00778cc,-31,10.5,13779
device_uplink,1788979171000000000,70b3d57ed00778cc,-28,12.8,13780
device_uplink,1788979187000000000,70b3d57ed00778cc,-33,13,13781
device_uplink,1788979203000000000,70b3d57ed00778cc,-28,13.5,13782
device_uplink,1788979219000000000,70b3d57ed00778cc,-30,13.2,13783
device_uplink,1788979235000000000,70b3d57ed00778cc,-27,13.5,13784
device_uplink,1788979251000000000,70b3d57ed00778cc,-29,14,13785
device_uplink,1788979269000000000,70b3d57ed00778cc,-34,11.8,13786
device_uplink,1788979285000000000,70b3d57ed00778cc,-31,13.5,13787
device_uplink,1788979301000000000,70b3d57ed00778cc,-27,14,13788
device_uplink,1788979317000000000,70b3d57ed00778cc,-27,13.2,13789
device_uplink,1788979333000000000,70b3d57ed00778cc,-32,13.2,13790
device_uplink,1788979349000000000,70b3d57ed00778cc,-29,14,13791
device_uplink,1788979365000000000,70b3d57ed00778cc,-28,13.8,13792
device_uplink,1788979383000000000,70b3d57ed00778cc,-29,12.8,13793
device_uplink,1788979399000000000,70b3d57ed00778cc,-27,13,13794
device_uplink,1788979415000000000,70b3d57ed00778cc,-31,13.5,13795
device_uplink,1788979431000000000,70b3d57ed00778cc,-27,13.5,13796
device_uplink,1788979447000000000,70b3d57ed00778cc,-28,13,13797
device_uplink,1788979463000000000,70b3d57ed00778cc,-29,13.2,13798
device_uplink,1788979479000000000,70b3d57ed00778cc,-30,8.5,13799
device_uplink,1788979495000000000,70b3d57ed00778cc,-32,14,13800
device_uplink,1788979511000000000,70b3d57ed00778cc,-29,13.8,13801
device_uplink,1788979529000000000,70b3d57ed00778cc,-27,13.8,13802
device_uplink,1788979545000000000,70b3d57ed00778cc,-28,13.2,13803
device_uplink,1788979561000000000,70b3d57ed00778cc,-32,13.5,13804
device_uplink,1788979577000000000,70b3d57ed00778cc,-28,13.8,13805
device_uplink,1788979593000000000,70b3d57ed00778cc,-30,13,13806
device_uplink,1788979609000000000,70b3d57ed00778cc,-30,10.2,13807
device_uplink,1788979625000000000,70b3d57ed00778cc,-30,13.5,13808
device_uplink,1788979643000000000,70b3d57ed00778cc,-29,13,13809
device_uplink,1788979659000000000,70b3d57ed00778cc,-32,10.5,13810
device_uplink,1788979668000000000,70b3d57ed0077801,-27,12.8,177
device_uplink,1788979675000000000,70b3d57ed00778cc,-30,13,13811
device_uplink,1788979691000000000,70b3d57ed00778cc,-28,13.5,13812
device_uplink,1788979707000000000,70b3d57ed00778cc,-27,13.2,13813
device_uplink,1788979723000000000,70b3d57ed00778cc,-32,13.5,13814
device_uplink,1788979739000000000,70b3d57ed00778cc,-33,13.8,13815
device_uplink,1788979755000000000,70b3d57ed00778cc,-30,12,13816
device_uplink,1788979771000000000,70b3d57ed00778cc,-29,13.2,13817
device_uplink,1788979789000000000,70b3d57ed00778cc,-30,13.5,13818
device_uplink,1788979805000000000,70b3d57ed00778cc,-26,14.2,13819
device_uplink,1788979821000000000,70b3d57ed00778cc,-27,13.5,13820
device_uplink,1788979837000000000,70b3d57ed00778cc,-28,13.8,13821
device_uplink,1788979853000000000,70b3d57ed00778cc,-30,13,13822
device_uplink,1788979869000000000,70b3d57ed00778cc,-30,8.8,13823
device_uplink,1788979885000000000,70b3d57ed00778cc,-33,13.5,13824
device_uplink,1788979901000000000,70b3d57ed00778cc,-30,12.5,13825
device_uplink,1788979919000000000,70b3d57ed00778cc,-32,13.8,13826
device_uplink,1788979935000000000,70b3d57ed00778cc,-28,13.8,13827
device_uplink,1788979951000000000,70b3d57ed00778cc,-29,12.8,13828
device_uplink,1788979967000000000,70b3d57ed00778cc,-30,12.5,13829
device_uplink,1788979983000000000,70b3d57ed00778cc,-33,11.2,13830
device_uplink,1788979999000000000,70b3d57ed00778cc,-34,13.5,13831
device_uplink,1788980015000000000,70b3d57ed00778cc,-36,12,13832
device_uplink,1788980031000000000,70b3d57ed00778cc,-31,13,13833
device_uplink,1788980049000000000,70b3d57ed00778cc,-32,11.8,13834
device_uplink,1788980065000000000,70b3d57ed00778cc,-28,13.5,13835
device_uplink,1788980081000000000,70b3d57ed00778cc,-31,13.2,13836
device_uplink,1788980097000000000,70b3d57ed00778cc,-34,13.5,13837
device_uplink,1788980113000000000,70b3d57ed00778cc,-29,13.5,13838
device_uplink,1788980129000000000,70b3d57ed00778cc,-30,12.5,13839
device_uplink,1788980145000000000,70b3d57ed00778cc,-34,13.5,13840
device_uplink,1788980161000000000,70b3d57ed00778cc,-32,14,13841
device_uplink,1788980179000000000,70b3d57ed00778cc,-28,14,13842
device_uplink,1788980195000000000,70b3d57ed00778cc,-28,13,13843
device_uplink,1788980211000000000,70b3d57ed00778cc,-32,13.5,13844
device_uplink,1788980227000000000,70b3d57ed00778cc,-28,13.8,13845
device_uplink,1788980243000000000,70b3d57ed00778cc,-29,13.5,13846
device_uplink,1788980259000000000,70b3d57ed00778cc,-30,13,13847
device_uplink,1788980275000000000,70b3d57ed00778cc,-30,10,13848
device_uplink,1788980293000000000,70b3d57ed00778cc,-28,13.5,13849
device_uplink,1788980309000000000,70b3d57ed00778cc,-31,11,13850
device_uplink,1788980325000000000,70b3d57ed00778cc,-33,14,13851
device_uplink,1788980341000000000,70b3d57ed00778cc,-29,13.8,13852
device_uplink,1788980357000000000,70b3d57ed00778cc,-27,13.8,13853
device_uplink,1788980373000000000,70b3d57ed00778cc,-29,13.2,13854
device_uplink,1788980389000000000,70b3d57ed00778cc,-33,14,13855
device_uplink,1788980407000000000,70b3d57ed00778cc,-28,12.8,13856
device_uplink,1788980423000000000,70b3d57ed00778cc,-30,12.8,13857
device_uplink,1788980439000000000,70b3d57ed00778cc,-28,13.8,13858
device_uplink,1788980455000000000,70b3d57ed00778cc,-28,13.2,13859
device_uplink,1788980471000000000,70b3d57ed00778cc,-29,13.5,13860
device_uplink,1788980487000000000,70b3d57ed00778cc,-29,13,13861
device_uplink,1788980503000000000,70b3d57ed00778cc,-32,14,13862
device_uplink,1788980519000000000,70b3d57ed00778cc,-30,9.8,13863
device_uplink,1788980535000000000,70b3d57ed00778cc,-33,13.5,13864
device_uplink,1788980553000000000,70b3d57ed00778cc,-30,13.8,13865
device_uplink,1788980569000000000,70b3d57ed00778cc,-29,13.2,13866
device_uplink,1788980577000000000,70b3d57ed0077801,-27,13.8,178
device_uplink,1788980585000000000,70b3d57ed00778cc,-32,13.8,13867
device_uplink,1788980601000000000,70b3d57ed00778cc,-34,13,13868
device_uplink,1788980617000000000,70b3d57ed00778cc,-30,9.8,13869
device_uplink,1788980633000000000,70b3d57ed00778cc,-29,13.2,13870
device_uplink,1788980649000000000,70b3d57ed00778cc,-27,14,13871
device_uplink,1788980665000000000,70b3d57ed00778cc,-30,12.8,13872
device_uplink,1788980683000000000,70b3d57ed00778cc,-30,13.5,13873
device_uplink,1788980699000000000,70b3d57ed00778cc,-31,11.5,13874
device_uplink,1788980715000000000,70b3d57ed00778cc,-28,13.5,13875
device_uplink,1788980731000000000,70b3d57ed00778cc,-32,13.5,13876
device_uplink,1788980747000000000,70b3d57ed00778cc,-34,13.2,13877
device_uplink,1788980763000000000,70b3d57ed00778cc,-28,14,13878
device_uplink,1788980779000000000,70b3d57ed00778cc,-29,12.8,13879
device_uplink,1788980795000000000,70b3d57ed00778cc,-31,13.5,13880
device_uplink,1788980813000000000,70b3d57ed00778cc,-30,12.8,13881
device_uplink,1788980829000000000,70b3d57ed00778cc,-33,13.8,13882
device_uplink,1788980845000000000,70b3d57ed00778cc,-30,12.5,13883
device_uplink,1788980861000000000,70b3d57ed00778cc,-31,10,13884
device_uplink,1788980877000000000,70b3d57ed00778cc,-31,14,13885
device_uplink,1788980893000000000,70b3d57ed00778cc,-27,14,13886
device_uplink,1788980909000000000,70b3d57ed00778cc,-29,13.8,13887
device_uplink,1788980925000000000,70b3d57ed00778cc,-28,13.2,13888
device_uplink,1788980941000000000,70b3d57ed00778cc,-30,13.2,13889
device_uplink,1788980959000000000,70b3d57ed00778cc,-29,14.2,13890
device_uplink,1788980975000000000,70b3d57ed00778cc,-27,13.5,13891
device_uplink,1788980991000000000,70b3d57ed00778cc,-34,13,13892
device_uplink,1788981007000000000,70b3d57ed00778cc,-37,12,13893
device_uplink,1788981023000000000,70b3d57ed00778cc,-30,12.2,13894
device_uplink,1788981039000000000,70b3d57ed00778cc,-32,13.8,13895
device_uplink,1788981055000000000,70b3d57ed00778cc,-32,11.5,13896
device_uplink,1788981071000000000,70b3d57ed00778cc,-30,13.2,13897
device_uplink,1788981089000000000,70b3d57ed00778cc,-30,12.5,13898
device_uplink,1788981105000000000,70b3d57ed00778cc,-35,13,13899
device_uplink,1788981121000000000,70b3d57ed00778cc,-28,14,13900
device_uplink,1788981137000000000,70b3d57ed00778cc,-28,13.2,13901
device_uplink,1788981153000000000,70b3d57ed00778cc,-33,13,13902
device_uplink,1788981169000000000,70b3d57ed00778cc,-36,11,13903
device_uplink,1788981185000000000,70b3d57ed00778cc,-31,13.2,13904
device_uplink,1788981201000000000,70b3d57ed00778cc,-30,13.2,13905
device_uplink,1788981219000000000,70b3d57ed00778cc,-34,12.2,13906
device_uplink,1788981235000000000,70b3d57ed00778cc,-28,12.8,13907
device_uplink,1788981251000000000,70b3d57ed00778cc,-29,12.5,13908
device_uplink,1788981267000000000,70b3d57ed00778cc,-32,14,13909
device_uplink,1788981283000000000,70b3d57ed00778cc,-32,11.2,13910
device_uplink,1788981299000000000,70b3d57ed00778cc,-30,12.5,13911
device_uplink,1788981315000000000,70b3d57ed00778cc,-28,13.5,13912
device_uplink,1788981331000000000,70b3d57ed00778cc,-30,13.5,13913
device_uplink,1788981349000000000,70b3d57ed00778cc,-34,12.8,13914
device_uplink,1788981365000000000,70b3d57ed00778cc,-29,13.2,13915
device_uplink,1788981381000000000,70b3d57ed00778cc,-27,13.5,13916
device_uplink,1788981397000000000,70b3d57ed00778cc,-28,12.8,13917
device_uplink,1788981413000000000,70b3d57ed00778cc,-32,13.5,13918
device_uplink,1788981429000000000,70b3d57ed00778cc,-30,13.5,13919
device_uplink,1788981445000000000,70b3d57ed00778cc,-31,11,13920
device_uplink,1788981461000000000,70b3d57ed00778cc,-31,13,13921
device_uplink,1788981479000000000,70b3d57ed00778cc,-30,13.2,13922
device_uplink,1788981485000000000,70b3d57ed0077801,-28,9.2,179
device_uplink,1788981495000000000,70b3d57ed00778cc,-27,13.8,13923
device_uplink,1788981511000000000,70b3d57ed00778cc,-30,11.8,13924
device_uplink,1788981527000000000,70b3d57ed00778cc,-28,12.8,13925
device_uplink,1788981543000000000,70b3d57ed00778cc,-32,11,13926
device_uplink,1788981559000000000,70b3d57ed00778cc,-32,13,13927
device_uplink,1788981575000000000,70b3d57ed00778cc,-32,11.8,13928
device_uplink,1788981591000000000,70b3d57ed00778cc,-29,13.5,13929
device_uplink,1788981609000000000,70b3d57ed00778cc,-33,13.5,13930
device_uplink,1788981625000000000,70b3d57ed00778cc,-32,12.5,13931
device_uplink,1788981641000000000,70b3d57ed00778cc,-28,13.2,13932
device_uplink,1788981657000000000,70b3d57ed00778cc,-31,10.5,13933
device_uplink,1788981673000000000,70b3d57ed00778cc,-30,13.5,13934
device_uplink,1788981689000000000,70b3d57ed00778cc,-28,13.5,13935
device_uplink,1788981705000000000,70b3d57ed00778cc,-30,13,13936
device_uplink,1788981721000000000,70b3d57ed00778cc,-30,12.8,13937
device_uplink,1788981739000000000,70b3d57ed00778cc,-28,13.2,13938
device_uplink,1788981755000000000,70b3d57ed00778cc,-33,12.5,13939
device_uplink,1788981771000000000,70b3d57ed00778cc,-29,13.5,13940
device_uplink,1788981787000000000,70b3d57ed00778cc,-26,13.5,13941
device_uplink,1788981803000000000,70b3d57ed00778cc,-30,13,13942
device_uplink,1788981821000000000,70b3d57ed00778cc,-29,14,13943
device_uplink,1788981837000000000,70b3d57ed00778cc,-29,8.5,13944
device_uplink,1788981853000000000,70b3d57ed00778cc,-29,14,13945
device_uplink,1788981869000000000,70b3d57ed00778cc,-26,13.2,13946
device_uplink,1788981885000000000,70b3d57ed00778cc,-30,9.8,13947
device_uplink,1788981901000000000,70b3d57ed00778cc,-29,8.8,13948
device_uplink,1788981917000000000,70b3d57ed00778cc,-26,13.5,13949
device_uplink,1788981935000000000,70b3d57ed00778cc,-32,13,13950
device_uplink,1788981951000000000,70b3d57ed00778cc,-27,13.5,13951
device_uplink,1788981967000000000,70b3d57ed00778cc,-28,13,13952
device_uplink,1788981983000000000,70b3d57ed00778cc,-29,13.8,13953
device_uplink,1788981999000000000,70b3d57ed00778cc,-29,14,13954
device_uplink,1788982015000000000,70b3d57ed00778cc,-31,13.5,13955
device_uplink,1788982031000000000,70b3d57ed00778cc,-27,13.5,13956
device_uplink,1788982049000000000,70b3d57ed00778cc,-26,13.2,13957
device_uplink,1788982065000000000,70b3d57ed00778cc,-27,13.2,13958
device_uplink,1788982081000000000,70b3d57ed00778cc,-29,9,13959
device_uplink,1788982097000000000,70b3d57ed00778cc,-32,13.8,13960
device_uplink,1788982113000000000,70b3d57ed00778cc,-28,13.5,13961
device_uplink,1788982129000000000,70b3d57ed00778cc,-29,13.2,13962
device_uplink,1788982145000000000,70b3d57ed00778cc,-27,13,13963
device_uplink,1788982161000000000,70b3d57ed00778cc,-30,13.2,13964
device_uplink,1788982179000000000,70b3d57ed00778cc,-30,11.2,13965
device_uplink,1788982195000000000,70b3d57ed00778cc,-29,14.2,13966
device_uplink,1788982211000000000,70b3d57ed00778cc,-27,13.5,13967
device_uplink,1788982227000000000,70b3d57ed00778cc,-26,13.5,13968
device_uplink,1788982243000000000,70b3d57ed00778cc,-28,13.8,13969
device_uplink,1788982259000000000,70b3d57ed00778cc,-26,13.5,13970
device_uplink,1788982275000000000,70b3d57ed00778cc,-27,14,13971
device_uplink,1788982291000000000,70b3d57ed00778cc,-29,14.2,13972
device_uplink,1788982307000000000,70b3d57ed00778cc,-31,13.5,13973
device_uplink,1788982325000000000,70b3d57ed00778cc,-27,13.8,13974
device_uplink,1788982341000000000,70b3d57ed00778cc,-27,12.5,13975
device_uplink,1788982357000000000,70b3d57ed00778cc,-30,9.2,13976
device_uplink,1788982373000000000,70b3d57ed00778cc,-28,13.5,13977
device_uplink,1788982389000000000,70b3d57ed00778cc,-30,13.2,13978
device_uplink,1788982393000000000,70b3d57ed0077801,-28,13.5,180
device_uplink,1788982405000000000,70b3d57ed00778cc,-28,14,13979
device_uplink,1788982423000000000,70b3d57ed00778cc,-26,13,13980
device_uplink,1788982439000000000,70b3d57ed00778cc,-30,8.8,13981
device_uplink,1788982455000000000,70b3d57ed00778cc,-28,13.5,13982
device_uplink,1788982471000000000,70b3d57ed00778cc,-27,13.5,13983
device_uplink,1788982487000000000,70b3d57ed00778cc,-27,13,13984
device_uplink,1788982503000000000,70b3d57ed00778cc,-27,14,13985
device_uplink,1788982519000000000,70b3d57ed00778cc,-30,12.5,13986
device_uplink,1788982535000000000,70b3d57ed00778cc,-27,14.2,13987
device_uplink,1788982553000000000,70b3d57ed00778cc,-25,11,13988
device_uplink,1788982569000000000,70b3d57ed00778cc,-30,13,13989
device_uplink,1788982585000000000,70b3d57ed00778cc,-30,9.5,13990
device_uplink,1788982601000000000,70b3d57ed00778cc,-26,13.2,13991
device_uplink,1788982617000000000,70b3d57ed00778cc,-27,13.8,13992
device_uplink,1788982633000000000,70b3d57ed00778cc,-27,14,13993
device_uplink,1788982649000000000,70b3d57ed00778cc,-28,14,13994
device_uplink,1788982667000000000,70b3d57ed00778cc,-28,10.2,13995
device_uplink,1788982683000000000,70b3d57ed00778cc,-26,13.2,13996
device_uplink,1788982699000000000,70b3d57ed00778cc,-24,13.8,13997
device_uplink,1788982715000000000,70b3d57ed00778cc,-31,13.2,13998
device_uplink,1788982731000000000,70b3d57ed00778cc,-26,13,13999
device_uplink,1788982747000000000,70b3d57ed00778cc,-29,14,14000
device_uplink,1788982763000000000,70b3d57ed00778cc,-28,13.8,14001
device_uplink,1788982779000000000,70b3d57ed00778cc,-30,12,14002
device_uplink,1788982795000000000,70b3d57ed00778cc,-26,13,14003
device_uplink,1788982813000000000,70b3d57ed00778cc,-28,13.2,14004
device_uplink,1788982829000000000,70b3d57ed00778cc,-26,13.5,14005
device_uplink,1788982845000000000,70b3d57ed00778cc,-26,13.2,14006
device_uplink,1788982861000000000,70b3d57ed00778cc,-29,8.8,14007
device_uplink,1788982877000000000,70b3d57ed00778cc,-31,13.8,14008
device_uplink,1788982893000000000,70b3d57ed00778cc,-28,14,14009
device_uplink,1788982911000000000,70b3d57ed00778cc,-26,13.5,14010
device_uplink,1788982927000000000,70b3d57ed00778cc,-28,13,14011
device_uplink,1788982943000000000,70b3d57ed00778cc,-31,13.8,14012
device_uplink,1788982959000000000,70b3d57ed00778cc,-25,13.5,14013
device_uplink,1788982975000000000,70b3d57ed00778cc,-29,12.8,14014
device_uplink,1788982991000000000,70b3d57ed00778cc,-29,13.8,14015
device_uplink,1788983007000000000,70b3d57ed00778cc,-30,8.5,14016
device_uplink,1788983023000000000,70b3d57ed00778cc,-28,13.8,14017
device_uplink,1788983041000000000,70b3d57ed00778cc,-31,14.2,14018
device_uplink,1788983057000000000,70b3d57ed00778cc,-26,14,14019
device_uplink,1788983073000000000,70b3d57ed00778cc,-26,13,14020
device_uplink,1788983089000000000,70b3d57ed00778cc,-27,13.2,14021
device_uplink,1788983105000000000,70b3d57ed00778cc,-31,12,14022
device_uplink,1788983121000000000,70b3d57ed00778cc,-30,12.8,14023
device_uplink,1788983137000000000,70b3d57ed00778cc,-28,13.8,14024
device_uplink,1788983153000000000,70b3d57ed00778cc,-29,14,14025
device_uplink,1788983169000000000,70b3d57ed00778cc,-26,13,14026
device_uplink,1788983187000000000,70b3d57ed00778cc,-30,10,14027
device_uplink,1788983203000000000,70b3d57ed00778cc,-31,13.5,14028
device_uplink,1788983219000000000,70b3d57ed00778cc,-29,13.8,14029
device_uplink,1788983235000000000,70b3d57ed00778cc,-27,14,14030
device_uplink,1788983251000000000,70b3d57ed00778cc,-25,14,14031
device_uplink,1788983267000000000,70b3d57ed00778cc,-29,13,14032
device_uplink,1788983283000000000,70b3d57ed00778cc,-28,14.5,14033
device_uplink,1788983299000000000,70b3d57ed00778cc,-27,13.2,14034
device_uplink,1788983302000000000,70b3d57ed0077801,-28,13.5,181
device_uplink,1788983315000000000,70b3d57ed00778cc,-26,13.5,14035
device_uplink,1788983333000000000,70b3d57ed00778cc,-32,13.5,14036
device_uplink,1788983349000000000,70b3d57ed00778cc,-30,12.5,14037
device_uplink,1788983365000000000,70b3d57ed00778cc,-26,13,14038
device_uplink,1788983381000000000,70b3d57ed00778cc,-27,14,14039
device_uplink,1788983397000000000,70b3d57ed00778cc,-29,10,14040
device_uplink,1788983413000000000,70b3d57ed00778cc,-29,14.5,14041
device_uplink,1788983429000000000,70b3d57ed00778cc,-29,13.8,14042
device_uplink,1788983447000000000,70b3d57ed00778cc,-28,13.5,14043
device_uplink,1788983463000000000,70b3d57ed00778cc,-29,13.2,14044
device_uplink,1788983479000000000,70b3d57ed00778cc,-29,10,14045
device_uplink,1788983495000000000,70b3d57ed00778cc,-26,13.5,14046
device_uplink,1788983511000000000,70b3d57ed00778cc,-25,13.8,14047
device_uplink,1788983527000000000,70b3d57ed00778cc,-26,13,14048
device_uplink,1788983543000000000,70b3d57ed00778cc,-28,13.5,14049
device_uplink,1788983577000000000,70b3d57ed00778cc,-28,14.2,14051
device_uplink,1788983593000000000,70b3d57ed00778cc,-29,13,14052
device_uplink,1788983609000000000,70b3d57ed00778cc,-26,13.5,14053
device_uplink,1788983625000000000,70b3d57ed00778cc,-26,14.2,14054
device_uplink,1788983641000000000,70b3d57ed00778cc,-30,13,14055
device_uplink,1788983657000000000,70b3d57ed00778cc,-26,13,14056
device_uplink,1788983673000000000,70b3d57ed00778cc,-28,14,14057
device_uplink,1788983689000000000,70b3d57ed00778cc,-27,13.5,14058
device_uplink,1788983705000000000,70b3d57ed00778cc,-25,14,14059
device_uplink,1788983723000000000,70b3d57ed00778cc,-27,13.8,14060
device_uplink,1788983739000000000,70b3d57ed00778cc,-30,13.8,14061
device_uplink,1788983755000000000,70b3d57ed00778cc,-29,10.2,14062
device_uplink,1788983771000000000,70b3d57ed00778cc,-26,13.5,14063
device_uplink,1788983787000000000,70b3d57ed00778cc,-29,13.2,14064
device_uplink,1788983803000000000,70b3d57ed00778cc,-28,13.5,14065
device_uplink,1788983819000000000,70b3d57ed00778cc,-31,13.8,14066
device_uplink,1788983837000000000,70b3d57ed00778cc,-27,13.5,14067
device_uplink,1788983853000000000,70b3d57ed00778cc,-27,13.2,14068
device_uplink,1788983869000000000,70b3d57ed00778cc,-30,13.5,14069
device_uplink,1788983885000000000,70b3d57ed00778cc,-26,13.2,14070
device_uplink,1788983901000000000,70b3d57ed00778cc,-29,10.5,14071
device_uplink,1788983917000000000,70b3d57ed00778cc,-29,14,14072
device_uplink,1788983933000000000,70b3d57ed00778cc,-28,14,14073
device_uplink,1788983949000000000,70b3d57ed00778cc,-26,13.5,14074
device_uplink,1788983967000000000,70b3d57ed00778cc,-30,13,14075
device_uplink,1788983983000000000,70b3d57ed00778cc,-25,13.5,14076
device_uplink,1788983999000000000,70b3d57ed00778cc,-26,13.2,14077
device_uplink,1788984015000000000,70b3d57ed00778cc,-30,13.8,14078
device_uplink,1788984031000000000,70b3d57ed00778cc,-29,8.5,14079
device_uplink,1788984047000000000,70b3d57ed00778cc,-30,12.8,14080
device_uplink,1788984063000000000,70b3d57ed00778cc,-28,14.5,14081
device_uplink,1788984079000000000,70b3d57ed00778cc,-26,13.5,14082
device_uplink,1788984095000000000,70b3d57ed00778cc,-30,12.8,14083
device_uplink,1788984113000000000,70b3d57ed00778cc,-27,14,14084
device_uplink,1788984129000000000,70b3d57ed00778cc,-26,13.8,14085
device_uplink,1788984145000000000,70b3d57ed00778cc,-29,9,14086
device_uplink,1788984161000000000,70b3d57ed00778cc,-28,13.8,14087
device_uplink,1788984177000000000,70b3d57ed00778cc,-31,13.8,14088
device_uplink,1788984193000000000,70b3d57ed00778cc,-27,13.8,14089
device_uplink,1788984210000000000,70b3d57ed0077801,-27,13.5,182
device_uplink,1788984211000000000,70b3d57ed00778cc,-28,14,14090
device_uplink,1788984227000000000,70b3d57ed00778cc,-26,13.8,14091
device_uplink,1788984243000000000,70b3d57ed00778cc,-26,13.5,14092
device_uplink,1788984259000000000,70b3d57ed00778cc,-31,13.5,14093
device_uplink,1788984275000000000,70b3d57ed00778cc,-27,14,14094
device_uplink,1788984291000000000,70b3d57ed00778cc,-29,13.5,14095
device_uplink,1788984307000000000,70b3d57ed00778cc,-29,8.8,14096
device_uplink,1788984323000000000,70b3d57ed00778cc,-28,14.2,14097
device_uplink,1788984341000000000,70b3d57ed00778cc,-29,10,14098
device_uplink,1788984357000000000,70b3d57ed00778cc,-27,14,14099
device_uplink,1788984373000000000,70b3d57ed00778cc,-25,13.8,14100
device_uplink,1788984389000000000,70b3d57ed00778cc,-30,13.5,14101
device_uplink,1788984405000000000,70b3d57ed00778cc,-28,13.8,14102
device_uplink,1788984421000000000,70b3d57ed00778cc,-27,13.8,14103
device_uplink,1788984437000000000,70b3d57ed00778cc,-30,12.5,14104
device_uplink,1788984455000000000,70b3d57ed00778cc,-28,14.2,14105
device_uplink,1788984471000000000,70b3d57ed00778cc,-30,13.8,14106
device_uplink,1788984487000000000,70b3d57ed00778cc,-27,13.8,14107
device_uplink,1788984503000000000,70b3d57ed00778cc,-25,13.2,14108
device_uplink,1788984519000000000,70b3d57ed00778cc,-32,12.8,14109
device_uplink,1788984535000000000,70b3d57ed00778cc,-29,14.2,14110
device_uplink,1788984551000000000,70b3d57ed00778cc,-30,8.5,14111
device_uplink,1788984569000000000,70b3d57ed00778cc,-27,13,14112
device_uplink,1788984585000000000,70b3d57ed00778cc,-29,13.8,14113
device_uplink,1788984601000000000,70b3d57ed00778cc,-32,13.5,14114
device_uplink,1788984617000000000,70b3d57ed00778cc,-27,13.5,14115
device_uplink,1788984633000000000,70b3d57ed00778cc,-30,9.2,14116
device_uplink,1788984649000000000,70b3d57ed00778cc,-29,13.8,14117
device_uplink,1788984665000000000,70b3d57ed00778cc,-29,14,14118
device_uplink,1788984681000000000,70b3d57ed00778cc,-26,12.8,14119
device_uplink,1788984699000000000,70b3d57ed00778cc,-26,13.5,14120
device_uplink,1788984715000000000,70b3d57ed00778cc,-29,13.8,14121
device_uplink,1788984731000000000,70b3d57ed00778cc,-27,13.8,14122
device_uplink,1788984747000000000,70b3d57ed00778cc,-27,13.8,14123
device_uplink,1788984763000000000,70b3d57ed00778cc,-27,13.5,14124
device_uplink,1788984779000000000,70b3d57ed00778cc,-27,13.8,14125
device_uplink,1788984797000000000,70b3d57ed00778cc,-29,13,14126
device_uplink,1788984813000000000,70b3d57ed00778cc,-30,9,14127
device_uplink,1788984829000000000,70b3d57ed00778cc,-31,13.5,14128
device_uplink,1788984845000000000,70b3d57ed00778cc,-29,13.2,14129
device_uplink,1788984861000000000,70b3d57ed00778cc,-29,8.8,14130
device_uplink,1788984877000000000,70b3d57ed00778cc,-29,13.8,14131
device_uplink,1788984893000000000,70b3d57ed00778cc,-28,13,14132
device_uplink,1788984909000000000,70b3d57ed00778cc,-33,13.5,14133
device_uplink,1788984927000000000,70b3d57ed00778cc,-27,13.8,14134
device_uplink,1788984943000000000,70b3d57ed00778cc,-27,13.5,14135
device_uplink,1788984959000000000,70b3d57ed00778cc,-30,12.5,14136
device_uplink,1788984975000000000,70b3d57ed00778cc,-29,14,14137
device_uplink,1788984991000000000,70b3d57ed00778cc,-31,12.5,14138
device_uplink,1788985007000000000,70b3d57ed00778cc,-27,14.2,14139
device_uplink,1788985025000000000,70b3d57ed00778cc,-30,9.5,14140
device_uplink,1788985041000000000,70b3d57ed00778cc,-32,13.2,14141
device_uplink,1788985057000000000,70b3d57ed00778cc,-28,13.5,14142
device_uplink,1788985073000000000,70b3d57ed00778cc,-29,13.8,14143
device_uplink,1788985089000000000,70b3d57ed00778cc,-27,13.8,14144
device_uplink,1788985105000000000,70b3d57ed00778cc,-29,11.8,14145
device_uplink,1788985119000000000,70b3d57ed0077801,-28,13.8,183
device_uplink,1788985121000000000,70b3d57ed00778cc,-31,13.5,14146
device_uplink,1788985137000000000,70b3d57ed00778cc,-27,13.5,14147
device_uplink,1788985155000000000,70b3d57ed00778cc,-29,13.8,14148
device_uplink,1788985171000000000,70b3d57ed00778cc,-26,13.5,14149
device_uplink,1788985187000000000,70b3d57ed00778cc,-30,8.8,14150
device_uplink,1788985203000000000,70b3d57ed00778cc,-27,14,14151
device_uplink,1788985219000000000,70b3d57ed00778cc,-30,13.2,14152
device_uplink,1788985235000000000,70b3d57ed00778cc,-29,14,14153
device_uplink,1788985251000000000,70b3d57ed00778cc,-30,8.8,14154
device_uplink,1788985269000000000,70b3d57ed00778cc,-27,13.5,14155
device_uplink,1788985285000000000,70b3d57ed00778cc,-31,13.2,14156
device_uplink,1788985301000000000,70b3d57ed00778cc,-30,12.2,14157
device_uplink,1788985317000000000,70b3d57ed00778cc,-27,13.8,14158
device_uplink,1788985333000000000,70b3d57ed00778cc,-26,13.8,14159
device_uplink,1788985349000000000,70b3d57ed00778cc,-28,13.2,14160
device_uplink,1788985365000000000,70b3d57ed00778cc,-28,13.5,14161
device_uplink,1788985381000000000,70b3d57ed00778cc,-29,10.5,14162
device_uplink,1788985397000000000,70b3d57ed00778cc,-30,13,14163
device_uplink,1788985415000000000,70b3d57ed00778cc,-27,13.8,14164
device_uplink,1788985431000000000,70b3d57ed00778cc,-29,13,14165
device_uplink,1788985447000000000,70b3d57ed00778cc,-28,13.2,14166
device_uplink,1788985463000000000,70b3d57ed00778cc,-32,13,14167
device_uplink,1788985479000000000,70b3d57ed00778cc,-32,14,14168
device_uplink,1788985495000000000,70b3d57ed00778cc,-29,14,14169
device_uplink,1788985513000000000,70b3d57ed00778cc,-27,14,14170
device_uplink,1788985529000000000,70b3d57ed00778cc,-31,13,14171
device_uplink,1788985545000000000,70b3d57ed00778cc,-28,14,14172
device_uplink,1788985561000000000,70b3d57ed00778cc,-27,13.5,14173
device_uplink,1788985577000000000,70b3d57ed00778cc,-30,13.2,14174
device_uplink,1788985593000000000,70b3d57ed00778cc,-30,8.8,14175
device_uplink,1788985609000000000,70b3d57ed00778cc,-27,13.5,14176
device_uplink,1788985625000000000,70b3d57ed00778cc,-27,13.2,14177
device_uplink,1788985643000000000,70b3d57ed00778cc,-26,13.5,14178
device_uplink,1788985659000000000,70b3d57ed00778cc,-30,12.2,14179
device_uplink,1788985675000000000,70b3d57ed00778cc,-28,13.5,14180
device_uplink,1788985691000000000,70b3d57ed00778cc,-29,13.5,14181
device_uplink,1788985707000000000,70b3d57ed00778cc,-28,13.5,14182
device_uplink,1788985723000000000,70b3d57ed00778cc,-31,11.8,14183
device_uplink,1788985741000000000,70b3d57ed00778cc,-26,13.2,14184
device_uplink,1788985757000000000,70b3d57ed00778cc,-28,13.5,14185
device_uplink,1788985773000000000,70b3d57ed00778cc,-31,13.2,14186
device_uplink,1788985789000000000,70b3d57ed00778cc,-28,13.5,14187
device_uplink,1788985805000000000,70b3d57ed00778cc,-27,13.2,14188
device_uplink,1788985821000000000,70b3d57ed00778cc,-26,13.5,14189
device_uplink,1788985837000000000,70b3d57ed00778cc,-30,9,14190
device_uplink,1788985853000000000,70b3d57ed00778cc,-28,13.2,14191
device_uplink,1788985871000000000,70b3d57ed00778cc,-30,12.2,14192
device_uplink,1788985887000000000,70b3d57ed00778cc,-29,12.8,14193
device_uplink,1788985903000000000,70b3d57ed00778cc,-30,10,14194
device_uplink,1788985919000000000,70b3d57ed00778cc,-32,12,14195
device_uplink,1788985935000000000,70b3d57ed00778cc,-28,13.2,14196
device_uplink,1788985951000000000,70b3d57ed00778cc,-27,13.2,14197
device_uplink,1788985967000000000,70b3d57ed00778cc,-29,13.2,14198
device_uplink,1788985985000000000,70b3d57ed00778cc,-32,13.2,14199
device_uplink,1788986001000000000,70b3d57ed00778cc,-29,13.5,14200
device_uplink,1788986017000000000,70b3d57ed00778cc,-28,13.8,14201
device_uplink,1788986027000000000,70b3d57ed0077801,-27,13.5,184
device_uplink,1788986033000000000,70b3d57ed00778cc,-26,13.5,14202
device_uplink,1788986049000000000,70b3d57ed00778cc,-29,8.5,14203
device_uplink,1788986065000000000,70b3d57ed00778cc,-32,13.5,14204
device_uplink,1788986081000000000,70b3d57ed00778cc,-27,13.5,14205
device_uplink,1788986099000000000,70b3d57ed00778cc,-31,13.5,14206
device_uplink,1788986115000000000,70b3d57ed00778cc,-28,14.2,14207
device_uplink,1788986131000000000,70b3d57ed00778cc,-29,13.8,14208
device_uplink,1788986147000000000,70b3d57ed00778cc,-29,13,14209
device_uplink,1788986163000000000,70b3d57ed00778cc,-36,12.5,14210
device_uplink,1788986179000000000,70b3d57ed00778cc,-34,12,14211
device_uplink,1788986195000000000,70b3d57ed00778cc,-28,12.8,14212
device_uplink,1788986211000000000,70b3d57ed00778cc,-29,9,14213
device_uplink,1788986229000000000,70b3d57ed00778cc,-26,13.2,14214
device_uplink,1788986245000000000,70b3d57ed00778cc,-27,14.2,14215
device_uplink,1788986261000000000,70b3d57ed00778cc,-27,13.5,14216
device_uplink,1788986277000000000,70b3d57ed00778cc,-28,14,14217
device_uplink,1788986293000000000,70b3d57ed00778cc,-26,13,14218
device_uplink,1788986309000000000,70b3d57ed00778cc,-31,13.5,14219
device_uplink,1788986327000000000,70b3d57ed00778cc,-27,14,14220
device_uplink,1788986343000000000,70b3d57ed00778cc,-30,13,14221
device_uplink,1788986359000000000,70b3d57ed00778cc,-29,9.2,14222
device_uplink,1788986375000000000,70b3d57ed00778cc,-28,13.8,14223
device_uplink,1788986391000000000,70b3d57ed00778cc,-29,13.8,14224
device_uplink,1788986407000000000,70b3d57ed00778cc,-29,14.5,14225
device_uplink,1788986423000000000,70b3d57ed00778cc,-27,13,14226
device_uplink,1788986441000000000,70b3d57ed00778cc,-29,13.5,14227
device_uplink,1788986457000000000,70b3d57ed00778cc,-30,13,14228
device_uplink,1788986473000000000,70b3d57ed00778cc,-31,13.2,14229
device_uplink,1788986489000000000,70b3d57ed00778cc,-27,13.8,14230
device_uplink,1788986505000000000,70b3d57ed00778cc,-27,13.8,14231
device_uplink,1788986521000000000,70b3d57ed00778cc,-30,8.8,14232
device_uplink,1788986537000000000,70b3d57ed00778cc,-29,14,14233
device_uplink,1788986553000000000,70b3d57ed00778cc,-33,13,14234
device_uplink,1788986569000000000,70b3d57ed00778cc,-30,13.2,14235
device_uplink,1788986587000000000,70b3d57ed00778cc,-27,13.2,14236
device_uplink,1788986603000000000,70b3d57ed00778cc,-29,8.8,14237
device_uplink,1788986619000000000,70b3d57ed00778cc,-30,13.8,14238
device_uplink,1788986635000000000,70b3d57ed00778cc,-28,13.8,14239
device_uplink,1788986651000000000,70b3d57ed00778cc,-27,13.8,14240
device_uplink,1788986667000000000,70b3d57ed00778cc,-28,14.2,14241
device_uplink,1788986683000000000,70b3d57ed00778cc,-29,10,14242
device_uplink,1788986701000000000,70b3d57ed00778cc,-32,13.5,14243
device_uplink,1788986717000000000,70b3d57ed00778cc,-29,14,14244
device_uplink,1788986733000000000,70b3d57ed00778cc,-33,13.2,14245
device_uplink,1788986749000000000,70b3d57ed00778cc,-30,13,14246
device_uplink,1788986765000000000,70b3d57ed00778cc,-27,13.2,14247
device_uplink,1788986781000000000,70b3d57ed00778cc,-28,13.2,14248
device_uplink,1788986797000000000,70b3d57ed00778cc,-34,12.5,14249
device_uplink,1788986815000000000,70b3d57ed00778cc,-32,12.8,14250
device_uplink,1788986831000000000,70b3d57ed00778cc,-27,13.8,14251
device_uplink,1788986847000000000,70b3d57ed00778cc,-31,11,14252
device_uplink,1788986863000000000,70b3d57ed00778cc,-28,13.2,14253
device_uplink,1788986879000000000,70b3d57ed00778cc,-30,11.5,14254
device_uplink,1788986895000000000,70b3d57ed00778cc,-34,13.2,14255
device_uplink,1788986911000000000,70b3d57ed00778cc,-29,13,14256
device_uplink,1788986927000000000,70b3d57ed00778cc,-30,13.2,14257
device_uplink,1788986935000000000,70b3d57ed0077801,-27,12.8,185
device_uplink,1788986945000000000,70b3d57ed00778cc,-28,13.2,14258
device_uplink,1788986961000000000,70b3d57ed00778cc,-32,13,14259
device_uplink,1788986977000000000,70b3d57ed00778cc,-33,13.2,14260
device_uplink,1788986993000000000,70b3d57ed00778cc,-31,10.8,14261
device_uplink,1788987009000000000,70b3d57ed00778cc,-30,13.5,14262
device_uplink,1788987025000000000,70b3d57ed00778cc,-29,13.8,14263
device_uplink,1788987041000000000,70b3d57ed00778cc,-29,13.2,14264
device_uplink,1788987057000000000,70b3d57ed00778cc,-30,13,14265
device_uplink,1788987075000000000,70b3d57ed00778cc,-30,13,14266
device_uplink,1788987091000000000,70b3d57ed00778cc,-32,13.8,14267
device_uplink,1788987107000000000,70b3d57ed00778cc,-34,12.8,14268
device_uplink,1788987123000000000,70b3d57ed00778cc,-32,11.8,14269
device_uplink,1788987139000000000,70b3d57ed00778cc,-28,13.2,14270
device_uplink,1788987155000000000,70b3d57ed00778cc,-29,13.8,14271
device_uplink,1788987171000000000,70b3d57ed00778cc,-28,13.8,14272
device_uplink,1788987189000000000,70b3d57ed00778cc,-30,13.2,14273
device_uplink,1788987221000000000,70b3d57ed00778cc,-28,14,14275
device_uplink,1788987237000000000,70b3d57ed00778cc,-30,12.5,14276
device_uplink,1788987253000000000,70b3d57ed00778cc,-29,12.5,14277
device_uplink,1788987269000000000,70b3d57ed00778cc,-34,13.5,14278
device_uplink,1788987285000000000,70b3d57ed00778cc,-32,13.5,14279
device_uplink,1788987301000000000,70b3d57ed00778cc,-30,13,14280
device_uplink,1788987317000000000,70b3d57ed00778cc,-30,13.5,14281
device_uplink,1788987335000000000,70b3d57ed00778cc,-29,13.8,14282
device_uplink,1788987351000000000,70b3d57ed00778cc,-32,13.8,14283
device_uplink,1788987367000000000,70b3d57ed00778cc,-29,13.2,14284
device_uplink,1788987383000000000,70b3d57ed00778cc,-28,13.8,14285
device_uplink,1788987399000000000,70b3d57ed00778cc,-29,12.2,14286
device_uplink,1788987415000000000,70b3d57ed00778cc,-33,13.5,14287
device_uplink,1788987431000000000,70b3d57ed00778cc,-31,11,14288
device_uplink,1788987447000000000,70b3d57ed00778cc,-30,13,14289
device_uplink,1788987465000000000,70b3d57ed00778cc,-32,13.5,14290
device_uplink,1788987481000000000,70b3d57ed00778cc,-28,13.5,14291
device_uplink,1788987497000000000,70b3d57ed00778cc,-34,13,14292
device_uplink,1788987513000000000,70b3d57ed00778cc,-28,14.2,14293
device_uplink,1788987529000000000,70b3d57ed00778cc,-30,13.5,14294
device_uplink,1788987545000000000,70b3d57ed00778cc,-31,10.5,14295
device_uplink,1788987563000000000,70b3d57ed00778cc,-29,13.2,14296
device_uplink,1788987579000000000,70b3d57ed00778cc,-30,12.8,14297
device_uplink,1788987595000000000,70b3d57ed00778cc,-29,13.2,14298
device_uplink,1788987611000000000,70b3d57ed00778cc,-28,13.5,14299
device_uplink,1788987627000000000,70b3d57ed00778cc,-34,13.2,14300
device_uplink,1788987643000000000,70b3d57ed00778cc,-28,13,14301
device_uplink,1788987661000000000,70b3d57ed00778cc,-31,10.8,14302
device_uplink,1788987677000000000,70b3d57ed00778cc,-30,12.2,14303
device_uplink,1788987693000000000,70b3d57ed00778cc,-32,13.5,14304
device_uplink,1788987709000000000,70b3d57ed00778cc,-30,12,14305
device_uplink,1788987725000000000,70b3d57ed00778cc,-30,13.8,14306
device_uplink,1788987741000000000,70b3d57ed00778cc,-34,11.8,14307
device_uplink,1788987757000000000,70b3d57ed00778cc,-33,13.5,14308
device_uplink,1788987773000000000,70b3d57ed00778cc,-32,13.5,14309
device_uplink,1788987791000000000,70b3d57ed00778cc,-29,13.2,14310
device_uplink,1788987807000000000,70b3d57ed00778cc,-27,13.8,14311
device_uplink,1788987823000000000,70b3d57ed00778cc,-28,13.5,14312
device_uplink,1788987839000000000,70b3d57ed00778cc,-30,12.2,14313
device_uplink,1788987844000000000,70b3d57ed0077801,-26,13.8,186
device_uplink,1788987855000000000,70b3d57ed00778cc,-29,12.5,14314
device_uplink,1788987871000000000,70b3d57ed00778cc,-28,13.5,14315
device_uplink,1788987887000000000,70b3d57ed00778cc,-29,14,14316
device_uplink,1788987903000000000,70b3d57ed00778cc,-27,13.5,14317
device_uplink,1788987921000000000,70b3d57ed00778cc,-31,14,14318
device_uplink,1788987937000000000,70b3d57ed00778cc,-30,10.5,14319
device_uplink,1788987953000000000,70b3d57ed00778cc,-33,13.5,14320
device_uplink,1788987969000000000,70b3d57ed00778cc,-30,12.8,14321
device_uplink,1788987985000000000,70b3d57ed00778cc,-31,10.2,14322
device_uplink,1788988001000000000,70b3d57ed00778cc,-28,13.5,14323
device_uplink,1788988019000000000,70b3d57ed00778cc,-29,13.8,14324
device_uplink,1788988035000000000,70b3d57ed00778cc,-27,13.8,14325
device_uplink,1788988051000000000,70b3d57ed00778cc,-32,13.8,14326
device_uplink,1788988067000000000,70b3d57ed00778cc,-33,13.5,14327
device_uplink,1788988083000000000,70b3d57ed00778cc,-30,13.5,14328
device_uplink,1788988099000000000,70b3d57ed00778cc,-29,14,14329
device_uplink,1788988115000000000,70b3d57ed00778cc,-32,14,14330
device_uplink,1788988131000000000,70b3d57ed00778cc,-30,9.2,14331
device_uplink,1788988149000000000,70b3d57ed00778cc,-29,13.8,14332
device_uplink,1788988165000000000,70b3d57ed00778cc,-27,13.2,14333
device_uplink,1788988181000000000,70b3d57ed00778cc,-29,14,14334
device_uplink,1788988197000000000,70b3d57ed00778cc,-28,13.2,14335
device_uplink,1788988213000000000,70b3d57ed00778cc,-33,13.8,14336
device_uplink,1788988229000000000,70b3d57ed00778cc,-29,13.5,14337
device_uplink,1788988245000000000,70b3d57ed00778cc,-28,14.2,14338
device_uplink,1788988263000000000,70b3d57ed00778cc,-30,13,14339
device_uplink,1788988279000000000,70b3d57ed00778cc,-31,13.5,14340
device_uplink,1788988295000000000,70b3d57ed00778cc,-27,13.8,14341
device_uplink,1788988311000000000,70b3d57ed00778cc,-30,9.5,14342
device_uplink,1788988327000000000,70b3d57ed00778cc,-33,14,14343
device_uplink,1788988343000000000,70b3d57ed00778cc,-27,13.5,14344
device_uplink,1788988359000000000,70b3d57ed00778cc,-29,11.5,14345
device_uplink,1788988375000000000,70b3d57ed00778cc,-27,13.5,14346
device_uplink,1788988393000000000,70b3d57ed00778cc,-31,10,14347
device_uplink,1788988409000000000,70b3d57ed00778cc,-29,13.5,14348
device_uplink,1788988425000000000,70b3d57ed00778cc,-28,13.5,14349
device_uplink,1788988441000000000,70b3d57ed00778cc,-31,14,14350
device_uplink,1788988457000000000,70b3d57ed00778cc,-33,13.8,14351
device_uplink,1788988473000000000,70b3d57ed00778cc,-29,13.5,14352
device_uplink,1788988489000000000,70b3d57ed00778cc,-30,13.2,14353
device_uplink,1788988505000000000,70b3d57ed00778cc,-29,14,14354
device_uplink,1788988521000000000,70b3d57ed00778cc,-27,13.8,14355
device_uplink,1788988539000000000,70b3d57ed00778cc,-30,12.8,14356
device_uplink,1788988555000000000,70b3d57ed00778cc,-33,14,14357
device_uplink,1788988571000000000,70b3d57ed00778cc,-31,10.5,14358
device_uplink,1788988587000000000,70b3d57ed00778cc,-34,12.2,14359
device_uplink,1788988603000000000,70b3d57ed00778cc,-30,13.2,14360
device_uplink,1788988619000000000,70b3d57ed00778cc,-29,13.8,14361
device_uplink,1788988635000000000,70b3d57ed00778cc,-30,9.8,14362
device_uplink,1788988653000000000,70b3d57ed00778cc,-29,13.5,14363
device_uplink,1788988669000000000,70b3d57ed00778cc,-33,13.5,14364
device_uplink,1788988685000000000,70b3d57ed00778cc,-27,14,14365
device_uplink,1788988701000000000,70b3d57ed00778cc,-30,12.5,14366
device_uplink,1788988717000000000,70b3d57ed00778cc,-27,12.8,14367
device_uplink,1788988733000000000,70b3d57ed00778cc,-29,13,14368
device_uplink,1788988749000000000,70b3d57ed00778cc,-29,13,14369
device_uplink,1788988752000000000,70b3d57ed0077801,-26,11.2,187
device_uplink,1788988765000000000,70b3d57ed00778cc,-29,13,14370
device_uplink,1788988781000000000,70b3d57ed00778cc,-29,12.5,14371
device_uplink,1788988799000000000,70b3d57ed00778cc,-30,9.5,14372
device_uplink,1788988815000000000,70b3d57ed00778cc,-33,13.2,14373
device_uplink,1788988831000000000,70b3d57ed00778cc,-27,13.8,14374
device_uplink,1788988847000000000,70b3d57ed00778cc,-31,13.8,14375
device_uplink,1788988863000000000,70b3d57ed00778cc,-28,13,14376
device_uplink,1788988879000000000,70b3d57ed00778cc,-29,14.2,14377
device_uplink,1788988897000000000,70b3d57ed00778cc,-28,13.8,14378
device_uplink,1788988913000000000,70b3d57ed00778cc,-27,13.8,14379
device_uplink,1788988929000000000,70b3d57ed00778cc,-30,13.2,14380
device_uplink,1788988945000000000,70b3d57ed00778cc,-33,13,14381
device_uplink,1788988961000000000,70b3d57ed00778cc,-30,9.2,14382
device_uplink,1788988977000000000,70b3d57ed00778cc,-27,13.2,14383
device_uplink,1788988993000000000,70b3d57ed00778cc,-31,13.5,14384
device_uplink,1788989009000000000,70b3d57ed00778cc,-29,13.2,14385
device_uplink,1788989027000000000,70b3d57ed00778cc,-29,13,14386
device_uplink,1788989043000000000,70b3d57ed00778cc,-26,13.5,14387
device_uplink,1788989059000000000,70b3d57ed00778cc,-28,13.2,14388
device_uplink,1788989075000000000,70b3d57ed00778cc,-33,12.8,14389
device_uplink,1788989091000000000,70b3d57ed00778cc,-31,13.8,14390
device_uplink,1788989107000000000,70b3d57ed00778cc,-30,10.8,14391
device_uplink,1788989123000000000,70b3d57ed00778cc,-28,14,14392
device_uplink,1788989139000000000,70b3d57ed00778cc,-29,13.2,14393
device_uplink,1788989157000000000,70b3d57ed00778cc,-29,14.2,14394
device_uplink,1788989173000000000,70b3d57ed00778cc,-27,13.5,14395
device_uplink,1788989189000000000,70b3d57ed00778cc,-27,14,14396
device_uplink,1788989205000000000,70b3d57ed00778cc,-32,12.2,14397
device_uplink,1788989221000000000,70b3d57ed00778cc,-30,9.5,14398
device_uplink,1788989237000000000,70b3d57ed00778cc,-28,13.8,14399
device_uplink,1788989255000000000,70b3d57ed00778cc,-42,11,14400
device_uplink,1788989271000000000,70b3d57ed00778cc,-29,14,14401
device_uplink,1788989287000000000,70b3d57ed00778cc,-28,13,14402
device_uplink,1788989303000000000,70b3d57ed00778cc,-27,12.8,14403
device_uplink,1788989319000000000,70b3d57ed00778cc,-27,14,14404
device_uplink,1788989335000000000,70b3d57ed00778cc,-29,13.5,14405
device_uplink,1788989351000000000,70b3d57ed00778cc,-30,9.5,14406
device_uplink,1788989367000000000,70b3d57ed00778cc,-33,13.5,14407
device_uplink,1788989383000000000,70b3d57ed00778cc,-31,13.5,14408
device_uplink,1788989401000000000,70b3d57ed00778cc,-29,13,14409
device_uplink,1788989417000000000,70b3d57ed00778cc,-33,13,14410
device_uplink,1788989433000000000,70b3d57ed00778cc,-31,13.2,14411
device_uplink,1788989449000000000,70b3d57ed00778cc,-26,13.8,14412
device_uplink,1788989465000000000,70b3d57ed00778cc,-27,13.8,14413
device_uplink,1788989481000000000,70b3d57ed00778cc,-28,13.2,14414
device_uplink,1788989497000000000,70b3d57ed00778cc,-30,9.8,14415
device_uplink,1788989513000000000,70b3d57ed00778cc,-29,13.8,14416
device_uplink,1788989529000000000,70b3d57ed00778cc,-29,13.5,14417
device_uplink,1788989547000000000,70b3d57ed00778cc,-28,14.5,14418
device_uplink,1788989563000000000,70b3d57ed00778cc,-30,8.8,14419
device_uplink,1788989579000000000,70b3d57ed00778cc,-27,13.8,14420
device_uplink,1788989595000000000,70b3d57ed00778cc,-27,13.2,14421
device_uplink,1788989611000000000,70b3d57ed00778cc,-33,13.8,14422
device_uplink,1788989627000000000,70b3d57ed00778cc,-31,14.5,14423
device_uplink,1788989645000000000,70b3d57ed00778cc,-30,13.5,14424
device_uplink,1788989661000000000,70b3d57ed0077801,-27,13.8,188
device_uplink,1788989661000000000,70b3d57ed00778cc,-30,13.5,14425
device_uplink,1788989677000000000,70b3d57ed00778cc,-30,9.8,14426
device_uplink,1788989693000000000,70b3d57ed00778cc,-27,13.5,14427
device_uplink,1788989709000000000,70b3d57ed00778cc,-31,13,14428
device_uplink,1788989725000000000,70b3d57ed00778cc,-27,13.2,14429
device_uplink,1788989741000000000,70b3d57ed00778cc,-33,13.5,14430
device_uplink,1788989757000000000,70b3d57ed00778cc,-28,14,14431
device_uplink,1788989775000000000,70b3d57ed00778cc,-30,12.2,14432
device_uplink,1788989791000000000,70b3d57ed00778cc,-29,14,14433
device_uplink,1788989823000000000,70b3d57ed00778cc,-30,9.5,14435
device_uplink,1788989839000000000,70b3d57ed00778cc,-29,13.2,14436
device_uplink,1788989855000000000,70b3d57ed00778cc,-31,14,14437
device_uplink,1788989873000000000,70b3d57ed00778cc,-30,13,14438
device_uplink,1788989889000000000,70b3d57ed00778cc,-26,14,14439
device_uplink,1788989905000000000,70b3d57ed00778cc,-27,13.2,14440
device_uplink,1788989921000000000,70b3d57ed00778cc,-29,12.8,14441
device_uplink,1788989937000000000,70b3d57ed00778cc,-27,13,14442
device_uplink,1788989953000000000,70b3d57ed00778cc,-30,9,14443
device_uplink,1788989969000000000,70b3d57ed00778cc,-29,13.5,14444
device_uplink,1788989985000000000,70b3d57ed00778cc,-31,13.2,14445
device_uplink,1788990003000000000,70b3d57ed00778cc,-26,13.5,14446
device_uplink,1788990019000000000,70b3d57ed00778cc,-28,14.5,14447
device_uplink,1788990035000000000,70b3d57ed00778cc,-30,12.8,14448
device_uplink,1788990051000000000,70b3d57ed00778cc,-29,13.8,14449
device_uplink,1788990067000000000,70b3d57ed00778cc,-31,13.5,14450
device_uplink,1788990083000000000,70b3d57ed00778cc,-29,10.2,14451
device_uplink,1788990099000000000,70b3d57ed00778cc,-26,13.5,14452
device_uplink,1788990115000000000,70b3d57ed00778cc,-26,13.5,14453
device_uplink,1788990133000000000,70b3d57ed00778cc,-29,13.8,14454
device_uplink,1788990149000000000,70b3d57ed00778cc,-27,13.5,14455
device_uplink,1788990165000000000,70b3d57ed00778cc,-27,14,14456
device_uplink,1788990181000000000,70b3d57ed00778cc,-28,14,14457
device_uplink,1788990197000000000,70b3d57ed00778cc,-29,10.2,14458
device_uplink,1788990213000000000,70b3d57ed00778cc,-29,13.2,14459
device_uplink,1788990229000000000,70b3d57ed00778cc,-26,12.8,14460
device_uplink,1788990247000000000,70b3d57ed00778cc,-31,14,14461
device_uplink,1788990263000000000,70b3d57ed00778cc,-28,14.2,14462
device_uplink,1788990279000000000,70b3d57ed00778cc,-26,13.5,14463
device_uplink,1788990295000000000,70b3d57ed00778cc,-27,13.8,14464
device_uplink,1788990311000000000,70b3d57ed00778cc,-28,13.5,14465
device_uplink,1788990327000000000,70b3d57ed00778cc,-31,13.5,14466
device_uplink,1788990345000000000,70b3d57ed00778cc,-28,13,14467
device_uplink,1788990361000000000,70b3d57ed00778cc,-30,12.5,14468
device_uplink,1788990377000000000,70b3d57ed00778cc,-25,13.5,14469
device_uplink,1788990393000000000,70b3d57ed00778cc,-29,10.5,14470
device_uplink,1788990409000000000,70b3d57ed00778cc,-26,13.2,14471
device_uplink,1788990425000000000,70b3d57ed00778cc,-27,13.8,14472
device_uplink,1788990441000000000,70b3d57ed00778cc,-28,14.2,14473
device_uplink,1788990459000000000,70b3d57ed00778cc,-27,13.2,14474
device_uplink,1788990475000000000,70b3d57ed00778cc,-27,14,14475
device_uplink,1788990491000000000,70b3d57ed00778cc,-29,13.2,14476
device_uplink,1788990507000000000,70b3d57ed00778cc,-30,12.8,14477
device_uplink,1788990523000000000,70b3d57ed00778cc,-28,14,14478
device_uplink,1788990539000000000,70b3d57ed00778cc,-26,13.5,14479
device_uplink,1788990555000000000,70b3d57ed00778cc,-29,10,14480
device_uplink,1788990569000000000,70b3d57ed0077801,-27,13.8,189
device_uplink,1788990571000000000,70b3d57ed00778cc,-28,13.5,14481
device_uplink,1788990589000000000,70b3d57ed00778cc,-30,13.2,14482
device_uplink,1788990605000000000,70b3d57ed00778cc,-27,13.5,14483
device_uplink,1788990621000000000,70b3d57ed00778cc,-29,13.5,14484
device_uplink,1788990637000000000,70b3d57ed00778cc,-29,9.2,14485
device_uplink,1788990653000000000,70b3d57ed00778cc,-26,13,14486
device_uplink,1788990669000000000,70b3d57ed00778cc,-27,13.2,14487
device_uplink,1788990687000000000,70b3d57ed00778cc,-29,14.5,14488
device_uplink,1788990703000000000,70b3d57ed00778cc,-29,14,14489
device_uplink,1788990719000000000,70b3d57ed00778cc,-28,13.5,14490
device_uplink,1788990735000000000,70b3d57ed00778cc,-29,8.8,14491
device_uplink,1788990751000000000,70b3d57ed00778cc,-27,13.2,14492
device_uplink,1788990767000000000,70b3d57ed00778cc,-25,14,14493
device_uplink,1788990783000000000,70b3d57ed00778cc,-24,13.2,14494
device_uplink,1788990799000000000,70b3d57ed00778cc,-29,13.2,14495
device_uplink,1788990817000000000,70b3d57ed00778cc,-31,13.8,14496
device_uplink,1788990833000000000,70b3d57ed00778cc,-28,13.8,14497
device_uplink,1788990849000000000,70b3d57ed00778cc,-29,14,14498
device_uplink,1788990865000000000,70b3d57ed00778cc,-28,13.2,14499
device_uplink,1788990881000000000,70b3d57ed00778cc,-31,13.2,14500
device_uplink,1788990897000000000,70b3d57ed00778cc,-32,14,14501
device_uplink,1788990913000000000,70b3d57ed00778cc,-27,13.5,14502
device_uplink,1788990929000000000,70b3d57ed00778cc,-30,10,14503
device_uplink,1788990947000000000,70b3d57ed00778cc,-26,13.5,14504
device_uplink,1788990963000000000,70b3d57ed00778cc,-29,14.5,14505
device_uplink,1788990979000000000,70b3d57ed00778cc,-29,8.8,14506
device_uplink,1788990995000000000,70b3d57ed00778cc,-29,14,14507
device_uplink,1788991011000000000,70b3d57ed00778cc,-28,13.2,14508
device_uplink,1788991027000000000,70b3d57ed00778cc,-27,14,14509
device_uplink,1788991043000000000,70b3d57ed00778cc,-27,13.8,14510
device_uplink,1788991061000000000,70b3d57ed00778cc,-36,11.8,14511
device_uplink,1788991077000000000,70b3d57ed00778cc,-32,13.2,14512
device_uplink,1788991093000000000,70b3d57ed00778cc,-29,13.8,14513
device_uplink,1788991109000000000,70b3d57ed00778cc,-27,13.2,14514
device_uplink,1788991125000000000,70b3d57ed00778cc,-29,12.8,14515
device_uplink,1788991141000000000,70b3d57ed00778cc,-33,13,14516
device_uplink,1788991157000000000,70b3d57ed00778cc,-28,13.5,14517
device_uplink,1788991173000000000,70b3d57ed00778cc,-28,14.2,14518
device_uplink,1788991191000000000,70b3d57ed00778cc,-31,14.2,14519
device_uplink,1788991207000000000,70b3d57ed00778cc,-31,10.5,14520
device_uplink,1788991223000000000,70b3d57ed00778cc,-30,12.8,14521
device_uplink,1788991239000000000,70b3d57ed00778cc,-30,10.2,14522
device_uplink,1788991255000000000,70b3d57ed00778cc,-28,13.8,14523
device_uplink,1788991271000000000,70b3d57ed00778cc,-29,12.5,14524
device_uplink,1788991287000000000,70b3d57ed00778cc,-28,13.8,14525
device_uplink,1788991303000000000,70b3d57ed00778cc,-33,13,14526
device_uplink,1788991321000000000,70b3d57ed00778cc,-28,13,14527
device_uplink,1788991337000000000,70b3d57ed00778cc,-32,13.2,14528
device_uplink,1788991353000000000,70b3d57ed00778cc,-30,13.2,14529
device_uplink,1788991369000000000,70b3d57ed00778cc,-28,12.8,14530
device_uplink,1788991385000000000,70b3d57ed00778cc,-30,12.8,14531
device_uplink,1788991401000000000,70b3d57ed00778cc,-31,13.8,14532
device_uplink,1788991417000000000,70b3d57ed00778cc,-28,13.2,14533
device_uplink,1788991433000000000,70b3d57ed00778cc,-29,13.5,14534
device_uplink,1788991449000000000,70b3d57ed00778cc,-31,10.8,14535
device_uplink,1788991467000000000,70b3d57ed00778cc,-34,12.5,14536
device_uplink,1788991477000000000,70b3d57ed0077801,-27,13.5,190
device_uplink,1788991483000000000,70b3d57ed00778cc,-31,14,14537
device_uplink,1788991499000000000,70b3d57ed00778cc,-31,13.2,14538
device_uplink,1788991515000000000,70b3d57ed00778cc,-28,14,14539
device_uplink,1788991531000000000,70b3d57ed00778cc,-32,11.2,14540
device_uplink,1788991547000000000,70b3d57ed00778cc,-33,13.8,14541
device_uplink,1788991563000000000,70b3d57ed00778cc,-29,13.8,14542
device_uplink,1788991579000000000,70b3d57ed00778cc,-28,13.8,14543
device_uplink,1788991597000000000,70b3d57ed00778cc,-30,12.5,14544
device_uplink,1788991613000000000,70b3d57ed00778cc,-31,14,14545
device_uplink,1788991629000000000,70b3d57ed00778cc,-29,12.5,14546
device_uplink,1788991645000000000,70b3d57ed00778cc,-31,11.8,14547
device_uplink,1788991661000000000,70b3d57ed00778cc,-30,12.8,14548
device_uplink,1788991677000000000,70b3d57ed00778cc,-33,13,14549
device_uplink,1788991695000000000,70b3d57ed00778cc,-29,12.8,14550
device_uplink,1788991711000000000,70b3d57ed00778cc,-33,13.2,14551
device_uplink,1788991727000000000,70b3d57ed00778cc,-28,14.2,14552
device_uplink,1788991743000000000,70b3d57ed00778cc,-31,14,14553
device_uplink,1788991759000000000,70b3d57ed00778cc,-28,13.5,14554
device_uplink,1788991775000000000,70b3d57ed00778cc,-31,12.8,14555
device_uplink,1788991791000000000,70b3d57ed00778cc,-30,9.5,14556
device_uplink,1788991807000000000,70b3d57ed00778cc,-28,13.2,14557
device_uplink,1788991823000000000,70b3d57ed00778cc,-30,12.8,14558
device_uplink,1788991841000000000,70b3d57ed00778cc,-29,13,14559
device_uplink,1788991857000000000,70b3d57ed00778cc,-30,13,14560
device_uplink,1788991873000000000,70b3d57ed00778cc,-29,13,14561
device_uplink,1788991889000000000,70b3d57ed00778cc,-29,13.5,14562
device_uplink,1788991905000000000,70b3d57ed00778cc,-31,13.5,14563
device_uplink,1788991921000000000,70b3d57ed00778cc,-27,14.2,14564
device_uplink,1788991937000000000,70b3d57ed00778cc,-31,13.2,14565
device_uplink,1788991955000000000,70b3d57ed00778cc,-30,9,14566
device_uplink,1788991971000000000,70b3d57ed00778cc,-30,13,14567
device_uplink,1788991987000000000,70b3d57ed00778cc,-29,13.2,14568
device_uplink,1788992003000000000,70b3d57ed00778cc,-29,13.5,14569
device_uplink,1788992019000000000,70b3d57ed00778cc,-27,14,14570
device_uplink,1788992035000000000,70b3d57ed00778cc,-28,13.5,14571
device_uplink,1788992051000000000,70b3d57ed00778cc,-29,9.2,14572
device_uplink,1788992069000000000,70b3d57ed00778cc,-31,14.5,14573
device_uplink,1788992085000000000,70b3d57ed00778cc,-31,13,14574
device_uplink,1788992101000000000,70b3d57ed00778cc,-26,13.5,14575
device_uplink,1788992117000000000,70b3d57ed00778cc,-27,13.8,14576
device_uplink,1788992133000000000,70b3d57ed00778cc,-28,14.5,14577
device_uplink,1788992149000000000,70b3d57ed00778cc,-26,14.2,14578
device_uplink,1788992165000000000,70b3d57ed00778cc,-30,12.5,14579
device_uplink,1788992181000000000,70b3d57ed00778cc,-26,14,14580
device_uplink,1788992199000000000,70b3d57ed00778cc,-32,14,14581
device_uplink,1788992215000000000,70b3d57ed00778cc,-30,13,14582
device_uplink,1788992231000000000,70b3d57ed00778cc,-30,8.8,14583
device_uplink,1788992247000000000,70b3d57ed00778cc,-28,14,14584
device_uplink,1788992263000000000,70b3d57ed00778cc,-29,14.2,14585
device_uplink,1788992279000000000,70b3d57ed00778cc,-31,13.2,14586
device_uplink,1788992295000000000,70b3d57ed00778cc,-28,13.8,14587
device_uplink,1788992311000000000,70b3d57ed00778cc,-28,14.2,14588
device_uplink,1788992327000000000,70b3d57ed00778cc,-29,13.8,14589
device_uplink,1788992345000000000,70b3d57ed00778cc,-26,13.5,14590
device_uplink,1788992361000000000,70b3d57ed00778cc,-26,13,14591
device_uplink,1788992377000000000,70b3d57ed00778cc,-28,9.2,14592
device_uplink,1788992386000000000,70b3d57ed0077801,-28,13.2,191
