name,time,dev_eui,f_cnt
device_uplink,1788796817000000000,70b3d57ed00778cc,2568
device_uplink,1788796833000000000,70b3d57ed00778cc,2569
device_uplink,1788796849000000000,70b3d57ed00778cc,2570
device_uplink,1788796865000000000,70b3d57ed00778cc,2571
device_uplink,1788796881000000000,70b3d57ed00778cc,2572
device_uplink,1788796897000000000,70b3d57ed00778cc,2573
device_uplink,1788796913000000000,70b3d57ed00778cc,2574
device_uplink,1788796931000000000,70b3d57ed00778cc,2575
device_uplink,1788796947000000000,70b3d57ed00778cc,2576
device_uplink,1788796963000000000,70b3d57ed00778cc,2577
device_uplink,1788796979000000000,70b3d57ed00778cc,2578
device_uplink,1788796995000000000,70b3d57ed00778cc,2579
device_uplink,1788797011000000000,70b3d57ed00778cc,2580
device_uplink,1788797027000000000,70b3d57ed00778cc,2581
device_uplink,1788797043000000000,70b3d57ed00778cc,2582
device_uplink,1788797061000000000,70b3d57ed00778cc,2583
device_uplink,1788797077000000000,70b3d57ed00778cc,2584
device_uplink,1788797093000000000,70b3d57ed00778cc,2585
device_uplink,1788797109000000000,70b3d57ed00778cc,2586
device_uplink,1788797125000000000,70b3d57ed00778cc,2587
device_uplink,1788797141000000000,70b3d57ed00778cc,2588
device_uplink,1788797157000000000,70b3d57ed00778cc,2589
device_uplink,1788797173000000000,70b3d57ed00778cc,2590
device_uplink,1788797191000000000,70b3d57ed00778cc,2591
device_uplink,1788797207000000000,70b3d57ed00778cc,2592
device_uplink,1788797223000000000,70b3d57ed00778cc,2593
device_uplink,1788797239000000000,70b3d57ed00778cc,2594
device_uplink,1788797255000000000,70b3d57ed00778cc,2595
device_uplink,1788797271000000000,70b3d57ed00778cc,2596
device_uplink,1788797287000000000,70b3d57ed00778cc,2597
device_uplink,1788797303000000000,70b3d57ed00778cc,2598
device_uplink,1788797321000000000,70b3d57ed00778cc,2599
device_uplink,1788797337000000000,70b3d57ed00778cc,2600
device_uplink,1788797353000000000,70b3d57ed00778cc,2601
device_uplink,1788797369000000000,70b3d57ed00778cc,2602
device_uplink,1788797385000000000,70b3d57ed00778cc,2603
device_uplink,1788797401000000000,70b3d57ed00778cc,2604
device_uplink,1788797417000000000,70b3d57ed00778cc,2605
device_uplink,1788797433000000000,70b3d57ed00778cc,2606
device_uplink,1788797451000000000,70b3d57ed00778cc,2607
device_uplink,1788797467000000000,70b3d57ed00778cc,2608
device_uplink,1788797483000000000,70b3d57ed00778cc,2609
device_uplink,1788797499000000000,70b3d57ed00778cc,2610
device_uplink,1788797515000000000,70b3d57ed00778cc,2611
device_uplink,1788797531000000000,70b3d57ed00778cc,2612
device_uplink,1788797547000000000,70b3d57ed00778cc,2613
device_uplink,1788797563000000000,70b3d57ed00778cc,2614
device_uplink,1788797581000000000,70b3d57ed00778cc,2615
device_uplink,1788797597000000000,70b3d57ed00778cc,2616
device_uplink,1788797613000000000,70b3d57ed00778cc,2617
device_uplink,1788797629000000000,70b3d57ed00778cc,2618
device_uplink,1788797645000000000,70b3d57ed00778cc,2619
device_uplink,1788797661000000000,70b3d57ed00778cc,2620
device_uplink,1788797677000000000,70b3d57ed00778cc,2621
device_uplink,1788797693000000000,70b3d57ed00778cc,2622
device_uplink,1788797711000000000,70b3d57ed00778cc,2623
device_uplink,1788797727000000000,70b3d57ed00778cc,2624
device_uplink,1788797743000000000,70b3d57ed00778cc,2625
device_uplink,1788797759000000000,70b3d57ed00778cc,2626
device_uplink,1788797775000000000,70b3d57ed00778cc,2627
device_uplink,1788797791000000000,70b3d57ed00778cc,2628
device_uplink,1788797807000000000,70b3d57ed00778cc,2629
device_uplink,1788797823000000000,70b3d57ed00778cc,2630
device_uplink,1788797841000000000,70b3d57ed00778cc,2631
device_uplink,1788797857000000000,70b3d57ed00778cc,2632
device_uplink,1788797873000000000,70b3d57ed00778cc,2633
device_uplink,1788797889000000000,70b3d57ed00778cc,2634
device_uplink,1788797905000000000,70b3d57ed00778cc,2635
device_uplink,1788797921000000000,70b3d57ed00778cc,2636
device_uplink,1788797937000000000,70b3d57ed00778cc,2637
device_uplink,1788797953000000000,70b3d57ed00778cc,2638
device_uplink,1788797969000000000,70b3d57ed00778cc,2639
device_uplink,1788797987000000000,70b3d57ed00778cc,2640
device_uplink,1788798003000000000,70b3d57ed00778cc,2641
device_uplink,1788798019000000000,70b3d57ed00778cc,2642
device_uplink,1788798035000000000,70b3d57ed00778cc,2643
device_uplink,1788798051000000000,70b3d57ed00778cc,2644
device_uplink,1788798067000000000,70b3d57ed00778cc,2645
device_uplink,1788798085000000000,70b3d57ed00778cc,2646
device_uplink,1788798101000000000,70b3d57ed00778cc,2647
device_uplink,1788798117000000000,70b3d57ed00778cc,2648
device_uplink,1788798133000000000,70b3d57ed00778cc,2649
device_uplink,1788798149000000000,70b3d57ed00778cc,2650
device_uplink,1788798165000000000,70b3d57ed00778cc,2651
device_uplink,1788798181000000000,70b3d57ed00778cc,2652
device_uplink,1788798197000000000,70b3d57ed00778cc,2653
device_uplink,1788798215000000000,70b3d57ed00778cc,2654
device_uplink,1788798231000000000,70b3d57ed00778cc,2655
device_uplink,1788798247000000000,70b3d57ed00778cc,2656
device_uplink,1788798263000000000,70b3d57ed00778cc,2657
device_uplink,1788798279000000000,70b3d57ed00778cc,2658
device_uplink,1788798295000000000,70b3d57ed00778cc,2659
device_uplink,1788798311000000000,70b3d57ed00778cc,2660
device_uplink,1788798327000000000,70b3d57ed00778cc,2661
device_uplink,1788798345000000000,70b3d57ed00778cc,2662
device_uplink,1788798361000000000,70b3d57ed00778cc,2663
device_uplink,1788798377000000000,70b3d57ed00778cc,2664
device_uplink,1788798393000000000,70b3d57ed00778cc,2665
device_uplink,1788798409000000000,70b3d57ed00778cc,2666
device_uplink,1788798425000000000,70b3d57ed00778cc,2667
device_uplink,1788798443000000000,70b3d57ed00778cc,2668
device_uplink,1788798459000000000,70b3d57ed00778cc,2669
device_uplink,1788798475000000000,70b3d57ed00778cc,2670
device_uplink,1788798491000000000,70b3d57ed00778cc,2671
device_uplink,1788798507000000000,70b3d57ed00778cc,2672
device_uplink,1788798523000000000,70b3d57ed00778cc,2673
device_uplink,1788798539000000000,70b3d57ed00778cc,2674
device_uplink,1788798555000000000,70b3d57ed00778cc,2675
device_uplink,1788798573000000000,70b3d57ed00778cc,2676
device_uplink,1788798589000000000,70b3d57ed00778cc,2677
device_uplink,1788798605000000000,70b3d57ed00778cc,2678
device_uplink,1788798621000000000,70b3d57ed00778cc,2679
device_uplink,1788798637000000000,70b3d57ed00778cc,2680
device_uplink,1788798653000000000,70b3d57ed00778cc,2681
device_uplink,1788798671000000000,70b3d57ed00778cc,2682
device_uplink,1788798687000000000,70b3d57ed00778cc,2683
device_uplink,1788798703000000000,70b3d57ed00778cc,2684
device_uplink,1788798719000000000,70b3d57ed00778cc,2685
device_uplink,1788798735000000000,70b3d57ed00778cc,2686
device_uplink,1788798751000000000,70b3d57ed00778cc,2687
device_uplink,1788798767000000000,70b3d57ed00778cc,2688
device_uplink,1788798783000000000,70b3d57ed00778cc,2689
device_uplink,1788798801000000000,70b3d57ed00778cc,2690
device_uplink,1788798817000000000,70b3d57ed00778cc,2691
device_uplink,1788798833000000000,70b3d57ed00778cc,2692
device_uplink,1788798849000000000,70b3d57ed00778cc,2693
device_uplink,1788798865000000000,70b3d57ed00778cc,2694
device_uplink,1788798881000000000,70b3d57ed00778cc,2695
device_uplink,1788798899000000000,70b3d57ed00778cc,2696
device_uplink,1788798915000000000,70b3d57ed00778cc,2697
device_uplink,1788798931000000000,70b3d57ed00778cc,2698
device_uplink,1788798947000000000,70b3d57ed00778cc,2699
device_uplink,1788798963000000000,70b3d57ed00778cc,2700
device_uplink,1788798979000000000,70b3d57ed00778cc,2701
device_uplink,1788798995000000000,70b3d57ed00778cc,2702
device_uplink,1788799011000000000,70b3d57ed00778cc,2703
device_uplink,1788799029000000000,70b3d57ed00778cc,2704
device_uplink,1788799045000000000,70b3d57ed00778cc,2705
device_uplink,1788799061000000000,70b3d57ed00778cc,2706
device_uplink,1788799077000000000,70b3d57ed00778cc,2707
device_uplink,1788799093000000000,70b3d57ed00778cc,2708
device_uplink,1788799109000000000,70b3d57ed00778cc,2709
device_uplink,1788799125000000000,70b3d57ed00778cc,2710
device_uplink,1788799141000000000,70b3d57ed00778cc,2711
device_uplink,1788799159000000000,70b3d57ed00778cc,2712
device_uplink,1788799175000000000,70b3d57ed00778cc,2713
device_uplink,1788799191000000000,70b3d57ed00778cc,2714
device_uplink,1788799207000000000,70b3d57ed00778cc,2715
device_uplink,1788799223000000000,70b3d57ed00778cc,2716
device_uplink,1788799239000000000,70b3d57ed00778cc,2717
device_uplink,1788799255000000000,70b3d57ed00778cc,2718
device_uplink,1788799273000000000,70b3d57ed00778cc,2719
device_uplink,1788799289000000000,70b3d57ed00778cc,2720
device_uplink,1788799305000000000,70b3d57ed00778cc,2721
device_uplink,1788799321000000000,70b3d57ed00778cc,2722
device_uplink,1788799337000000000,70b3d57ed00778cc,2723
device_uplink,1788799353000000000,70b3d57ed00778cc,2724
device_uplink,1788799369000000000,70b3d57ed00778cc,2725
device_uplink,1788799387000000000,70b3d57ed00778cc,2726
device_uplink,1788799403000000000,70b3d57ed00778cc,2727
device_uplink,1788799419000000000,70b3d57ed00778cc,2728
device_uplink,1788799435000000000,70b3d57ed00778cc,2729
device_uplink,1788799451000000000,70b3d57ed00778cc,2730
device_uplink,1788799467000000000,70b3d57ed00778cc,2731
device_uplink,1788799483000000000,70b3d57ed00778cc,2732
device_uplink,1788799501000000000,70b3d57ed00778cc,2733
device_uplink,1788799517000000000,70b3d57ed00778cc,2734
device_uplink,1788799533000000000,70b3d57ed00778cc,2735
device_uplink,1788799549000000000,70b3d57ed00778cc,2736
device_uplink,1788799565000000000,70b3d57ed00778cc,2737
device_uplink,1788799581000000000,70b3d57ed00778cc,2738
device_uplink,1788799597000000000,70b3d57ed00778cc,2739
device_uplink,1788799613000000000,70b3d57ed00778cc,2740
device_uplink,1788799629000000000,70b3d57ed00778cc,2741
device_uplink,1788799647000000000,70b3d57ed00778cc,2742
device_uplink,1788799663000000000,70b3d57ed00778cc,2743
device_uplink,1788799679000000000,70b3d57ed00778cc,2744
device_uplink,1788799695000000000,70b3d57ed00778cc,2745
device_uplink,1788799711000000000,70b3d57ed00778cc,2746
device_uplink,1788799727000000000,70b3d57ed00778cc,2747
device_uplink,1788799745000000000,70b3d57ed00778cc,2748
device_uplink,1788799761000000000,70b3d57ed00778cc,2749
device_uplink,1788799777000000000,70b3d57ed00778cc,2750
device_uplink,1788799793000000000,70b3d57ed00778cc,2751
device_uplink,1788799809000000000,70b3d57ed00778cc,2752
device_uplink,1788799825000000000,70b3d57ed00778cc,2753
device_uplink,1788799841000000000,70b3d57ed00778cc,2754
device_uplink,1788799857000000000,70b3d57ed00778cc,2755
device_uplink,1788799875000000000,70b3d57ed00778cc,2756
device_uplink,1788799891000000000,70b3d57ed00778cc,2757
device_uplink,1788799907000000000,70b3d57ed00778cc,2758
device_uplink,1788799923000000000,70b3d57ed00778cc,2759
device_uplink,1788799939000000000,70b3d57ed00778cc,2760
device_uplink,1788799955000000000,70b3d57ed00778cc,2761
device_uplink,1788799971000000000,70b3d57ed00778cc,2762
device_uplink,1788799987000000000,70b3d57ed00778cc,2763
device_uplink,1788800005000000000,70b3d57ed00778cc,2764
device_uplink,1788800021000000000,70b3d57ed00778cc,2765
device_uplink,1788800037000000000,70b3d57ed00778cc,2766
device_uplink,1788800053000000000,70b3d57ed00778cc,2767
device_uplink,1788800069000000000,70b3d57ed00778cc,2768
device_uplink,1788800085000000000,70b3d57ed00778cc,2769
device_uplink,1788800103000000000,70b3d57ed00778cc,2770
device_uplink,1788800119000000000,70b3d57ed00778cc,2771
device_uplink,1788800135000000000,70b3d57ed00778cc,2772
device_uplink,1788800151000000000,70b3d57ed00778cc,2773
device_uplink,1788800167000000000,70b3d57ed00778cc,2774
device_uplink,1788800183000000000,70b3d57ed00778cc,2775
device_uplink,1788800201000000000,70b3d57ed00778cc,2776
device_uplink,1788800217000000000,70b3d57ed00778cc,2777
device_uplink,1788800233000000000,70b3d57ed00778cc,2778
device_uplink,1788800249000000000,70b3d57ed00778cc,2779
device_uplink,1788800265000000000,70b3d57ed00778cc,2780
device_uplink,1788800281000000000,70b3d57ed00778cc,2781
device_uplink,1788800297000000000,70b3d57ed00778cc,2782
device_uplink,1788800315000000000,70b3d57ed00778cc,2783
device_uplink,1788800331000000000,70b3d57ed00778cc,2784
device_uplink,1788800347000000000,70b3d57ed00778cc,2785
device_uplink,1788800363000000000,70b3d57ed00778cc,2786
device_uplink,1788800379000000000,70b3d57ed00778cc,2787
device_uplink,1788800395000000000,70b3d57ed00778cc,2788
device_uplink,1788800411000000000,70b3d57ed00778cc,2789
device_uplink,1788800429000000000,70b3d57ed00778cc,2790
device_uplink,1788800445000000000,70b3d57ed00778cc,2791
device_uplink,1788800461000000000,70b3d57ed00778cc,2792
device_uplink,1788800477000000000,70b3d57ed00778cc,2793
device_uplink,1788800493000000000,70b3d57ed00778cc,2794
device_uplink,1788800509000000000,70b3d57ed00778cc,2795
device_uplink,1788800525000000000,70b3d57ed00778cc,2796
device_uplink,1788800543000000000,70b3d57ed00778cc,2797
device_uplink,1788800559000000000,70b3d57ed00778cc,2798
device_uplink,1788800575000000000,70b3d57ed00778cc,2799
device_uplink,1788800591000000000,70b3d57ed00778cc,2800
device_uplink,1788800607000000000,70b3d57ed00778cc,2801
device_uplink,1788800623000000000,70b3d57ed00778cc,2802
device_uplink,1788800639000000000,70b3d57ed00778cc,2803
device_uplink,1788800655000000000,70b3d57ed00778cc,2804
device_uplink,1788800673000000000,70b3d57ed00778cc,2805
device_uplink,1788800689000000000,70b3d57ed00778cc,2806
device_uplink,1788800713000000000,70b3d57ed00778cc,2807
device_uplink,1788800721000000000,70b3d57ed00778cc,2808
device_uplink,1788800737000000000,70b3d57ed00778cc,2809
device_uplink,1788800753000000000,70b3d57ed00778cc,2810
device_uplink,1788800769000000000,70b3d57ed00778cc,2811
device_uplink,1788800787000000000,70b3d57ed00778cc,2812
device_uplink,1788800803000000000,70b3d57ed00778cc,2813
device_uplink,1788800819000000000,70b3d57ed00778cc,2814
device_uplink,1788800835000000000,70b3d57ed00778cc,2815
device_uplink,1788800851000000000,70b3d57ed00778cc,2816
device_uplink,1788800867000000000,70b3d57ed00778cc,2817
device_uplink,1788800883000000000,70b3d57ed00778cc,2818
device_uplink,1788800899000000000,70b3d57ed00778cc,2819
device_uplink,1788800917000000000,70b3d57ed00778cc,2820
device_uplink,1788800933000000000,70b3d57ed00778cc,2821
device_uplink,1788800949000000000,70b3d57ed00778cc,2822
device_uplink,1788800965000000000,70b3d57ed00778cc,2823
device_uplink,1788800981000000000,70b3d57ed00778cc,2824
device_uplink,1788800997000000000,70b3d57ed00778cc,2825
device_uplink,1788801013000000000,70b3d57ed00778cc,2826
device_uplink,1788801029000000000,70b3d57ed00778cc,2827
device_uplink,1788801047000000000,70b3d57ed00778cc,2828
device_uplink,1788801063000000000,70b3d57ed00778cc,2829
device_uplink,1788801079000000000,70b3d57ed00778cc,2830
device_uplink,1788801095000000000,70b3d57ed00778cc,2831
device_uplink,1788801111000000000,70b3d57ed00778cc,2832
device_uplink,1788801127000000000,70b3d57ed00778cc,2833
device_uplink,1788801143000000000,70b3d57ed00778cc,2834
device_uplink,1788801159000000000,70b3d57ed00778cc,2835
device_uplink,1788801177000000000,70b3d57ed00778cc,2836
device_uplink,1788801193000000000,70b3d57ed00778cc,2837
device_uplink,1788801209000000000,70b3d57ed00778cc,2838
device_uplink,1788801225000000000,70b3d57ed00778cc,2839
device_uplink,1788801241000000000,70b3d57ed00778cc,2840
device_uplink,1788801257000000000,70b3d57ed00778cc,2841
device_uplink,1788801273000000000,70b3d57ed00778cc,2842
device_uplink,1788801289000000000,70b3d57ed00778cc,2843
device_uplink,1788801307000000000,70b3d57ed00778cc,2844
device_uplink,1788801323000000000,70b3d57ed00778cc,2845
device_uplink,1788801339000000000,70b3d57ed00778cc,2846
device_uplink,1788801355000000000,70b3d57ed00778cc,2847
device_uplink,1788801371000000000,70b3d57ed00778cc,2848
device_uplink,1788801387000000000,70b3d57ed00778cc,2849
device_uplink,1788801403000000000,70b3d57ed00778cc,2850
device_uplink,1788801419000000000,70b3d57ed00778cc,2851
device_uplink,1788801437000000000,70b3d57ed00778cc,2852
device_uplink,1788801453000000000,70b3d57ed00778cc,2853
device_uplink,1788801469000000000,70b3d57ed00778cc,2854
device_uplink,1788801485000000000,70b3d57ed00778cc,2855
device_uplink,1788801501000000000,70b3d57ed00778cc,2856
device_uplink,1788801517000000000,70b3d57ed00778cc,2857
device_uplink,1788801535000000000,70b3d57ed00778cc,2858
device_uplink,1788801551000000000,70b3d57ed00778cc,2859
device_uplink,1788801567000000000,70b3d57ed00778cc,2860
device_uplink,1788801583000000000,70b3d57ed00778cc,2861
device_uplink,1788801599000000000,70b3d57ed00778cc,2862
device_uplink,1788801615000000000,70b3d57ed00778cc,2863
device_uplink,1788801633000000000,70b3d57ed00778cc,2864
device_uplink,1788801649000000000,70b3d57ed00778cc,2865
device_uplink,1788801665000000000,70b3d57ed00778cc,2866
device_uplink,1788801681000000000,70b3d57ed00778cc,2867
device_uplink,1788801697000000000,70b3d57ed00778cc,2868
device_uplink,1788801713000000000,70b3d57ed00778cc,2869
device_uplink,1788801729000000000,70b3d57ed00778cc,2870
device_uplink,1788801747000000000,70b3d57ed00778cc,2871
device_uplink,1788801763000000000,70b3d57ed00778cc,2872
device_uplink,1788801779000000000,70b3d57ed00778cc,2873
device_uplink,1788801795000000000,70b3d57ed00778cc,2874
device_uplink,1788801811000000000,70b3d57ed00778cc,2875
device_uplink,1788801827000000000,70b3d57ed00778cc,2876
device_uplink,1788801843000000000,70b3d57ed00778cc,2877
device_uplink,1788801859000000000,70b3d57ed00778cc,2878
device_uplink,1788801875000000000,70b3d57ed00778cc,2879
device_uplink,1788801893000000000,70b3d57ed00778cc,2880
device_uplink,1788801909000000000,70b3d57ed00778cc,2881
device_uplink,1788801925000000000,70b3d57ed00778cc,2882
device_uplink,1788801941000000000,70b3d57ed00778cc,2883
device_uplink,1788801957000000000,70b3d57ed00778cc,2884
device_uplink,1788801973000000000,70b3d57ed00778cc,2885
device_uplink,1788801991000000000,70b3d57ed00778cc,2886
device_uplink,1788802007000000000,70b3d57ed00778cc,2887
device_uplink,1788802023000000000,70b3d57ed00778cc,2888
device_uplink,1788802039000000000,70b3d57ed00778cc,2889
device_uplink,1788802055000000000,70b3d57ed00778cc,2890
device_uplink,1788802071000000000,70b3d57ed00778cc,2891
device_uplink,1788802087000000000,70b3d57ed00778cc,2892
device_uplink,1788802103000000000,70b3d57ed00778cc,2893
device_uplink,1788802121000000000,70b3d57ed00778cc,2894
device_uplink,1788802137000000000,70b3d57ed00778cc,2895
device_uplink,1788802153000000000,70b3d57ed00778cc,2896
device_uplink,1788802169000000000,70b3d57ed00778cc,2897
device_uplink,1788802185000000000,70b3d57ed00778cc,2898
device_uplink,1788802201000000000,70b3d57ed00778cc,2899
device_uplink,1788802217000000000,70b3d57ed00778cc,2900
device_uplink,1788802235000000000,70b3d57ed00778cc,2901
device_uplink,1788802251000000000,70b3d57ed00778cc,2902
device_uplink,1788802267000000000,70b3d57ed00778cc,2903
device_uplink,1788802283000000000,70b3d57ed00778cc,2904
device_uplink,1788802299000000000,70b3d57ed00778cc,2905
device_uplink,1788802315000000000,70b3d57ed00778cc,2906
device_uplink,1788802331000000000,70b3d57ed00778cc,2907
device_uplink,1788802349000000000,70b3d57ed00778cc,2908
device_uplink,1788802365000000000,70b3d57ed00778cc,2909
device_uplink,1788802381000000000,70b3d57ed00778cc,2910
device_uplink,1788802397000000000,70b3d57ed00778cc,2911
device_uplink,1788802413000000000,70b3d57ed00778cc,2912
device_uplink,1788802429000000000,70b3d57ed00778cc,2913
device_uplink,1788802445000000000,70b3d57ed00778cc,2914
device_uplink,1788802461000000000,70b3d57ed00778cc,2915
device_uplink,1788802479000000000,70b3d57ed00778cc,2916
device_uplink,1788802495000000000,70b3d57ed00778cc,2917
device_uplink,1788802511000000000,70b3d57ed00778cc,2918
device_uplink,1788802527000000000,70b3d57ed00778cc,2919
device_uplink,1788802543000000000,70b3d57ed00778cc,2920
device_uplink,1788802559000000000,70b3d57ed00778cc,2921
device_uplink,1788802577000000000,70b3d57ed00778cc,2922
device_uplink,1788802593000000000,70b3d57ed00778cc,2923
device_uplink,1788802609000000000,70b3d57ed00778cc,2924
device_uplink,1788802625000000000,70b3d57ed00778cc,2925
device_uplink,1788802641000000000,70b3d57ed00778cc,2926
device_uplink,1788802657000000000,70b3d57ed00778cc,2927
device_uplink,1788802673000000000,70b3d57ed00778cc,2928
device_uplink,1788802689000000000,70b3d57ed00778cc,2929
device_uplink,1788802707000000000,70b3d57ed00778cc,2930
device_uplink,1788802723000000000,70b3d57ed00778cc,2931
device_uplink,1788802739000000000,70b3d57ed00778cc,2932
device_uplink,1788802755000000000,70b3d57ed00778cc,2933
device_uplink,1788802771000000000,70b3d57ed00778cc,2934
device_uplink,1788802787000000000,70b3d57ed00778cc,2935
device_uplink,1788802803000000000,70b3d57ed00778cc,2936
device_uplink,1788802819000000000,70b3d57ed00778cc,2937
device_uplink,1788802837000000000,70b3d57ed00778cc,2938
device_uplink,1788802853000000000,70b3d57ed00778cc,2939
device_uplink,1788802869000000000,70b3d57ed00778cc,2940
device_uplink,1788802885000000000,70b3d57ed00778cc,2941
device_uplink,1788802901000000000,70b3d57ed00778cc,2942
device_uplink,1788802917000000000,70b3d57ed00778cc,2943
device_uplink,1788802933000000000,70b3d57ed00778cc,2944
device_uplink,1788802949000000000,70b3d57ed00778cc,2945
device_uplink,1788802967000000000,70b3d57ed00778cc,2946
device_uplink,1788802983000000000,70b3d57ed00778cc,2947
device_uplink,1788802999000000000,70b3d57ed00778cc,2948
device_uplink,1788803015000000000,70b3d57ed00778cc,2949
device_uplink,1788803031000000000,70b3d57ed00778cc,2950
device_uplink,1788803047000000000,70b3d57ed00778cc,2951
device_uplink,1788803063000000000,70b3d57ed00778cc,2952
device_uplink,1788803081000000000,70b3d57ed00778cc,2953
device_uplink,1788803097000000000,70b3d57ed00778cc,2954
device_uplink,1788803113000000000,70b3d57ed00778cc,2955
device_uplink,1788803129000000000,70b3d57ed00778cc,2956
device_uplink,1788803145000000000,70b3d57ed00778cc,2957
device_uplink,1788803177000000000,70b3d57ed00778cc,2959
device_uplink,1788803193000000000,70b3d57ed00778cc,2960
device_uplink,1788803211000000000,70b3d57ed00778cc,2961
device_uplink,1788803227000000000,70b3d57ed00778cc,2962
device_uplink,1788803243000000000,70b3d57ed00778cc,2963
device_uplink,1788803259000000000,70b3d57ed00778cc,2964
device_uplink,1788803275000000000,70b3d57ed00778cc,2965
device_uplink,1788803291000000000,70b3d57ed00778cc,2966
device_uplink,1788803307000000000,70b3d57ed00778cc,2967
device_uplink,1788803325000000000,70b3d57ed00778cc,2968
device_uplink,1788803341000000000,70b3d57ed00778cc,2969
device_uplink,1788803357000000000,70b3d57ed00778cc,2970
device_uplink,1788803373000000000,70b3d57ed00778cc,2971
device_uplink,1788803389000000000,70b3d57ed00778cc,2972
device_uplink,1788803405000000000,70b3d57ed00778cc,2973
device_uplink,1788803421000000000,70b3d57ed00778cc,2974
device_uplink,1788803437000000000,70b3d57ed00778cc,2975
device_uplink,1788803455000000000,70b3d57ed00778cc,2976
device_uplink,1788803471000000000,70b3d57ed00778cc,2977
device_uplink,1788803487000000000,70b3d57ed00778cc,2978
device_uplink,1788803503000000000,70b3d57ed00778cc,2979
device_uplink,1788803519000000000,70b3d57ed00778cc,2980
device_uplink,1788803535000000000,70b3d57ed00778cc,2981
device_uplink,1788803551000000000,70b3d57ed00778cc,2982
device_uplink,1788803567000000000,70b3d57ed00778cc,2983
device_uplink,1788803585000000000,70b3d57ed00778cc,2984
device_uplink,1788803601000000000,70b3d57ed00778cc,2985
device_uplink,1788803617000000000,70b3d57ed00778cc,2986
device_uplink,1788803633000000000,70b3d57ed00778cc,2987
device_uplink,1788803649000000000,70b3d57ed00778cc,2988
device_uplink,1788803665000000000,70b3d57ed00778cc,2989
device_uplink,1788803681000000000,70b3d57ed00778cc,2990
device_uplink,1788803699000000000,70b3d57ed00778cc,2991
device_uplink,1788803715000000000,70b3d57ed00778cc,2992
device_uplink,1788803731000000000,70b3d57ed00778cc,2993
device_uplink,1788803747000000000,70b3d57ed00778cc,2994
device_uplink,1788803763000000000,70b3d57ed00778cc,2995
device_uplink,1788803779000000000,70b3d57ed00778cc,2996
device_uplink,1788803795000000000,70b3d57ed00778cc,2997
device_uplink,1788803813000000000,70b3d57ed00778cc,2998
device_uplink,1788803829000000000,70b3d57ed00778cc,2999
device_uplink,1788803845000000000,70b3d57ed00778cc,3000
device_uplink,1788803861000000000,70b3d57ed00778cc,3001
device_uplink,1788803877000000000,70b3d57ed00778cc,3002
device_uplink,1788803893000000000,70b3d57ed00778cc,3003
device_uplink,1788803909000000000,70b3d57ed00778cc,3004
device_uplink,1788803925000000000,70b3d57ed00778cc,3005
device_uplink,1788803943000000000,70b3d57ed00778cc,3006
device_uplink,1788803959000000000,70b3d57ed00778cc,3007
device_uplink,1788803975000000000,70b3d57ed00778cc,3008
device_uplink,1788803991000000000,70b3d57ed00778cc,3009
device_uplink,1788804007000000000,70b3d57ed00778cc,3010
device_uplink,1788804023000000000,70b3d57ed00778cc,3011
device_uplink,1788804039000000000,70b3d57ed00778cc,3012
device_uplink,1788804055000000000,70b3d57ed00778cc,3013
device_uplink,1788804071000000000,70b3d57ed00778cc,3014
device_uplink,1788804089000000000,70b3d57ed00778cc,3015
device_uplink,1788804105000000000,70b3d57ed00778cc,3016
device_uplink,1788804121000000000,70b3d57ed00778cc,3017
device_uplink,1788804137000000000,70b3d57ed00778cc,3018
device_uplink,1788804153000000000,70b3d57ed00778cc,3019
device_uplink,1788804169000000000,70b3d57ed00778cc,3020
device_uplink,1788804185000000000,70b3d57ed00778cc,3021
device_uplink,1788804203000000000,70b3d57ed00778cc,3022
device_uplink,1788804235000000000,70b3d57ed00778cc,3024
device_uplink,1788804251000000000,70b3d57ed00778cc,3025
device_uplink,1788804267000000000,70b3d57ed00778cc,3026
device_uplink,1788804283000000000,70b3d57ed00778cc,3027
device_uplink,1788804299000000000,70b3d57ed00778cc,3028
device_uplink,1788804315000000000,70b3d57ed00778cc,3029
device_uplink,1788804331000000000,70b3d57ed00778cc,3030
device_uplink,1788804349000000000,70b3d57ed00778cc,3031
device_uplink,1788804365000000000,70b3d57ed00778cc,3032
device_uplink,1788804381000000000,70b3d57ed00778cc,3033
device_uplink,1788804397000000000,70b3d57ed00778cc,3034
device_uplink,1788804413000000000,70b3d57ed00778cc,3035
device_uplink,1788804429000000000,70b3d57ed00778cc,3036
device_uplink,1788804445000000000,70b3d57ed00778cc,3037
device_uplink,1788804461000000000,70b3d57ed00778cc,3038
device_uplink,1788804479000000000,70b3d57ed00778cc,3039
device_uplink,1788804495000000000,70b3d57ed00778cc,3040
device_uplink,1788804511000000000,70b3d57ed00778cc,3041
device_uplink,1788804527000000000,70b3d57ed00778cc,3042
device_uplink,1788804543000000000,70b3d57ed00778cc,3043
device_uplink,1788804559000000000,70b3d57ed00778cc,3044
device_uplink,1788804575000000000,70b3d57ed00778cc,3045
device_uplink,1788804591000000000,70b3d57ed00778cc,3046
device_uplink,1788804609000000000,70b3d57ed00778cc,3047
device_uplink,1788804625000000000,70b3d57ed00778cc,3048
device_uplink,1788804641000000000,70b3d57ed00778cc,3049
device_uplink,1788804657000000000,70b3d57ed00778cc,3050
device_uplink,1788804673000000000,70b3d57ed00778cc,3051
device_uplink,1788804689000000000,70b3d57ed00778cc,3052
device_uplink,1788804705000000000,70b3d57ed00778cc,3053
device_uplink,1788804721000000000,70b3d57ed00778cc,3054
device_uplink,1788804739000000000,70b3d57ed00778cc,3055
device_uplink,1788804755000000000,70b3d57ed00778cc,3056
device_uplink,1788804771000000000,70b3d57ed00778cc,3057
device_uplink,1788804787000000000,70b3d57ed00778cc,3058
device_uplink,1788804803000000000,70b3d57ed00778cc,3059
device_uplink,1788804819000000000,70b3d57ed00778cc,3060
device_uplink,1788804835000000000,70b3d57ed00778cc,3061
device_uplink,1788804851000000000,70b3d57ed00778cc,3062
device_uplink,1788804869000000000,70b3d57ed00778cc,3063
device_uplink,1788804885000000000,70b3d57ed00778cc,3064
device_uplink,1788804901000000000,70b3d57ed00778cc,3065
device_uplink,1788804917000000000,70b3d57ed00778cc,3066
device_uplink,1788804933000000000,70b3d57ed00778cc,3067
device_uplink,1788804949000000000,70b3d57ed00778cc,3068
device_uplink,1788804965000000000,70b3d57ed00778cc,3069
device_uplink,1788804981000000000,70b3d57ed00778cc,3070
device_uplink,1788804997000000000,70b3d57ed00778cc,3071
device_uplink,1788805015000000000,70b3d57ed00778cc,3072
device_uplink,1788805031000000000,70b3d57ed00778cc,3073
device_uplink,1788805047000000000,70b3d57ed00778cc,3074
device_uplink,1788805063000000000,70b3d57ed00778cc,3075
device_uplink,1788805079000000000,70b3d57ed00778cc,3076
device_uplink,1788805095000000000,70b3d57ed00778cc,3077
device_uplink,1788805113000000000,70b3d57ed00778cc,3078
device_uplink,1788805129000000000,70b3d57ed00778cc,3079
device_uplink,1788805145000000000,70b3d57ed00778cc,3080
device_uplink,1788805161000000000,70b3d57ed00778cc,3081
device_uplink,1788805177000000000,70b3d57ed00778cc,3082
device_uplink,1788805193000000000,70b3d57ed00778cc,3083
device_uplink,1788805209000000000,70b3d57ed00778cc,3084
device_uplink,1788805225000000000,70b3d57ed00778cc,3085
device_uplink,1788805241000000000,70b3d57ed00778cc,3086
device_uplink,1788805259000000000,70b3d57ed00778cc,3087
device_uplink,1788805275000000000,70b3d57ed00778cc,3088
device_uplink,1788805291000000000,70b3d57ed00778cc,3089
device_uplink,1788805307000000000,70b3d57ed00778cc,3090
device_uplink,1788805323000000000,70b3d57ed00778cc,3091
device_uplink,1788805339000000000,70b3d57ed00778cc,3092
device_uplink,1788805355000000000,70b3d57ed00778cc,3093
device_uplink,1788805371000000000,70b3d57ed00778cc,3094
device_uplink,1788805389000000000,70b3d57ed00778cc,3095
device_uplink,1788805405000000000,70b3d57ed00778cc,3096
device_uplink,1788805421000000000,70b3d57ed00778cc,3097
device_uplink,1788805437000000000,70b3d57ed00778cc,3098
device_uplink,1788805453000000000,70b3d57ed00778cc,3099
device_uplink,1788805469000000000,70b3d57ed00778cc,3100
device_uplink,1788805485000000000,70b3d57ed00778cc,3101
device_uplink,1788805501000000000,70b3d57ed00778cc,3102
device_uplink,1788805517000000000,70b3d57ed00778cc,3103
device_uplink,1788805535000000000,70b3d57ed00778cc,3104
device_uplink,1788805551000000000,70b3d57ed00778cc,3105
device_uplink,1788805567000000000,70b3d57ed00778cc,3106
device_uplink,1788805583000000000,70b3d57ed00778cc,3107
device_uplink,1788805599000000000,70b3d57ed00778cc,3108
device_uplink,1788805615000000000,70b3d57ed00778cc,3109
device_uplink,1788805633000000000,70b3d57ed00778cc,3110
device_uplink,1788805649000000000,70b3d57ed00778cc,3111
device_uplink,1788805665000000000,70b3d57ed00778cc,3112
device_uplink,1788805681000000000,70b3d57ed00778cc,3113
device_uplink,1788805697000000000,70b3d57ed00778cc,3114
device_uplink,1788805713000000000,70b3d57ed00778cc,3115
device_uplink,1788805731000000000,70b3d57ed00778cc,3116
device_uplink,1788805747000000000,70b3d57ed00778cc,3117
device_uplink,1788805763000000000,70b3d57ed00778cc,3118
device_uplink,1788805779000000000,70b3d57ed00778cc,3119
device_uplink,1788805795000000000,70b3d57ed00778cc,3120
device_uplink,1788805811000000000,70b3d57ed00778cc,3121
device_uplink,1788805827000000000,70b3d57ed00778cc,3122
device_uplink,1788805845000000000,70b3d57ed00778cc,3123
device_uplink,1788805861000000000,70b3d57ed00778cc,3124
device_uplink,1788805877000000000,70b3d57ed00778cc,3125
device_uplink,1788805893000000000,70b3d57ed00778cc,3126
device_uplink,1788805909000000000,70b3d57ed00778cc,3127
device_uplink,1788805925000000000,70b3d57ed00778cc,3128
device_uplink,1788805941000000000,70b3d57ed00778cc,3129
device_uplink,1788805957000000000,70b3d57ed00778cc,3130
device_uplink,1788805973000000000,70b3d57ed00778cc,3131
device_uplink,1788805991000000000,70b3d57ed00778cc,3132
device_uplink,1788806007000000000,70b3d57ed00778cc,3133
device_uplink,1788806023000000000,70b3d57ed00778cc,3134
device_uplink,1788806039000000000,70b3d57ed00778cc,3135
device_uplink,1788806055000000000,70b3d57ed00778cc,3136
device_uplink,1788806071000000000,70b3d57ed00778cc,3137
device_uplink,1788806087000000000,70b3d57ed00778cc,3138
device_uplink,1788806103000000000,70b3d57ed00778cc,3139
device_uplink,1788806121000000000,70b3d57ed00778cc,3140
device_uplink,1788806137000000000,70b3d57ed00778cc,3141
device_uplink,1788806153000000000,70b3d57ed00778cc,3142
device_uplink,1788806169000000000,70b3d57ed00778cc,3143
device_uplink,1788806185000000000,70b3d57ed00778cc,3144
device_uplink,1788806201000000000,70b3d57ed00778cc,3145
device_uplink,1788806217000000000,70b3d57ed00778cc,3146
device_uplink,1788806233000000000,70b3d57ed00778cc,3147
device_uplink,1788806251000000000,70b3d57ed00778cc,3148
device_uplink,1788806267000000000,70b3d57ed00778cc,3149
device_uplink,1788806283000000000,70b3d57ed00778cc,3150
device_uplink,1788806299000000000,70b3d57ed00778cc,3151
device_uplink,1788806315000000000,70b3d57ed00778cc,3152
device_uplink,1788806331000000000,70b3d57ed00778cc,3153
device_uplink,1788806347000000000,70b3d57ed00778cc,3154
device_uplink,1788806363000000000,70b3d57ed00778cc,3155
device_uplink,1788806381000000000,70b3d57ed00778cc,3156
device_uplink,1788806397000000000,70b3d57ed00778cc,3157
device_uplink,1788806413000000000,70b3d57ed00778cc,3158
device_uplink,1788806429000000000,70b3d57ed00778cc,3159
device_uplink,1788806445000000000,70b3d57ed00778cc,3160
device_uplink,1788806461000000000,70b3d57ed00778cc,3161
device_uplink,1788806477000000000,70b3d57ed00778cc,3162
device_uplink,1788806493000000000,70b3d57ed00778cc,3163
device_uplink,1788806511000000000,70b3d57ed00778cc,3164
device_uplink,1788806527000000000,70b3d57ed00778cc,3165
device_uplink,1788806543000000000,70b3d57ed00778cc,3166
device_uplink,1788806559000000000,70b3d57ed00778cc,3167
device_uplink,1788806575000000000,70b3d57ed00778cc,3168
device_uplink,1788806591000000000,70b3d57ed00778cc,3169
device_uplink,1788806607000000000,70b3d57ed00778cc,3170
device_uplink,1788806623000000000,70b3d57ed00778cc,3171
device_uplink,1788806641000000000,70b3d57ed00778cc,3172
device_uplink,1788806657000000000,70b3d57ed00778cc,3173
device_uplink,1788806673000000000,70b3d57ed00778cc,3174
device_uplink,1788806689000000000,70b3d57ed00778cc,3175
device_uplink,1788806705000000000,70b3d57ed00778cc,3176
device_uplink,1788806721000000000,70b3d57ed00778cc,3177
device_uplink,1788806737000000000,70b3d57ed00778cc,3178
device_uplink,1788806753000000000,70b3d57ed00778cc,3179
device_uplink,1788806771000000000,70b3d57ed00778cc,3180
device_uplink,1788806787000000000,70b3d57ed00778cc,3181
device_uplink,1788806803000000000,70b3d57ed00778cc,3182
device_uplink,1788806819000000000,70b3d57ed00778cc,3183
device_uplink,1788806835000000000,70b3d57ed00778cc,3184
device_uplink,1788806851000000000,70b3d57ed00778cc,3185
device_uplink,1788806867000000000,70b3d57ed00778cc,3186
device_uplink,1788806883000000000,70b3d57ed00778cc,3187
device_uplink,1788806901000000000,70b3d57ed00778cc,3188
device_uplink,1788806917000000000,70b3d57ed00778cc,3189
device_uplink,1788806933000000000,70b3d57ed00778cc,3190
device_uplink,1788806949000000000,70b3d57ed00778cc,3191
device_uplink,1788806965000000000,70b3d57ed00778cc,3192
device_uplink,1788806981000000000,70b3d57ed00778cc,3193
device_uplink,1788806997000000000,70b3d57ed00778cc,3194
device_uplink,1788807013000000000,70b3d57ed00778cc,3195
device_uplink,1788807031000000000,70b3d57ed00778cc,3196
device_uplink,1788807047000000000,70b3d57ed00778cc,3197
device_uplink,1788807063000000000,70b3d57ed00778cc,3198
device_uplink,1788807079000000000,70b3d57ed00778cc,3199
device_uplink,1788807095000000000,70b3d57ed00778cc,3200
device_uplink,1788807111000000000,70b3d57ed00778cc,3201
device_uplink,1788807127000000000,70b3d57ed00778cc,3202
device_uplink,1788807143000000000,70b3d57ed00778cc,3203
device_uplink,1788807161000000000,70b3d57ed00778cc,3204
device_uplink,1788807177000000000,70b3d57ed00778cc,3205
device_uplink,1788807193000000000,70b3d57ed00778cc,3206
device_uplink,1788807209000000000,70b3d57ed00778cc,3207
device_uplink,1788807225000000000,70b3d57ed00778cc,3208
device_uplink,1788807241000000000,70b3d57ed00778cc,3209
device_uplink,1788807257000000000,70b3d57ed00778cc,3210
device_uplink,1788807273000000000,70b3d57ed00778cc,3211
device_uplink,1788807291000000000,70b3d57ed00778cc,3212
device_uplink,1788807307000000000,70b3d57ed00778cc,3213
device_uplink,1788807323000000000,70b3d57ed00778cc,3214
device_uplink,1788807339000000000,70b3d57ed00778cc,3215
device_uplink,1788807355000000000,70b3d57ed00778cc,3216
device_uplink,1788807371000000000,70b3d57ed00778cc,3217
device_uplink,1788807387000000000,70b3d57ed00778cc,3218
device_uplink,1788807403000000000,70b3d57ed00778cc,3219
device_uplink,1788807421000000000,70b3d57ed00778cc,3220
device_uplink,1788807437000000000,70b3d57ed00778cc,3221
device_uplink,1788807453000000000,70b3d57ed00778cc,3222
device_uplink,1788807469000000000,70b3d57ed00778cc,3223
device_uplink,1788807485000000000,70b3d57ed00778cc,3224
device_uplink,1788807501000000000,70b3d57ed00778cc,3225
device_uplink,1788807517000000000,70b3d57ed00778cc,3226
device_uplink,1788807533000000000,70b3d57ed00778cc,3227
device_uplink,1788807551000000000,70b3d57ed00778cc,3228
device_uplink,1788807567000000000,70b3d57ed00778cc,3229
device_uplink,1788807583000000000,70b3d57ed00778cc,3230
device_uplink,1788807599000000000,70b3d57ed00778cc,3231
device_uplink,1788807615000000000,70b3d57ed00778cc,3232
device_uplink,1788807631000000000,70b3d57ed00778cc,3233
device_uplink,1788807647000000000,70b3d57ed00778cc,3234
device_uplink,1788807663000000000,70b3d57ed00778cc,3235
device_uplink,1788807681000000000,70b3d57ed00778cc,3236
device_uplink,1788807697000000000,70b3d57ed00778cc,3237
device_uplink,1788807713000000000,70b3d57ed00778cc,3238
device_uplink,1788807729000000000,70b3d57ed00778cc,3239
device_uplink,1788807745000000000,70b3d57ed00778cc,3240
device_uplink,1788807761000000000,70b3d57ed00778cc,3241
device_uplink,1788807777000000000,70b3d57ed00778cc,3242
device_uplink,1788807793000000000,70b3d57ed00778cc,3243
device_uplink,1788807811000000000,70b3d57ed00778cc,3244
device_uplink,1788807827000000000,70b3d57ed00778cc,3245
device_uplink,1788807843000000000,70b3d57ed00778cc,3246
device_uplink,1788807859000000000,70b3d57ed00778cc,3247
device_uplink,1788807875000000000,70b3d57ed00778cc,3248
device_uplink,1788807891000000000,70b3d57ed00778cc,3249
device_uplink,1788807907000000000,70b3d57ed00778cc,3250
device_uplink,1788807925000000000,70b3d57ed00778cc,3251
device_uplink,1788807941000000000,70b3d57ed00778cc,3252
device_uplink,1788807957000000000,70b3d57ed00778cc,3253
device_uplink,1788807973000000000,70b3d57ed00778cc,3254
device_uplink,1788807989000000000,70b3d57ed00778cc,3255
device_uplink,1788808005000000000,70b3d57ed00778cc,3256
device_uplink,1788808021000000000,70b3d57ed00778cc,3257
device_uplink,1788808039000000000,70b3d57ed00778cc,3258
device_uplink,1788808055000000000,70b3d57ed00778cc,3259
device_uplink,1788808071000000000,70b3d57ed00778cc,3260
device_uplink,1788808087000000000,70b3d57ed00778cc,3261
device_uplink,1788808103000000000,70b3d57ed00778cc,3262
device_uplink,1788808119000000000,70b3d57ed00778cc,3263
device_uplink,1788808135000000000,70b3d57ed00778cc,3264
device_uplink,1788808151000000000,70b3d57ed00778cc,3265
device_uplink,1788808169000000000,70b3d57ed00778cc,3266
device_uplink,1788808185000000000,70b3d57ed00778cc,3267
device_uplink,1788808201000000000,70b3d57ed00778cc,3268
device_uplink,1788808217000000000,70b3d57ed00778cc,3269
device_uplink,1788808233000000000,70b3d57ed00778cc,3270
device_uplink,1788808249000000000,70b3d57ed00778cc,3271
device_uplink,1788808265000000000,70b3d57ed00778cc,3272
device_uplink,1788808281000000000,70b3d57ed00778cc,3273
device_uplink,1788808299000000000,70b3d57ed00778cc,3274
device_uplink,1788808315000000000,70b3d57ed00778cc,3275
device_uplink,1788808331000000000,70b3d57ed00778cc,3276
device_uplink,1788808347000000000,70b3d57ed00778cc,3277
device_uplink,1788808363000000000,70b3d57ed00778cc,3278
device_uplink,1788808379000000000,70b3d57ed00778cc,3279
device_uplink,1788808395000000000,70b3d57ed00778cc,3280
device_uplink,1788808411000000000,70b3d57ed00778cc,3281
device_uplink,1788808429000000000,70b3d57ed00778cc,3282
device_uplink,1788808445000000000,70b3d57ed00778cc,3283
device_uplink,1788808461000000000,70b3d57ed00778cc,3284
device_uplink,1788808477000000000,70b3d57ed00778cc,3285
device_uplink,1788808493000000000,70b3d57ed00778cc,3286
device_uplink,1788808509000000000,70b3d57ed00778cc,3287
device_uplink,1788808525000000000,70b3d57ed00778cc,3288
device_uplink,1788808541000000000,70b3d57ed00778cc,3289
device_uplink,1788808559000000000,70b3d57ed00778cc,3290
device_uplink,1788808575000000000,70b3d57ed00778cc,3291
device_uplink,1788808591000000000,70b3d57ed00778cc,3292
device_uplink,1788808607000000000,70b3d57ed00778cc,3293
device_uplink,1788808623000000000,70b3d57ed00778cc,3294
device_uplink,1788808639000000000,70b3d57ed00778cc,3295
device_uplink,1788808655000000000,70b3d57ed00778cc,3296
device_uplink,1788808671000000000,70b3d57ed00778cc,3297
device_uplink,1788808689000000000,70b3d57ed00778cc,3298
device_uplink,1788808705000000000,70b3d57ed00778cc,3299
device_uplink,1788808721000000000,70b3d57ed00778cc,3300
device_uplink,1788808737000000000,70b3d57ed00778cc,3301
device_uplink,1788808753000000000,70b3d57ed00778cc,3302
device_uplink,1788808769000000000,70b3d57ed00778cc,3303
device_uplink,1788808785000000000,70b3d57ed00778cc,3304
device_uplink,1788808801000000000,70b3d57ed00778cc,3305
device_uplink,1788808819000000000,70b3d57ed00778cc,3306
device_uplink,1788808835000000000,70b3d57ed00778cc,3307
device_uplink,1788808851000000000,70b3d57ed00778cc,3308
device_uplink,1788808867000000000,70b3d57ed00778cc,3309
device_uplink,1788808883000000000,70b3d57ed00778cc,3310
device_uplink,1788808899000000000,70b3d57ed00778cc,3311
device_uplink,1788808915000000000,70b3d57ed00778cc,3312
device_uplink,1788808931000000000,70b3d57ed00778cc,3313
device_uplink,1788808949000000000,70b3d57ed00778cc,3314
device_uplink,1788808965000000000,70b3d57ed00778cc,3315
device_uplink,1788808981000000000,70b3d57ed00778cc,3316
device_uplink,1788808997000000000,70b3d57ed00778cc,3317
device_uplink,1788809013000000000,70b3d57ed00778cc,3318
device_uplink,1788809029000000000,70b3d57ed00778cc,3319
device_uplink,1788809045000000000,70b3d57ed00778cc,3320
device_uplink,1788809061000000000,70b3d57ed00778cc,3321
device_uplink,1788809079000000000,70b3d57ed00778cc,3322
device_uplink,1788809095000000000,70b3d57ed00778cc,3323
device_uplink,1788809111000000000,70b3d57ed00778cc,3324
device_uplink,1788809127000000000,70b3d57ed00778cc,3325
device_uplink,1788809143000000000,70b3d57ed00778cc,3326
device_uplink,1788809159000000000,70b3d57ed00778cc,3327
device_uplink,1788809175000000000,70b3d57ed00778cc,3328
device_uplink,1788809193000000000,70b3d57ed00778cc,3329
device_uplink,1788809209000000000,70b3d57ed00778cc,3330
device_uplink,1788809225000000000,70b3d57ed00778cc,3331
device_uplink,1788809241000000000,70b3d57ed00778cc,3332
device_uplink,1788809257000000000,70b3d57ed00778cc,3333
device_uplink,1788809273000000000,70b3d57ed00778cc,3334
device_uplink,1788809289000000000,70b3d57ed00778cc,3335
device_uplink,1788809305000000000,70b3d57ed00778cc,3336
device_uplink,1788809323000000000,70b3d57ed00778cc,3337
device_uplink,1788809339000000000,70b3d57ed00778cc,3338
device_uplink,1788809355000000000,70b3d57ed00778cc,3339
device_uplink,1788809371000000000,70b3d57ed00778cc,3340
device_uplink,1788809387000000000,70b3d57ed00778cc,3341
device_uplink,1788809403000000000,70b3d57ed00778cc,3342
device_uplink,1788809419000000000,70b3d57ed00778cc,3343
device_uplink,1788809435000000000,70b3d57ed00778cc,3344
device_uplink,1788809453000000000,70b3d57ed00778cc,3345
device_uplink,1788809469000000000,70b3d57ed00778cc,3346
device_uplink,1788809485000000000,70b3d57ed00778cc,3347
device_uplink,1788809501000000000,70b3d57ed00778cc,3348
device_uplink,1788809517000000000,70b3d57ed00778cc,3349
device_uplink,1788809533000000000,70b3d57ed00778cc,3350
device_uplink,1788809549000000000,70b3d57ed00778cc,3351
device_uplink,1788809565000000000,70b3d57ed00778cc,3352
device_uplink,1788809581000000000,70b3d57ed00778cc,3353
device_uplink,1788809599000000000,70b3d57ed00778cc,3354
device_uplink,1788809615000000000,70b3d57ed00778cc,3355
device_uplink,1788809631000000000,70b3d57ed00778cc,3356
device_uplink,1788809647000000000,70b3d57ed00778cc,3357
device_uplink,1788809679000000000,70b3d57ed00778cc,3359
device_uplink,1788809695000000000,70b3d57ed00778cc,3360
device_uplink,1788809711000000000,70b3d57ed00778cc,3361
device_uplink,1788809729000000000,70b3d57ed00778cc,3362
device_uplink,1788809745000000000,70b3d57ed00778cc,3363
device_uplink,1788809761000000000,70b3d57ed00778cc,3364
device_uplink,1788809777000000000,70b3d57ed00778cc,3365
device_uplink,1788809793000000000,70b3d57ed00778cc,3366
device_uplink,1788809809000000000,70b3d57ed00778cc,3367
device_uplink,1788809825000000000,70b3d57ed00778cc,3368
device_uplink,1788809843000000000,70b3d57ed00778cc,3369
device_uplink,1788809859000000000,70b3d57ed00778cc,3370
device_uplink,1788809875000000000,70b3d57ed00778cc,3371
device_uplink,1788809891000000000,70b3d57ed00778cc,3372
device_uplink,1788809907000000000,70b3d57ed00778cc,3373
device_uplink,1788809923000000000,70b3d57ed00778cc,3374
device_uplink,1788809939000000000,70b3d57ed00778cc,3375
device_uplink,1788809955000000000,70b3d57ed00778cc,3376
device_uplink,1788809973000000000,70b3d57ed00778cc,3377
device_uplink,1788809989000000000,70b3d57ed00778cc,3378
device_uplink,1788810005000000000,70b3d57ed00778cc,3379
device_uplink,1788810021000000000,70b3d57ed00778cc,3380
device_uplink,1788810037000000000,70b3d57ed00778cc,3381
device_uplink,1788810053000000000,70b3d57ed00778cc,3382
device_uplink,1788810069000000000,70b3d57ed00778cc,3383
device_uplink,1788810087000000000,70b3d57ed00778cc,3384
device_uplink,1788810103000000000,70b3d57ed00778cc,3385
device_uplink,1788810119000000000,70b3d57ed00778cc,3386
device_uplink,1788810135000000000,70b3d57ed00778cc,3387
device_uplink,1788810151000000000,70b3d57ed00778cc,3388
device_uplink,1788810167000000000,70b3d57ed00778cc,3389
device_uplink,1788810183000000000,70b3d57ed00778cc,3390
device_uplink,1788810199000000000,70b3d57ed00778cc,3391
device_uplink,1788810217000000000,70b3d57ed00778cc,3392
device_uplink,1788810233000000000,70b3d57ed00778cc,3393
device_uplink,1788810249000000000,70b3d57ed00778cc,3394
device_uplink,1788810265000000000,70b3d57ed00778cc,3395
device_uplink,1788810281000000000,70b3d57ed00778cc,3396
device_uplink,1788810297000000000,70b3d57ed00778cc,3397
device_uplink,1788810313000000000,70b3d57ed00778cc,3398
device_uplink,1788810331000000000,70b3d57ed00778cc,3399
device_uplink,1788810347000000000,70b3d57ed00778cc,3400
device_uplink,1788810363000000000,70b3d57ed00778cc,3401
device_uplink,1788810379000000000,70b3d57ed00778cc,3402
device_uplink,1788810395000000000,70b3d57ed00778cc,3403
device_uplink,1788810411000000000,70b3d57ed00778cc,3404
device_uplink,1788810427000000000,70b3d57ed00778cc,3405
device_uplink,1788810443000000000,70b3d57ed00778cc,3406
device_uplink,1788810461000000000,70b3d57ed00778cc,3407
device_uplink,1788810477000000000,70b3d57ed00778cc,3408
device_uplink,1788810493000000000,70b3d57ed00778cc,3409
device_uplink,1788810509000000000,70b3d57ed00778cc,3410
device_uplink,1788810525000000000,70b3d57ed00778cc,3411
device_uplink,1788810541000000000,70b3d57ed00778cc,3412
device_uplink,1788810557000000000,70b3d57ed00778cc,3413
device_uplink,1788810573000000000,70b3d57ed00778cc,3414
device_uplink,1788810591000000000,70b3d57ed00778cc,3415
device_uplink,1788810607000000000,70b3d57ed00778cc,3416
device_uplink,1788810623000000000,70b3d57ed00778cc,3417
device_uplink,1788810639000000000,70b3d57ed00778cc,3418
device_uplink,1788810655000000000,70b3d57ed00778cc,3419
device_uplink,1788810671000000000,70b3d57ed00778cc,3420
device_uplink,1788810687000000000,70b3d57ed00778cc,3421
device_uplink,1788810703000000000,70b3d57ed00778cc,3422
device_uplink,1788810721000000000,70b3d57ed00778cc,3423
device_uplink,1788810737000000000,70b3d57ed00778cc,3424
device_uplink,1788810753000000000,70b3d57ed00778cc,3425
device_uplink,1788810769000000000,70b3d57ed00778cc,3426
device_uplink,1788810785000000000,70b3d57ed00778cc,3427
device_uplink,1788810801000000000,70b3d57ed00778cc,3428
device_uplink,1788810817000000000,70b3d57ed00778cc,3429
device_uplink,1788810833000000000,70b3d57ed00778cc,3430
device_uplink,1788810851000000000,70b3d57ed00778cc,3431
device_uplink,1788810867000000000,70b3d57ed00778cc,3432
device_uplink,1788810883000000000,70b3d57ed00778cc,3433
device_uplink,1788810899000000000,70b3d57ed00778cc,3434
device_uplink,1788810915000000000,70b3d57ed00778cc,3435
device_uplink,1788810931000000000,70b3d57ed00778cc,3436
device_uplink,1788810947000000000,70b3d57ed00778cc,3437
device_uplink,1788810963000000000,70b3d57ed00778cc,3438
device_uplink,1788810979000000000,70b3d57ed00778cc,3439
device_uplink,1788810997000000000,70b3d57ed00778cc,3440
device_uplink,1788811013000000000,70b3d57ed00778cc,3441
device_uplink,1788811029000000000,70b3d57ed00778cc,3442
device_uplink,1788811045000000000,70b3d57ed00778cc,3443
device_uplink,1788811061000000000,70b3d57ed00778cc,3444
device_uplink,1788811077000000000,70b3d57ed00778cc,3445
device_uplink,1788811095000000000,70b3d57ed00778cc,3446
device_uplink,1788811111000000000,70b3d57ed00778cc,3447
device_uplink,1788811127000000000,70b3d57ed00778cc,3448
device_uplink,1788811143000000000,70b3d57ed00778cc,3449
device_uplink,1788811159000000000,70b3d57ed00778cc,3450
device_uplink,1788811175000000000,70b3d57ed00778cc,3451
device_uplink,1788811191000000000,70b3d57ed00778cc,3452
device_uplink,1788811209000000000,70b3d57ed00778cc,3453
device_uplink,1788811225000000000,70b3d57ed00778cc,3454
device_uplink,1788811241000000000,70b3d57ed00778cc,3455
device_uplink,1788811257000000000,70b3d57ed00778cc,3456
device_uplink,1788811273000000000,70b3d57ed00778cc,3457
device_uplink,1788811289000000000,70b3d57ed00778cc,3458
device_uplink,1788811305000000000,70b3d57ed00778cc,3459
device_uplink,1788811321000000000,70b3d57ed00778cc,3460
device_uplink,1788811337000000000,70b3d57ed00778cc,3461
device_uplink,1788811355000000000,70b3d57ed00778cc,3462
device_uplink,1788811371000000000,70b3d57ed00778cc,3463
device_uplink,1788811387000000000,70b3d57ed00778cc,3464
device_uplink,1788811403000000000,70b3d57ed00778cc,3465
device_uplink,1788811419000000000,70b3d57ed00778cc,3466
device_uplink,1788811435000000000,70b3d57ed00778cc,3467
device_uplink,1788811451000000000,70b3d57ed00778cc,3468
device_uplink,1788811467000000000,70b3d57ed00778cc,3469
device_uplink,1788811485000000000,70b3d57ed00778cc,3470
device_uplink,1788811501000000000,70b3d57ed00778cc,3471
device_uplink,1788811517000000000,70b3d57ed00778cc,3472
device_uplink,1788811533000000000,70b3d57ed00778cc,3473
device_uplink,1788811549000000000,70b3d57ed00778cc,3474
device_uplink,1788811565000000000,70b3d57ed00778cc,3475
device_uplink,1788811581000000000,70b3d57ed00778cc,3476
device_uplink,1788811599000000000,70b3d57ed00778cc,3477
device_uplink,1788811615000000000,70b3d57ed00778cc,3478
device_uplink,1788811631000000000,70b3d57ed00778cc,3479
device_uplink,1788811647000000000,70b3d57ed00778cc,3480
device_uplink,1788811663000000000,70b3d57ed00778cc,3481
device_uplink,1788811679000000000,70b3d57ed00778cc,3482
device_uplink,1788811695000000000,70b3d57ed00778cc,3483
device_uplink,1788811711000000000,70b3d57ed00778cc,3484
device_uplink,1788811729000000000,70b3d57ed00778cc,3485
device_uplink,1788811745000000000,70b3d57ed00778cc,3486
device_uplink,1788811761000000000,70b3d57ed00778cc,3487
device_uplink,1788811777000000000,70b3d57ed00778cc,3488
device_uplink,1788811793000000000,70b3d57ed00778cc,3489
device_uplink,1788811809000000000,70b3d57ed00778cc,3490
device_uplink,1788811825000000000,70b3d57ed00778cc,3491
device_uplink,1788811841000000000,70b3d57ed00778cc,3492
device_uplink,1788811859000000000,70b3d57ed00778cc,3493
device_uplink,1788811875000000000,70b3d57ed00778cc,3494
device_uplink,1788811891000000000,70b3d57ed00778cc,3495
device_uplink,1788811907000000000,70b3d57ed00778cc,3496
device_uplink,1788811923000000000,70b3d57ed00778cc,3497
device_uplink,1788811939000000000,70b3d57ed00778cc,3498
device_uplink,1788811955000000000,70b3d57ed00778cc,3499
device_uplink,1788811971000000000,70b3d57ed00778cc,3500
device_uplink,1788811989000000000,70b3d57ed00778cc,3501
device_uplink,1788812005000000000,70b3d57ed00778cc,3502
device_uplink,1788812021000000000,70b3d57ed00778cc,3503
device_uplink,1788812037000000000,70b3d57ed00778cc,3504
device_uplink,1788812053000000000,70b3d57ed00778cc,3505
device_uplink,1788812069000000000,70b3d57ed00778cc,3506
device_uplink,1788812085000000000,70b3d57ed00778cc,3507
device_uplink,1788812101000000000,70b3d57ed00778cc,3508
device_uplink,1788812117000000000,70b3d57ed00778cc,3509
device_uplink,1788812135000000000,70b3d57ed00778cc,3510
device_uplink,1788812151000000000,70b3d57ed00778cc,3511
device_uplink,1788812167000000000,70b3d57ed00778cc,3512
device_uplink,1788812183000000000,70b3d57ed00778cc,3513
device_uplink,1788812199000000000,70b3d57ed00778cc,3514
device_uplink,1788812215000000000,70b3d57ed00778cc,3515
device_uplink,1788812233000000000,70b3d57ed00778cc,3516
device_uplink,1788812249000000000,70b3d57ed00778cc,3517
device_uplink,1788812265000000000,70b3d57ed00778cc,3518
device_uplink,1788812281000000000,70b3d57ed00778cc,3519
device_uplink,1788812297000000000,70b3d57ed00778cc,3520
device_uplink,1788812313000000000,70b3d57ed00778cc,3521
device_uplink,1788812329000000000,70b3d57ed00778cc,3522
device_uplink,1788812345000000000,70b3d57ed00778cc,3523
device_uplink,1788812363000000000,70b3d57ed00778cc,3524
device_uplink,1788812379000000000,70b3d57ed00778cc,3525
device_uplink,1788812395000000000,70b3d57ed00778cc,3526
device_uplink,1788812411000000000,70b3d57ed00778cc,3527
device_uplink,1788812427000000000,70b3d57ed00778cc,3528
device_uplink,1788812443000000000,70b3d57ed00778cc,3529
device_uplink,1788812459000000000,70b3d57ed00778cc,3530
device_uplink,1788812475000000000,70b3d57ed00778cc,3531
device_uplink,1788812491000000000,70b3d57ed00778cc,3532
device_uplink,1788812509000000000,70b3d57ed00778cc,3533
device_uplink,1788812525000000000,70b3d57ed00778cc,3534
device_uplink,1788812541000000000,70b3d57ed00778cc,3535
device_uplink,1788812557000000000,70b3d57ed00778cc,3536
device_uplink,1788812573000000000,70b3d57ed00778cc,3537
device_uplink,1788812589000000000,70b3d57ed00778cc,3538
device_uplink,1788812605000000000,70b3d57ed00778cc,3539
device_uplink,1788812621000000000,70b3d57ed00778cc,3540
device_uplink,1788812639000000000,70b3d57ed00778cc,3541
device_uplink,1788812655000000000,70b3d57ed00778cc,3542
device_uplink,1788812671000000000,70b3d57ed00778cc,3543
device_uplink,1788812687000000000,70b3d57ed00778cc,3544
device_uplink,1788812703000000000,70b3d57ed00778cc,3545
device_uplink,1788812719000000000,70b3d57ed00778cc,3546
device_uplink,1788812735000000000,70b3d57ed00778cc,3547
device_uplink,1788812751000000000,70b3d57ed00778cc,3548
device_uplink,1788812767000000000,70b3d57ed00778cc,3549
device_uplink,1788812785000000000,70b3d57ed00778cc,3550
device_uplink,1788812801000000000,70b3d57ed00778cc,3551
device_uplink,1788812817000000000,70b3d57ed00778cc,3552
device_uplink,1788812833000000000,70b3d57ed00778cc,3553
device_uplink,1788812849000000000,70b3d57ed00778cc,3554
device_uplink,1788812865000000000,70b3d57ed00778cc,3555
device_uplink,1788812881000000000,70b3d57ed00778cc,3556
device_uplink,1788812899000000000,70b3d57ed00778cc,3557
device_uplink,1788812915000000000,70b3d57ed00778cc,3558
device_uplink,1788812931000000000,70b3d57ed00778cc,3559
device_uplink,1788812947000000000,70b3d57ed00778cc,3560
device_uplink,1788812963000000000,70b3d57ed00778cc,3561
device_uplink,1788812979000000000,70b3d57ed00778cc,3562
device_uplink,1788812995000000000,70b3d57ed00778cc,3563
device_uplink,1788813013000000000,70b3d57ed00778cc,3564
device_uplink,1788813029000000000,70b3d57ed00778cc,3565
device_uplink,1788813045000000000,70b3d57ed00778cc,3566
device_uplink,1788813061000000000,70b3d57ed00778cc,3567
device_uplink,1788813077000000000,70b3d57ed00778cc,3568
device_uplink,1788813093000000000,70b3d57ed00778cc,3569
device_uplink,1788813109000000000,70b3d57ed00778cc,3570
device_uplink,1788813125000000000,70b3d57ed00778cc,3571
device_uplink,1788813143000000000,70b3d57ed00778cc,3572
device_uplink,1788813159000000000,70b3d57ed00778cc,3573
device_uplink,1788813175000000000,70b3d57ed00778cc,3574
device_uplink,1788813191000000000,70b3d57ed00778cc,3575
device_uplink,1788813207000000000,70b3d57ed00778cc,3576
device_uplink,1788813223000000000,70b3d57ed00778cc,3577
device_uplink,1788813239000000000,70b3d57ed00778cc,3578
device_uplink,1788813257000000000,70b3d57ed00778cc,3579
device_uplink,1788813273000000000,70b3d57ed00778cc,3580
device_uplink,1788813289000000000,70b3d57ed00778cc,3581
device_uplink,1788813305000000000,70b3d57ed00778cc,3582
device_uplink,1788813321000000000,70b3d57ed00778cc,3583
device_uplink,1788813337000000000,70b3d57ed00778cc,3584
device_uplink,1788813353000000000,70b3d57ed00778cc,3585
device_uplink,1788813369000000000,70b3d57ed00778cc,3586
device_uplink,1788813385000000000,70b3d57ed00778cc,3587
device_uplink,1788813403000000000,70b3d57ed00778cc,3588
device_uplink,1788813419000000000,70b3d57ed00778cc,3589
device_uplink,1788813435000000000,70b3d57ed00778cc,3590
device_uplink,1788813451000000000,70b3d57ed00778cc,3591
device_uplink,1788813467000000000,70b3d57ed00778cc,3592
device_uplink,1788813483000000000,70b3d57ed00778cc,3593
device_uplink,1788813499000000000,70b3d57ed00778cc,3594
device_uplink,1788813515000000000,70b3d57ed00778cc,3595
device_uplink,1788813533000000000,70b3d57ed00778cc,3596
device_uplink,1788813549000000000,70b3d57ed00778cc,3597
device_uplink,1788813565000000000,70b3d57ed00778cc,3598
device_uplink,1788813581000000000,70b3d57ed00778cc,3599
device_uplink,1788813597000000000,70b3d57ed00778cc,3600
device_uplink,1788813613000000000,70b3d57ed00778cc,3601
device_uplink,1788813629000000000,70b3d57ed00778cc,3602
device_uplink,1788813645000000000,70b3d57ed00778cc,3603
device_uplink,1788813663000000000,70b3d57ed00778cc,3604
device_uplink,1788813679000000000,70b3d57ed00778cc,3605
device_uplink,1788813695000000000,70b3d57ed00778cc,3606
device_uplink,1788813711000000000,70b3d57ed00778cc,3607
device_uplink,1788813727000000000,70b3d57ed00778cc,3608
device_uplink,1788813743000000000,70b3d57ed00778cc,3609
device_uplink,1788813759000000000,70b3d57ed00778cc,3610
device_uplink,1788813777000000000,70b3d57ed00778cc,3611
device_uplink,1788813793000000000,70b3d57ed00778cc,3612
device_uplink,1788813809000000000,70b3d57ed00778cc,3613
device_uplink,1788813825000000000,70b3d57ed00778cc,3614
device_uplink,1788813841000000000,70b3d57ed00778cc,3615
device_uplink,1788813857000000000,70b3d57ed00778cc,3616
device_uplink,1788813873000000000,70b3d57ed00778cc,3617
device_uplink,1788813891000000000,70b3d57ed00778cc,3618
device_uplink,1788813907000000000,70b3d57ed00778cc,3619
device_uplink,1788813923000000000,70b3d57ed00778cc,3620
device_uplink,1788813939000000000,70b3d57ed00778cc,3621
device_uplink,1788813955000000000,70b3d57ed00778cc,3622
device_uplink,1788813971000000000,70b3d57ed00778cc,3623
device_uplink,1788813987000000000,70b3d57ed00778cc,3624
device_uplink,1788814003000000000,70b3d57ed00778cc,3625
device_uplink,1788814021000000000,70b3d57ed00778cc,3626
device_uplink,1788814037000000000,70b3d57ed00778cc,3627
device_uplink,1788814053000000000,70b3d57ed00778cc,3628
device_uplink,1788814069000000000,70b3d57ed00778cc,3629
device_uplink,1788814085000000000,70b3d57ed00778cc,3630
device_uplink,1788814101000000000,70b3d57ed00778cc,3631
device_uplink,1788814117000000000,70b3d57ed00778cc,3632
device_uplink,1788814133000000000,70b3d57ed00778cc,3633
device_uplink,1788814151000000000,70b3d57ed00778cc,3634
device_uplink,1788814167000000000,70b3d57ed00778cc,3635
device_uplink,1788814183000000000,70b3d57ed00778cc,3636
device_uplink,1788814199000000000,70b3d57ed00778cc,3637
device_uplink,1788814215000000000,70b3d57ed00778cc,3638
device_uplink,1788814231000000000,70b3d57ed00778cc,3639
device_uplink,1788814247000000000,70b3d57ed00778cc,3640
device_uplink,1788814265000000000,70b3d57ed00778cc,3641
device_uplink,1788814281000000000,70b3d57ed00778cc,3642
device_uplink,1788814297000000000,70b3d57ed00778cc,3643
device_uplink,1788814313000000000,70b3d57ed00778cc,3644
device_uplink,1788814329000000000,70b3d57ed00778cc,3645
device_uplink,1788814345000000000,70b3d57ed00778cc,3646
device_uplink,1788814361000000000,70b3d57ed00778cc,3647
device_uplink,1788814379000000000,70b3d57ed00778cc,3648
device_uplink,1788814395000000000,70b3d57ed00778cc,3649
device_uplink,1788814411000000000,70b3d57ed00778cc,3650
device_uplink,1788814427000000000,70b3d57ed00778cc,3651
device_uplink,1788814443000000000,70b3d57ed00778cc,3652
device_uplink,1788814459000000000,70b3d57ed00778cc,3653
device_uplink,1788814475000000000,70b3d57ed00778cc,3654
device_uplink,1788814491000000000,70b3d57ed00778cc,3655
device_uplink,1788814509000000000,70b3d57ed00778cc,3656
device_uplink,1788814525000000000,70b3d57ed00778cc,3657
device_uplink,1788814541000000000,70b3d57ed00778cc,3658
device_uplink,1788814557000000000,70b3d57ed00778cc,3659
device_uplink,1788814573000000000,70b3d57ed00778cc,3660
device_uplink,1788814589000000000,70b3d57ed00778cc,3661
device_uplink,1788814605000000000,70b3d57ed00778cc,3662
device_uplink,1788814621000000000,70b3d57ed00778cc,3663
device_uplink,1788814639000000000,70b3d57ed00778cc,3664
device_uplink,1788814655000000000,70b3d57ed00778cc,3665
device_uplink,1788814671000000000,70b3d57ed00778cc,3666
device_uplink,1788814687000000000,70b3d57ed00778cc,3667
device_uplink,1788814703000000000,70b3d57ed00778cc,3668
device_uplink,1788814719000000000,70b3d57ed00778cc,3669
device_uplink,1788814735000000000,70b3d57ed00778cc,3670
device_uplink,1788814751000000000,70b3d57ed00778cc,3671
device_uplink,1788814769000000000,70b3d57ed00778cc,3672
device_uplink,1788814785000000000,70b3d57ed00778cc,3673
device_uplink,1788814801000000000,70b3d57ed00778cc,3674
device_uplink,1788814817000000000,70b3d57ed00778cc,3675
device_uplink,1788814833000000000,70b3d57ed00778cc,3676
device_uplink,1788814849000000000,70b3d57ed00778cc,3677
device_uplink,1788814865000000000,70b3d57ed00778cc,3678
device_uplink,1788814881000000000,70b3d57ed00778cc,3679
device_uplink,1788814899000000000,70b3d57ed00778cc,3680
device_uplink,1788814915000000000,70b3d57ed00778cc,3681
device_uplink,1788814931000000000,70b3d57ed00778cc,3682
device_uplink,1788814947000000000,70b3d57ed00778cc,3683
device_uplink,1788814963000000000,70b3d57ed00778cc,3684
device_uplink,1788814979000000000,70b3d57ed00778cc,3685
device_uplink,1788814995000000000,70b3d57ed00778cc,3686
device_uplink,1788815013000000000,70b3d57ed00778cc,3687
device_uplink,1788815029000000000,70b3d57ed00778cc,3688
device_uplink,1788815045000000000,70b3d57ed00778cc,3689
device_uplink,1788815061000000000,70b3d57ed00778cc,3690
device_uplink,1788815077000000000,70b3d57ed00778cc,3691
device_uplink,1788815093000000000,70b3d57ed00778cc,3692
device_uplink,1788815109000000000,70b3d57ed00778cc,3693
device_uplink,1788815127000000000,70b3d57ed00778cc,3694
device_uplink,1788815143000000000,70b3d57ed00778cc,3695
device_uplink,1788815159000000000,70b3d57ed00778cc,3696
device_uplink,1788815175000000000,70b3d57ed00778cc,3697
device_uplink,1788815191000000000,70b3d57ed00778cc,3698
device_uplink,1788815207000000000,70b3d57ed00778cc,3699
device_uplink,1788815223000000000,70b3d57ed00778cc,3700
device_uplink,1788815239000000000,70b3d57ed00778cc,3701
device_uplink,1788815257000000000,70b3d57ed00778cc,3702
device_uplink,1788815273000000000,70b3d57ed00778cc,3703
device_uplink,1788815289000000000,70b3d57ed00778cc,3704
device_uplink,1788815305000000000,70b3d57ed00778cc,3705
device_uplink,1788815321000000000,70b3d57ed00778cc,3706
device_uplink,1788815337000000000,70b3d57ed00778cc,3707
device_uplink,1788815353000000000,70b3d57ed00778cc,3708
device_uplink,1788815369000000000,70b3d57ed00778cc,3709
device_uplink,1788815387000000000,70b3d57ed00778cc,3710
device_uplink,1788815403000000000,70b3d57ed00778cc,3711
device_uplink,1788815419000000000,70b3d57ed00778cc,3712
device_uplink,1788815435000000000,70b3d57ed00778cc,3713
device_uplink,1788815451000000000,70b3d57ed00778cc,3714
device_uplink,1788815467000000000,70b3d57ed00778cc,3715
device_uplink,1788815483000000000,70b3d57ed00778cc,3716
device_uplink,1788815501000000000,70b3d57ed00778cc,3717
device_uplink,1788815517000000000,70b3d57ed00778cc,3718
device_uplink,1788815533000000000,70b3d57ed00778cc,3719
device_uplink,1788815549000000000,70b3d57ed00778cc,3720
device_uplink,1788815565000000000,70b3d57ed00778cc,3721
device_uplink,1788815581000000000,70b3d57ed00778cc,3722
device_uplink,1788815597000000000,70b3d57ed00778cc,3723
device_uplink,1788815615000000000,70b3d57ed00778cc,3724
device_uplink,1788815631000000000,70b3d57ed00778cc,3725
device_uplink,1788815647000000000,70b3d57ed00778cc,3726
device_uplink,1788815663000000000,70b3d57ed00778cc,3727
device_uplink,1788815679000000000,70b3d57ed00778cc,3728
device_uplink,1788815695000000000,70b3d57ed00778cc,3729
device_uplink,1788815711000000000,70b3d57ed00778cc,3730
device_uplink,1788815727000000000,70b3d57ed00778cc,3731
device_uplink,1788815745000000000,70b3d57ed00778cc,3732
device_uplink,1788815761000000000,70b3d57ed00778cc,3733
device_uplink,1788815777000000000,70b3d57ed00778cc,3734
device_uplink,1788815793000000000,70b3d57ed00778cc,3735
device_uplink,1788815809000000000,70b3d57ed00778cc,3736
device_uplink,1788815825000000000,70b3d57ed00778cc,3737
device_uplink,1788815841000000000,70b3d57ed00778cc,3738
device_uplink,1788815859000000000,70b3d57ed00778cc,3739
device_uplink,1788815875000000000,70b3d57ed00778cc,3740
device_uplink,1788815891000000000,70b3d57ed00778cc,3741
device_uplink,1788815907000000000,70b3d57ed00778cc,3742
device_uplink,1788815923000000000,70b3d57ed00778cc,3743
device_uplink,1788815939000000000,70b3d57ed00778cc,3744
device_uplink,1788815955000000000,70b3d57ed00778cc,3745
device_uplink,1788815973000000000,70b3d57ed00778cc,3746
device_uplink,1788815989000000000,70b3d57ed00778cc,3747
device_uplink,1788816005000000000,70b3d57ed00778cc,3748
device_uplink,1788816021000000000,70b3d57ed00778cc,3749
device_uplink,1788816037000000000,70b3d57ed00778cc,3750
device_uplink,1788816053000000000,70b3d57ed00778cc,3751
device_uplink,1788816069000000000,70b3d57ed00778cc,3752
device_uplink,1788816085000000000,70b3d57ed00778cc,3753
device_uplink,1788816103000000000,70b3d57ed00778cc,3754
device_uplink,1788816119000000000,70b3d57ed00778cc,3755
device_uplink,1788816135000000000,70b3d57ed00778cc,3756
device_uplink,1788816151000000000,70b3d57ed00778cc,3757
device_uplink,1788816167000000000,70b3d57ed00778cc,3758
device_uplink,1788816183000000000,70b3d57ed00778cc,3759
device_uplink,1788816199000000000,70b3d57ed00778cc,3760
device_uplink,1788816215000000000,70b3d57ed00778cc,3761
device_uplink,1788816233000000000,70b3d57ed00778cc,3762
device_uplink,1788816249000000000,70b3d57ed00778cc,3763
device_uplink,1788816265000000000,70b3d57ed00778cc,3764
device_uplink,1788816281000000000,70b3d57ed00778cc,3765
device_uplink,1788816297000000000,70b3d57ed00778cc,3766
device_uplink,1788816315000000000,70b3d57ed00778cc,3767
device_uplink,1788816331000000000,70b3d57ed00778cc,3768
device_uplink,1788816347000000000,70b3d57ed00778cc,3769
device_uplink,1788816363000000000,70b3d57ed00778cc,3770
device_uplink,1788816379000000000,70b3d57ed00778cc,3771
device_uplink,1788816395000000000,70b3d57ed00778cc,3772
device_uplink,1788816411000000000,70b3d57ed00778cc,3773
device_uplink,1788816429000000000,70b3d57ed00778cc,3774
device_uplink,1788816445000000000,70b3d57ed00778cc,3775
device_uplink,1788816461000000000,70b3d57ed00778cc,3776
device_uplink,1788816477000000000,70b3d57ed00778cc,3777
device_uplink,1788816493000000000,70b3d57ed00778cc,3778
device_uplink,1788816509000000000,70b3d57ed00778cc,3779
device_uplink,1788816525000000000,70b3d57ed00778cc,3780
device_uplink,1788816541000000000,70b3d57ed00778cc,3781
device_uplink,1788816559000000000,70b3d57ed00778cc,3782
device_uplink,1788816575000000000,70b3d57ed00778cc,3783
device_uplink,1788816591000000000,70b3d57ed00778cc,3784
device_uplink,1788816607000000000,70b3d57ed00778cc,3785
device_uplink,1788816623000000000,70b3d57ed00778cc,3786
device_uplink,1788816639000000000,70b3d57ed00778cc,3787
device_uplink,1788816657000000000,70b3d57ed00778cc,3788
device_uplink,1788816673000000000,70b3d57ed00778cc,3789
device_uplink,1788816689000000000,70b3d57ed00778cc,3790
device_uplink,1788816705000000000,70b3d57ed00778cc,3791
device_uplink,1788816721000000000,70b3d57ed00778cc,3792
device_uplink,1788816737000000000,70b3d57ed00778cc,3793
device_uplink,1788816755000000000,70b3d57ed00778cc,3794
device_uplink,1788816771000000000,70b3d57ed00778cc,3795
device_uplink,1788816787000000000,70b3d57ed00778cc,3796
device_uplink,1788816803000000000,70b3d57ed00778cc,3797
device_uplink,1788816819000000000,70b3d57ed00778cc,3798
device_uplink,1788816835000000000,70b3d57ed00778cc,3799
device_uplink,1788816851000000000,70b3d57ed00778cc,3800
device_uplink,1788816867000000000,70b3d57ed00778cc,3801
device_uplink,1788816885000000000,70b3d57ed00778cc,3802
device_uplink,1788816901000000000,70b3d57ed00778cc,3803
device_uplink,1788816917000000000,70b3d57ed00778cc,3804
device_uplink,1788816933000000000,70b3d57ed00778cc,3805
device_uplink,1788816949000000000,70b3d57ed00778cc,3806
device_uplink,1788816965000000000,70b3d57ed00778cc,3807
device_uplink,1788816981000000000,70b3d57ed00778cc,3808
device_uplink,1788816997000000000,70b3d57ed00778cc,3809
device_uplink,1788817015000000000,70b3d57ed00778cc,3810
device_uplink,1788817031000000000,70b3d57ed00778cc,3811
device_uplink,1788817047000000000,70b3d57ed00778cc,3812
device_uplink,1788817063000000000,70b3d57ed00778cc,3813
device_uplink,1788817079000000000,70b3d57ed00778cc,3814
device_uplink,1788817095000000000,70b3d57ed00778cc,3815
device_uplink,1788817111000000000,70b3d57ed00778cc,3816
device_uplink,1788817127000000000,70b3d57ed00778cc,3817
device_uplink,1788817145000000000,70b3d57ed00778cc,3818
device_uplink,1788817161000000000,70b3d57ed00778cc,3819
device_uplink,1788817177000000000,70b3d57ed00778cc,3820
device_uplink,1788817193000000000,70b3d57ed00778cc,3821
device_uplink,1788817209000000000,70b3d57ed00778cc,3822
device_uplink,1788817225000000000,70b3d57ed00778cc,3823
device_uplink,1788817243000000000,70b3d57ed00778cc,3824
device_uplink,1788817259000000000,70b3d57ed00778cc,3825
device_uplink,1788817275000000000,70b3d57ed00778cc,3826
device_uplink,1788817291000000000,70b3d57ed00778cc,3827
device_uplink,1788817307000000000,70b3d57ed00778cc,3828
device_uplink,1788817323000000000,70b3d57ed00778cc,3829
device_uplink,1788817339000000000,70b3d57ed00778cc,3830
device_uplink,1788817355000000000,70b3d57ed00778cc,3831
device_uplink,1788817373000000000,70b3d57ed00778cc,3832
device_uplink,1788817389000000000,70b3d57ed00778cc,3833
device_uplink,1788817405000000000,70b3d57ed00778cc,3834
device_uplink,1788817421000000000,70b3d57ed00778cc,3835
device_uplink,1788817437000000000,70b3d57ed00778cc,3836
device_uplink,1788817453000000000,70b3d57ed00778cc,3837
device_uplink,1788817469000000000,70b3d57ed00778cc,3838
device_uplink,1788817485000000000,70b3d57ed00778cc,3839
device_uplink,1788817501000000000,70b3d57ed00778cc,3840
device_uplink,1788817519000000000,70b3d57ed00778cc,3841
device_uplink,1788817535000000000,70b3d57ed00778cc,3842
device_uplink,1788817551000000000,70b3d57ed00778cc,3843
device_uplink,1788817567000000000,70b3d57ed00778cc,3844
device_uplink,1788817583000000000,70b3d57ed00778cc,3845
device_uplink,1788817599000000000,70b3d57ed00778cc,3846
device_uplink,1788817615000000000,70b3d57ed00778cc,3847
device_uplink,1788817633000000000,70b3d57ed00778cc,3848
device_uplink,1788817649000000000,70b3d57ed00778cc,3849
device_uplink,1788817665000000000,70b3d57ed00778cc,3850
device_uplink,1788817681000000000,70b3d57ed00778cc,3851
device_uplink,1788817697000000000,70b3d57ed00778cc,3852
device_uplink,1788817713000000000,70b3d57ed00778cc,3853
device_uplink,1788817729000000000,70b3d57ed00778cc,3854
device_uplink,1788817747000000000,70b3d57ed00778cc,3855
device_uplink,1788817763000000000,70b3d57ed00778cc,3856
device_uplink,1788817779000000000,70b3d57ed00778cc,3857
device_uplink,1788817795000000000,70b3d57ed00778cc,3858
device_uplink,1788817811000000000,70b3d57ed00778cc,3859
device_uplink,1788817827000000000,70b3d57ed00778cc,3860
device_uplink,1788817843000000000,70b3d57ed00778cc,3861
device_uplink,1788817861000000000,70b3d57ed00778cc,3862
device_uplink,1788817877000000000,70b3d57ed00778cc,3863
device_uplink,1788817893000000000,70b3d57ed00778cc,3864
device_uplink,1788817909000000000,70b3d57ed00778cc,3865
device_uplink,1788817925000000000,70b3d57ed00778cc,3866
device_uplink,1788817941000000000,70b3d57ed00778cc,3867
device_uplink,1788817957000000000,70b3d57ed00778cc,3868
device_uplink,1788817973000000000,70b3d57ed00778cc,3869
device_uplink,1788817991000000000,70b3d57ed00778cc,3870
device_uplink,1788818007000000000,70b3d57ed00778cc,3871
device_uplink,1788818023000000000,70b3d57ed00778cc,3872
device_uplink,1788818039000000000,70b3d57ed00778cc,3873
device_uplink,1788818055000000000,70b3d57ed00778cc,3874
device_uplink,1788818071000000000,70b3d57ed00778cc,3875
device_uplink,1788818087000000000,70b3d57ed00778cc,3876
device_uplink,1788818105000000000,70b3d57ed00778cc,3877
device_uplink,1788818121000000000,70b3d57ed00778cc,3878
device_uplink,1788818137000000000,70b3d57ed00778cc,3879
device_uplink,1788818153000000000,70b3d57ed00778cc,3880
device_uplink,1788818169000000000,70b3d57ed00778cc,3881
device_uplink,1788818185000000000,70b3d57ed00778cc,3882
device_uplink,1788818201000000000,70b3d57ed00778cc,3883
device_uplink,1788818219000000000,70b3d57ed00778cc,3884
device_uplink,1788818235000000000,70b3d57ed00778cc,3885
device_uplink,1788818251000000000,70b3d57ed00778cc,3886
device_uplink,1788818267000000000,70b3d57ed00778cc,3887
device_uplink,1788818283000000000,70b3d57ed00778cc,3888
device_uplink,1788818299000000000,70b3d57ed00778cc,3889
device_uplink,1788818317000000000,70b3d57ed00778cc,3890
device_uplink,1788818333000000000,70b3d57ed00778cc,3891
device_uplink,1788818349000000000,70b3d57ed00778cc,3892
device_uplink,1788818365000000000,70b3d57ed00778cc,3893
device_uplink,1788818381000000000,70b3d57ed00778cc,3894
device_uplink,1788818397000000000,70b3d57ed00778cc,3895
device_uplink,1788818413000000000,70b3d57ed00778cc,3896
device_uplink,1788818429000000000,70b3d57ed00778cc,3897
device_uplink,1788818447000000000,70b3d57ed00778cc,3898
device_uplink,1788818463000000000,70b3d57ed00778cc,3899
device_uplink,1788818479000000000,70b3d57ed00778cc,3900
device_uplink,1788818495000000000,70b3d57ed00778cc,3901
device_uplink,1788818511000000000,70b3d57ed00778cc,3902
device_uplink,1788818527000000000,70b3d57ed00778cc,3903
device_uplink,1788818543000000000,70b3d57ed00778cc,3904
device_uplink,1788818561000000000,70b3d57ed00778cc,3905
device_uplink,1788818577000000000,70b3d57ed00778cc,3906
device_uplink,1788818593000000000,70b3d57ed00778cc,3907
device_uplink,1788818609000000000,70b3d57ed00778cc,3908
device_uplink,1788818625000000000,70b3d57ed00778cc,3909
device_uplink,1788818641000000000,70b3d57ed00778cc,3910
device_uplink,1788818657000000000,70b3d57ed00778cc,3911
device_uplink,1788818675000000000,70b3d57ed00778cc,3912
device_uplink,1788818691000000000,70b3d57ed00778cc,3913
device_uplink,1788818707000000000,70b3d57ed00778cc,3914
device_uplink,1788818723000000000,70b3d57ed00778cc,3915
device_uplink,1788818739000000000,70b3d57ed00778cc,3916
device_uplink,1788818755000000000,70b3d57ed00778cc,3917
device_uplink,1788818771000000000,70b3d57ed00778cc,3918
device_uplink,1788818787000000000,70b3d57ed00778cc,3919
device_uplink,1788818805000000000,70b3d57ed00778cc,3920
device_uplink,1788818821000000000,70b3d57ed00778cc,3921
device_uplink,1788818837000000000,70b3d57ed00778cc,3922
device_uplink,1788818853000000000,70b3d57ed00778cc,3923
device_uplink,1788818869000000000,70b3d57ed00778cc,3924
device_uplink,1788818876000000000,70b3d57ed0077801,0
device_uplink,1788818885000000000,70b3d57ed00778cc,3925
device_uplink,1788818901000000000,70b3d57ed00778cc,3926
device_uplink,1788818919000000000,70b3d57ed00778cc,3927
device_uplink,1788818935000000000,70b3d57ed00778cc,3928
device_uplink,1788818951000000000,70b3d57ed00778cc,3929
device_uplink,1788818967000000000,70b3d57ed00778cc,3930
device_uplink,1788818983000000000,70b3d57ed00778cc,3931
device_uplink,1788818999000000000,70b3d57ed00778cc,3932
device_uplink,1788819015000000000,70b3d57ed00778cc,3933
device_uplink,1788819031000000000,70b3d57ed00778cc,3934
device_uplink,1788819049000000000,70b3d57ed00778cc,3935
device_uplink,1788819065000000000,70b3d57ed00778cc,3936
device_uplink,1788819081000000000,70b3d57ed00778cc,3937
device_uplink,1788819097000000000,70b3d57ed00778cc,3938
device_uplink,1788819113000000000,70b3d57ed00778cc,3939
device_uplink,1788819129000000000,70b3d57ed00778cc,3940
device_uplink,1788819145000000000,70b3d57ed00778cc,3941
device_uplink,1788819163000000000,70b3d57ed00778cc,3942
device_uplink,1788819179000000000,70b3d57ed00778cc,3943
device_uplink,1788819195000000000,70b3d57ed00778cc,3944
device_uplink,1788819211000000000,70b3d57ed00778cc,3945
device_uplink,1788819227000000000,70b3d57ed00778cc,3946
device_uplink,1788819243000000000,70b3d57ed00778cc,3947
device_uplink,1788819259000000000,70b3d57ed00778cc,3948
device_uplink,1788819275000000000,70b3d57ed00778cc,3949
device_uplink,1788819293000000000,70b3d57ed00778cc,3950
device_uplink,1788819309000000000,70b3d57ed00778cc,3951
device_uplink,1788819325000000000,70b3d57ed00778cc,3952
device_uplink,1788819341000000000,70b3d57ed00778cc,3953
device_uplink,1788819357000000000,70b3d57ed00778cc,3954
device_uplink,1788819373000000000,70b3d57ed00778cc,3955
device_uplink,1788819389000000000,70b3d57ed00778cc,3956
device_uplink,1788819407000000000,70b3d57ed00778cc,3957
device_uplink,1788819423000000000,70b3d57ed00778cc,3958
device_uplink,1788819439000000000,70b3d57ed00778cc,3959
device_uplink,1788819455000000000,70b3d57ed00778cc,3960
device_uplink,1788819471000000000,70b3d57ed00778cc,3961
device_uplink,1788819489000000000,70b3d57ed00778cc,3962
device_uplink,1788819505000000000,70b3d57ed00778cc,3963
device_uplink,1788819521000000000,70b3d57ed00778cc,3964
device_uplink,1788819537000000000,70b3d57ed00778cc,3965
device_uplink,1788819553000000000,70b3d57ed00778cc,3966
device_uplink,1788819569000000000,70b3d57ed00778cc,3967
device_uplink,1788819585000000000,70b3d57ed00778cc,3968
device_uplink,1788819601000000000,70b3d57ed00778cc,3969
device_uplink,1788819619000000000,70b3d57ed00778cc,3970
device_uplink,1788819635000000000,70b3d57ed00778cc,3971
device_uplink,1788819651000000000,70b3d57ed00778cc,3972
device_uplink,1788819667000000000,70b3d57ed00778cc,3973
device_uplink,1788819683000000000,70b3d57ed00778cc,3974
device_uplink,1788819699000000000,70b3d57ed00778cc,3975
device_uplink,1788819715000000000,70b3d57ed00778cc,3976
device_uplink,1788819733000000000,70b3d57ed00778cc,3977
device_uplink,1788819749000000000,70b3d57ed00778cc,3978
device_uplink,1788819765000000000,70b3d57ed00778cc,3979
device_uplink,1788819781000000000,70b3d57ed00778cc,3980
device_uplink,1788819784000000000,70b3d57ed0077801,1
device_uplink,1788819797000000000,70b3d57ed00778cc,3981
device_uplink,1788819813000000000,70b3d57ed00778cc,3982
device_uplink,1788819829000000000,70b3d57ed00778cc,3983
device_uplink,1788819845000000000,70b3d57ed00778cc,3984
device_uplink,1788819861000000000,70b3d57ed00778cc,3985
device_uplink,1788819879000000000,70b3d57ed00778cc,3986
device_uplink,1788819895000000000,70b3d57ed00778cc,3987
device_uplink,1788819911000000000,70b3d57ed00778cc,3988
device_uplink,1788819927000000000,70b3d57ed00778cc,3989
device_uplink,1788819943000000000,70b3d57ed00778cc,3990
device_uplink,1788819959000000000,70b3d57ed00778cc,3991
device_uplink,1788819977000000000,70b3d57ed00778cc,3992
device_uplink,1788819993000000000,70b3d57ed00778cc,3993
device_uplink,1788820009000000000,70b3d57ed00778cc,3994
device_uplink,1788820025000000000,70b3d57ed00778cc,3995
device_uplink,1788820041000000000,70b3d57ed00778cc,3996
device_uplink,1788820057000000000,70b3d57ed00778cc,3997
device_uplink,1788820073000000000,70b3d57ed00778cc,3998
device_uplink,1788820089000000000,70b3d57ed00778cc,3999
device_uplink,1788820107000000000,70b3d57ed00778cc,4000
device_uplink,1788820123000000000,70b3d57ed00778cc,4001
device_uplink,1788820139000000000,70b3d57ed00778cc,4002
device_uplink,1788820155000000000,70b3d57ed00778cc,4003
device_uplink,1788820171000000000,70b3d57ed00778cc,4004
device_uplink,1788820187000000000,70b3d57ed00778cc,4005
device_uplink,1788820203000000000,70b3d57ed00778cc,4006
device_uplink,1788820219000000000,70b3d57ed00778cc,4007
device_uplink,1788820237000000000,70b3d57ed00778cc,4008
device_uplink,1788820253000000000,70b3d57ed00778cc,4009
device_uplink,1788820269000000000,70b3d57ed00778cc,4010
device_uplink,1788820285000000000,70b3d57ed00778cc,4011
device_uplink,1788820301000000000,70b3d57ed00778cc,4012
device_uplink,1788820317000000000,70b3d57ed00778cc,4013
device_uplink,1788820333000000000,70b3d57ed00778cc,4014
device_uplink,1788820351000000000,70b3d57ed00778cc,4015
device_uplink,1788820367000000000,70b3d57ed00778cc,4016
device_uplink,1788820383000000000,70b3d57ed00778cc,4017
device_uplink,1788820399000000000,70b3d57ed00778cc,4018
device_uplink,1788820415000000000,70b3d57ed00778cc,4019
device_uplink,1788820431000000000,70b3d57ed00778cc,4020
device_uplink,1788820447000000000,70b3d57ed00778cc,4021
device_uplink,1788820465000000000,70b3d57ed00778cc,4022
device_uplink,1788820481000000000,70b3d57ed00778cc,4023
device_uplink,1788820497000000000,70b3d57ed00778cc,4024
device_uplink,1788820513000000000,70b3d57ed00778cc,4025
device_uplink,1788820529000000000,70b3d57ed00778cc,4026
device_uplink,1788820545000000000,70b3d57ed00778cc,4027
device_uplink,1788820561000000000,70b3d57ed00778cc,4028
device_uplink,1788820579000000000,70b3d57ed00778cc,4029
device_uplink,1788820595000000000,70b3d57ed00778cc,4030
device_uplink,1788820611000000000,70b3d57ed00778cc,4031
device_uplink,1788820627000000000,70b3d57ed00778cc,4032
device_uplink,1788820643000000000,70b3d57ed00778cc,4033
device_uplink,1788820659000000000,70b3d57ed00778cc,4034
device_uplink,1788820675000000000,70b3d57ed00778cc,4035
device_uplink,1788820693000000000,70b3d57ed0077801,2
device_uplink,1788820693000000000,70b3d57ed00778cc,4036
device_uplink,1788820709000000000,70b3d57ed00778cc,4037
device_uplink,1788820725000000000,70b3d57ed00778cc,4038
device_uplink,1788820741000000000,70b3d57ed00778cc,4039
device_uplink,1788820757000000000,70b3d57ed00778cc,4040
device_uplink,1788820773000000000,70b3d57ed00778cc,4041
device_uplink,1788820789000000000,70b3d57ed00778cc,4042
device_uplink,1788820805000000000,70b3d57ed00778cc,4043
device_uplink,1788820823000000000,70b3d57ed00778cc,4044
device_uplink,1788820839000000000,70b3d57ed00778cc,4045
device_uplink,1788820855000000000,70b3d57ed00778cc,4046
device_uplink,1788820871000000000,70b3d57ed00778cc,4047
device_uplink,1788820887000000000,70b3d57ed00778cc,4048
device_uplink,1788820903000000000,70b3d57ed00778cc,4049
device_uplink,1788820919000000000,70b3d57ed00778cc,4050
device_uplink,1788820937000000000,70b3d57ed00778cc,4051
device_uplink,1788820953000000000,70b3d57ed00778cc,4052
device_uplink,1788820969000000000,70b3d57ed00778cc,4053
device_uplink,1788820985000000000,70b3d57ed00778cc,4054
device_uplink,1788821001000000000,70b3d57ed00778cc,4055
device_uplink,1788821017000000000,70b3d57ed00778cc,4056
device_uplink,1788821033000000000,70b3d57ed00778cc,4057
device_uplink,1788821049000000000,70b3d57ed00778cc,4058
device_uplink,1788821065000000000,70b3d57ed00778cc,4059
device_uplink,1788821083000000000,70b3d57ed00778cc,4060
device_uplink,1788821099000000000,70b3d57ed00778cc,4061
device_uplink,1788821115000000000,70b3d57ed00778cc,4062
device_uplink,1788821131000000000,70b3d57ed00778cc,4063
device_uplink,1788821147000000000,70b3d57ed00778cc,4064
device_uplink,1788821163000000000,70b3d57ed00778cc,4065
device_uplink,1788821179000000000,70b3d57ed00778cc,4066
device_uplink,1788821195000000000,70b3d57ed00778cc,4067
device_uplink,1788821213000000000,70b3d57ed00778cc,4068
device_uplink,1788821229000000000,70b3d57ed00778cc,4069
device_uplink,1788821245000000000,70b3d57ed00778cc,4070
device_uplink,1788821261000000000,70b3d57ed00778cc,4071
device_uplink,1788821277000000000,70b3d57ed00778cc,4072
device_uplink,1788821293000000000,70b3d57ed00778cc,4073
device_uplink,1788821311000000000,70b3d57ed00778cc,4074
device_uplink,1788821327000000000,70b3d57ed00778cc,4075
device_uplink,1788821343000000000,70b3d57ed00778cc,4076
device_uplink,1788821359000000000,70b3d57ed00778cc,4077
device_uplink,1788821375000000000,70b3d57ed00778cc,4078
device_uplink,1788821391000000000,70b3d57ed00778cc,4079
device_uplink,1788821407000000000,70b3d57ed00778cc,4080
device_uplink,1788821423000000000,70b3d57ed00778cc,4081
device_uplink,1788821441000000000,70b3d57ed00778cc,4082
device_uplink,1788821457000000000,70b3d57ed00778cc,4083
device_uplink,1788821473000000000,70b3d57ed00778cc,4084
device_uplink,1788821489000000000,70b3d57ed00778cc,4085
device_uplink,1788821505000000000,70b3d57ed00778cc,4086
device_uplink,1788821521000000000,70b3d57ed00778cc,4087
device_uplink,1788821537000000000,70b3d57ed00778cc,4088
device_uplink,1788821555000000000,70b3d57ed00778cc,4089
device_uplink,1788821571000000000,70b3d57ed00778cc,4090
device_uplink,1788821587000000000,70b3d57ed00778cc,4091
device_uplink,1788821601000000000,70b3d57ed0077801,3
device_uplink,1788821603000000000,70b3d57ed00778cc,4092
device_uplink,1788821619000000000,70b3d57ed00778cc,4093
device_uplink,1788821635000000000,70b3d57ed00778cc,4094
device_uplink,1788821651000000000,70b3d57ed00778cc,4095
device_uplink,1788821669000000000,70b3d57ed00778cc,4096
device_uplink,1788821685000000000,70b3d57ed00778cc,4097
device_uplink,1788821701000000000,70b3d57ed00778cc,4098
device_uplink,1788821717000000000,70b3d57ed00778cc,4099
device_uplink,1788821733000000000,70b3d57ed00778cc,4100
device_uplink,1788821749000000000,70b3d57ed00778cc,4101
device_uplink,1788821765000000000,70b3d57ed00778cc,4102
device_uplink,1788821781000000000,70b3d57ed00778cc,4103
device_uplink,1788821799000000000,70b3d57ed00778cc,4104
device_uplink,1788821815000000000,70b3d57ed00778cc,4105
device_uplink,1788821831000000000,70b3d57ed00778cc,4106
device_uplink,1788821847000000000,70b3d57ed00778cc,4107
device_uplink,1788821863000000000,70b3d57ed00778cc,4108
device_uplink,1788821879000000000,70b3d57ed00778cc,4109
device_uplink,1788821895000000000,70b3d57ed00778cc,4110
device_uplink,1788821911000000000,70b3d57ed00778cc,4111
device_uplink,1788821929000000000,70b3d57ed00778cc,4112
device_uplink,1788821945000000000,70b3d57ed00778cc,4113
device_uplink,1788821961000000000,70b3d57ed00778cc,4114
device_uplink,1788821977000000000,70b3d57ed00778cc,4115
device_uplink,1788821993000000000,70b3d57ed00778cc,4116
device_uplink,1788822009000000000,70b3d57ed00778cc,4117
device_uplink,1788822025000000000,70b3d57ed00778cc,4118
device_uplink,1788822043000000000,70b3d57ed00778cc,4119
device_uplink,1788822059000000000,70b3d57ed00778cc,4120
device_uplink,1788822075000000000,70b3d57ed00778cc,4121
device_uplink,1788822091000000000,70b3d57ed00778cc,4122
device_uplink,1788822107000000000,70b3d57ed00778cc,4123
device_uplink,1788822139000000000,70b3d57ed00778cc,4125
device_uplink,1788822157000000000,70b3d57ed00778cc,4126
device_uplink,1788822173000000000,70b3d57ed00778cc,4127
device_uplink,1788822189000000000,70b3d57ed00778cc,4128
device_uplink,1788822205000000000,70b3d57ed00778cc,4129
device_uplink,1788822221000000000,70b3d57ed00778cc,4130
device_uplink,1788822237000000000,70b3d57ed00778cc,4131
device_uplink,1788822253000000000,70b3d57ed00778cc,4132
device_uplink,1788822271000000000,70b3d57ed00778cc,4133
device_uplink,1788822287000000000,70b3d57ed00778cc,4134
device_uplink,1788822303000000000,70b3d57ed00778cc,4135
device_uplink,1788822319000000000,70b3d57ed00778cc,4136
device_uplink,1788822335000000000,70b3d57ed00778cc,4137
device_uplink,1788822351000000000,70b3d57ed00778cc,4138
device_uplink,1788822367000000000,70b3d57ed00778cc,4139
device_uplink,1788822383000000000,70b3d57ed00778cc,4140
device_uplink,1788822399000000000,70b3d57ed00778cc,4141
device_uplink,1788822417000000000,70b3d57ed00778cc,4142
device_uplink,1788822433000000000,70b3d57ed00778cc,4143
device_uplink,1788822449000000000,70b3d57ed00778cc,4144
device_uplink,1788822465000000000,70b3d57ed00778cc,4145
device_uplink,1788822481000000000,70b3d57ed00778cc,4146
device_uplink,1788822497000000000,70b3d57ed00778cc,4147
device_uplink,1788822510000000000,70b3d57ed0077801,4
device_uplink,1788822515000000000,70b3d57ed00778cc,4148
device_uplink,1788822531000000000,70b3d57ed00778cc,4149
device_uplink,1788822547000000000,70b3d57ed00778cc,4150
device_uplink,1788822563000000000,70b3d57ed00778cc,4151
device_uplink,1788822579000000000,70b3d57ed00778cc,4152
device_uplink,1788822595000000000,70b3d57ed00778cc,4153
device_uplink,1788822611000000000,70b3d57ed00778cc,4154
device_uplink,1788822627000000000,70b3d57ed00778cc,4155
device_uplink,1788822645000000000,70b3d57ed00778cc,4156
device_uplink,1788822661000000000,70b3d57ed00778cc,4157
device_uplink,1788822677000000000,70b3d57ed00778cc,4158
device_uplink,1788822693000000000,70b3d57ed00778cc,4159
device_uplink,1788822709000000000,70b3d57ed00778cc,4160
device_uplink,1788822725000000000,70b3d57ed00778cc,4161
device_uplink,1788822743000000000,70b3d57ed00778cc,4162
device_uplink,1788822759000000000,70b3d57ed00778cc,4163
device_uplink,1788822775000000000,70b3d57ed00778cc,4164
device_uplink,1788822791000000000,70b3d57ed00778cc,4165
device_uplink,1788822807000000000,70b3d57ed00778cc,4166
device_uplink,1788822823000000000,70b3d57ed00778cc,4167
device_uplink,1788822839000000000,70b3d57ed00778cc,4168
device_uplink,1788822855000000000,70b3d57ed00778cc,4169
device_uplink,1788822873000000000,70b3d57ed00778cc,4170
device_uplink,1788822889000000000,70b3d57ed00778cc,4171
device_uplink,1788822905000000000,70b3d57ed00778cc,4172
device_uplink,1788822921000000000,70b3d57ed00778cc,4173
device_uplink,1788822937000000000,70b3d57ed00778cc,4174
device_uplink,1788822953000000000,70b3d57ed00778cc,4175
device_uplink,1788822969000000000,70b3d57ed00778cc,4176
device_uplink,1788822985000000000,70b3d57ed00778cc,4177
device_uplink,1788823003000000000,70b3d57ed00778cc,4178
device_uplink,1788823019000000000,70b3d57ed00778cc,4179
device_uplink,1788823035000000000,70b3d57ed00778cc,4180
device_uplink,1788823051000000000,70b3d57ed00778cc,4181
device_uplink,1788823067000000000,70b3d57ed00778cc,4182
device_uplink,1788823083000000000,70b3d57ed00778cc,4183
device_uplink,1788823099000000000,70b3d57ed00778cc,4184
device_uplink,1788823115000000000,70b3d57ed00778cc,4185
device_uplink,1788823133000000000,70b3d57ed00778cc,4186
device_uplink,1788823149000000000,70b3d57ed00778cc,4187
device_uplink,1788823165000000000,70b3d57ed00778cc,4188
device_uplink,1788823181000000000,70b3d57ed00778cc,4189
device_uplink,1788823197000000000,70b3d57ed00778cc,4190
device_uplink,1788823213000000000,70b3d57ed00778cc,4191
device_uplink,1788823231000000000,70b3d57ed00778cc,4192
device_uplink,1788823247000000000,70b3d57ed00778cc,4193
device_uplink,1788823263000000000,70b3d57ed00778cc,4194
device_uplink,1788823279000000000,70b3d57ed00778cc,4195
device_uplink,1788823295000000000,70b3d57ed00778cc,4196
device_uplink,1788823311000000000,70b3d57ed00778cc,4197
device_uplink,1788823327000000000,70b3d57ed00778cc,4198
device_uplink,1788823343000000000,70b3d57ed00778cc,4199
device_uplink,1788823361000000000,70b3d57ed00778cc,4200
device_uplink,1788823377000000000,70b3d57ed00778cc,4201
device_uplink,1788823393000000000,70b3d57ed00778cc,4202
device_uplink,1788823409000000000,70b3d57ed00778cc,4203
device_uplink,1788823418000000000,70b3d57ed0077801,5
device_uplink,1788823425000000000,70b3d57ed00778cc,4204
device_uplink,1788823441000000000,70b3d57ed00778cc,4205
device_uplink,1788823459000000000,70b3d57ed00778cc,4206
device_uplink,1788823475000000000,70b3d57ed00778cc,4207
device_uplink,1788823491000000000,70b3d57ed00778cc,4208
device_uplink,1788823507000000000,70b3d57ed00778cc,4209
device_uplink,1788823523000000000,70b3d57ed00778cc,4210
device_uplink,1788823539000000000,70b3d57ed00778cc,4211
device_uplink,1788823555000000000,70b3d57ed00778cc,4212
device_uplink,1788823571000000000,70b3d57ed00778cc,4213
device_uplink,1788823589000000000,70b3d57ed00778cc,4214
device_uplink,1788823605000000000,70b3d57ed00778cc,4215
device_uplink,1788823621000000000,70b3d57ed00778cc,4216
device_uplink,1788823637000000000,70b3d57ed00778cc,4217
device_uplink,1788823653000000000,70b3d57ed00778cc,4218
device_uplink,1788823669000000000,70b3d57ed00778cc,4219
device_uplink,1788823685000000000,70b3d57ed00778cc,4220
device_uplink,1788823701000000000,70b3d57ed00778cc,4221
device_uplink,1788823719000000000,70b3d57ed00778cc,4222
device_uplink,1788823735000000000,70b3d57ed00778cc,4223
device_uplink,1788823751000000000,70b3d57ed00778cc,4224
device_uplink,1788823767000000000,70b3d57ed00778cc,4225
device_uplink,1788823783000000000,70b3d57ed00778cc,4226
device_uplink,1788823799000000000,70b3d57ed00778cc,4227
device_uplink,1788823815000000000,70b3d57ed00778cc,4228
device_uplink,1788823833000000000,70b3d57ed00778cc,4229
device_uplink,1788823849000000000,70b3d57ed00778cc,4230
device_uplink,1788823865000000000,70b3d57ed00778cc,4231
device_uplink,1788823881000000000,70b3d57ed00778cc,4232
device_uplink,1788823897000000000,70b3d57ed00778cc,4233
device_uplink,1788823913000000000,70b3d57ed00778cc,4234
device_uplink,1788823929000000000,70b3d57ed00778cc,4235
device_uplink,1788823945000000000,70b3d57ed00778cc,4236
device_uplink,1788823963000000000,70b3d57ed00778cc,4237
device_uplink,1788823979000000000,70b3d57ed00778cc,4238
device_uplink,1788823995000000000,70b3d57ed00778cc,4239
device_uplink,1788824011000000000,70b3d57ed00778cc,4240
device_uplink,1788824027000000000,70b3d57ed00778cc,4241
device_uplink,1788824043000000000,70b3d57ed00778cc,4242
device_uplink,1788824059000000000,70b3d57ed00778cc,4243
device_uplink,1788824075000000000,70b3d57ed00778cc,4244
device_uplink,1788824093000000000,70b3d57ed00778cc,4245
device_uplink,1788824109000000000,70b3d57ed00778cc,4246
device_uplink,1788824125000000000,70b3d57ed00778cc,4247
device_uplink,1788824141000000000,70b3d57ed00778cc,4248
device_uplink,1788824157000000000,70b3d57ed00778cc,4249
device_uplink,1788824173000000000,70b3d57ed00778cc,4250
device_uplink,1788824189000000000,70b3d57ed00778cc,4251
device_uplink,1788824205000000000,70b3d57ed00778cc,4252
device_uplink,1788824221000000000,70b3d57ed00778cc,4253
device_uplink,1788824239000000000,70b3d57ed00778cc,4254
device_uplink,1788824255000000000,70b3d57ed00778cc,4255
device_uplink,1788824271000000000,70b3d57ed00778cc,4256
device_uplink,1788824287000000000,70b3d57ed00778cc,4257
device_uplink,1788824303000000000,70b3d57ed00778cc,4258
device_uplink,1788824319000000000,70b3d57ed00778cc,4259
device_uplink,1788824327000000000,70b3d57ed0077801,6
device_uplink,1788824335000000000,70b3d57ed00778cc,4260
device_uplink,1788824351000000000,70b3d57ed00778cc,4261
device_uplink,1788824369000000000,70b3d57ed00778cc,4262
device_uplink,1788824385000000000,70b3d57ed00778cc,4263
device_uplink,1788824401000000000,70b3d57ed00778cc,4264
device_uplink,1788824417000000000,70b3d57ed00778cc,4265
device_uplink,1788824433000000000,70b3d57ed00778cc,4266
device_uplink,1788824449000000000,70b3d57ed00778cc,4267
device_uplink,1788824467000000000,70b3d57ed00778cc,4268
device_uplink,1788824483000000000,70b3d57ed00778cc,4269
device_uplink,1788824499000000000,70b3d57ed00778cc,4270
device_uplink,1788824515000000000,70b3d57ed00778cc,4271
device_uplink,1788824531000000000,70b3d57ed00778cc,4272
device_uplink,1788824547000000000,70b3d57ed00778cc,4273
device_uplink,1788824565000000000,70b3d57ed00778cc,4274
device_uplink,1788824581000000000,70b3d57ed00778cc,4275
device_uplink,1788824597000000000,70b3d57ed00778cc,4276
device_uplink,1788824613000000000,70b3d57ed00778cc,4277
device_uplink,1788824629000000000,70b3d57ed00778cc,4278
device_uplink,1788824645000000000,70b3d57ed00778cc,4279
device_uplink,1788824661000000000,70b3d57ed00778cc,4280
device_uplink,1788824679000000000,70b3d57ed00778cc,4281
device_uplink,1788824695000000000,70b3d57ed00778cc,4282
device_uplink,1788824711000000000,70b3d57ed00778cc,4283
device_uplink,1788824727000000000,70b3d57ed00778cc,4284
device_uplink,1788824743000000000,70b3d57ed00778cc,4285
device_uplink,1788824759000000000,70b3d57ed00778cc,4286
device_uplink,1788824775000000000,70b3d57ed00778cc,4287
device_uplink,1788824791000000000,70b3d57ed00778cc,4288
device_uplink,1788824807000000000,70b3d57ed00778cc,4289
device_uplink,1788824825000000000,70b3d57ed00778cc,4290
device_uplink,1788824841000000000,70b3d57ed00778cc,4291
device_uplink,1788824857000000000,70b3d57ed00778cc,4292
device_uplink,1788824873000000000,70b3d57ed00778cc,4293
device_uplink,1788824889000000000,70b3d57ed00778cc,4294
device_uplink,1788824905000000000,70b3d57ed00778cc,4295
device_uplink,1788824921000000000,70b3d57ed00778cc,4296
device_uplink,1788824939000000000,70b3d57ed00778cc,4297
device_uplink,1788824955000000000,70b3d57ed00778cc,4298
device_uplink,1788824971000000000,70b3d57ed00778cc,4299
device_uplink,1788824987000000000,70b3d57ed00778cc,4300
device_uplink,1788825003000000000,70b3d57ed00778cc,4301
device_uplink,1788825019000000000,70b3d57ed00778cc,4302
device_uplink,1788825035000000000,70b3d57ed00778cc,4303
device_uplink,1788825051000000000,70b3d57ed00778cc,4304
device_uplink,1788825069000000000,70b3d57ed00778cc,4305
device_uplink,1788825085000000000,70b3d57ed00778cc,4306
device_uplink,1788825101000000000,70b3d57ed00778cc,4307
device_uplink,1788825117000000000,70b3d57ed00778cc,4308
device_uplink,1788825133000000000,70b3d57ed00778cc,4309
device_uplink,1788825149000000000,70b3d57ed00778cc,4310
device_uplink,1788825165000000000,70b3d57ed00778cc,4311
device_uplink,1788825181000000000,70b3d57ed00778cc,4312
device_uplink,1788825197000000000,70b3d57ed00778cc,4313
device_uplink,1788825215000000000,70b3d57ed00778cc,4314
device_uplink,1788825231000000000,70b3d57ed00778cc,4315
device_uplink,1788825235000000000,70b3d57ed0077801,7
device_uplink,1788825247000000000,70b3d57ed00778cc,4316
device_uplink,1788825263000000000,70b3d57ed00778cc,4317
device_uplink,1788825279000000000,70b3d57ed00778cc,4318
device_uplink,1788825295000000000,70b3d57ed00778cc,4319
device_uplink,1788825313000000000,70b3d57ed00778cc,4320
device_uplink,1788825329000000000,70b3d57ed00778cc,4321
device_uplink,1788825345000000000,70b3d57ed00778cc,4322
device_uplink,1788825361000000000,70b3d57ed00778cc,4323
device_uplink,1788825377000000000,70b3d57ed00778cc,4324
device_uplink,1788825393000000000,70b3d57ed00778cc,4325
device_uplink,1788825409000000000,70b3d57ed00778cc,4326
device_uplink,1788825425000000000,70b3d57ed00778cc,4327
device_uplink,1788825443000000000,70b3d57ed00778cc,4328
device_uplink,1788825459000000000,70b3d57ed00778cc,4329
device_uplink,1788825475000000000,70b3d57ed00778cc,4330
device_uplink,1788825491000000000,70b3d57ed00778cc,4331
device_uplink,1788825507000000000,70b3d57ed00778cc,4332
device_uplink,1788825523000000000,70b3d57ed00778cc,4333
device_uplink,1788825539000000000,70b3d57ed00778cc,4334
device_uplink,1788825555000000000,70b3d57ed00778cc,4335
device_uplink,1788825573000000000,70b3d57ed00778cc,4336
device_uplink,1788825589000000000,70b3d57ed00778cc,4337
device_uplink,1788825605000000000,70b3d57ed00778cc,4338
device_uplink,1788825621000000000,70b3d57ed00778cc,4339
device_uplink,1788825637000000000,70b3d57ed00778cc,4340
device_uplink,1788825653000000000,70b3d57ed00778cc,4341
device_uplink,1788825669000000000,70b3d57ed00778cc,4342
device_uplink,1788825685000000000,70b3d57ed00778cc,4343
device_uplink,1788825703000000000,70b3d57ed00778cc,4344
device_uplink,1788825719000000000,70b3d57ed00778cc,4345
device_uplink,1788825735000000000,70b3d57ed00778cc,4346
device_uplink,1788825751000000000,70b3d57ed00778cc,4347
device_uplink,1788825767000000000,70b3d57ed00778cc,4348
device_uplink,1788825783000000000,70b3d57ed00778cc,4349
device_uplink,1788825799000000000,70b3d57ed00778cc,4350
device_uplink,1788825815000000000,70b3d57ed00778cc,4351
device_uplink,1788825833000000000,70b3d57ed00778cc,4352
device_uplink,1788825849000000000,70b3d57ed00778cc,4353
device_uplink,1788825865000000000,70b3d57ed00778cc,4354
device_uplink,1788825881000000000,70b3d57ed00778cc,4355
device_uplink,1788825897000000000,70b3d57ed00778cc,4356
device_uplink,1788825913000000000,70b3d57ed00778cc,4357
device_uplink,1788825929000000000,70b3d57ed00778cc,4358
device_uplink,1788825945000000000,70b3d57ed00778cc,4359
device_uplink,1788825963000000000,70b3d57ed00778cc,4360
device_uplink,1788825979000000000,70b3d57ed00778cc,4361
device_uplink,1788825995000000000,70b3d57ed00778cc,4362
device_uplink,1788826011000000000,70b3d57ed00778cc,4363
device_uplink,1788826027000000000,70b3d57ed00778cc,4364
device_uplink,1788826043000000000,70b3d57ed00778cc,4365
device_uplink,1788826059000000000,70b3d57ed00778cc,4366
device_uplink,1788826075000000000,70b3d57ed00778cc,4367
device_uplink,1788826093000000000,70b3d57ed00778cc,4368
device_uplink,1788826109000000000,70b3d57ed00778cc,4369
device_uplink,1788826125000000000,70b3d57ed00778cc,4370
device_uplink,1788826141000000000,70b3d57ed00778cc,4371
device_uplink,1788826144000000000,70b3d57ed0077801,8
device_uplink,1788826157000000000,70b3d57ed00778cc,4372
device_uplink,1788826173000000000,70b3d57ed00778cc,4373
device_uplink,1788826189000000000,70b3d57ed00778cc,4374
device_uplink,1788826205000000000,70b3d57ed00778cc,4375
device_uplink,1788826223000000000,70b3d57ed00778cc,4376
device_uplink,1788826239000000000,70b3d57ed00778cc,4377
device_uplink,1788826255000000000,70b3d57ed00778cc,4378
device_uplink,1788826271000000000,70b3d57ed00778cc,4379
device_uplink,1788826287000000000,70b3d57ed00778cc,4380
device_uplink,1788826303000000000,70b3d57ed00778cc,4381
device_uplink,1788826319000000000,70b3d57ed00778cc,4382
device_uplink,1788826335000000000,70b3d57ed00778cc,4383
device_uplink,1788826353000000000,70b3d57ed00778cc,4384
device_uplink,1788826369000000000,70b3d57ed00778cc,4385
device_uplink,1788826385000000000,70b3d57ed00778cc,4386
device_uplink,1788826401000000000,70b3d57ed00778cc,4387
device_uplink,1788826417000000000,70b3d57ed00778cc,4388
device_uplink,1788826433000000000,70b3d57ed00778cc,4389
device_uplink,1788826449000000000,70b3d57ed00778cc,4390
device_uplink,1788826465000000000,70b3d57ed00778cc,4391
device_uplink,1788826483000000000,70b3d57ed00778cc,4392
device_uplink,1788826499000000000,70b3d57ed00778cc,4393
device_uplink,1788826515000000000,70b3d57ed00778cc,4394
device_uplink,1788826531000000000,70b3d57ed00778cc,4395
device_uplink,1788826547000000000,70b3d57ed00778cc,4396
device_uplink,1788826563000000000,70b3d57ed00778cc,4397
device_uplink,1788826579000000000,70b3d57ed00778cc,4398
device_uplink,1788826595000000000,70b3d57ed00778cc,4399
device_uplink,1788826613000000000,70b3d57ed00778cc,4400
device_uplink,1788826629000000000,70b3d57ed00778cc,4401
device_uplink,1788826645000000000,70b3d57ed00778cc,4402
device_uplink,1788826661000000000,70b3d57ed00778cc,4403
device_uplink,1788826677000000000,70b3d57ed00778cc,4404
device_uplink,1788826693000000000,70b3d57ed00778cc,4405
device_uplink,1788826709000000000,70b3d57ed00778cc,4406
device_uplink,1788826725000000000,70b3d57ed00778cc,4407
device_uplink,1788826743000000000,70b3d57ed00778cc,4408
device_uplink,1788826759000000000,70b3d57ed00778cc,4409
device_uplink,1788826775000000000,70b3d57ed00778cc,4410
device_uplink,1788826791000000000,70b3d57ed00778cc,4411
device_uplink,1788826807000000000,70b3d57ed00778cc,4412
device_uplink,1788826823000000000,70b3d57ed00778cc,4413
device_uplink,1788826839000000000,70b3d57ed00778cc,4414
device_uplink,1788826855000000000,70b3d57ed00778cc,4415
device_uplink,1788826873000000000,70b3d57ed00778cc,4416
device_uplink,1788826889000000000,70b3d57ed00778cc,4417
device_uplink,1788826905000000000,70b3d57ed00778cc,4418
device_uplink,1788826921000000000,70b3d57ed00778cc,4419
device_uplink,1788826937000000000,70b3d57ed00778cc,4420
device_uplink,1788826953000000000,70b3d57ed00778cc,4421
device_uplink,1788826969000000000,70b3d57ed00778cc,4422
device_uplink,1788826985000000000,70b3d57ed00778cc,4423
device_uplink,1788827003000000000,70b3d57ed00778cc,4424
device_uplink,1788827019000000000,70b3d57ed00778cc,4425
device_uplink,1788827035000000000,70b3d57ed00778cc,4426
device_uplink,1788827051000000000,70b3d57ed00778cc,4427
device_uplink,1788827052000000000,70b3d57ed0077801,9
device_uplink,1788827067000000000,70b3d57ed00778cc,4428
device_uplink,1788827083000000000,70b3d57ed00778cc,4429
device_uplink,1788827099000000000,70b3d57ed00778cc,4430
device_uplink,1788827115000000000,70b3d57ed00778cc,4431
device_uplink,1788827133000000000,70b3d57ed00778cc,4432
device_uplink,1788827149000000000,70b3d57ed00778cc,4433
device_uplink,1788827165000000000,70b3d57ed00778cc,4434
device_uplink,1788827181000000000,70b3d57ed00778cc,4435
device_uplink,1788827197000000000,70b3d57ed00778cc,4436
device_uplink,1788827213000000000,70b3d57ed00778cc,4437
device_uplink,1788827229000000000,70b3d57ed00778cc,4438
device_uplink,1788827245000000000,70b3d57ed00778cc,4439
device_uplink,1788827263000000000,70b3d57ed00778cc,4440
device_uplink,1788827279000000000,70b3d57ed00778cc,4441
device_uplink,1788827295000000000,70b3d57ed00778cc,4442
device_uplink,1788827311000000000,70b3d57ed00778cc,4443
device_uplink,1788827327000000000,70b3d57ed00778cc,4444
device_uplink,1788827343000000000,70b3d57ed00778cc,4445
device_uplink,1788827359000000000,70b3d57ed00778cc,4446
device_uplink,1788827375000000000,70b3d57ed00778cc,4447
device_uplink,1788827391000000000,70b3d57ed00778cc,4448
device_uplink,1788827409000000000,70b3d57ed00778cc,4449
device_uplink,1788827425000000000,70b3d57ed00778cc,4450
device_uplink,1788827441000000000,70b3d57ed00778cc,4451
device_uplink,1788827457000000000,70b3d57ed00778cc,4452
device_uplink,1788827473000000000,70b3d57ed00778cc,4453
device_uplink,1788827489000000000,70b3d57ed00778cc,4454
device_uplink,1788827505000000000,70b3d57ed00778cc,4455
device_uplink,1788827523000000000,70b3d57ed00778cc,4456
device_uplink,1788827539000000000,70b3d57ed00778cc,4457
device_uplink,1788827555000000000,70b3d57ed00778cc,4458
device_uplink,1788827571000000000,70b3d57ed00778cc,4459
device_uplink,1788827587000000000,70b3d57ed00778cc,4460
device_uplink,1788827603000000000,70b3d57ed00778cc,4461
device_uplink,1788827619000000000,70b3d57ed00778cc,4462
device_uplink,1788827635000000000,70b3d57ed00778cc,4463
device_uplink,1788827653000000000,70b3d57ed00778cc,4464
device_uplink,1788827669000000000,70b3d57ed00778cc,4465
device_uplink,1788827685000000000,70b3d57ed00778cc,4466
device_uplink,1788827701000000000,70b3d57ed00778cc,4467
device_uplink,1788827717000000000,70b3d57ed00778cc,4468
device_uplink,1788827733000000000,70b3d57ed00778cc,4469
device_uplink,1788827749000000000,70b3d57ed00778cc,4470
device_uplink,1788827765000000000,70b3d57ed00778cc,4471
device_uplink,1788827783000000000,70b3d57ed00778cc,4472
device_uplink,1788827799000000000,70b3d57ed00778cc,4473
device_uplink,1788827815000000000,70b3d57ed00778cc,4474
device_uplink,1788827831000000000,70b3d57ed00778cc,4475
device_uplink,1788827847000000000,70b3d57ed00778cc,4476
device_uplink,1788827863000000000,70b3d57ed00778cc,4477
device_uplink,1788827879000000000,70b3d57ed00778cc,4478
device_uplink,1788827895000000000,70b3d57ed00778cc,4479
device_uplink,1788827913000000000,70b3d57ed00778cc,4480
device_uplink,1788827929000000000,70b3d57ed00778cc,4481
device_uplink,1788827945000000000,70b3d57ed00778cc,4482
device_uplink,1788827961000000000,70b3d57ed0077801,10
device_uplink,1788827961000000000,70b3d57ed00778cc,4483
device_uplink,1788827977000000000,70b3d57ed00778cc,4484
device_uplink,1788827993000000000,70b3d57ed00778cc,4485
device_uplink,1788828009000000000,70b3d57ed00778cc,4486
device_uplink,1788828025000000000,70b3d57ed00778cc,4487
device_uplink,1788828043000000000,70b3d57ed00778cc,4488
device_uplink,1788828059000000000,70b3d57ed00778cc,4489
device_uplink,1788828075000000000,70b3d57ed00778cc,4490
device_uplink,1788828091000000000,70b3d57ed00778cc,4491
device_uplink,1788828107000000000,70b3d57ed00778cc,4492
device_uplink,1788828123000000000,70b3d57ed00778cc,4493
device_uplink,1788828139000000000,70b3d57ed00778cc,4494
device_uplink,1788828155000000000,70b3d57ed00778cc,4495
device_uplink,1788828173000000000,70b3d57ed00778cc,4496
device_uplink,1788828189000000000,70b3d57ed00778cc,4497
device_uplink,1788828205000000000,70b3d57ed00778cc,4498
device_uplink,1788828221000000000,70b3d57ed00778cc,4499
device_uplink,1788828237000000000,70b3d57ed00778cc,4500
device_uplink,1788828253000000000,70b3d57ed00778cc,4501
device_uplink,1788828269000000000,70b3d57ed00778cc,4502
device_uplink,1788828285000000000,70b3d57ed00778cc,4503
device_uplink,1788828303000000000,70b3d57ed00778cc,4504
device_uplink,1788828319000000000,70b3d57ed00778cc,4505
device_uplink,1788828335000000000,70b3d57ed00778cc,4506
device_uplink,1788828351000000000,70b3d57ed00778cc,4507
device_uplink,1788828367000000000,70b3d57ed00778cc,4508
device_uplink,1788828383000000000,70b3d57ed00778cc,4509
device_uplink,1788828399000000000,70b3d57ed00778cc,4510
device_uplink,1788828415000000000,70b3d57ed00778cc,4511
device_uplink,1788828433000000000,70b3d57ed00778cc,4512
device_uplink,1788828449000000000,70b3d57ed00778cc,4513
device_uplink,1788828465000000000,70b3d57ed00778cc,4514
device_uplink,1788828481000000000,70b3d57ed00778cc,4515
device_uplink,1788828497000000000,70b3d57ed00778cc,4516
device_uplink,1788828513000000000,70b3d57ed00778cc,4517
device_uplink,1788828529000000000,70b3d57ed00778cc,4518
device_uplink,1788828545000000000,70b3d57ed00778cc,4519
device_uplink,1788828563000000000,70b3d57ed00778cc,4520
device_uplink,1788828579000000000,70b3d57ed00778cc,4521
device_uplink,1788828595000000000,70b3d57ed00778cc,4522
device_uplink,1788828611000000000,70b3d57ed00778cc,4523
device_uplink,1788828627000000000,70b3d57ed00778cc,4524
device_uplink,1788828643000000000,70b3d57ed00778cc,4525
device_uplink,1788828661000000000,70b3d57ed00778cc,4526
device_uplink,1788828677000000000,70b3d57ed00778cc,4527
device_uplink,1788828693000000000,70b3d57ed00778cc,4528
device_uplink,1788828709000000000,70b3d57ed00778cc,4529
device_uplink,1788828725000000000,70b3d57ed00778cc,4530
device_uplink,1788828741000000000,70b3d57ed00778cc,4531
device_uplink,1788828757000000000,70b3d57ed00778cc,4532
device_uplink,1788828773000000000,70b3d57ed00778cc,4533
device_uplink,1788828791000000000,70b3d57ed00778cc,4534
device_uplink,1788828807000000000,70b3d57ed00778cc,4535
device_uplink,1788828823000000000,70b3d57ed00778cc,4536
device_uplink,1788828839000000000,70b3d57ed00778cc,4537
device_uplink,1788828855000000000,70b3d57ed00778cc,4538
device_uplink,1788828869000000000,70b3d57ed0077801,11
device_uplink,1788828871000000000,70b3d57ed00778cc,4539
device_uplink,1788828887000000000,70b3d57ed00778cc,4540
device_uplink,1788828903000000000,70b3d57ed00778cc,4541
device_uplink,1788828921000000000,70b3d57ed00778cc,4542
device_uplink,1788828937000000000,70b3d57ed00778cc,4543
device_uplink,1788828953000000000,70b3d57ed00778cc,4544
device_uplink,1788828969000000000,70b3d57ed00778cc,4545
device_uplink,1788828985000000000,70b3d57ed00778cc,4546
device_uplink,1788829001000000000,70b3d57ed00778cc,4547
device_uplink,1788829017000000000,70b3d57ed00778cc,4548
device_uplink,1788829033000000000,70b3d57ed00778cc,4549
device_uplink,1788829051000000000,70b3d57ed00778cc,4550
device_uplink,1788829067000000000,70b3d57ed00778cc,4551
device_uplink,1788829083000000000,70b3d57ed00778cc,4552
device_uplink,1788829099000000000,70b3d57ed00778cc,4553
device_uplink,1788829115000000000,70b3d57ed00778cc,4554
device_uplink,1788829131000000000,70b3d57ed00778cc,4555
device_uplink,1788829147000000000,70b3d57ed00778cc,4556
device_uplink,1788829163000000000,70b3d57ed00778cc,4557
device_uplink,1788829181000000000,70b3d57ed00778cc,4558
device_uplink,1788829197000000000,70b3d57ed00778cc,4559
device_uplink,1788829213000000000,70b3d57ed00778cc,4560
device_uplink,1788829229000000000,70b3d57ed00778cc,4561
device_uplink,1788829245000000000,70b3d57ed00778cc,4562
device_uplink,1788829261000000000,70b3d57ed00778cc,4563
device_uplink,1788829277000000000,70b3d57ed00778cc,4564
device_uplink,1788829293000000000,70b3d57ed00778cc,4565
device_uplink,1788829311000000000,70b3d57ed00778cc,4566
device_uplink,1788829327000000000,70b3d57ed00778cc,4567
device_uplink,1788829343000000000,70b3d57ed00778cc,4568
device_uplink,1788829359000000000,70b3d57ed00778cc,4569
device_uplink,1788829375000000000,70b3d57ed00778cc,4570
device_uplink,1788829391000000000,70b3d57ed00778cc,4571
device_uplink,1788829407000000000,70b3d57ed00778cc,4572
device_uplink,1788829425000000000,70b3d57ed00778cc,4573
device_uplink,1788829441000000000,70b3d57ed00778cc,4574
device_uplink,1788829457000000000,70b3d57ed00778cc,4575
device_uplink,1788829473000000000,70b3d57ed00778cc,4576
device_uplink,1788829489000000000,70b3d57ed00778cc,4577
device_uplink,1788829505000000000,70b3d57ed00778cc,4578
device_uplink,1788829521000000000,70b3d57ed00778cc,4579
device_uplink,1788829537000000000,70b3d57ed00778cc,4580
device_uplink,1788829555000000000,70b3d57ed00778cc,4581
device_uplink,1788829571000000000,70b3d57ed00778cc,4582
device_uplink,1788829587000000000,70b3d57ed00778cc,4583
device_uplink,1788829603000000000,70b3d57ed00778cc,4584
device_uplink,1788829619000000000,70b3d57ed00778cc,4585
device_uplink,1788829635000000000,70b3d57ed00778cc,4586
device_uplink,1788829651000000000,70b3d57ed00778cc,4587
device_uplink,1788829667000000000,70b3d57ed00778cc,4588
device_uplink,1788829685000000000,70b3d57ed00778cc,4589
device_uplink,1788829701000000000,70b3d57ed00778cc,4590
device_uplink,1788829717000000000,70b3d57ed00778cc,4591
device_uplink,1788829733000000000,70b3d57ed00778cc,4592
device_uplink,1788829749000000000,70b3d57ed00778cc,4593
device_uplink,1788829765000000000,70b3d57ed00778cc,4594
device_uplink,1788829778000000000,70b3d57ed0077801,12
device_uplink,1788829781000000000,70b3d57ed00778cc,4595
device_uplink,1788829797000000000,70b3d57ed00778cc,4596
device_uplink,1788829815000000000,70b3d57ed00778cc,4597
device_uplink,1788829831000000000,70b3d57ed00778cc,4598
device_uplink,1788829847000000000,70b3d57ed00778cc,4599
device_uplink,1788829863000000000,70b3d57ed00778cc,4600
device_uplink,1788829879000000000,70b3d57ed00778cc,4601
device_uplink,1788829895000000000,70b3d57ed00778cc,4602
device_uplink,1788829911000000000,70b3d57ed00778cc,4603
device_uplink,1788829927000000000,70b3d57ed00778cc,4604
device_uplink,1788829945000000000,70b3d57ed00778cc,4605
device_uplink,1788829961000000000,70b3d57ed00778cc,4606
device_uplink,1788829977000000000,70b3d57ed00778cc,4607
device_uplink,1788829993000000000,70b3d57ed00778cc,4608
device_uplink,1788830009000000000,70b3d57ed00778cc,4609
device_uplink,1788830025000000000,70b3d57ed00778cc,4610
device_uplink,1788830041000000000,70b3d57ed00778cc,4611
device_uplink,1788830057000000000,70b3d57ed00778cc,4612
device_uplink,1788830075000000000,70b3d57ed00778cc,4613
device_uplink,1788830091000000000,70b3d57ed00778cc,4614
device_uplink,1788830107000000000,70b3d57ed00778cc,4615
device_uplink,1788830123000000000,70b3d57ed00778cc,4616
device_uplink,1788830139000000000,70b3d57ed00778cc,4617
device_uplink,1788830155000000000,70b3d57ed00778cc,4618
device_uplink,1788830171000000000,70b3d57ed00778cc,4619
device_uplink,1788830187000000000,70b3d57ed00778cc,4620
device_uplink,1788830205000000000,70b3d57ed00778cc,4621
device_uplink,1788830221000000000,70b3d57ed00778cc,4622
device_uplink,1788830237000000000,70b3d57ed00778cc,4623
device_uplink,1788830253000000000,70b3d57ed00778cc,4624
device_uplink,1788830269000000000,70b3d57ed00778cc,4625
device_uplink,1788830285000000000,70b3d57ed00778cc,4626
device_uplink,1788830301000000000,70b3d57ed00778cc,4627
device_uplink,1788830319000000000,70b3d57ed00778cc,4628
device_uplink,1788830335000000000,70b3d57ed00778cc,4629
device_uplink,1788830351000000000,70b3d57ed00778cc,4630
device_uplink,1788830367000000000,70b3d57ed00778cc,4631
device_uplink,1788830383000000000,70b3d57ed00778cc,4632
device_uplink,1788830399000000000,70b3d57ed00778cc,4633
device_uplink,1788830415000000000,70b3d57ed00778cc,4634
device_uplink,1788830431000000000,70b3d57ed00778cc,4635
device_uplink,1788830449000000000,70b3d57ed00778cc,4636
device_uplink,1788830465000000000,70b3d57ed00778cc,4637
device_uplink,1788830481000000000,70b3d57ed00778cc,4638
device_uplink,1788830497000000000,70b3d57ed00778cc,4639
device_uplink,1788830513000000000,70b3d57ed00778cc,4640
device_uplink,1788830529000000000,70b3d57ed00778cc,4641
device_uplink,1788830545000000000,70b3d57ed00778cc,4642
device_uplink,1788830561000000000,70b3d57ed00778cc,4643
device_uplink,1788830579000000000,70b3d57ed00778cc,4644
device_uplink,1788830595000000000,70b3d57ed00778cc,4645
device_uplink,1788830611000000000,70b3d57ed00778cc,4646
device_uplink,1788830627000000000,70b3d57ed00778cc,4647
device_uplink,1788830643000000000,70b3d57ed00778cc,4648
device_uplink,1788830659000000000,70b3d57ed00778cc,4649
device_uplink,1788830675000000000,70b3d57ed00778cc,4650
device_uplink,1788830686000000000,70b3d57ed0077801,13
device_uplink,1788830691000000000,70b3d57ed00778cc,4651
device_uplink,1788830709000000000,70b3d57ed00778cc,4652
device_uplink,1788830725000000000,70b3d57ed00778cc,4653
device_uplink,1788830741000000000,70b3d57ed00778cc,4654
device_uplink,1788830757000000000,70b3d57ed00778cc,4655
device_uplink,1788830773000000000,70b3d57ed00778cc,4656
device_uplink,1788830789000000000,70b3d57ed00778cc,4657
device_uplink,1788830805000000000,70b3d57ed00778cc,4658
device_uplink,1788830821000000000,70b3d57ed00778cc,4659
device_uplink,1788830839000000000,70b3d57ed00778cc,4660
device_uplink,1788830855000000000,70b3d57ed00778cc,4661
device_uplink,1788830871000000000,70b3d57ed00778cc,4662
device_uplink,1788830887000000000,70b3d57ed00778cc,4663
device_uplink,1788830903000000000,70b3d57ed00778cc,4664
device_uplink,1788830919000000000,70b3d57ed00778cc,4665
device_uplink,1788830935000000000,70b3d57ed00778cc,4666
device_uplink,1788830951000000000,70b3d57ed00778cc,4667
device_uplink,1788830969000000000,70b3d57ed00778cc,4668
device_uplink,1788830985000000000,70b3d57ed00778cc,4669
device_uplink,1788831001000000000,70b3d57ed00778cc,4670
device_uplink,1788831017000000000,70b3d57ed00778cc,4671
device_uplink,1788831033000000000,70b3d57ed00778cc,4672
device_uplink,1788831049000000000,70b3d57ed00778cc,4673
device_uplink,1788831065000000000,70b3d57ed00778cc,4674
device_uplink,1788831083000000000,70b3d57ed00778cc,4675
device_uplink,1788831099000000000,70b3d57ed00778cc,4676
device_uplink,1788831115000000000,70b3d57ed00778cc,4677
device_uplink,1788831131000000000,70b3d57ed00778cc,4678
device_uplink,1788831147000000000,70b3d57ed00778cc,4679
device_uplink,1788831163000000000,70b3d57ed00778cc,4680
device_uplink,1788831179000000000,70b3d57ed00778cc,4681
device_uplink,1788831197000000000,70b3d57ed00778cc,4682
device_uplink,1788831213000000000,70b3d57ed00778cc,4683
device_uplink,1788831229000000000,70b3d57ed00778cc,4684
device_uplink,1788831245000000000,70b3d57ed00778cc,4685
device_uplink,1788831261000000000,70b3d57ed00778cc,4686
device_uplink,1788831277000000000,70b3d57ed00778cc,4687
device_uplink,1788831293000000000,70b3d57ed00778cc,4688
device_uplink,1788831309000000000,70b3d57ed00778cc,4689
device_uplink,1788831327000000000,70b3d57ed00778cc,4690
device_uplink,1788831343000000000,70b3d57ed00778cc,4691
device_uplink,1788831359000000000,70b3d57ed00778cc,4692
device_uplink,1788831375000000000,70b3d57ed00778cc,4693
device_uplink,1788831391000000000,70b3d57ed00778cc,4694
device_uplink,1788831407000000000,70b3d57ed00778cc,4695
device_uplink,1788831423000000000,70b3d57ed00778cc,4696
device_uplink,1788831441000000000,70b3d57ed00778cc,4697
device_uplink,1788831457000000000,70b3d57ed00778cc,4698
device_uplink,1788831473000000000,70b3d57ed00778cc,4699
device_uplink,1788831489000000000,70b3d57ed00778cc,4700
device_uplink,1788831505000000000,70b3d57ed00778cc,4701
device_uplink,1788831521000000000,70b3d57ed00778cc,4702
device_uplink,1788831537000000000,70b3d57ed00778cc,4703
device_uplink,1788831555000000000,70b3d57ed00778cc,4704
device_uplink,1788831571000000000,70b3d57ed00778cc,4705
device_uplink,1788831587000000000,70b3d57ed00778cc,4706
device_uplink,1788831595000000000,70b3d57ed0077801,14
device_uplink,1788831603000000000,70b3d57ed00778cc,4707
device_uplink,1788831619000000000,70b3d57ed00778cc,4708
device_uplink,1788831635000000000,70b3d57ed00778cc,4709
device_uplink,1788831651000000000,70b3d57ed00778cc,4710
device_uplink,1788831667000000000,70b3d57ed00778cc,4711
device_uplink,1788831685000000000,70b3d57ed00778cc,4712
device_uplink,1788831701000000000,70b3d57ed00778cc,4713
device_uplink,1788831717000000000,70b3d57ed00778cc,4714
device_uplink,1788831733000000000,70b3d57ed00778cc,4715
device_uplink,1788831749000000000,70b3d57ed00778cc,4716
device_uplink,1788831765000000000,70b3d57ed00778cc,4717
device_uplink,1788831781000000000,70b3d57ed00778cc,4718
device_uplink,1788831797000000000,70b3d57ed00778cc,4719
device_uplink,1788831815000000000,70b3d57ed00778cc,4720
device_uplink,1788831831000000000,70b3d57ed00778cc,4721
device_uplink,1788831847000000000,70b3d57ed00778cc,4722
device_uplink,1788831863000000000,70b3d57ed00778cc,4723
device_uplink,1788831879000000000,70b3d57ed00778cc,4724
device_uplink,1788831895000000000,70b3d57ed00778cc,4725
device_uplink,1788831911000000000,70b3d57ed00778cc,4726
device_uplink,1788831927000000000,70b3d57ed00778cc,4727
device_uplink,1788831945000000000,70b3d57ed00778cc,4728
device_uplink,1788831961000000000,70b3d57ed00778cc,4729
device_uplink,1788831977000000000,70b3d57ed00778cc,4730
device_uplink,1788831993000000000,70b3d57ed00778cc,4731
device_uplink,1788832009000000000,70b3d57ed00778cc,4732
device_uplink,1788832025000000000,70b3d57ed00778cc,4733
device_uplink,1788832041000000000,70b3d57ed00778cc,4734
device_uplink,1788832057000000000,70b3d57ed00778cc,4735
device_uplink,1788832075000000000,70b3d57ed00778cc,4736
device_uplink,1788832091000000000,70b3d57ed00778cc,4737
device_uplink,1788832107000000000,70b3d57ed00778cc,4738
device_uplink,1788832123000000000,70b3d57ed00778cc,4739
device_uplink,1788832139000000000,70b3d57ed00778cc,4740
device_uplink,1788832155000000000,70b3d57ed00778cc,4741
device_uplink,1788832171000000000,70b3d57ed00778cc,4742
device_uplink,1788832187000000000,70b3d57ed00778cc,4743
device_uplink,1788832205000000000,70b3d57ed00778cc,4744
device_uplink,1788832221000000000,70b3d57ed00778cc,4745
device_uplink,1788832237000000000,70b3d57ed00778cc,4746
device_uplink,1788832253000000000,70b3d57ed00778cc,4747
device_uplink,1788832269000000000,70b3d57ed00778cc,4748
device_uplink,1788832285000000000,70b3d57ed00778cc,4749
device_uplink,1788832303000000000,70b3d57ed00778cc,4750
device_uplink,1788832319000000000,70b3d57ed00778cc,4751
device_uplink,1788832335000000000,70b3d57ed00778cc,4752
device_uplink,1788832351000000000,70b3d57ed00778cc,4753
device_uplink,1788832367000000000,70b3d57ed00778cc,4754
device_uplink,1788832383000000000,70b3d57ed00778cc,4755
device_uplink,1788832399000000000,70b3d57ed00778cc,4756
device_uplink,1788832415000000000,70b3d57ed00778cc,4757
device_uplink,1788832433000000000,70b3d57ed00778cc,4758
device_uplink,1788832449000000000,70b3d57ed00778cc,4759
device_uplink,1788832465000000000,70b3d57ed00778cc,4760
device_uplink,1788832481000000000,70b3d57ed00778cc,4761
device_uplink,1788832497000000000,70b3d57ed00778cc,4762
device_uplink,1788832503000000000,70b3d57ed0077801,15
device_uplink,1788832513000000000,70b3d57ed00778cc,4763
device_uplink,1788832529000000000,70b3d57ed00778cc,4764
device_uplink,1788832547000000000,70b3d57ed00778cc,4765
device_uplink,1788832563000000000,70b3d57ed00778cc,4766
device_uplink,1788832579000000000,70b3d57ed00778cc,4767
device_uplink,1788832595000000000,70b3d57ed00778cc,4768
device_uplink,1788832611000000000,70b3d57ed00778cc,4769
device_uplink,1788832627000000000,70b3d57ed00778cc,4770
device_uplink,1788832643000000000,70b3d57ed00778cc,4771
device_uplink,1788832661000000000,70b3d57ed00778cc,4772
device_uplink,1788832677000000000,70b3d57ed00778cc,4773
device_uplink,1788832693000000000,70b3d57ed00778cc,4774
device_uplink,1788832709000000000,70b3d57ed00778cc,4775
device_uplink,1788832725000000000,70b3d57ed00778cc,4776
device_uplink,1788832741000000000,70b3d57ed00778cc,4777
device_uplink,1788832757000000000,70b3d57ed00778cc,4778
device_uplink,1788832773000000000,70b3d57ed00778cc,4779
device_uplink,1788832791000000000,70b3d57ed00778cc,4780
device_uplink,1788832807000000000,70b3d57ed00778cc,4781
device_uplink,1788832823000000000,70b3d57ed00778cc,4782
device_uplink,1788832839000000000,70b3d57ed00778cc,4783
device_uplink,1788832855000000000,70b3d57ed00778cc,4784
device_uplink,1788832871000000000,70b3d57ed00778cc,4785
device_uplink,1788832887000000000,70b3d57ed00778cc,4786
device_uplink,1788832905000000000,70b3d57ed00778cc,4787
device_uplink,1788832921000000000,70b3d57ed00778cc,4788
device_uplink,1788832937000000000,70b3d57ed00778cc,4789
device_uplink,1788832953000000000,70b3d57ed00778cc,4790
device_uplink,1788832969000000000,70b3d57ed00778cc,4791
device_uplink,1788832985000000000,70b3d57ed00778cc,4792
device_uplink,1788833001000000000,70b3d57ed00778cc,4793
device_uplink,1788833019000000000,70b3d57ed00778cc,4794
device_uplink,1788833035000000000,70b3d57ed00778cc,4795
device_uplink,1788833051000000000,70b3d57ed00778cc,4796
device_uplink,1788833067000000000,70b3d57ed00778cc,4797
device_uplink,1788833083000000000,70b3d57ed00778cc,4798
device_uplink,1788833099000000000,70b3d57ed00778cc,4799
device_uplink,1788833115000000000,70b3d57ed00778cc,4800
device_uplink,1788833131000000000,70b3d57ed00778cc,4801
device_uplink,1788833149000000000,70b3d57ed00778cc,4802
device_uplink,1788833165000000000,70b3d57ed00778cc,4803
device_uplink,1788833181000000000,70b3d57ed00778cc,4804
device_uplink,1788833197000000000,70b3d57ed00778cc,4805
device_uplink,1788833213000000000,70b3d57ed00778cc,4806
device_uplink,1788833229000000000,70b3d57ed00778cc,4807
device_uplink,1788833245000000000,70b3d57ed00778cc,4808
device_uplink,1788833261000000000,70b3d57ed00778cc,4809
device_uplink,1788833279000000000,70b3d57ed00778cc,4810
device_uplink,1788833295000000000,70b3d57ed00778cc,4811
device_uplink,1788833311000000000,70b3d57ed00778cc,4812
device_uplink,1788833327000000000,70b3d57ed00778cc,4813
device_uplink,1788833343000000000,70b3d57ed00778cc,4814
device_uplink,1788833359000000000,70b3d57ed00778cc,4815
device_uplink,1788833375000000000,70b3d57ed00778cc,4816
device_uplink,1788833393000000000,70b3d57ed00778cc,4817
device_uplink,1788833409000000000,70b3d57ed00778cc,4818
device_uplink,1788833411000000000,70b3d57ed0077801,16
device_uplink,1788833425000000000,70b3d57ed00778cc,4819
device_uplink,1788833441000000000,70b3d57ed00778cc,4820
device_uplink,1788833457000000000,70b3d57ed00778cc,4821
device_uplink,1788833473000000000,70b3d57ed00778cc,4822
device_uplink,1788833489000000000,70b3d57ed00778cc,4823
device_uplink,1788833507000000000,70b3d57ed00778cc,4824
device_uplink,1788833523000000000,70b3d57ed00778cc,4825
device_uplink,1788833539000000000,70b3d57ed00778cc,4826
device_uplink,1788833555000000000,70b3d57ed00778cc,4827
device_uplink,1788833571000000000,70b3d57ed00778cc,4828
device_uplink,1788833587000000000,70b3d57ed00778cc,4829
device_uplink,1788833603000000000,70b3d57ed00778cc,4830
device_uplink,1788833619000000000,70b3d57ed00778cc,4831
device_uplink,1788833637000000000,70b3d57ed00778cc,4832
device_uplink,1788833653000000000,70b3d57ed00778cc,4833
device_uplink,1788833669000000000,70b3d57ed00778cc,4834
device_uplink,1788833685000000000,70b3d57ed00778cc,4835
device_uplink,1788833701000000000,70b3d57ed00778cc,4836
device_uplink,1788833717000000000,70b3d57ed00778cc,4837
device_uplink,1788833733000000000,70b3d57ed00778cc,4838
device_uplink,1788833749000000000,70b3d57ed00778cc,4839
device_uplink,1788833767000000000,70b3d57ed00778cc,4840
device_uplink,1788833783000000000,70b3d57ed00778cc,4841
device_uplink,1788833799000000000,70b3d57ed00778cc,4842
device_uplink,1788833815000000000,70b3d57ed00778cc,4843
device_uplink,1788833831000000000,70b3d57ed00778cc,4844
device_uplink,1788833847000000000,70b3d57ed00778cc,4845
device_uplink,1788833863000000000,70b3d57ed00778cc,4846
device_uplink,1788833879000000000,70b3d57ed00778cc,4847
device_uplink,1788833897000000000,70b3d57ed00778cc,4848
device_uplink,1788833913000000000,70b3d57ed00778cc,4849
device_uplink,1788833929000000000,70b3d57ed00778cc,4850
device_uplink,1788833945000000000,70b3d57ed00778cc,4851
device_uplink,1788833961000000000,70b3d57ed00778cc,4852
device_uplink,1788833977000000000,70b3d57ed00778cc,4853
device_uplink,1788833993000000000,70b3d57ed00778cc,4854
device_uplink,1788834009000000000,70b3d57ed00778cc,4855
device_uplink,1788834027000000000,70b3d57ed00778cc,4856
device_uplink,1788834043000000000,70b3d57ed00778cc,4857
device_uplink,1788834059000000000,70b3d57ed00778cc,4858
device_uplink,1788834075000000000,70b3d57ed00778cc,4859
device_uplink,1788834091000000000,70b3d57ed00778cc,4860
device_uplink,1788834107000000000,70b3d57ed00778cc,4861
device_uplink,1788834123000000000,70b3d57ed00778cc,4862
device_uplink,1788834139000000000,70b3d57ed00778cc,4863
device_uplink,1788834157000000000,70b3d57ed00778cc,4864
device_uplink,1788834173000000000,70b3d57ed00778cc,4865
device_uplink,1788834189000000000,70b3d57ed00778cc,4866
device_uplink,1788834205000000000,70b3d57ed00778cc,4867
device_uplink,1788834221000000000,70b3d57ed00778cc,4868
device_uplink,1788834237000000000,70b3d57ed00778cc,4869
device_uplink,1788834253000000000,70b3d57ed00778cc,4870
device_uplink,1788834269000000000,70b3d57ed00778cc,4871
device_uplink,1788834287000000000,70b3d57ed00778cc,4872
device_uplink,1788834303000000000,70b3d57ed00778cc,4873
device_uplink,1788834319000000000,70b3d57ed00778cc,4874
device_uplink,1788834320000000000,70b3d57ed0077801,17
device_uplink,1788834335000000000,70b3d57ed00778cc,4875
device_uplink,1788834351000000000,70b3d57ed00778cc,4876
device_uplink,1788834367000000000,70b3d57ed00778cc,4877
device_uplink,1788834383000000000,70b3d57ed00778cc,4878
device_uplink,1788834399000000000,70b3d57ed00778cc,4879
device_uplink,1788834417000000000,70b3d57ed00778cc,4880
device_uplink,1788834433000000000,70b3d57ed00778cc,4881
device_uplink,1788834449000000000,70b3d57ed00778cc,4882
device_uplink,1788834465000000000,70b3d57ed00778cc,4883
device_uplink,1788834481000000000,70b3d57ed00778cc,4884
device_uplink,1788834497000000000,70b3d57ed00778cc,4885
device_uplink,1788834513000000000,70b3d57ed00778cc,4886
device_uplink,1788834529000000000,70b3d57ed00778cc,4887
device_uplink,1788834547000000000,70b3d57ed00778cc,4888
device_uplink,1788834563000000000,70b3d57ed00778cc,4889
device_uplink,1788834579000000000,70b3d57ed00778cc,4890
device_uplink,1788834595000000000,70b3d57ed00778cc,4891
device_uplink,1788834611000000000,70b3d57ed00778cc,4892
device_uplink,1788834627000000000,70b3d57ed00778cc,4893
device_uplink,1788834643000000000,70b3d57ed00778cc,4894
device_uplink,1788834659000000000,70b3d57ed00778cc,4895
device_uplink,1788834677000000000,70b3d57ed00778cc,4896
device_uplink,1788834693000000000,70b3d57ed00778cc,4897
device_uplink,1788834709000000000,70b3d57ed00778cc,4898
device_uplink,1788834725000000000,70b3d57ed00778cc,4899
device_uplink,1788834741000000000,70b3d57ed00778cc,4900
device_uplink,1788834757000000000,70b3d57ed00778cc,4901
device_uplink,1788834773000000000,70b3d57ed00778cc,4902
device_uplink,1788834789000000000,70b3d57ed00778cc,4903
device_uplink,1788834807000000000,70b3d57ed00778cc,4904
device_uplink,1788834823000000000,70b3d57ed00778cc,4905
device_uplink,1788834839000000000,70b3d57ed00778cc,4906
device_uplink,1788834855000000000,70b3d57ed00778cc,4907
device_uplink,1788834871000000000,70b3d57ed00778cc,4908
device_uplink,1788834887000000000,70b3d57ed00778cc,4909
device_uplink,1788834903000000000,70b3d57ed00778cc,4910
device_uplink,1788834919000000000,70b3d57ed00778cc,4911
device_uplink,1788834937000000000,70b3d57ed00778cc,4912
device_uplink,1788834953000000000,70b3d57ed00778cc,4913
device_uplink,1788834969000000000,70b3d57ed00778cc,4914
device_uplink,1788834985000000000,70b3d57ed00778cc,4915
device_uplink,1788835001000000000,70b3d57ed00778cc,4916
device_uplink,1788835017000000000,70b3d57ed00778cc,4917
device_uplink,1788835033000000000,70b3d57ed00778cc,4918
device_uplink,1788835049000000000,70b3d57ed00778cc,4919
device_uplink,1788835067000000000,70b3d57ed00778cc,4920
device_uplink,1788835083000000000,70b3d57ed00778cc,4921
device_uplink,1788835099000000000,70b3d57ed00778cc,4922
device_uplink,1788835115000000000,70b3d57ed00778cc,4923
device_uplink,1788835131000000000,70b3d57ed00778cc,4924
device_uplink,1788835147000000000,70b3d57ed00778cc,4925
device_uplink,1788835163000000000,70b3d57ed00778cc,4926
device_uplink,1788835181000000000,70b3d57ed00778cc,4927
device_uplink,1788835197000000000,70b3d57ed00778cc,4928
device_uplink,1788835213000000000,70b3d57ed00778cc,4929
device_uplink,1788835228000000000,70b3d57ed0077801,18
device_uplink,1788835229000000000,70b3d57ed00778cc,4930
device_uplink,1788835245000000000,70b3d57ed00778cc,4931
device_uplink,1788835261000000000,70b3d57ed00778cc,4932
device_uplink,1788835277000000000,70b3d57ed00778cc,4933
device_uplink,1788835293000000000,70b3d57ed00778cc,4934
device_uplink,1788835311000000000,70b3d57ed00778cc,4935
device_uplink,1788835327000000000,70b3d57ed00778cc,4936
device_uplink,1788835343000000000,70b3d57ed00778cc,4937
device_uplink,1788835359000000000,70b3d57ed00778cc,4938
device_uplink,1788835375000000000,70b3d57ed00778cc,4939
device_uplink,1788835391000000000,70b3d57ed00778cc,4940
device_uplink,1788835407000000000,70b3d57ed00778cc,4941
device_uplink,1788835425000000000,70b3d57ed00778cc,4942
device_uplink,1788835441000000000,70b3d57ed00778cc,4943
device_uplink,1788835457000000000,70b3d57ed00778cc,4944
device_uplink,1788835473000000000,70b3d57ed00778cc,4945
device_uplink,1788835489000000000,70b3d57ed00778cc,4946
device_uplink,1788835505000000000,70b3d57ed00778cc,4947
device_uplink,1788835521000000000,70b3d57ed00778cc,4948
device_uplink,1788835537000000000,70b3d57ed00778cc,4949
device_uplink,1788835555000000000,70b3d57ed00778cc,4950
device_uplink,1788835571000000000,70b3d57ed00778cc,4951
device_uplink,1788835587000000000,70b3d57ed00778cc,4952
device_uplink,1788835603000000000,70b3d57ed00778cc,4953
device_uplink,1788835619000000000,70b3d57ed00778cc,4954
device_uplink,1788835635000000000,70b3d57ed00778cc,4955
device_uplink,1788835651000000000,70b3d57ed00778cc,4956
device_uplink,1788835667000000000,70b3d57ed00778cc,4957
device_uplink,1788835685000000000,70b3d57ed00778cc,4958
device_uplink,1788835701000000000,70b3d57ed00778cc,4959
device_uplink,1788835717000000000,70b3d57ed00778cc,4960
device_uplink,1788835733000000000,70b3d57ed00778cc,4961
device_uplink,1788835749000000000,70b3d57ed00778cc,4962
device_uplink,1788835765000000000,70b3d57ed00778cc,4963
device_uplink,1788835781000000000,70b3d57ed00778cc,4964
device_uplink,1788835797000000000,70b3d57ed00778cc,4965
device_uplink,1788835815000000000,70b3d57ed00778cc,4966
device_uplink,1788835831000000000,70b3d57ed00778cc,4967
device_uplink,1788835847000000000,70b3d57ed00778cc,4968
device_uplink,1788835863000000000,70b3d57ed00778cc,4969
device_uplink,1788835879000000000,70b3d57ed00778cc,4970
device_uplink,1788835895000000000,70b3d57ed00778cc,4971
device_uplink,1788835911000000000,70b3d57ed00778cc,4972
device_uplink,1788835927000000000,70b3d57ed00778cc,4973
device_uplink,1788835945000000000,70b3d57ed00778cc,4974
device_uplink,1788835961000000000,70b3d57ed00778cc,4975
device_uplink,1788835977000000000,70b3d57ed00778cc,4976
device_uplink,1788835993000000000,70b3d57ed00778cc,4977
device_uplink,1788836009000000000,70b3d57ed00778cc,4978
device_uplink,1788836025000000000,70b3d57ed00778cc,4979
device_uplink,1788836041000000000,70b3d57ed00778cc,4980
device_uplink,1788836057000000000,70b3d57ed00778cc,4981
device_uplink,1788836075000000000,70b3d57ed00778cc,4982
device_uplink,1788836091000000000,70b3d57ed00778cc,4983
device_uplink,1788836107000000000,70b3d57ed00778cc,4984
device_uplink,1788836123000000000,70b3d57ed00778cc,4985
device_uplink,1788836137000000000,70b3d57ed0077801,19
device_uplink,1788836139000000000,70b3d57ed00778cc,4986
device_uplink,1788836155000000000,70b3d57ed00778cc,4987
device_uplink,1788836171000000000,70b3d57ed00778cc,4988
device_uplink,1788836187000000000,70b3d57ed00778cc,4989
device_uplink,1788836205000000000,70b3d57ed00778cc,4990
device_uplink,1788836221000000000,70b3d57ed00778cc,4991
device_uplink,1788836237000000000,70b3d57ed00778cc,4992
device_uplink,1788836253000000000,70b3d57ed00778cc,4993
device_uplink,1788836269000000000,70b3d57ed00778cc,4994
device_uplink,1788836285000000000,70b3d57ed00778cc,4995
device_uplink,1788836301000000000,70b3d57ed00778cc,4996
device_uplink,1788836317000000000,70b3d57ed00778cc,4997
device_uplink,1788836335000000000,70b3d57ed00778cc,4998
device_uplink,1788836351000000000,70b3d57ed00778cc,4999
device_uplink,1788836367000000000,70b3d57ed00778cc,5000
device_uplink,1788836383000000000,70b3d57ed00778cc,5001
device_uplink,1788836399000000000,70b3d57ed00778cc,5002
device_uplink,1788836415000000000,70b3d57ed00778cc,5003
device_uplink,1788836431000000000,70b3d57ed00778cc,5004
device_uplink,1788836447000000000,70b3d57ed00778cc,5005
device_uplink,1788836465000000000,70b3d57ed00778cc,5006
device_uplink,1788836481000000000,70b3d57ed00778cc,5007
device_uplink,1788836497000000000,70b3d57ed00778cc,5008
device_uplink,1788836513000000000,70b3d57ed00778cc,5009
device_uplink,1788836529000000000,70b3d57ed00778cc,5010
device_uplink,1788836545000000000,70b3d57ed00778cc,5011
device_uplink,1788836561000000000,70b3d57ed00778cc,5012
device_uplink,1788836577000000000,70b3d57ed00778cc,5013
device_uplink,1788836595000000000,70b3d57ed00778cc,5014
device_uplink,1788836611000000000,70b3d57ed00778cc,5015
device_uplink,1788836627000000000,70b3d57ed00778cc,5016
device_uplink,1788836643000000000,70b3d57ed00778cc,5017
device_uplink,1788836659000000000,70b3d57ed00778cc,5018
device_uplink,1788836675000000000,70b3d57ed00778cc,5019
device_uplink,1788836691000000000,70b3d57ed00778cc,5020
device_uplink,1788836707000000000,70b3d57ed00778cc,5021
device_uplink,1788836725000000000,70b3d57ed00778cc,5022
device_uplink,1788836741000000000,70b3d57ed00778cc,5023
device_uplink,1788836757000000000,70b3d57ed00778cc,5024
device_uplink,1788836773000000000,70b3d57ed00778cc,5025
device_uplink,1788836789000000000,70b3d57ed00778cc,5026
device_uplink,1788836805000000000,70b3d57ed00778cc,5027
device_uplink,1788836821000000000,70b3d57ed00778cc,5028
device_uplink,1788836837000000000,70b3d57ed00778cc,5029
device_uplink,1788836855000000000,70b3d57ed00778cc,5030
device_uplink,1788836871000000000,70b3d57ed00778cc,5031
device_uplink,1788836887000000000,70b3d57ed00778cc,5032
device_uplink,1788836903000000000,70b3d57ed00778cc,5033
device_uplink,1788836919000000000,70b3d57ed00778cc,5034
device_uplink,1788836935000000000,70b3d57ed00778cc,5035
device_uplink,1788836953000000000,70b3d57ed00778cc,5036
device_uplink,1788836969000000000,70b3d57ed00778cc,5037
device_uplink,1788836985000000000,70b3d57ed00778cc,5038
device_uplink,1788837001000000000,70b3d57ed00778cc,5039
device_uplink,1788837017000000000,70b3d57ed00778cc,5040
device_uplink,1788837033000000000,70b3d57ed00778cc,5041
device_uplink,1788837045000000000,70b3d57ed0077801,20
device_uplink,1788837049000000000,70b3d57ed00778cc,5042
device_uplink,1788837065000000000,70b3d57ed00778cc,5043
device_uplink,1788837083000000000,70b3d57ed00778cc,5044
device_uplink,1788837099000000000,70b3d57ed00778cc,5045
device_uplink,1788837115000000000,70b3d57ed00778cc,5046
device_uplink,1788837131000000000,70b3d57ed00778cc,5047
device_uplink,1788837147000000000,70b3d57ed00778cc,5048
device_uplink,1788837163000000000,70b3d57ed00778cc,5049
device_uplink,1788837179000000000,70b3d57ed00778cc,5050
device_uplink,1788837195000000000,70b3d57ed00778cc,5051
device_uplink,1788837213000000000,70b3d57ed00778cc,5052
device_uplink,1788837229000000000,70b3d57ed00778cc,5053
device_uplink,1788837245000000000,70b3d57ed00778cc,5054
device_uplink,1788837261000000000,70b3d57ed00778cc,5055
device_uplink,1788837277000000000,70b3d57ed00778cc,5056
device_uplink,1788837293000000000,70b3d57ed00778cc,5057
device_uplink,1788837309000000000,70b3d57ed00778cc,5058
device_uplink,1788837325000000000,70b3d57ed00778cc,5059
device_uplink,1788837341000000000,70b3d57ed00778cc,5060
device_uplink,1788837359000000000,70b3d57ed00778cc,5061
device_uplink,1788837375000000000,70b3d57ed00778cc,5062
device_uplink,1788837391000000000,70b3d57ed00778cc,5063
device_uplink,1788837407000000000,70b3d57ed00778cc,5064
device_uplink,1788837423000000000,70b3d57ed00778cc,5065
device_uplink,1788837439000000000,70b3d57ed00778cc,5066
device_uplink,1788837455000000000,70b3d57ed00778cc,5067
device_uplink,1788837471000000000,70b3d57ed00778cc,5068
device_uplink,1788837487000000000,70b3d57ed00778cc,5069
device_uplink,1788837505000000000,70b3d57ed00778cc,5070
device_uplink,1788837521000000000,70b3d57ed00778cc,5071
device_uplink,1788837537000000000,70b3d57ed00778cc,5072
device_uplink,1788837553000000000,70b3d57ed00778cc,5073
device_uplink,1788837569000000000,70b3d57ed00778cc,5074
device_uplink,1788837585000000000,70b3d57ed00778cc,5075
device_uplink,1788837603000000000,70b3d57ed00778cc,5076
device_uplink,1788837619000000000,70b3d57ed00778cc,5077
device_uplink,1788837635000000000,70b3d57ed00778cc,5078
device_uplink,1788837651000000000,70b3d57ed00778cc,5079
device_uplink,1788837667000000000,70b3d57ed00778cc,5080
device_uplink,1788837683000000000,70b3d57ed00778cc,5081
device_uplink,1788837701000000000,70b3d57ed00778cc,5082
device_uplink,1788837717000000000,70b3d57ed00778cc,5083
device_uplink,1788837733000000000,70b3d57ed00778cc,5084
device_uplink,1788837749000000000,70b3d57ed00778cc,5085
device_uplink,1788837765000000000,70b3d57ed00778cc,5086
device_uplink,1788837781000000000,70b3d57ed00778cc,5087
device_uplink,1788837797000000000,70b3d57ed00778cc,5088
device_uplink,1788837813000000000,70b3d57ed00778cc,5089
device_uplink,1788837831000000000,70b3d57ed00778cc,5090
device_uplink,1788837847000000000,70b3d57ed00778cc,5091
device_uplink,1788837863000000000,70b3d57ed00778cc,5092
device_uplink,1788837879000000000,70b3d57ed00778cc,5093
device_uplink,1788837895000000000,70b3d57ed00778cc,5094
device_uplink,1788837911000000000,70b3d57ed00778cc,5095
device_uplink,1788837927000000000,70b3d57ed00778cc,5096
device_uplink,1788837943000000000,70b3d57ed00778cc,5097
device_uplink,1788837953000000000,70b3d57ed0077801,21
device_uplink,1788837961000000000,70b3d57ed00778cc,5098
device_uplink,1788837977000000000,70b3d57ed00778cc,5099
device_uplink,1788837993000000000,70b3d57ed00778cc,5100
device_uplink,1788838009000000000,70b3d57ed00778cc,5101
device_uplink,1788838025000000000,70b3d57ed00778cc,5102
device_uplink,1788838041000000000,70b3d57ed00778cc,5103
device_uplink,1788838057000000000,70b3d57ed00778cc,5104
device_uplink,1788838073000000000,70b3d57ed00778cc,5105
device_uplink,1788838091000000000,70b3d57ed00778cc,5106
device_uplink,1788838107000000000,70b3d57ed00778cc,5107
device_uplink,1788838123000000000,70b3d57ed00778cc,5108
device_uplink,1788838139000000000,70b3d57ed00778cc,5109
device_uplink,1788838155000000000,70b3d57ed00778cc,5110
device_uplink,1788838171000000000,70b3d57ed00778cc,5111
device_uplink,1788838187000000000,70b3d57ed00778cc,5112
device_uplink,1788838205000000000,70b3d57ed00778cc,5113
device_uplink,1788838221000000000,70b3d57ed00778cc,5114
device_uplink,1788838237000000000,70b3d57ed00778cc,5115
device_uplink,1788838253000000000,70b3d57ed00778cc,5116
device_uplink,1788838269000000000,70b3d57ed00778cc,5117
device_uplink,1788838285000000000,70b3d57ed00778cc,5118
device_uplink,1788838301000000000,70b3d57ed00778cc,5119
device_uplink,1788838319000000000,70b3d57ed00778cc,5120
device_uplink,1788838335000000000,70b3d57ed00778cc,5121
device_uplink,1788838351000000000,70b3d57ed00778cc,5122
device_uplink,1788838367000000000,70b3d57ed00778cc,5123
device_uplink,1788838383000000000,70b3d57ed00778cc,5124
device_uplink,1788838399000000000,70b3d57ed00778cc,5125
device_uplink,1788838415000000000,70b3d57ed00778cc,5126
device_uplink,1788838431000000000,70b3d57ed00778cc,5127
device_uplink,1788838449000000000,70b3d57ed00778cc,5128
device_uplink,1788838465000000000,70b3d57ed00778cc,5129
device_uplink,1788838481000000000,70b3d57ed00778cc,5130
device_uplink,1788838497000000000,70b3d57ed00778cc,5131
device_uplink,1788838513000000000,70b3d57ed00778cc,5132
device_uplink,1788838529000000000,70b3d57ed00778cc,5133
device_uplink,1788838545000000000,70b3d57ed00778cc,5134
device_uplink,1788838561000000000,70b3d57ed00778cc,5135
device_uplink,1788838579000000000,70b3d57ed00778cc,5136
device_uplink,1788838595000000000,70b3d57ed00778cc,5137
device_uplink,1788838611000000000,70b3d57ed00778cc,5138
device_uplink,1788838627000000000,70b3d57ed00778cc,5139
device_uplink,1788838643000000000,70b3d57ed00778cc,5140
device_uplink,1788838659000000000,70b3d57ed00778cc,5141
device_uplink,1788838675000000000,70b3d57ed00778cc,5142
device_uplink,1788838693000000000,70b3d57ed00778cc,5143
device_uplink,1788838709000000000,70b3d57ed00778cc,5144
device_uplink,1788838725000000000,70b3d57ed00778cc,5145
device_uplink,1788838741000000000,70b3d57ed00778cc,5146
device_uplink,1788838757000000000,70b3d57ed00778cc,5147
device_uplink,1788838773000000000,70b3d57ed00778cc,5148
device_uplink,1788838789000000000,70b3d57ed00778cc,5149
device_uplink,1788838807000000000,70b3d57ed00778cc,5150
device_uplink,1788838823000000000,70b3d57ed00778cc,5151
device_uplink,1788838839000000000,70b3d57ed00778cc,5152
device_uplink,1788838855000000000,70b3d57ed00778cc,5153
device_uplink,1788838862000000000,70b3d57ed0077801,22
device_uplink,1788838871000000000,70b3d57ed00778cc,5154
device_uplink,1788838887000000000,70b3d57ed00778cc,5155
device_uplink,1788838903000000000,70b3d57ed00778cc,5156
device_uplink,1788838919000000000,70b3d57ed00778cc,5157
device_uplink,1788838937000000000,70b3d57ed00778cc,5158
device_uplink,1788838953000000000,70b3d57ed00778cc,5159
device_uplink,1788838969000000000,70b3d57ed00778cc,5160
device_uplink,1788838985000000000,70b3d57ed00778cc,5161
device_uplink,1788839001000000000,70b3d57ed00778cc,5162
device_uplink,1788839017000000000,70b3d57ed00778cc,5163
device_uplink,1788839033000000000,70b3d57ed00778cc,5164
device_uplink,1788839051000000000,70b3d57ed00778cc,5165
device_uplink,1788839067000000000,70b3d57ed00778cc,5166
device_uplink,1788839083000000000,70b3d57ed00778cc,5167
device_uplink,1788839099000000000,70b3d57ed00778cc,5168
device_uplink,1788839115000000000,70b3d57ed00778cc,5169
device_uplink,1788839131000000000,70b3d57ed00778cc,5170
device_uplink,1788839147000000000,70b3d57ed00778cc,5171
device_uplink,1788839165000000000,70b3d57ed00778cc,5172
device_uplink,1788839181000000000,70b3d57ed00778cc,5173
device_uplink,1788839197000000000,70b3d57ed00778cc,5174
device_uplink,1788839213000000000,70b3d57ed00778cc,5175
device_uplink,1788839229000000000,70b3d57ed00778cc,5176
device_uplink,1788839245000000000,70b3d57ed00778cc,5177
device_uplink,1788839261000000000,70b3d57ed00778cc,5178
device_uplink,1788839277000000000,70b3d57ed00778cc,5179
device_uplink,1788839295000000000,70b3d57ed00778cc,5180
device_uplink,1788839311000000000,70b3d57ed00778cc,5181
device_uplink,1788839327000000000,70b3d57ed00778cc,5182
device_uplink,1788839343000000000,70b3d57ed00778cc,5183
device_uplink,1788839359000000000,70b3d57ed00778cc,5184
device_uplink,1788839375000000000,70b3d57ed00778cc,5185
device_uplink,1788839391000000000,70b3d57ed00778cc,5186
device_uplink,1788839407000000000,70b3d57ed00778cc,5187
device_uplink,1788839425000000000,70b3d57ed00778cc,5188
device_uplink,1788839441000000000,70b3d57ed00778cc,5189
device_uplink,1788839457000000000,70b3d57ed00778cc,5190
device_uplink,1788839473000000000,70b3d57ed00778cc,5191
device_uplink,1788839489000000000,70b3d57ed00778cc,5192
device_uplink,1788839505000000000,70b3d57ed00778cc,5193
device_uplink,1788839521000000000,70b3d57ed00778cc,5194
device_uplink,1788839539000000000,70b3d57ed00778cc,5195
device_uplink,1788839555000000000,70b3d57ed00778cc,5196
device_uplink,1788839571000000000,70b3d57ed00778cc,5197
device_uplink,1788839587000000000,70b3d57ed00778cc,5198
device_uplink,1788839603000000000,70b3d57ed00778cc,5199
device_uplink,1788839619000000000,70b3d57ed00778cc,5200
device_uplink,1788839635000000000,70b3d57ed00778cc,5201
device_uplink,1788839653000000000,70b3d57ed00778cc,5202
device_uplink,1788839669000000000,70b3d57ed00778cc,5203
device_uplink,1788839685000000000,70b3d57ed00778cc,5204
device_uplink,1788839701000000000,70b3d57ed00778cc,5205
device_uplink,1788839717000000000,70b3d57ed00778cc,5206
device_uplink,1788839733000000000,70b3d57ed00778cc,5207
device_uplink,1788839749000000000,70b3d57ed00778cc,5208
device_uplink,1788839765000000000,70b3d57ed00778cc,5209
device_uplink,1788839770000000000,70b3d57ed0077801,23
device_uplink,1788839781000000000,70b3d57ed00778cc,5210
device_uplink,1788839799000000000,70b3d57ed00778cc,5211
device_uplink,1788839815000000000,70b3d57ed00778cc,5212
device_uplink,1788839831000000000,70b3d57ed00778cc,5213
device_uplink,1788839847000000000,70b3d57ed00778cc,5214
device_uplink,1788839863000000000,70b3d57ed00778cc,5215
device_uplink,1788839879000000000,70b3d57ed00778cc,5216
device_uplink,1788839895000000000,70b3d57ed00778cc,5217
device_uplink,1788839911000000000,70b3d57ed00778cc,5218
device_uplink,1788839929000000000,70b3d57ed00778cc,5219
device_uplink,1788839945000000000,70b3d57ed00778cc,5220
device_uplink,1788839961000000000,70b3d57ed00778cc,5221
device_uplink,1788839977000000000,70b3d57ed00778cc,5222
device_uplink,1788839993000000000,70b3d57ed00778cc,5223
device_uplink,1788840009000000000,70b3d57ed00778cc,5224
device_uplink,1788840025000000000,70b3d57ed00778cc,5225
device_uplink,1788840043000000000,70b3d57ed00778cc,5226
device_uplink,1788840059000000000,70b3d57ed00778cc,5227
device_uplink,1788840075000000000,70b3d57ed00778cc,5228
device_uplink,1788840091000000000,70b3d57ed00778cc,5229
device_uplink,1788840107000000000,70b3d57ed00778cc,5230
device_uplink,1788840123000000000,70b3d57ed00778cc,5231
device_uplink,1788840141000000000,70b3d57ed00778cc,5232
device_uplink,1788840157000000000,70b3d57ed00778cc,5233
device_uplink,1788840173000000000,70b3d57ed00778cc,5234
device_uplink,1788840189000000000,70b3d57ed00778cc,5235
device_uplink,1788840205000000000,70b3d57ed00778cc,5236
device_uplink,1788840221000000000,70b3d57ed00778cc,5237
device_uplink,1788840237000000000,70b3d57ed00778cc,5238
device_uplink,1788840253000000000,70b3d57ed00778cc,5239
device_uplink,1788840271000000000,70b3d57ed00778cc,5240
device_uplink,1788840287000000000,70b3d57ed00778cc,5241
device_uplink,1788840303000000000,70b3d57ed00778cc,5242
device_uplink,1788840319000000000,70b3d57ed00778cc,5243
device_uplink,1788840335000000000,70b3d57ed00778cc,5244
device_uplink,1788840351000000000,70b3d57ed00778cc,5245
device_uplink,1788840367000000000,70b3d57ed00778cc,5246
device_uplink,1788840383000000000,70b3d57ed00778cc,5247
device_uplink,1788840401000000000,70b3d57ed00778cc,5248
device_uplink,1788840417000000000,70b3d57ed00778cc,5249
device_uplink,1788840433000000000,70b3d57ed00778cc,5250
device_uplink,1788840449000000000,70b3d57ed00778cc,5251
device_uplink,1788840465000000000,70b3d57ed00778cc,5252
device_uplink,1788840481000000000,70b3d57ed00778cc,5253
device_uplink,1788840497000000000,70b3d57ed00778cc,5254
device_uplink,1788840513000000000,70b3d57ed00778cc,5255
device_uplink,1788840531000000000,70b3d57ed00778cc,5256
device_uplink,1788840547000000000,70b3d57ed00778cc,5257
device_uplink,1788840563000000000,70b3d57ed00778cc,5258
device_uplink,1788840579000000000,70b3d57ed00778cc,5259
device_uplink,1788840595000000000,70b3d57ed00778cc,5260
device_uplink,1788840611000000000,70b3d57ed00778cc,5261
device_uplink,1788840629000000000,70b3d57ed00778cc,5262
device_uplink,1788840645000000000,70b3d57ed00778cc,5263
device_uplink,1788840661000000000,70b3d57ed00778cc,5264
device_uplink,1788840677000000000,70b3d57ed00778cc,5265
device_uplink,1788840679000000000,70b3d57ed0077801,24
device_uplink,1788840693000000000,70b3d57ed00778cc,5266
device_uplink,1788840709000000000,70b3d57ed00778cc,5267
device_uplink,1788840725000000000,70b3d57ed00778cc,5268
device_uplink,1788840741000000000,70b3d57ed00778cc,5269
device_uplink,1788840759000000000,70b3d57ed00778cc,5270
device_uplink,1788840775000000000,70b3d57ed00778cc,5271
device_uplink,1788840791000000000,70b3d57ed00778cc,5272
device_uplink,1788840807000000000,70b3d57ed00778cc,5273
device_uplink,1788840823000000000,70b3d57ed00778cc,5274
device_uplink,1788840839000000000,70b3d57ed00778cc,5275
device_uplink,1788840855000000000,70b3d57ed00778cc,5276
device_uplink,1788840871000000000,70b3d57ed00778cc,5277
device_uplink,1788840889000000000,70b3d57ed00778cc,5278
device_uplink,1788840905000000000,70b3d57ed00778cc,5279
device_uplink,1788840921000000000,70b3d57ed00778cc,5280
device_uplink,1788840937000000000,70b3d57ed00778cc,5281
device_uplink,1788840953000000000,70b3d57ed00778cc,5282
device_uplink,1788840969000000000,70b3d57ed00778cc,5283
device_uplink,1788840985000000000,70b3d57ed00778cc,5284
device_uplink,1788841001000000000,70b3d57ed00778cc,5285
device_uplink,1788841019000000000,70b3d57ed00778cc,5286
device_uplink,1788841035000000000,70b3d57ed00778cc,5287
device_uplink,1788841051000000000,70b3d57ed00778cc,5288
device_uplink,1788841067000000000,70b3d57ed00778cc,5289
device_uplink,1788841083000000000,70b3d57ed00778cc,5290
device_uplink,1788841099000000000,70b3d57ed00778cc,5291
device_uplink,1788841115000000000,70b3d57ed00778cc,5292
device_uplink,1788841131000000000,70b3d57ed00778cc,5293
device_uplink,1788841149000000000,70b3d57ed00778cc,5294
device_uplink,1788841165000000000,70b3d57ed00778cc,5295
device_uplink,1788841181000000000,70b3d57ed00778cc,5296
device_uplink,1788841197000000000,70b3d57ed00778cc,5297
device_uplink,1788841213000000000,70b3d57ed00778cc,5298
device_uplink,1788841229000000000,70b3d57ed00778cc,5299
device_uplink,1788841245000000000,70b3d57ed00778cc,5300
device_uplink,1788841261000000000,70b3d57ed00778cc,5301
device_uplink,1788841279000000000,70b3d57ed00778cc,5302
device_uplink,1788841295000000000,70b3d57ed00778cc,5303
device_uplink,1788841311000000000,70b3d57ed00778cc,5304
device_uplink,1788841327000000000,70b3d57ed00778cc,5305
device_uplink,1788841343000000000,70b3d57ed00778cc,5306
device_uplink,1788841359000000000,70b3d57ed00778cc,5307
device_uplink,1788841377000000000,70b3d57ed00778cc,5308
device_uplink,1788841393000000000,70b3d57ed00778cc,5309
device_uplink,1788841409000000000,70b3d57ed00778cc,5310
device_uplink,1788841425000000000,70b3d57ed00778cc,5311
device_uplink,1788841441000000000,70b3d57ed00778cc,5312
device_uplink,1788841457000000000,70b3d57ed00778cc,5313
device_uplink,1788841473000000000,70b3d57ed00778cc,5314
device_uplink,1788841489000000000,70b3d57ed00778cc,5315
device_uplink,1788841507000000000,70b3d57ed00778cc,5316
device_uplink,1788841523000000000,70b3d57ed00778cc,5317
device_uplink,1788841539000000000,70b3d57ed00778cc,5318
device_uplink,1788841555000000000,70b3d57ed00778cc,5319
device_uplink,1788841571000000000,70b3d57ed00778cc,5320
device_uplink,1788841587000000000,70b3d57ed0077801,25
device_uplink,1788841587000000000,70b3d57ed00778cc,5321
device_uplink,1788841603000000000,70b3d57ed00778cc,5322
device_uplink,1788841619000000000,70b3d57ed00778cc,5323
device_uplink,1788841637000000000,70b3d57ed00778cc,5324
device_uplink,1788841653000000000,70b3d57ed00778cc,5325
device_uplink,1788841669000000000,70b3d57ed00778cc,5326
device_uplink,1788841685000000000,70b3d57ed00778cc,5327
device_uplink,1788841701000000000,70b3d57ed00778cc,5328
device_uplink,1788841717000000000,70b3d57ed00778cc,5329
device_uplink,1788841733000000000,70b3d57ed00778cc,5330
device_uplink,1788841749000000000,70b3d57ed00778cc,5331
device_uplink,1788841767000000000,70b3d57ed00778cc,5332
device_uplink,1788841783000000000,70b3d57ed00778cc,5333
device_uplink,1788841799000000000,70b3d57ed00778cc,5334
device_uplink,1788841815000000000,70b3d57ed00778cc,5335
device_uplink,1788841831000000000,70b3d57ed00778cc,5336
device_uplink,1788841847000000000,70b3d57ed00778cc,5337
device_uplink,1788841863000000000,70b3d57ed00778cc,5338
device_uplink,1788841879000000000,70b3d57ed00778cc,5339
device_uplink,1788841897000000000,70b3d57ed00778cc,5340
device_uplink,1788841913000000000,70b3d57ed00778cc,5341
device_uplink,1788841929000000000,70b3d57ed00778cc,5342
device_uplink,1788841945000000000,70b3d57ed00778cc,5343
device_uplink,1788841961000000000,70b3d57ed00778cc,5344
device_uplink,1788841977000000000,70b3d57ed00778cc,5345
device_uplink,1788841993000000000,70b3d57ed00778cc,5346
device_uplink,1788842011000000000,70b3d57ed00778cc,5347
device_uplink,1788842027000000000,70b3d57ed00778cc,5348
device_uplink,1788842043000000000,70b3d57ed00778cc,5349
device_uplink,1788842059000000000,70b3d57ed00778cc,5350
device_uplink,1788842075000000000,70b3d57ed00778cc,5351
device_uplink,1788842091000000000,70b3d57ed00778cc,5352
device_uplink,1788842107000000000,70b3d57ed00778cc,5353
device_uplink,1788842125000000000,70b3d57ed00778cc,5354
device_uplink,1788842141000000000,70b3d57ed00778cc,5355
device_uplink,1788842157000000000,70b3d57ed00778cc,5356
device_uplink,1788842173000000000,70b3d57ed00778cc,5357
device_uplink,1788842189000000000,70b3d57ed00778cc,5358
device_uplink,1788842205000000000,70b3d57ed00778cc,5359
device_uplink,1788842223000000000,70b3d57ed00778cc,5360
device_uplink,1788842239000000000,70b3d57ed00778cc,5361
device_uplink,1788842255000000000,70b3d57ed00778cc,5362
device_uplink,1788842271000000000,70b3d57ed00778cc,5363
device_uplink,1788842287000000000,70b3d57ed00778cc,5364
device_uplink,1788842303000000000,70b3d57ed00778cc,5365
device_uplink,1788842319000000000,70b3d57ed00778cc,5366
device_uplink,1788842335000000000,70b3d57ed00778cc,5367
device_uplink,1788842353000000000,70b3d57ed00778cc,5368
device_uplink,1788842369000000000,70b3d57ed00778cc,5369
device_uplink,1788842385000000000,70b3d57ed00778cc,5370
device_uplink,1788842401000000000,70b3d57ed00778cc,5371
device_uplink,1788842417000000000,70b3d57ed00778cc,5372
device_uplink,1788842433000000000,70b3d57ed00778cc,5373
device_uplink,1788842449000000000,70b3d57ed00778cc,5374
device_uplink,1788842465000000000,70b3d57ed00778cc,5375
device_uplink,1788842483000000000,70b3d57ed00778cc,5376
device_uplink,1788842495000000000,70b3d57ed0077801,26
device_uplink,1788842499000000000,70b3d57ed00778cc,5377
device_uplink,1788842515000000000,70b3d57ed00778cc,5378
device_uplink,1788842531000000000,70b3d57ed00778cc,5379
device_uplink,1788842547000000000,70b3d57ed00778cc,5380
device_uplink,1788842563000000000,70b3d57ed00778cc,5381
device_uplink,1788842581000000000,70b3d57ed00778cc,5382
device_uplink,1788842597000000000,70b3d57ed00778cc,5383
device_uplink,1788842613000000000,70b3d57ed00778cc,5384
device_uplink,1788842629000000000,70b3d57ed00778cc,5385
device_uplink,1788842645000000000,70b3d57ed00778cc,5386
device_uplink,1788842661000000000,70b3d57ed00778cc,5387
device_uplink,1788842677000000000,70b3d57ed00778cc,5388
device_uplink,1788842693000000000,70b3d57ed00778cc,5389
device_uplink,1788842711000000000,70b3d57ed00778cc,5390
device_uplink,1788842727000000000,70b3d57ed00778cc,5391
device_uplink,1788842743000000000,70b3d57ed00778cc,5392
device_uplink,1788842759000000000,70b3d57ed00778cc,5393
device_uplink,1788842775000000000,70b3d57ed00778cc,5394
device_uplink,1788842791000000000,70b3d57ed00778cc,5395
device_uplink,1788842807000000000,70b3d57ed00778cc,5396
device_uplink,1788842823000000000,70b3d57ed00778cc,5397
device_uplink,1788842841000000000,70b3d57ed00778cc,5398
device_uplink,1788842857000000000,70b3d57ed00778cc,5399
device_uplink,1788842873000000000,70b3d57ed00778cc,5400
device_uplink,1788842889000000000,70b3d57ed00778cc,5401
device_uplink,1788842905000000000,70b3d57ed00778cc,5402
device_uplink,1788842921000000000,70b3d57ed00778cc,5403
device_uplink,1788842937000000000,70b3d57ed00778cc,5404
device_uplink,1788842953000000000,70b3d57ed00778cc,5405
device_uplink,1788842971000000000,70b3d57ed00778cc,5406
device_uplink,1788842987000000000,70b3d57ed00778cc,5407
device_uplink,1788843003000000000,70b3d57ed00778cc,5408
device_uplink,1788843019000000000,70b3d57ed00778cc,5409
device_uplink,1788843035000000000,70b3d57ed00778cc,5410
device_uplink,1788843051000000000,70b3d57ed00778cc,5411
device_uplink,1788843067000000000,70b3d57ed00778cc,5412
device_uplink,1788843083000000000,70b3d57ed00778cc,5413
device_uplink,1788843101000000000,70b3d57ed00778cc,5414
device_uplink,1788843117000000000,70b3d57ed00778cc,5415
device_uplink,1788843133000000000,70b3d57ed00778cc,5416
device_uplink,1788843149000000000,70b3d57ed00778cc,5417
device_uplink,1788843165000000000,70b3d57ed00778cc,5418
device_uplink,1788843181000000000,70b3d57ed00778cc,5419
device_uplink,1788843199000000000,70b3d57ed00778cc,5420
device_uplink,1788843215000000000,70b3d57ed00778cc,5421
device_uplink,1788843231000000000,70b3d57ed00778cc,5422
device_uplink,1788843247000000000,70b3d57ed00778cc,5423
device_uplink,1788843263000000000,70b3d57ed00778cc,5424
device_uplink,1788843279000000000,70b3d57ed00778cc,5425
device_uplink,1788843295000000000,70b3d57ed00778cc,5426
device_uplink,1788843311000000000,70b3d57ed00778cc,5427
device_uplink,1788843329000000000,70b3d57ed00778cc,5428
device_uplink,1788843345000000000,70b3d57ed00778cc,5429
device_uplink,1788843361000000000,70b3d57ed00778cc,5430
device_uplink,1788843377000000000,70b3d57ed00778cc,5431
device_uplink,1788843393000000000,70b3d57ed00778cc,5432
device_uplink,1788843404000000000,70b3d57ed0077801,27
device_uplink,1788843409000000000,70b3d57ed00778cc,5433
device_uplink,1788843425000000000,70b3d57ed00778cc,5434
device_uplink,1788843441000000000,70b3d57ed00778cc,5435
device_uplink,1788843459000000000,70b3d57ed00778cc,5436
device_uplink,1788843475000000000,70b3d57ed00778cc,5437
device_uplink,1788843491000000000,70b3d57ed00778cc,5438
device_uplink,1788843507000000000,70b3d57ed00778cc,5439
device_uplink,1788843523000000000,70b3d57ed00778cc,5440
device_uplink,1788843539000000000,70b3d57ed00778cc,5441
device_uplink,1788843555000000000,70b3d57ed00778cc,5442
device_uplink,1788843571000000000,70b3d57ed00778cc,5443
device_uplink,1788843589000000000,70b3d57ed00778cc,5444
device_uplink,1788843605000000000,70b3d57ed00778cc,5445
device_uplink,1788843621000000000,70b3d57ed00778cc,5446
device_uplink,1788843637000000000,70b3d57ed00778cc,5447
device_uplink,1788843653000000000,70b3d57ed00778cc,5448
device_uplink,1788843669000000000,70b3d57ed00778cc,5449
device_uplink,1788843685000000000,70b3d57ed00778cc,5450
device_uplink,1788843703000000000,70b3d57ed00778cc,5451
device_uplink,1788843719000000000,70b3d57ed00778cc,5452
device_uplink,1788843735000000000,70b3d57ed00778cc,5453
device_uplink,1788843751000000000,70b3d57ed00778cc,5454
device_uplink,1788843767000000000,70b3d57ed00778cc,5455
device_uplink,1788843783000000000,70b3d57ed00778cc,5456
device_uplink,1788843799000000000,70b3d57ed00778cc,5457
device_uplink,1788843817000000000,70b3d57ed00778cc,5458
device_uplink,1788843833000000000,70b3d57ed00778cc,5459
device_uplink,1788843849000000000,70b3d57ed00778cc,5460
device_uplink,1788843865000000000,70b3d57ed00778cc,5461
device_uplink,1788843881000000000,70b3d57ed00778cc,5462
device_uplink,1788843897000000000,70b3d57ed00778cc,5463
device_uplink,1788843913000000000,70b3d57ed00778cc,5464
device_uplink,1788843929000000000,70b3d57ed00778cc,5465
device_uplink,1788843947000000000,70b3d57ed00778cc,5466
device_uplink,1788843963000000000,70b3d57ed00778cc,5467
device_uplink,1788843979000000000,70b3d57ed00778cc,5468
device_uplink,1788843995000000000,70b3d57ed00778cc,5469
device_uplink,1788844011000000000,70b3d57ed00778cc,5470
device_uplink,1788844027000000000,70b3d57ed00778cc,5471
device_uplink,1788844043000000000,70b3d57ed00778cc,5472
device_uplink,1788844059000000000,70b3d57ed00778cc,5473
device_uplink,1788844077000000000,70b3d57ed00778cc,5474
device_uplink,1788844093000000000,70b3d57ed00778cc,5475
device_uplink,1788844109000000000,70b3d57ed00778cc,5476
device_uplink,1788844125000000000,70b3d57ed00778cc,5477
device_uplink,1788844141000000000,70b3d57ed00778cc,5478
device_uplink,1788844157000000000,70b3d57ed00778cc,5479
device_uplink,1788844173000000000,70b3d57ed00778cc,5480
device_uplink,1788844189000000000,70b3d57ed00778cc,5481
device_uplink,1788844205000000000,70b3d57ed00778cc,5482
device_uplink,1788844223000000000,70b3d57ed00778cc,5483
device_uplink,1788844239000000000,70b3d57ed00778cc,5484
device_uplink,1788844255000000000,70b3d57ed00778cc,5485
device_uplink,1788844271000000000,70b3d57ed00778cc,5486
device_uplink,1788844287000000000,70b3d57ed00778cc,5487
device_uplink,1788844303000000000,70b3d57ed00778cc,5488
device_uplink,1788844312000000000,70b3d57ed0077801,28
device_uplink,1788844319000000000,70b3d57ed00778cc,5489
device_uplink,1788844337000000000,70b3d57ed00778cc,5490
device_uplink,1788844353000000000,70b3d57ed00778cc,5491
device_uplink,1788844369000000000,70b3d57ed00778cc,5492
device_uplink,1788844385000000000,70b3d57ed00778cc,5493
device_uplink,1788844401000000000,70b3d57ed00778cc,5494
device_uplink,1788844417000000000,70b3d57ed00778cc,5495
device_uplink,1788844433000000000,70b3d57ed00778cc,5496
device_uplink,1788844449000000000,70b3d57ed00778cc,5497
device_uplink,1788844467000000000,70b3d57ed00778cc,5498
device_uplink,1788844483000000000,70b3d57ed00778cc,5499
device_uplink,1788844499000000000,70b3d57ed00778cc,5500
device_uplink,1788844515000000000,70b3d57ed00778cc,5501
device_uplink,1788844531000000000,70b3d57ed00778cc,5502
device_uplink,1788844547000000000,70b3d57ed00778cc,5503
device_uplink,1788844563000000000,70b3d57ed00778cc,5504
device_uplink,1788844579000000000,70b3d57ed00778cc,5505
device_uplink,1788844597000000000,70b3d57ed00778cc,5506
device_uplink,1788844613000000000,70b3d57ed00778cc,5507
device_uplink,1788844629000000000,70b3d57ed00778cc,5508
device_uplink,1788844645000000000,70b3d57ed00778cc,5509
device_uplink,1788844661000000000,70b3d57ed00778cc,5510
device_uplink,1788844677000000000,70b3d57ed00778cc,5511
device_uplink,1788844693000000000,70b3d57ed00778cc,5512
device_uplink,1788844709000000000,70b3d57ed00778cc,5513
device_uplink,1788844727000000000,70b3d57ed00778cc,5514
device_uplink,1788844743000000000,70b3d57ed00778cc,5515
device_uplink,1788844759000000000,70b3d57ed00778cc,5516
device_uplink,1788844775000000000,70b3d57ed00778cc,5517
device_uplink,1788844791000000000,70b3d57ed00778cc,5518
device_uplink,1788844807000000000,70b3d57ed00778cc,5519
device_uplink,1788844823000000000,70b3d57ed00778cc,5520
device_uplink,1788844839000000000,70b3d57ed00778cc,5521
device_uplink,1788844857000000000,70b3d57ed00778cc,5522
device_uplink,1788844873000000000,70b3d57ed00778cc,5523
device_uplink,1788844889000000000,70b3d57ed00778cc,5524
device_uplink,1788844905000000000,70b3d57ed00778cc,5525
device_uplink,1788844921000000000,70b3d57ed00778cc,5526
device_uplink,1788844937000000000,70b3d57ed00778cc,5527
device_uplink,1788844955000000000,70b3d57ed00778cc,5528
device_uplink,1788844971000000000,70b3d57ed00778cc,5529
device_uplink,1788844987000000000,70b3d57ed00778cc,5530
device_uplink,1788845003000000000,70b3d57ed00778cc,5531
device_uplink,1788845019000000000,70b3d57ed00778cc,5532
device_uplink,1788845035000000000,70b3d57ed00778cc,5533
device_uplink,1788845051000000000,70b3d57ed00778cc,5534
device_uplink,1788845067000000000,70b3d57ed00778cc,5535
device_uplink,1788845085000000000,70b3d57ed00778cc,5536
device_uplink,1788845101000000000,70b3d57ed00778cc,5537
device_uplink,1788845117000000000,70b3d57ed00778cc,5538
device_uplink,1788845133000000000,70b3d57ed00778cc,5539
device_uplink,1788845149000000000,70b3d57ed00778cc,5540
device_uplink,1788845165000000000,70b3d57ed00778cc,5541
device_uplink,1788845181000000000,70b3d57ed00778cc,5542
device_uplink,1788845199000000000,70b3d57ed00778cc,5543
device_uplink,1788845215000000000,70b3d57ed00778cc,5544
device_uplink,1788845221000000000,70b3d57ed0077801,29
device_uplink,1788845231000000000,70b3d57ed00778cc,5545
device_uplink,1788845247000000000,70b3d57ed00778cc,5546
device_uplink,1788845263000000000,70b3d57ed00778cc,5547
device_uplink,1788845279000000000,70b3d57ed00778cc,5548
device_uplink,1788845295000000000,70b3d57ed00778cc,5549
device_uplink,1788845313000000000,70b3d57ed00778cc,5550
device_uplink,1788845329000000000,70b3d57ed00778cc,5551
device_uplink,1788845345000000000,70b3d57ed00778cc,5552
device_uplink,1788845361000000000,70b3d57ed00778cc,5553
device_uplink,1788845377000000000,70b3d57ed00778cc,5554
device_uplink,1788845393000000000,70b3d57ed00778cc,5555
device_uplink,1788845409000000000,70b3d57ed00778cc,5556
device_uplink,1788845425000000000,70b3d57ed00778cc,5557
device_uplink,1788845443000000000,70b3d57ed00778cc,5558
device_uplink,1788845459000000000,70b3d57ed00778cc,5559
device_uplink,1788845475000000000,70b3d57ed00778cc,5560
device_uplink,1788845491000000000,70b3d57ed00778cc,5561
device_uplink,1788845507000000000,70b3d57ed00778cc,5562
device_uplink,1788845523000000000,70b3d57ed00778cc,5563
device_uplink,1788845539000000000,70b3d57ed00778cc,5564
device_uplink,1788845557000000000,70b3d57ed00778cc,5565
device_uplink,1788845573000000000,70b3d57ed00778cc,5566
device_uplink,1788845589000000000,70b3d57ed00778cc,5567
device_uplink,1788845605000000000,70b3d57ed00778cc,5568
device_uplink,1788845621000000000,70b3d57ed00778cc,5569
device_uplink,1788845637000000000,70b3d57ed00778cc,5570
device_uplink,1788845653000000000,70b3d57ed00778cc,5571
device_uplink,1788845669000000000,70b3d57ed00778cc,5572
device_uplink,1788845687000000000,70b3d57ed00778cc,5573
device_uplink,1788845703000000000,70b3d57ed00778cc,5574
device_uplink,1788845719000000000,70b3d57ed00778cc,5575
device_uplink,1788845735000000000,70b3d57ed00778cc,5576
device_uplink,1788845751000000000,70b3d57ed00778cc,5577
device_uplink,1788845767000000000,70b3d57ed00778cc,5578
device_uplink,1788845783000000000,70b3d57ed00778cc,5579
device_uplink,1788845801000000000,70b3d57ed00778cc,5580
device_uplink,1788845817000000000,70b3d57ed00778cc,5581
device_uplink,1788845833000000000,70b3d57ed00778cc,5582
device_uplink,1788845849000000000,70b3d57ed00778cc,5583
device_uplink,1788845865000000000,70b3d57ed00778cc,5584
device_uplink,1788845881000000000,70b3d57ed00778cc,5585
device_uplink,1788845897000000000,70b3d57ed00778cc,5586
device_uplink,1788845913000000000,70b3d57ed00778cc,5587
device_uplink,1788845931000000000,70b3d57ed00778cc,5588
device_uplink,1788845947000000000,70b3d57ed00778cc,5589
device_uplink,1788845963000000000,70b3d57ed00778cc,5590
device_uplink,1788845979000000000,70b3d57ed00778cc,5591
device_uplink,1788845995000000000,70b3d57ed00778cc,5592
device_uplink,1788846011000000000,70b3d57ed00778cc,5593
device_uplink,1788846027000000000,70b3d57ed00778cc,5594
device_uplink,1788846043000000000,70b3d57ed00778cc,5595
device_uplink,1788846061000000000,70b3d57ed00778cc,5596
device_uplink,1788846077000000000,70b3d57ed00778cc,5597
device_uplink,1788846093000000000,70b3d57ed00778cc,5598
device_uplink,1788846109000000000,70b3d57ed00778cc,5599
device_uplink,1788846125000000000,70b3d57ed00778cc,5600
device_uplink,1788846129000000000,70b3d57ed0077801,30
device_uplink,1788846141000000000,70b3d57ed00778cc,5601
device_uplink,1788846157000000000,70b3d57ed00778cc,5602
device_uplink,1788846173000000000,70b3d57ed00778cc,5603
device_uplink,1788846191000000000,70b3d57ed00778cc,5604
device_uplink,1788846207000000000,70b3d57ed00778cc,5605
device_uplink,1788846223000000000,70b3d57ed00778cc,5606
device_uplink,1788846239000000000,70b3d57ed00778cc,5607
device_uplink,1788846255000000000,70b3d57ed00778cc,5608
device_uplink,1788846271000000000,70b3d57ed00778cc,5609
device_uplink,1788846287000000000,70b3d57ed00778cc,5610
device_uplink,1788846303000000000,70b3d57ed00778cc,5611
device_uplink,1788846321000000000,70b3d57ed00778cc,5612
device_uplink,1788846337000000000,70b3d57ed00778cc,5613
device_uplink,1788846353000000000,70b3d57ed00778cc,5614
device_uplink,1788846369000000000,70b3d57ed00778cc,5615
device_uplink,1788846385000000000,70b3d57ed00778cc,5616
device_uplink,1788846401000000000,70b3d57ed00778cc,5617
device_uplink,1788846417000000000,70b3d57ed00778cc,5618
device_uplink,1788846433000000000,70b3d57ed00778cc,5619
device_uplink,1788846451000000000,70b3d57ed00778cc,5620
device_uplink,1788846467000000000,70b3d57ed00778cc,5621
device_uplink,1788846483000000000,70b3d57ed00778cc,5622
device_uplink,1788846499000000000,70b3d57ed00778cc,5623
device_uplink,1788846515000000000,70b3d57ed00778cc,5624
device_uplink,1788846531000000000,70b3d57ed00778cc,5625
device_uplink,1788846547000000000,70b3d57ed00778cc,5626
device_uplink,1788846563000000000,70b3d57ed00778cc,5627
device_uplink,1788846581000000000,70b3d57ed00778cc,5628
device_uplink,1788846597000000000,70b3d57ed00778cc,5629
device_uplink,1788846613000000000,70b3d57ed00778cc,5630
device_uplink,1788846629000000000,70b3d57ed00778cc,5631
device_uplink,1788846645000000000,70b3d57ed00778cc,5632
device_uplink,1788846661000000000,70b3d57ed00778cc,5633
device_uplink,1788846677000000000,70b3d57ed00778cc,5634
device_uplink,1788846693000000000,70b3d57ed00778cc,5635
device_uplink,1788846711000000000,70b3d57ed00778cc,5636
device_uplink,1788846727000000000,70b3d57ed00778cc,5637
device_uplink,1788846743000000000,70b3d57ed00778cc,5638
device_uplink,1788846759000000000,70b3d57ed00778cc,5639
device_uplink,1788846775000000000,70b3d57ed00778cc,5640
device_uplink,1788846791000000000,70b3d57ed00778cc,5641
device_uplink,1788846807000000000,70b3d57ed00778cc,5642
device_uplink,1788846825000000000,70b3d57ed00778cc,5643
device_uplink,1788846841000000000,70b3d57ed00778cc,5644
device_uplink,1788846857000000000,70b3d57ed00778cc,5645
device_uplink,1788846873000000000,70b3d57ed00778cc,5646
device_uplink,1788846889000000000,70b3d57ed00778cc,5647
device_uplink,1788846905000000000,70b3d57ed00778cc,5648
device_uplink,1788846921000000000,70b3d57ed00778cc,5649
device_uplink,1788846937000000000,70b3d57ed00778cc,5650
device_uplink,1788846955000000000,70b3d57ed00778cc,5651
device_uplink,1788846971000000000,70b3d57ed00778cc,5652
device_uplink,1788846987000000000,70b3d57ed00778cc,5653
device_uplink,1788847003000000000,70b3d57ed00778cc,5654
device_uplink,1788847019000000000,70b3d57ed00778cc,5655
device_uplink,1788847035000000000,70b3d57ed00778cc,5656
device_uplink,1788847038000000000,70b3d57ed0077801,31
device_uplink,1788847051000000000,70b3d57ed00778cc,5657
device_uplink,1788847069000000000,70b3d57ed00778cc,5658
device_uplink,1788847085000000000,70b3d57ed00778cc,5659
device_uplink,1788847101000000000,70b3d57ed00778cc,5660
device_uplink,1788847117000000000,70b3d57ed00778cc,5661
device_uplink,1788847133000000000,70b3d57ed00778cc,5662
device_uplink,1788847149000000000,70b3d57ed00778cc,5663
device_uplink,1788847165000000000,70b3d57ed00778cc,5664
device_uplink,1788847181000000000,70b3d57ed00778cc,5665
device_uplink,1788847199000000000,70b3d57ed00778cc,5666
device_uplink,1788847215000000000,70b3d57ed00778cc,5667
device_uplink,1788847231000000000,70b3d57ed00778cc,5668
device_uplink,1788847247000000000,70b3d57ed00778cc,5669
device_uplink,1788847263000000000,70b3d57ed00778cc,5670
device_uplink,1788847279000000000,70b3d57ed00778cc,5671
device_uplink,1788847295000000000,70b3d57ed00778cc,5672
device_uplink,1788847311000000000,70b3d57ed00778cc,5673
device_uplink,1788847327000000000,70b3d57ed00778cc,5674
device_uplink,1788847345000000000,70b3d57ed00778cc,5675
device_uplink,1788847361000000000,70b3d57ed00778cc,5676
device_uplink,1788847377000000000,70b3d57ed00778cc,5677
device_uplink,1788847393000000000,70b3d57ed00778cc,5678
device_uplink,1788847409000000000,70b3d57ed00778cc,5679
device_uplink,1788847425000000000,70b3d57ed00778cc,5680
device_uplink,1788847441000000000,70b3d57ed00778cc,5681
device_uplink,1788847457000000000,70b3d57ed00778cc,5682
device_uplink,1788847475000000000,70b3d57ed00778cc,5683
device_uplink,1788847491000000000,70b3d57ed00778cc,5684
device_uplink,1788847507000000000,70b3d57ed00778cc,5685
device_uplink,1788847523000000000,70b3d57ed00778cc,5686
device_uplink,1788847539000000000,70b3d57ed00778cc,5687
device_uplink,1788847555000000000,70b3d57ed00778cc,5688
device_uplink,1788847571000000000,70b3d57ed00778cc,5689
device_uplink,1788847587000000000,70b3d57ed00778cc,5690
device_uplink,1788847605000000000,70b3d57ed00778cc,5691
device_uplink,1788847621000000000,70b3d57ed00778cc,5692
device_uplink,1788847637000000000,70b3d57ed00778cc,5693
device_uplink,1788847653000000000,70b3d57ed00778cc,5694
device_uplink,1788847669000000000,70b3d57ed00778cc,5695
device_uplink,1788847685000000000,70b3d57ed00778cc,5696
device_uplink,1788847701000000000,70b3d57ed00778cc,5697
device_uplink,1788847719000000000,70b3d57ed00778cc,5698
device_uplink,1788847735000000000,70b3d57ed00778cc,5699
device_uplink,1788847751000000000,70b3d57ed00778cc,5700
device_uplink,1788847767000000000,70b3d57ed00778cc,5701
device_uplink,1788847783000000000,70b3d57ed00778cc,5702
device_uplink,1788847799000000000,70b3d57ed00778cc,5703
device_uplink,1788847815000000000,70b3d57ed00778cc,5704
device_uplink,1788847831000000000,70b3d57ed00778cc,5705
device_uplink,1788847849000000000,70b3d57ed00778cc,5706
device_uplink,1788847865000000000,70b3d57ed00778cc,5707
device_uplink,1788847881000000000,70b3d57ed00778cc,5708
device_uplink,1788847897000000000,70b3d57ed00778cc,5709
device_uplink,1788847913000000000,70b3d57ed00778cc,5710
device_uplink,1788847929000000000,70b3d57ed00778cc,5711
device_uplink,1788847945000000000,70b3d57ed00778cc,5712
device_uplink,1788847946000000000,70b3d57ed0077801,32
device_uplink,1788847961000000000,70b3d57ed00778cc,5713
device_uplink,1788847979000000000,70b3d57ed00778cc,5714
device_uplink,1788847995000000000,70b3d57ed00778cc,5715
device_uplink,1788848011000000000,70b3d57ed00778cc,5716
device_uplink,1788848027000000000,70b3d57ed00778cc,5717
device_uplink,1788848043000000000,70b3d57ed00778cc,5718
device_uplink,1788848059000000000,70b3d57ed00778cc,5719
device_uplink,1788848075000000000,70b3d57ed00778cc,5720
device_uplink,1788848091000000000,70b3d57ed00778cc,5721
device_uplink,1788848109000000000,70b3d57ed00778cc,5722
device_uplink,1788848125000000000,70b3d57ed00778cc,5723
device_uplink,1788848141000000000,70b3d57ed00778cc,5724
device_uplink,1788848157000000000,70b3d57ed00778cc,5725
device_uplink,1788848173000000000,70b3d57ed00778cc,5726
device_uplink,1788848189000000000,70b3d57ed00778cc,5727
device_uplink,1788848205000000000,70b3d57ed00778cc,5728
device_uplink,1788848223000000000,70b3d57ed00778cc,5729
device_uplink,1788848239000000000,70b3d57ed00778cc,5730
device_uplink,1788848255000000000,70b3d57ed00778cc,5731
device_uplink,1788848271000000000,70b3d57ed00778cc,5732
device_uplink,1788848287000000000,70b3d57ed00778cc,5733
device_uplink,1788848303000000000,70b3d57ed00778cc,5734
device_uplink,1788848319000000000,70b3d57ed00778cc,5735
device_uplink,1788848337000000000,70b3d57ed00778cc,5736
device_uplink,1788848353000000000,70b3d57ed00778cc,5737
device_uplink,1788848369000000000,70b3d57ed00778cc,5738
device_uplink,1788848385000000000,70b3d57ed00778cc,5739
device_uplink,1788848401000000000,70b3d57ed00778cc,5740
device_uplink,1788848417000000000,70b3d57ed00778cc,5741
device_uplink,1788848433000000000,70b3d57ed00778cc,5742
device_uplink,1788848449000000000,70b3d57ed00778cc,5743
device_uplink,1788848467000000000,70b3d57ed00778cc,5744
device_uplink,1788848483000000000,70b3d57ed00778cc,5745
device_uplink,1788848499000000000,70b3d57ed00778cc,5746
device_uplink,1788848515000000000,70b3d57ed00778cc,5747
device_uplink,1788848531000000000,70b3d57ed00778cc,5748
device_uplink,1788848547000000000,70b3d57ed00778cc,5749
device_uplink,1788848563000000000,70b3d57ed00778cc,5750
device_uplink,1788848579000000000,70b3d57ed00778cc,5751
device_uplink,1788848597000000000,70b3d57ed00778cc,5752
device_uplink,1788848613000000000,70b3d57ed00778cc,5753
device_uplink,1788848629000000000,70b3d57ed00778cc,5754
device_uplink,1788848645000000000,70b3d57ed00778cc,5755
device_uplink,1788848661000000000,70b3d57ed00778cc,5756
device_uplink,1788848677000000000,70b3d57ed00778cc,5757
device_uplink,1788848693000000000,70b3d57ed00778cc,5758
device_uplink,1788848709000000000,70b3d57ed00778cc,5759
device_uplink,1788848727000000000,70b3d57ed00778cc,5760
device_uplink,1788848743000000000,70b3d57ed00778cc,5761
device_uplink,1788848759000000000,70b3d57ed00778cc,5762
device_uplink,1788848775000000000,70b3d57ed00778cc,5763
device_uplink,1788848791000000000,70b3d57ed00778cc,5764
device_uplink,1788848807000000000,70b3d57ed00778cc,5765
device_uplink,1788848823000000000,70b3d57ed00778cc,5766
device_uplink,1788848839000000000,70b3d57ed00778cc,5767
device_uplink,1788848854000000000,70b3d57ed0077801,33
device_uplink,1788848857000000000,70b3d57ed00778cc,5768
device_uplink,1788848873000000000,70b3d57ed00778cc,5769
device_uplink,1788848889000000000,70b3d57ed00778cc,5770
device_uplink,1788848905000000000,70b3d57ed00778cc,5771
device_uplink,1788848921000000000,70b3d57ed00778cc,5772
device_uplink,1788848937000000000,70b3d57ed00778cc,5773
device_uplink,1788848953000000000,70b3d57ed00778cc,5774
device_uplink,1788848969000000000,70b3d57ed00778cc,5775
device_uplink,1788848987000000000,70b3d57ed00778cc,5776
device_uplink,1788849003000000000,70b3d57ed00778cc,5777
device_uplink,1788849019000000000,70b3d57ed00778cc,5778
device_uplink,1788849035000000000,70b3d57ed00778cc,5779
device_uplink,1788849051000000000,70b3d57ed00778cc,5780
device_uplink,1788849067000000000,70b3d57ed00778cc,5781
device_uplink,1788849083000000000,70b3d57ed00778cc,5782
device_uplink,1788849099000000000,70b3d57ed00778cc,5783
device_uplink,1788849117000000000,70b3d57ed00778cc,5784
device_uplink,1788849133000000000,70b3d57ed00778cc,5785
device_uplink,1788849149000000000,70b3d57ed00778cc,5786
device_uplink,1788849165000000000,70b3d57ed00778cc,5787
device_uplink,1788849181000000000,70b3d57ed00778cc,5788
device_uplink,1788849197000000000,70b3d57ed00778cc,5789
device_uplink,1788849213000000000,70b3d57ed00778cc,5790
device_uplink,1788849231000000000,70b3d57ed00778cc,5791
device_uplink,1788849247000000000,70b3d57ed00778cc,5792
device_uplink,1788849263000000000,70b3d57ed00778cc,5793
device_uplink,1788849279000000000,70b3d57ed00778cc,5794
device_uplink,1788849295000000000,70b3d57ed00778cc,5795
device_uplink,1788849311000000000,70b3d57ed00778cc,5796
device_uplink,1788849327000000000,70b3d57ed00778cc,5797
device_uplink,1788849343000000000,70b3d57ed00778cc,5798
device_uplink,1788849361000000000,70b3d57ed00778cc,5799
device_uplink,1788849377000000000,70b3d57ed00778cc,5800
device_uplink,1788849393000000000,70b3d57ed00778cc,5801
device_uplink,1788849409000000000,70b3d57ed00778cc,5802
device_uplink,1788849425000000000,70b3d57ed00778cc,5803
device_uplink,1788849441000000000,70b3d57ed00778cc,5804
device_uplink,1788849457000000000,70b3d57ed00778cc,5805
device_uplink,1788849473000000000,70b3d57ed00778cc,5806
device_uplink,1788849491000000000,70b3d57ed00778cc,5807
device_uplink,1788849507000000000,70b3d57ed00778cc,5808
device_uplink,1788849523000000000,70b3d57ed00778cc,5809
device_uplink,1788849539000000000,70b3d57ed00778cc,5810
device_uplink,1788849555000000000,70b3d57ed00778cc,5811
device_uplink,1788849571000000000,70b3d57ed00778cc,5812
device_uplink,1788849587000000000,70b3d57ed00778cc,5813
device_uplink,1788849605000000000,70b3d57ed00778cc,5814
device_uplink,1788849621000000000,70b3d57ed00778cc,5815
device_uplink,1788849637000000000,70b3d57ed00778cc,5816
device_uplink,1788849653000000000,70b3d57ed00778cc,5817
device_uplink,1788849669000000000,70b3d57ed00778cc,5818
device_uplink,1788849685000000000,70b3d57ed00778cc,5819
device_uplink,1788849703000000000,70b3d57ed00778cc,5820
device_uplink,1788849719000000000,70b3d57ed00778cc,5821
device_uplink,1788849735000000000,70b3d57ed00778cc,5822
device_uplink,1788849751000000000,70b3d57ed00778cc,5823
device_uplink,1788849763000000000,70b3d57ed0077801,34
device_uplink,1788849767000000000,70b3d57ed00778cc,5824
device_uplink,1788849783000000000,70b3d57ed00778cc,5825
device_uplink,1788849799000000000,70b3d57ed00778cc,5826
device_uplink,1788849815000000000,70b3d57ed00778cc,5827
device_uplink,1788849833000000000,70b3d57ed00778cc,5828
device_uplink,1788849849000000000,70b3d57ed00778cc,5829
device_uplink,1788849865000000000,70b3d57ed00778cc,5830
device_uplink,1788849881000000000,70b3d57ed00778cc,5831
device_uplink,1788849897000000000,70b3d57ed00778cc,5832
device_uplink,1788849913000000000,70b3d57ed00778cc,5833
device_uplink,1788849929000000000,70b3d57ed00778cc,5834
device_uplink,1788849945000000000,70b3d57ed00778cc,5835
device_uplink,1788849963000000000,70b3d57ed00778cc,5836
device_uplink,1788849979000000000,70b3d57ed00778cc,5837
device_uplink,1788849995000000000,70b3d57ed00778cc,5838
device_uplink,1788850011000000000,70b3d57ed00778cc,5839
device_uplink,1788850027000000000,70b3d57ed00778cc,5840
device_uplink,1788850043000000000,70b3d57ed00778cc,5841
device_uplink,1788850059000000000,70b3d57ed00778cc,5842
device_uplink,1788850077000000000,70b3d57ed00778cc,5843
device_uplink,1788850093000000000,70b3d57ed00778cc,5844
device_uplink,1788850109000000000,70b3d57ed00778cc,5845
device_uplink,1788850125000000000,70b3d57ed00778cc,5846
device_uplink,1788850141000000000,70b3d57ed00778cc,5847
device_uplink,1788850157000000000,70b3d57ed00778cc,5848
device_uplink,1788850173000000000,70b3d57ed00778cc,5849
device_uplink,1788850189000000000,70b3d57ed00778cc,5850
device_uplink,1788850207000000000,70b3d57ed00778cc,5851
device_uplink,1788850223000000000,70b3d57ed00778cc,5852
device_uplink,1788850239000000000,70b3d57ed00778cc,5853
device_uplink,1788850255000000000,70b3d57ed00778cc,5854
device_uplink,1788850271000000000,70b3d57ed00778cc,5855
device_uplink,1788850287000000000,70b3d57ed00778cc,5856
device_uplink,1788850303000000000,70b3d57ed00778cc,5857
device_uplink,1788850321000000000,70b3d57ed00778cc,5858
device_uplink,1788850337000000000,70b3d57ed00778cc,5859
device_uplink,1788850353000000000,70b3d57ed00778cc,5860
device_uplink,1788850369000000000,70b3d57ed00778cc,5861
device_uplink,1788850385000000000,70b3d57ed00778cc,5862
device_uplink,1788850401000000000,70b3d57ed00778cc,5863
device_uplink,1788850417000000000,70b3d57ed00778cc,5864
device_uplink,1788850433000000000,70b3d57ed00778cc,5865
device_uplink,1788850451000000000,70b3d57ed00778cc,5866
device_uplink,1788850467000000000,70b3d57ed00778cc,5867
device_uplink,1788850483000000000,70b3d57ed00778cc,5868
device_uplink,1788850499000000000,70b3d57ed00778cc,5869
device_uplink,1788850515000000000,70b3d57ed00778cc,5870
device_uplink,1788850531000000000,70b3d57ed00778cc,5871
device_uplink,1788850547000000000,70b3d57ed00778cc,5872
device_uplink,1788850563000000000,70b3d57ed00778cc,5873
device_uplink,1788850581000000000,70b3d57ed00778cc,5874
device_uplink,1788850597000000000,70b3d57ed00778cc,5875
device_uplink,1788850613000000000,70b3d57ed00778cc,5876
device_uplink,1788850629000000000,70b3d57ed00778cc,5877
device_uplink,1788850645000000000,70b3d57ed00778cc,5878
device_uplink,1788850661000000000,70b3d57ed00778cc,5879
device_uplink,1788850671000000000,70b3d57ed0077801,35
device_uplink,1788850677000000000,70b3d57ed00778cc,5880
device_uplink,1788850693000000000,70b3d57ed00778cc,5881
device_uplink,1788850711000000000,70b3d57ed00778cc,5882
device_uplink,1788850727000000000,70b3d57ed00778cc,5883
device_uplink,1788850743000000000,70b3d57ed00778cc,5884
device_uplink,1788850759000000000,70b3d57ed00778cc,5885
device_uplink,1788850775000000000,70b3d57ed00778cc,5886
device_uplink,1788850791000000000,70b3d57ed00778cc,5887
device_uplink,1788850807000000000,70b3d57ed00778cc,5888
device_uplink,1788850825000000000,70b3d57ed00778cc,5889
device_uplink,1788850841000000000,70b3d57ed00778cc,5890
device_uplink,1788850857000000000,70b3d57ed00778cc,5891
device_uplink,1788850873000000000,70b3d57ed00778cc,5892
device_uplink,1788850889000000000,70b3d57ed00778cc,5893
device_uplink,1788850905000000000,70b3d57ed00778cc,5894
device_uplink,1788850921000000000,70b3d57ed00778cc,5895
device_uplink,1788850939000000000,70b3d57ed00778cc,5896
device_uplink,1788850955000000000,70b3d57ed00778cc,5897
device_uplink,1788850971000000000,70b3d57ed00778cc,5898
device_uplink,1788850987000000000,70b3d57ed00778cc,5899
device_uplink,1788851003000000000,70b3d57ed00778cc,5900
device_uplink,1788851019000000000,70b3d57ed00778cc,5901
device_uplink,1788851035000000000,70b3d57ed00778cc,5902
device_uplink,1788851051000000000,70b3d57ed00778cc,5903
device_uplink,1788851069000000000,70b3d57ed00778cc,5904
device_uplink,1788851085000000000,70b3d57ed00778cc,5905
device_uplink,1788851101000000000,70b3d57ed00778cc,5906
device_uplink,1788851117000000000,70b3d57ed00778cc,5907
device_uplink,1788851133000000000,70b3d57ed00778cc,5908
device_uplink,1788851149000000000,70b3d57ed00778cc,5909
device_uplink,1788851165000000000,70b3d57ed00778cc,5910
device_uplink,1788851181000000000,70b3d57ed00778cc,5911
device_uplink,1788851199000000000,70b3d57ed00778cc,5912
device_uplink,1788851215000000000,70b3d57ed00778cc,5913
device_uplink,1788851231000000000,70b3d57ed00778cc,5914
device_uplink,1788851247000000000,70b3d57ed00778cc,5915
device_uplink,1788851263000000000,70b3d57ed00778cc,5916
device_uplink,1788851279000000000,70b3d57ed00778cc,5917
device_uplink,1788851295000000000,70b3d57ed00778cc,5918
device_uplink,1788851311000000000,70b3d57ed00778cc,5919
device_uplink,1788851329000000000,70b3d57ed00778cc,5920
device_uplink,1788851345000000000,70b3d57ed00778cc,5921
device_uplink,1788851361000000000,70b3d57ed00778cc,5922
device_uplink,1788851377000000000,70b3d57ed00778cc,5923
device_uplink,1788851393000000000,70b3d57ed00778cc,5924
device_uplink,1788851409000000000,70b3d57ed00778cc,5925
device_uplink,1788851425000000000,70b3d57ed00778cc,5926
device_uplink,1788851441000000000,70b3d57ed00778cc,5927
device_uplink,1788851459000000000,70b3d57ed00778cc,5928
device_uplink,1788851475000000000,70b3d57ed00778cc,5929
device_uplink,1788851491000000000,70b3d57ed00778cc,5930
device_uplink,1788851507000000000,70b3d57ed00778cc,5931
device_uplink,1788851523000000000,70b3d57ed00778cc,5932
device_uplink,1788851539000000000,70b3d57ed00778cc,5933
device_uplink,1788851555000000000,70b3d57ed00778cc,5934
device_uplink,1788851571000000000,70b3d57ed00778cc,5935
device_uplink,1788851580000000000,70b3d57ed0077801,36
device_uplink,1788851589000000000,70b3d57ed00778cc,5936
device_uplink,1788851605000000000,70b3d57ed00778cc,5937
device_uplink,1788851621000000000,70b3d57ed00778cc,5938
device_uplink,1788851637000000000,70b3d57ed00778cc,5939
device_uplink,1788851653000000000,70b3d57ed00778cc,5940
device_uplink,1788851669000000000,70b3d57ed00778cc,5941
device_uplink,1788851685000000000,70b3d57ed00778cc,5942
device_uplink,1788851701000000000,70b3d57ed00778cc,5943
device_uplink,1788851719000000000,70b3d57ed00778cc,5944
device_uplink,1788851735000000000,70b3d57ed00778cc,5945
device_uplink,1788851751000000000,70b3d57ed00778cc,5946
device_uplink,1788851767000000000,70b3d57ed00778cc,5947
device_uplink,1788851783000000000,70b3d57ed00778cc,5948
device_uplink,1788851799000000000,70b3d57ed00778cc,5949
device_uplink,1788851815000000000,70b3d57ed00778cc,5950
device_uplink,1788851831000000000,70b3d57ed00778cc,5951
device_uplink,1788851849000000000,70b3d57ed00778cc,5952
device_uplink,1788851865000000000,70b3d57ed00778cc,5953
device_uplink,1788851881000000000,70b3d57ed00778cc,5954
device_uplink,1788851897000000000,70b3d57ed00778cc,5955
device_uplink,1788851913000000000,70b3d57ed00778cc,5956
device_uplink,1788851929000000000,70b3d57ed00778cc,5957
device_uplink,1788851945000000000,70b3d57ed00778cc,5958
device_uplink,1788851961000000000,70b3d57ed00778cc,5959
device_uplink,1788851979000000000,70b3d57ed00778cc,5960
device_uplink,1788851995000000000,70b3d57ed00778cc,5961
device_uplink,1788852011000000000,70b3d57ed00778cc,5962
device_uplink,1788852027000000000,70b3d57ed00778cc,5963
device_uplink,1788852043000000000,70b3d57ed00778cc,5964
device_uplink,1788852059000000000,70b3d57ed00778cc,5965
device_uplink,1788852075000000000,70b3d57ed00778cc,5966
device_uplink,1788852091000000000,70b3d57ed00778cc,5967
device_uplink,1788852109000000000,70b3d57ed00778cc,5968
device_uplink,1788852125000000000,70b3d57ed00778cc,5969
device_uplink,1788852141000000000,70b3d57ed00778cc,5970
device_uplink,1788852157000000000,70b3d57ed00778cc,5971
device_uplink,1788852173000000000,70b3d57ed00778cc,5972
device_uplink,1788852189000000000,70b3d57ed00778cc,5973
device_uplink,1788852205000000000,70b3d57ed00778cc,5974
device_uplink,1788852223000000000,70b3d57ed00778cc,5975
device_uplink,1788852239000000000,70b3d57ed00778cc,5976
device_uplink,1788852255000000000,70b3d57ed00778cc,5977
device_uplink,1788852271000000000,70b3d57ed00778cc,5978
device_uplink,1788852287000000000,70b3d57ed00778cc,5979
device_uplink,1788852303000000000,70b3d57ed00778cc,5980
device_uplink,1788852319000000000,70b3d57ed00778cc,5981
device_uplink,1788852337000000000,70b3d57ed00778cc,5982
device_uplink,1788852353000000000,70b3d57ed00778cc,5983
device_uplink,1788852369000000000,70b3d57ed00778cc,5984
device_uplink,1788852385000000000,70b3d57ed00778cc,5985
device_uplink,1788852401000000000,70b3d57ed00778cc,5986
device_uplink,1788852417000000000,70b3d57ed00778cc,5987
device_uplink,1788852433000000000,70b3d57ed00778cc,5988
device_uplink,1788852449000000000,70b3d57ed00778cc,5989
device_uplink,1788852467000000000,70b3d57ed00778cc,5990
device_uplink,1788852483000000000,70b3d57ed00778cc,5991
device_uplink,1788852488000000000,70b3d57ed0077801,37
device_uplink,1788852499000000000,70b3d57ed00778cc,5992
device_uplink,1788852515000000000,70b3d57ed00778cc,5993
device_uplink,1788852531000000000,70b3d57ed00778cc,5994
device_uplink,1788852547000000000,70b3d57ed00778cc,5995
device_uplink,1788852563000000000,70b3d57ed00778cc,5996
device_uplink,1788852581000000000,70b3d57ed00778cc,5997
device_uplink,1788852597000000000,70b3d57ed00778cc,5998
device_uplink,1788852613000000000,70b3d57ed00778cc,5999
device_uplink,1788852629000000000,70b3d57ed00778cc,6000
device_uplink,1788852645000000000,70b3d57ed00778cc,6001
device_uplink,1788852661000000000,70b3d57ed00778cc,6002
device_uplink,1788852677000000000,70b3d57ed00778cc,6003
device_uplink,1788852695000000000,70b3d57ed00778cc,6004
device_uplink,1788852711000000000,70b3d57ed00778cc,6005
device_uplink,1788852727000000000,70b3d57ed00778cc,6006
device_uplink,1788852743000000000,70b3d57ed00778cc,6007
device_uplink,1788852759000000000,70b3d57ed00778cc,6008
device_uplink,1788852775000000000,70b3d57ed00778cc,6009
device_uplink,1788852791000000000,70b3d57ed00778cc,6010
device_uplink,1788852807000000000,70b3d57ed00778cc,6011
device_uplink,1788852825000000000,70b3d57ed00778cc,6012
device_uplink,1788852841000000000,70b3d57ed00778cc,6013
device_uplink,1788852857000000000,70b3d57ed00778cc,6014
device_uplink,1788852873000000000,70b3d57ed00778cc,6015
device_uplink,1788852889000000000,70b3d57ed00778cc,6016
device_uplink,1788852905000000000,70b3d57ed00778cc,6017
device_uplink,1788852921000000000,70b3d57ed00778cc,6018
device_uplink,1788852937000000000,70b3d57ed00778cc,6019
device_uplink,1788852955000000000,70b3d57ed00778cc,6020
device_uplink,1788852971000000000,70b3d57ed00778cc,6021
device_uplink,1788852987000000000,70b3d57ed00778cc,6022
device_uplink,1788853003000000000,70b3d57ed00778cc,6023
device_uplink,1788853019000000000,70b3d57ed00778cc,6024
device_uplink,1788853035000000000,70b3d57ed00778cc,6025
device_uplink,1788853051000000000,70b3d57ed00778cc,6026
device_uplink,1788853067000000000,70b3d57ed00778cc,6027
device_uplink,1788853085000000000,70b3d57ed00778cc,6028
device_uplink,1788853101000000000,70b3d57ed00778cc,6029
device_uplink,1788853117000000000,70b3d57ed00778cc,6030
device_uplink,1788853133000000000,70b3d57ed00778cc,6031
device_uplink,1788853149000000000,70b3d57ed00778cc,6032
device_uplink,1788853165000000000,70b3d57ed00778cc,6033
device_uplink,1788853183000000000,70b3d57ed00778cc,6034
device_uplink,1788853199000000000,70b3d57ed00778cc,6035
device_uplink,1788853215000000000,70b3d57ed00778cc,6036
device_uplink,1788853231000000000,70b3d57ed00778cc,6037
device_uplink,1788853247000000000,70b3d57ed00778cc,6038
device_uplink,1788853263000000000,70b3d57ed00778cc,6039
device_uplink,1788853281000000000,70b3d57ed00778cc,6040
device_uplink,1788853297000000000,70b3d57ed00778cc,6041
device_uplink,1788853313000000000,70b3d57ed00778cc,6042
device_uplink,1788853329000000000,70b3d57ed00778cc,6043
device_uplink,1788853345000000000,70b3d57ed00778cc,6044
device_uplink,1788853361000000000,70b3d57ed00778cc,6045
device_uplink,1788853377000000000,70b3d57ed00778cc,6046
device_uplink,1788853393000000000,70b3d57ed00778cc,6047
device_uplink,1788853396000000000,70b3d57ed0077801,38
device_uplink,1788853411000000000,70b3d57ed00778cc,6048
device_uplink,1788853427000000000,70b3d57ed00778cc,6049
device_uplink,1788853443000000000,70b3d57ed00778cc,6050
device_uplink,1788853459000000000,70b3d57ed00778cc,6051
device_uplink,1788853475000000000,70b3d57ed00778cc,6052
device_uplink,1788853491000000000,70b3d57ed00778cc,6053
device_uplink,1788853507000000000,70b3d57ed00778cc,6054
device_uplink,1788853525000000000,70b3d57ed00778cc,6055
device_uplink,1788853541000000000,70b3d57ed00778cc,6056
device_uplink,1788853557000000000,70b3d57ed00778cc,6057
device_uplink,1788853573000000000,70b3d57ed00778cc,6058
device_uplink,1788853589000000000,70b3d57ed00778cc,6059
device_uplink,1788853605000000000,70b3d57ed00778cc,6060
device_uplink,1788853621000000000,70b3d57ed00778cc,6061
device_uplink,1788853639000000000,70b3d57ed00778cc,6062
device_uplink,1788853655000000000,70b3d57ed00778cc,6063
device_uplink,1788853671000000000,70b3d57ed00778cc,6064
device_uplink,1788853687000000000,70b3d57ed00778cc,6065
device_uplink,1788853703000000000,70b3d57ed00778cc,6066
device_uplink,1788853719000000000,70b3d57ed00778cc,6067
device_uplink,1788853735000000000,70b3d57ed00778cc,6068
device_uplink,1788853751000000000,70b3d57ed00778cc,6069
device_uplink,1788853769000000000,70b3d57ed00778cc,6070
device_uplink,1788853785000000000,70b3d57ed00778cc,6071
device_uplink,1788853801000000000,70b3d57ed00778cc,6072
device_uplink,1788853817000000000,70b3d57ed00778cc,6073
device_uplink,1788853833000000000,70b3d57ed00778cc,6074
device_uplink,1788853849000000000,70b3d57ed00778cc,6075
device_uplink,1788853865000000000,70b3d57ed00778cc,6076
device_uplink,1788853883000000000,70b3d57ed00778cc,6077
device_uplink,1788853915000000000,70b3d57ed00778cc,6079
device_uplink,1788853931000000000,70b3d57ed00778cc,6080
device_uplink,1788853947000000000,70b3d57ed00778cc,6081
device_uplink,1788853963000000000,70b3d57ed00778cc,6082
device_uplink,1788853979000000000,70b3d57ed00778cc,6083
device_uplink,1788853995000000000,70b3d57ed00778cc,6084
device_uplink,1788854013000000000,70b3d57ed00778cc,6085
device_uplink,1788854029000000000,70b3d57ed00778cc,6086
device_uplink,1788854045000000000,70b3d57ed00778cc,6087
device_uplink,1788854061000000000,70b3d57ed00778cc,6088
device_uplink,1788854077000000000,70b3d57ed00778cc,6089
device_uplink,1788854093000000000,70b3d57ed00778cc,6090
device_uplink,1788854109000000000,70b3d57ed00778cc,6091
device_uplink,1788854127000000000,70b3d57ed00778cc,6092
device_uplink,1788854143000000000,70b3d57ed00778cc,6093
device_uplink,1788854159000000000,70b3d57ed00778cc,6094
device_uplink,1788854175000000000,70b3d57ed00778cc,6095
device_uplink,1788854191000000000,70b3d57ed00778cc,6096
device_uplink,1788854207000000000,70b3d57ed00778cc,6097
device_uplink,1788854223000000000,70b3d57ed00778cc,6098
device_uplink,1788854239000000000,70b3d57ed00778cc,6099
device_uplink,1788854257000000000,70b3d57ed00778cc,6100
device_uplink,1788854273000000000,70b3d57ed00778cc,6101
device_uplink,1788854289000000000,70b3d57ed00778cc,6102
device_uplink,1788854305000000000,70b3d57ed0077801,39
device_uplink,1788854305000000000,70b3d57ed00778cc,6103
device_uplink,1788854321000000000,70b3d57ed00778cc,6104
device_uplink,1788854337000000000,70b3d57ed00778cc,6105
device_uplink,1788854353000000000,70b3d57ed00778cc,6106
device_uplink,1788854369000000000,70b3d57ed00778cc,6107
device_uplink,1788854387000000000,70b3d57ed00778cc,6108
device_uplink,1788854403000000000,70b3d57ed00778cc,6109
device_uplink,1788854419000000000,70b3d57ed00778cc,6110
device_uplink,1788854435000000000,70b3d57ed00778cc,6111
device_uplink,1788854451000000000,70b3d57ed00778cc,6112
device_uplink,1788854467000000000,70b3d57ed00778cc,6113
device_uplink,1788854485000000000,70b3d57ed00778cc,6114
device_uplink,1788854501000000000,70b3d57ed00778cc,6115
device_uplink,1788854517000000000,70b3d57ed00778cc,6116
device_uplink,1788854533000000000,70b3d57ed00778cc,6117
device_uplink,1788854549000000000,70b3d57ed00778cc,6118
device_uplink,1788854565000000000,70b3d57ed00778cc,6119
device_uplink,1788854581000000000,70b3d57ed00778cc,6120
device_uplink,1788854597000000000,70b3d57ed00778cc,6121
device_uplink,1788854615000000000,70b3d57ed00778cc,6122
device_uplink,1788854631000000000,70b3d57ed00778cc,6123
device_uplink,1788854647000000000,70b3d57ed00778cc,6124
device_uplink,1788854663000000000,70b3d57ed00778cc,6125
device_uplink,1788854679000000000,70b3d57ed00778cc,6126
device_uplink,1788854695000000000,70b3d57ed00778cc,6127
device_uplink,1788854711000000000,70b3d57ed00778cc,6128
device_uplink,1788854729000000000,70b3d57ed00778cc,6129
device_uplink,1788854745000000000,70b3d57ed00778cc,6130
device_uplink,1788854761000000000,70b3d57ed00778cc,6131
device_uplink,1788854777000000000,70b3d57ed00778cc,6132
device_uplink,1788854793000000000,70b3d57ed00778cc,6133
device_uplink,1788854809000000000,70b3d57ed00778cc,6134
device_uplink,1788854825000000000,70b3d57ed00778cc,6135
device_uplink,1788854843000000000,70b3d57ed00778cc,6136
device_uplink,1788854859000000000,70b3d57ed00778cc,6137
device_uplink,1788854875000000000,70b3d57ed00778cc,6138
device_uplink,1788854891000000000,70b3d57ed00778cc,6139
device_uplink,1788854907000000000,70b3d57ed00778cc,6140
device_uplink,1788854923000000000,70b3d57ed00778cc,6141
device_uplink,1788854939000000000,70b3d57ed00778cc,6142
device_uplink,1788854957000000000,70b3d57ed00778cc,6143
device_uplink,1788854973000000000,70b3d57ed00778cc,6144
device_uplink,1788854989000000000,70b3d57ed00778cc,6145
device_uplink,1788855005000000000,70b3d57ed00778cc,6146
device_uplink,1788855021000000000,70b3d57ed00778cc,6147
device_uplink,1788855037000000000,70b3d57ed00778cc,6148
device_uplink,1788855053000000000,70b3d57ed00778cc,6149
device_uplink,1788855071000000000,70b3d57ed00778cc,6150
device_uplink,1788855087000000000,70b3d57ed00778cc,6151
device_uplink,1788855103000000000,70b3d57ed00778cc,6152
device_uplink,1788855119000000000,70b3d57ed00778cc,6153
device_uplink,1788855135000000000,70b3d57ed00778cc,6154
device_uplink,1788855151000000000,70b3d57ed00778cc,6155
device_uplink,1788855167000000000,70b3d57ed00778cc,6156
device_uplink,1788855183000000000,70b3d57ed00778cc,6157
device_uplink,1788855201000000000,70b3d57ed00778cc,6158
device_uplink,1788855213000000000,70b3d57ed0077801,40
device_uplink,1788855217000000000,70b3d57ed00778cc,6159
device_uplink,1788855233000000000,70b3d57ed00778cc,6160
device_uplink,1788855249000000000,70b3d57ed00778cc,6161
device_uplink,1788855265000000000,70b3d57ed00778cc,6162
device_uplink,1788855281000000000,70b3d57ed00778cc,6163
device_uplink,1788855297000000000,70b3d57ed00778cc,6164
device_uplink,1788855315000000000,70b3d57ed00778cc,6165
device_uplink,1788855331000000000,70b3d57ed00778cc,6166
device_uplink,1788855347000000000,70b3d57ed00778cc,6167
device_uplink,1788855363000000000,70b3d57ed00778cc,6168
device_uplink,1788855379000000000,70b3d57ed00778cc,6169
device_uplink,1788855395000000000,70b3d57ed00778cc,6170
device_uplink,1788855411000000000,70b3d57ed00778cc,6171
device_uplink,1788855427000000000,70b3d57ed00778cc,6172
device_uplink,1788855445000000000,70b3d57ed00778cc,6173
device_uplink,1788855461000000000,70b3d57ed00778cc,6174
device_uplink,1788855477000000000,70b3d57ed00778cc,6175
device_uplink,1788855493000000000,70b3d57ed00778cc,6176
device_uplink,1788855509000000000,70b3d57ed00778cc,6177
device_uplink,1788855525000000000,70b3d57ed00778cc,6178
device_uplink,1788855541000000000,70b3d57ed00778cc,6179
device_uplink,1788855559000000000,70b3d57ed00778cc,6180
device_uplink,1788855575000000000,70b3d57ed00778cc,6181
device_uplink,1788855591000000000,70b3d57ed00778cc,6182
device_uplink,1788855607000000000,70b3d57ed00778cc,6183
device_uplink,1788855623000000000,70b3d57ed00778cc,6184
device_uplink,1788855639000000000,70b3d57ed00778cc,6185
device_uplink,1788855655000000000,70b3d57ed00778cc,6186
device_uplink,1788855671000000000,70b3d57ed00778cc,6187
device_uplink,1788855689000000000,70b3d57ed00778cc,6188
device_uplink,1788855705000000000,70b3d57ed00778cc,6189
device_uplink,1788855721000000000,70b3d57ed00778cc,6190
device_uplink,1788855737000000000,70b3d57ed00778cc,6191
device_uplink,1788855753000000000,70b3d57ed00778cc,6192
device_uplink,1788855769000000000,70b3d57ed00778cc,6193
device_uplink,1788855785000000000,70b3d57ed00778cc,6194
device_uplink,1788855803000000000,70b3d57ed00778cc,6195
device_uplink,1788855819000000000,70b3d57ed00778cc,6196
device_uplink,1788855835000000000,70b3d57ed00778cc,6197
device_uplink,1788855851000000000,70b3d57ed00778cc,6198
device_uplink,1788855867000000000,70b3d57ed00778cc,6199
device_uplink,1788855883000000000,70b3d57ed00778cc,6200
device_uplink,1788855899000000000,70b3d57ed00778cc,6201
device_uplink,1788855917000000000,70b3d57ed00778cc,6202
device_uplink,1788855933000000000,70b3d57ed00778cc,6203
device_uplink,1788855949000000000,70b3d57ed00778cc,6204
device_uplink,1788855965000000000,70b3d57ed00778cc,6205
device_uplink,1788855981000000000,70b3d57ed00778cc,6206
device_uplink,1788855997000000000,70b3d57ed00778cc,6207
device_uplink,1788856013000000000,70b3d57ed00778cc,6208
device_uplink,1788856029000000000,70b3d57ed00778cc,6209
device_uplink,1788856047000000000,70b3d57ed00778cc,6210
device_uplink,1788856063000000000,70b3d57ed00778cc,6211
device_uplink,1788856079000000000,70b3d57ed00778cc,6212
device_uplink,1788856095000000000,70b3d57ed00778cc,6213
device_uplink,1788856111000000000,70b3d57ed00778cc,6214
device_uplink,1788856122000000000,70b3d57ed0077801,41
device_uplink,1788856127000000000,70b3d57ed00778cc,6215
device_uplink,1788856143000000000,70b3d57ed00778cc,6216
device_uplink,1788856159000000000,70b3d57ed00778cc,6217
device_uplink,1788856177000000000,70b3d57ed00778cc,6218
device_uplink,1788856193000000000,70b3d57ed00778cc,6219
device_uplink,1788856209000000000,70b3d57ed00778cc,6220
device_uplink,1788856225000000000,70b3d57ed00778cc,6221
device_uplink,1788856241000000000,70b3d57ed00778cc,6222
device_uplink,1788856257000000000,70b3d57ed00778cc,6223
device_uplink,1788856273000000000,70b3d57ed00778cc,6224
device_uplink,1788856291000000000,70b3d57ed00778cc,6225
device_uplink,1788856307000000000,70b3d57ed00778cc,6226
device_uplink,1788856323000000000,70b3d57ed00778cc,6227
device_uplink,1788856339000000000,70b3d57ed00778cc,6228
device_uplink,1788856355000000000,70b3d57ed00778cc,6229
device_uplink,1788856371000000000,70b3d57ed00778cc,6230
device_uplink,1788856387000000000,70b3d57ed00778cc,6231
device_uplink,1788856405000000000,70b3d57ed00778cc,6232
device_uplink,1788856421000000000,70b3d57ed00778cc,6233
device_uplink,1788856437000000000,70b3d57ed00778cc,6234
device_uplink,1788856453000000000,70b3d57ed00778cc,6235
device_uplink,1788856469000000000,70b3d57ed00778cc,6236
device_uplink,1788856485000000000,70b3d57ed00778cc,6237
device_uplink,1788856501000000000,70b3d57ed00778cc,6238
device_uplink,1788856517000000000,70b3d57ed00778cc,6239
device_uplink,1788856535000000000,70b3d57ed00778cc,6240
device_uplink,1788856551000000000,70b3d57ed00778cc,6241
device_uplink,1788856567000000000,70b3d57ed00778cc,6242
device_uplink,1788856583000000000,70b3d57ed00778cc,6243
device_uplink,1788856599000000000,70b3d57ed00778cc,6244
device_uplink,1788856615000000000,70b3d57ed00778cc,6245
device_uplink,1788856631000000000,70b3d57ed00778cc,6246
device_uplink,1788856649000000000,70b3d57ed00778cc,6247
device_uplink,1788856665000000000,70b3d57ed00778cc,6248
device_uplink,1788856681000000000,70b3d57ed00778cc,6249
device_uplink,1788856697000000000,70b3d57ed00778cc,6250
device_uplink,1788856713000000000,70b3d57ed00778cc,6251
device_uplink,1788856729000000000,70b3d57ed00778cc,6252
device_uplink,1788856745000000000,70b3d57ed00778cc,6253
device_uplink,1788856763000000000,70b3d57ed00778cc,6254
device_uplink,1788856779000000000,70b3d57ed00778cc,6255
device_uplink,1788856795000000000,70b3d57ed00778cc,6256
device_uplink,1788856811000000000,70b3d57ed00778cc,6257
device_uplink,1788856827000000000,70b3d57ed00778cc,6258
device_uplink,1788856843000000000,70b3d57ed00778cc,6259
device_uplink,1788856859000000000,70b3d57ed00778cc,6260
device_uplink,1788856875000000000,70b3d57ed00778cc,6261
device_uplink,1788856893000000000,70b3d57ed00778cc,6262
device_uplink,1788856909000000000,70b3d57ed00778cc,6263
device_uplink,1788856925000000000,70b3d57ed00778cc,6264
device_uplink,1788856941000000000,70b3d57ed00778cc,6265
device_uplink,1788856957000000000,70b3d57ed00778cc,6266
device_uplink,1788856973000000000,70b3d57ed00778cc,6267
device_uplink,1788856989000000000,70b3d57ed00778cc,6268
device_uplink,1788857005000000000,70b3d57ed00778cc,6269
device_uplink,1788857023000000000,70b3d57ed00778cc,6270
device_uplink,1788857030000000000,70b3d57ed0077801,42
device_uplink,1788857039000000000,70b3d57ed00778cc,6271
device_uplink,1788857055000000000,70b3d57ed00778cc,6272
device_uplink,1788857071000000000,70b3d57ed00778cc,6273
device_uplink,1788857087000000000,70b3d57ed00778cc,6274
device_uplink,1788857103000000000,70b3d57ed00778cc,6275
device_uplink,1788857121000000000,70b3d57ed00778cc,6276
device_uplink,1788857137000000000,70b3d57ed00778cc,6277
device_uplink,1788857153000000000,70b3d57ed00778cc,6278
device_uplink,1788857169000000000,70b3d57ed00778cc,6279
device_uplink,1788857185000000000,70b3d57ed00778cc,6280
device_uplink,1788857201000000000,70b3d57ed00778cc,6281
device_uplink,1788857217000000000,70b3d57ed00778cc,6282
device_uplink,1788857233000000000,70b3d57ed00778cc,6283
device_uplink,1788857251000000000,70b3d57ed00778cc,6284
device_uplink,1788857267000000000,70b3d57ed00778cc,6285
device_uplink,1788857283000000000,70b3d57ed00778cc,6286
device_uplink,1788857299000000000,70b3d57ed00778cc,6287
device_uplink,1788857315000000000,70b3d57ed00778cc,6288
device_uplink,1788857331000000000,70b3d57ed00778cc,6289
device_uplink,1788857347000000000,70b3d57ed00778cc,6290
device_uplink,1788857363000000000,70b3d57ed00778cc,6291
device_uplink,1788857381000000000,70b3d57ed00778cc,6292
device_uplink,1788857397000000000,70b3d57ed00778cc,6293
device_uplink,1788857413000000000,70b3d57ed00778cc,6294
device_uplink,1788857429000000000,70b3d57ed00778cc,6295
device_uplink,1788857445000000000,70b3d57ed00778cc,6296
device_uplink,1788857461000000000,70b3d57ed00778cc,6297
device_uplink,1788857477000000000,70b3d57ed00778cc,6298
device_uplink,1788857495000000000,70b3d57ed00778cc,6299
device_uplink,1788857511000000000,70b3d57ed00778cc,6300
device_uplink,1788857527000000000,70b3d57ed00778cc,6301
device_uplink,1788857543000000000,70b3d57ed00778cc,6302
device_uplink,1788857559000000000,70b3d57ed00778cc,6303
device_uplink,1788857575000000000,70b3d57ed00778cc,6304
device_uplink,1788857591000000000,70b3d57ed00778cc,6305
device_uplink,1788857609000000000,70b3d57ed00778cc,6306
device_uplink,1788857625000000000,70b3d57ed00778cc,6307
device_uplink,1788857641000000000,70b3d57ed00778cc,6308
device_uplink,1788857657000000000,70b3d57ed00778cc,6309
device_uplink,1788857673000000000,70b3d57ed00778cc,6310
device_uplink,1788857689000000000,70b3d57ed00778cc,6311
device_uplink,1788857705000000000,70b3d57ed00778cc,6312
device_uplink,1788857721000000000,70b3d57ed00778cc,6313
device_uplink,1788857739000000000,70b3d57ed00778cc,6314
device_uplink,1788857755000000000,70b3d57ed00778cc,6315
device_uplink,1788857771000000000,70b3d57ed00778cc,6316
device_uplink,1788857787000000000,70b3d57ed00778cc,6317
device_uplink,1788857803000000000,70b3d57ed00778cc,6318
device_uplink,1788857819000000000,70b3d57ed00778cc,6319
device_uplink,1788857835000000000,70b3d57ed00778cc,6320
device_uplink,1788857853000000000,70b3d57ed00778cc,6321
device_uplink,1788857869000000000,70b3d57ed00778cc,6322
device_uplink,1788857885000000000,70b3d57ed00778cc,6323
device_uplink,1788857901000000000,70b3d57ed00778cc,6324
device_uplink,1788857917000000000,70b3d57ed00778cc,6325
device_uplink,1788857933000000000,70b3d57ed00778cc,6326
device_uplink,1788857938000000000,70b3d57ed0077801,43
device_uplink,1788857949000000000,70b3d57ed00778cc,6327
device_uplink,1788857967000000000,70b3d57ed00778cc,6328
device_uplink,1788857983000000000,70b3d57ed00778cc,6329
device_uplink,1788857999000000000,70b3d57ed00778cc,6330
device_uplink,1788858015000000000,70b3d57ed00778cc,6331
device_uplink,1788858031000000000,70b3d57ed00778cc,6332
device_uplink,1788858047000000000,70b3d57ed00778cc,6333
device_uplink,1788858063000000000,70b3d57ed00778cc,6334
device_uplink,1788858079000000000,70b3d57ed00778cc,6335
device_uplink,1788858097000000000,70b3d57ed00778cc,6336
device_uplink,1788858113000000000,70b3d57ed00778cc,6337
device_uplink,1788858129000000000,70b3d57ed00778cc,6338
device_uplink,1788858145000000000,70b3d57ed00778cc,6339
device_uplink,1788858161000000000,70b3d57ed00778cc,6340
device_uplink,1788858177000000000,70b3d57ed00778cc,6341
device_uplink,1788858193000000000,70b3d57ed00778cc,6342
device_uplink,1788858209000000000,70b3d57ed00778cc,6343
device_uplink,1788858227000000000,70b3d57ed00778cc,6344
device_uplink,1788858243000000000,70b3d57ed00778cc,6345
device_uplink,1788858259000000000,70b3d57ed00778cc,6346
device_uplink,1788858275000000000,70b3d57ed00778cc,6347
device_uplink,1788858291000000000,70b3d57ed00778cc,6348
device_uplink,1788858307000000000,70b3d57ed00778cc,6349
device_uplink,1788858323000000000,70b3d57ed00778cc,6350
device_uplink,1788858339000000000,70b3d57ed00778cc,6351
device_uplink,1788858357000000000,70b3d57ed00778cc,6352
device_uplink,1788858373000000000,70b3d57ed00778cc,6353
device_uplink,1788858389000000000,70b3d57ed00778cc,6354
device_uplink,1788858405000000000,70b3d57ed00778cc,6355
device_uplink,1788858421000000000,70b3d57ed00778cc,6356
device_uplink,1788858437000000000,70b3d57ed00778cc,6357
device_uplink,1788858453000000000,70b3d57ed00778cc,6358
device_uplink,1788858471000000000,70b3d57ed00778cc,6359
device_uplink,1788858487000000000,70b3d57ed00778cc,6360
device_uplink,1788858503000000000,70b3d57ed00778cc,6361
device_uplink,1788858519000000000,70b3d57ed00778cc,6362
device_uplink,1788858535000000000,70b3d57ed00778cc,6363
device_uplink,1788858551000000000,70b3d57ed00778cc,6364
device_uplink,1788858567000000000,70b3d57ed00778cc,6365
device_uplink,1788858585000000000,70b3d57ed00778cc,6366
device_uplink,1788858601000000000,70b3d57ed00778cc,6367
device_uplink,1788858617000000000,70b3d57ed00778cc,6368
device_uplink,1788858633000000000,70b3d57ed00778cc,6369
device_uplink,1788858649000000000,70b3d57ed00778cc,6370
device_uplink,1788858665000000000,70b3d57ed00778cc,6371
device_uplink,1788858681000000000,70b3d57ed00778cc,6372
device_uplink,1788858697000000000,70b3d57ed00778cc,6373
device_uplink,1788858715000000000,70b3d57ed00778cc,6374
device_uplink,1788858731000000000,70b3d57ed00778cc,6375
device_uplink,1788858747000000000,70b3d57ed00778cc,6376
device_uplink,1788858763000000000,70b3d57ed00778cc,6377
device_uplink,1788858779000000000,70b3d57ed00778cc,6378
device_uplink,1788858795000000000,70b3d57ed00778cc,6379
device_uplink,1788858811000000000,70b3d57ed00778cc,6380
device_uplink,1788858827000000000,70b3d57ed00778cc,6381
device_uplink,1788858845000000000,70b3d57ed00778cc,6382
device_uplink,1788858847000000000,70b3d57ed0077801,44
device_uplink,1788858861000000000,70b3d57ed00778cc,6383
device_uplink,1788858877000000000,70b3d57ed00778cc,6384
device_uplink,1788858893000000000,70b3d57ed00778cc,6385
device_uplink,1788858909000000000,70b3d57ed00778cc,6386
device_uplink,1788858925000000000,70b3d57ed00778cc,6387
device_uplink,1788858941000000000,70b3d57ed00778cc,6388
device_uplink,1788858959000000000,70b3d57ed00778cc,6389
device_uplink,1788858975000000000,70b3d57ed00778cc,6390
device_uplink,1788858991000000000,70b3d57ed00778cc,6391
device_uplink,1788859007000000000,70b3d57ed00778cc,6392
device_uplink,1788859023000000000,70b3d57ed00778cc,6393
device_uplink,1788859039000000000,70b3d57ed00778cc,6394
device_uplink,1788859055000000000,70b3d57ed00778cc,6395
device_uplink,1788859073000000000,70b3d57ed00778cc,6396
device_uplink,1788859089000000000,70b3d57ed00778cc,6397
device_uplink,1788859105000000000,70b3d57ed00778cc,6398
device_uplink,1788859121000000000,70b3d57ed00778cc,6399
device_uplink,1788859137000000000,70b3d57ed00778cc,6400
device_uplink,1788859153000000000,70b3d57ed00778cc,6401
device_uplink,1788859169000000000,70b3d57ed00778cc,6402
device_uplink,1788859185000000000,70b3d57ed00778cc,6403
device_uplink,1788859203000000000,70b3d57ed00778cc,6404
device_uplink,1788859219000000000,70b3d57ed00778cc,6405
device_uplink,1788859235000000000,70b3d57ed00778cc,6406
device_uplink,1788859251000000000,70b3d57ed00778cc,6407
device_uplink,1788859267000000000,70b3d57ed00778cc,6408
device_uplink,1788859283000000000,70b3d57ed00778cc,6409
device_uplink,1788859299000000000,70b3d57ed00778cc,6410
device_uplink,1788859315000000000,70b3d57ed00778cc,6411
device_uplink,1788859333000000000,70b3d57ed00778cc,6412
device_uplink,1788859349000000000,70b3d57ed00778cc,6413
device_uplink,1788859365000000000,70b3d57ed00778cc,6414
device_uplink,1788859381000000000,70b3d57ed00778cc,6415
device_uplink,1788859397000000000,70b3d57ed00778cc,6416
device_uplink,1788859413000000000,70b3d57ed00778cc,6417
device_uplink,1788859429000000000,70b3d57ed00778cc,6418
device_uplink,1788859447000000000,70b3d57ed00778cc,6419
device_uplink,1788859463000000000,70b3d57ed00778cc,6420
device_uplink,1788859479000000000,70b3d57ed00778cc,6421
device_uplink,1788859495000000000,70b3d57ed00778cc,6422
device_uplink,1788859511000000000,70b3d57ed00778cc,6423
device_uplink,1788859527000000000,70b3d57ed00778cc,6424
device_uplink,1788859543000000000,70b3d57ed00778cc,6425
device_uplink,1788859561000000000,70b3d57ed00778cc,6426
device_uplink,1788859577000000000,70b3d57ed00778cc,6427
device_uplink,1788859593000000000,70b3d57ed00778cc,6428
device_uplink,1788859609000000000,70b3d57ed00778cc,6429
device_uplink,1788859625000000000,70b3d57ed00778cc,6430
device_uplink,1788859641000000000,70b3d57ed00778cc,6431
device_uplink,1788859657000000000,70b3d57ed00778cc,6432
device_uplink,1788859673000000000,70b3d57ed00778cc,6433
device_uplink,1788859691000000000,70b3d57ed00778cc,6434
device_uplink,1788859707000000000,70b3d57ed00778cc,6435
device_uplink,1788859723000000000,70b3d57ed00778cc,6436
device_uplink,1788859739000000000,70b3d57ed00778cc,6437
device_uplink,1788859755000000000,70b3d57ed0077801,45
device_uplink,1788859755000000000,70b3d57ed00778cc,6438
device_uplink,1788859771000000000,70b3d57ed00778cc,6439
device_uplink,1788859787000000000,70b3d57ed00778cc,6440
device_uplink,1788859803000000000,70b3d57ed00778cc,6441
device_uplink,1788859821000000000,70b3d57ed00778cc,6442
device_uplink,1788859837000000000,70b3d57ed00778cc,6443
device_uplink,1788859853000000000,70b3d57ed00778cc,6444
device_uplink,1788859869000000000,70b3d57ed00778cc,6445
device_uplink,1788859885000000000,70b3d57ed00778cc,6446
device_uplink,1788859901000000000,70b3d57ed00778cc,6447
device_uplink,1788859917000000000,70b3d57ed00778cc,6448
device_uplink,1788859935000000000,70b3d57ed00778cc,6449
device_uplink,1788859951000000000,70b3d57ed00778cc,6450
device_uplink,1788859967000000000,70b3d57ed00778cc,6451
device_uplink,1788859983000000000,70b3d57ed00778cc,6452
device_uplink,1788859999000000000,70b3d57ed00778cc,6453
device_uplink,1788860015000000000,70b3d57ed00778cc,6454
device_uplink,1788860031000000000,70b3d57ed00778cc,6455
device_uplink,1788860049000000000,70b3d57ed00778cc,6456
device_uplink,1788860065000000000,70b3d57ed00778cc,6457
device_uplink,1788860081000000000,70b3d57ed00778cc,6458
device_uplink,1788860097000000000,70b3d57ed00778cc,6459
device_uplink,1788860113000000000,70b3d57ed00778cc,6460
device_uplink,1788860129000000000,70b3d57ed00778cc,6461
device_uplink,1788860145000000000,70b3d57ed00778cc,6462
device_uplink,1788860161000000000,70b3d57ed00778cc,6463
device_uplink,1788860179000000000,70b3d57ed00778cc,6464
device_uplink,1788860195000000000,70b3d57ed00778cc,6465
device_uplink,1788860211000000000,70b3d57ed00778cc,6466
device_uplink,1788860227000000000,70b3d57ed00778cc,6467
device_uplink,1788860243000000000,70b3d57ed00778cc,6468
device_uplink,1788860259000000000,70b3d57ed00778cc,6469
device_uplink,1788860275000000000,70b3d57ed00778cc,6470
device_uplink,1788860291000000000,70b3d57ed00778cc,6471
device_uplink,1788860309000000000,70b3d57ed00778cc,6472
device_uplink,1788860325000000000,70b3d57ed00778cc,6473
device_uplink,1788860341000000000,70b3d57ed00778cc,6474
device_uplink,1788860357000000000,70b3d57ed00778cc,6475
device_uplink,1788860373000000000,70b3d57ed00778cc,6476
device_uplink,1788860389000000000,70b3d57ed00778cc,6477
device_uplink,1788860405000000000,70b3d57ed00778cc,6478
device_uplink,1788860423000000000,70b3d57ed00778cc,6479
device_uplink,1788860439000000000,70b3d57ed00778cc,6480
device_uplink,1788860455000000000,70b3d57ed00778cc,6481
device_uplink,1788860471000000000,70b3d57ed00778cc,6482
device_uplink,1788860487000000000,70b3d57ed00778cc,6483
device_uplink,1788860503000000000,70b3d57ed00778cc,6484
device_uplink,1788860519000000000,70b3d57ed00778cc,6485
device_uplink,1788860537000000000,70b3d57ed00778cc,6486
device_uplink,1788860553000000000,70b3d57ed00778cc,6487
device_uplink,1788860569000000000,70b3d57ed00778cc,6488
device_uplink,1788860585000000000,70b3d57ed00778cc,6489
device_uplink,1788860601000000000,70b3d57ed00778cc,6490
device_uplink,1788860617000000000,70b3d57ed00778cc,6491
device_uplink,1788860633000000000,70b3d57ed00778cc,6492
device_uplink,1788860649000000000,70b3d57ed00778cc,6493
device_uplink,1788860664000000000,70b3d57ed0077801,46
device_uplink,1788860667000000000,70b3d57ed00778cc,6494
device_uplink,1788860683000000000,70b3d57ed00778cc,6495
device_uplink,1788860699000000000,70b3d57ed00778cc,6496
device_uplink,1788860715000000000,70b3d57ed00778cc,6497
device_uplink,1788860731000000000,70b3d57ed00778cc,6498
device_uplink,1788860747000000000,70b3d57ed00778cc,6499
device_uplink,1788860763000000000,70b3d57ed00778cc,6500
device_uplink,1788860781000000000,70b3d57ed00778cc,6501
device_uplink,1788860797000000000,70b3d57ed00778cc,6502
device_uplink,1788860813000000000,70b3d57ed00778cc,6503
device_uplink,1788860829000000000,70b3d57ed00778cc,6504
device_uplink,1788860845000000000,70b3d57ed00778cc,6505
device_uplink,1788860861000000000,70b3d57ed00778cc,6506
device_uplink,1788860877000000000,70b3d57ed00778cc,6507
device_uplink,1788860895000000000,70b3d57ed00778cc,6508
device_uplink,1788860911000000000,70b3d57ed00778cc,6509
device_uplink,1788860927000000000,70b3d57ed00778cc,6510
device_uplink,1788860943000000000,70b3d57ed00778cc,6511
device_uplink,1788860959000000000,70b3d57ed00778cc,6512
device_uplink,1788860975000000000,70b3d57ed00778cc,6513
device_uplink,1788860991000000000,70b3d57ed00778cc,6514
device_uplink,1788861007000000000,70b3d57ed00778cc,6515
device_uplink,1788861025000000000,70b3d57ed00778cc,6516
device_uplink,1788861041000000000,70b3d57ed00778cc,6517
device_uplink,1788861057000000000,70b3d57ed00778cc,6518
device_uplink,1788861073000000000,70b3d57ed00778cc,6519
device_uplink,1788861089000000000,70b3d57ed00778cc,6520
device_uplink,1788861105000000000,70b3d57ed00778cc,6521
device_uplink,1788861121000000000,70b3d57ed00778cc,6522
device_uplink,1788861137000000000,70b3d57ed00778cc,6523
device_uplink,1788861155000000000,70b3d57ed00778cc,6524
device_uplink,1788861171000000000,70b3d57ed00778cc,6525
device_uplink,1788861187000000000,70b3d57ed00778cc,6526
device_uplink,1788861203000000000,70b3d57ed00778cc,6527
device_uplink,1788861219000000000,70b3d57ed00778cc,6528
device_uplink,1788861235000000000,70b3d57ed00778cc,6529
device_uplink,1788861251000000000,70b3d57ed00778cc,6530
device_uplink,1788861267000000000,70b3d57ed00778cc,6531
device_uplink,1788861285000000000,70b3d57ed00778cc,6532
device_uplink,1788861301000000000,70b3d57ed00778cc,6533
device_uplink,1788861317000000000,70b3d57ed00778cc,6534
device_uplink,1788861333000000000,70b3d57ed00778cc,6535
device_uplink,1788861349000000000,70b3d57ed00778cc,6536
device_uplink,1788861365000000000,70b3d57ed00778cc,6537
device_uplink,1788861381000000000,70b3d57ed00778cc,6538
device_uplink,1788861399000000000,70b3d57ed00778cc,6539
device_uplink,1788861415000000000,70b3d57ed00778cc,6540
device_uplink,1788861431000000000,70b3d57ed00778cc,6541
device_uplink,1788861447000000000,70b3d57ed00778cc,6542
device_uplink,1788861463000000000,70b3d57ed00778cc,6543
device_uplink,1788861479000000000,70b3d57ed00778cc,6544
device_uplink,1788861495000000000,70b3d57ed00778cc,6545
device_uplink,1788861511000000000,70b3d57ed00778cc,6546
device_uplink,1788861529000000000,70b3d57ed00778cc,6547
device_uplink,1788861545000000000,70b3d57ed00778cc,6548
device_uplink,1788861561000000000,70b3d57ed00778cc,6549
device_uplink,1788861572000000000,70b3d57ed0077801,47
device_uplink,1788861577000000000,70b3d57ed00778cc,6550
device_uplink,1788861593000000000,70b3d57ed00778cc,6551
device_uplink,1788861609000000000,70b3d57ed00778cc,6552
device_uplink,1788861625000000000,70b3d57ed00778cc,6553
device_uplink,1788861641000000000,70b3d57ed00778cc,6554
device_uplink,1788861659000000000,70b3d57ed00778cc,6555
device_uplink,1788861675000000000,70b3d57ed00778cc,6556
device_uplink,1788861691000000000,70b3d57ed00778cc,6557
device_uplink,1788861707000000000,70b3d57ed00778cc,6558
device_uplink,1788861723000000000,70b3d57ed00778cc,6559
device_uplink,1788861739000000000,70b3d57ed00778cc,6560
device_uplink,1788861755000000000,70b3d57ed00778cc,6561
device_uplink,1788861773000000000,70b3d57ed00778cc,6562
device_uplink,1788861789000000000,70b3d57ed00778cc,6563
device_uplink,1788861805000000000,70b3d57ed00778cc,6564
device_uplink,1788861821000000000,70b3d57ed00778cc,6565
device_uplink,1788861837000000000,70b3d57ed00778cc,6566
device_uplink,1788861853000000000,70b3d57ed00778cc,6567
device_uplink,1788861869000000000,70b3d57ed00778cc,6568
device_uplink,1788861885000000000,70b3d57ed00778cc,6569
device_uplink,1788861903000000000,70b3d57ed00778cc,6570
device_uplink,1788861919000000000,70b3d57ed00778cc,6571
device_uplink,1788861935000000000,70b3d57ed00778cc,6572
device_uplink,1788861951000000000,70b3d57ed00778cc,6573
device_uplink,1788861967000000000,70b3d57ed00778cc,6574
device_uplink,1788861983000000000,70b3d57ed00778cc,6575
device_uplink,1788861999000000000,70b3d57ed00778cc,6576
device_uplink,1788862015000000000,70b3d57ed00778cc,6577
device_uplink,1788862033000000000,70b3d57ed00778cc,6578
device_uplink,1788862049000000000,70b3d57ed00778cc,6579
device_uplink,1788862065000000000,70b3d57ed00778cc,6580
device_uplink,1788862081000000000,70b3d57ed00778cc,6581
device_uplink,1788862097000000000,70b3d57ed00778cc,6582
device_uplink,1788862113000000000,70b3d57ed00778cc,6583
device_uplink,1788862129000000000,70b3d57ed00778cc,6584
device_uplink,1788862145000000000,70b3d57ed00778cc,6585
device_uplink,1788862163000000000,70b3d57ed00778cc,6586
device_uplink,1788862179000000000,70b3d57ed00778cc,6587
device_uplink,1788862195000000000,70b3d57ed00778cc,6588
device_uplink,1788862211000000000,70b3d57ed00778cc,6589
device_uplink,1788862243000000000,70b3d57ed00778cc,6591
device_uplink,1788862261000000000,70b3d57ed00778cc,6592
device_uplink,1788862277000000000,70b3d57ed00778cc,6593
device_uplink,1788862293000000000,70b3d57ed00778cc,6594
device_uplink,1788862309000000000,70b3d57ed00778cc,6595
device_uplink,1788862325000000000,70b3d57ed00778cc,6596
device_uplink,1788862341000000000,70b3d57ed00778cc,6597
device_uplink,1788862357000000000,70b3d57ed00778cc,6598
device_uplink,1788862373000000000,70b3d57ed00778cc,6599
device_uplink,1788862391000000000,70b3d57ed00778cc,6600
device_uplink,1788862407000000000,70b3d57ed00778cc,6601
device_uplink,1788862423000000000,70b3d57ed00778cc,6602
device_uplink,1788862439000000000,70b3d57ed00778cc,6603
device_uplink,1788862455000000000,70b3d57ed00778cc,6604
device_uplink,1788862471000000000,70b3d57ed00778cc,6605
device_uplink,1788862481000000000,70b3d57ed0077801,48
device_uplink,1788862487000000000,70b3d57ed00778cc,6606
device_uplink,1788862503000000000,70b3d57ed00778cc,6607
device_uplink,1788862521000000000,70b3d57ed00778cc,6608
device_uplink,1788862537000000000,70b3d57ed00778cc,6609
device_uplink,1788862553000000000,70b3d57ed00778cc,6610
device_uplink,1788862569000000000,70b3d57ed00778cc,6611
device_uplink,1788862585000000000,70b3d57ed00778cc,6612
device_uplink,1788862601000000000,70b3d57ed00778cc,6613
device_uplink,1788862617000000000,70b3d57ed00778cc,6614
device_uplink,1788862633000000000,70b3d57ed00778cc,6615
device_uplink,1788862651000000000,70b3d57ed00778cc,6616
device_uplink,1788862667000000000,70b3d57ed00778cc,6617
device_uplink,1788862683000000000,70b3d57ed00778cc,6618
device_uplink,1788862699000000000,70b3d57ed00778cc,6619
device_uplink,1788862715000000000,70b3d57ed00778cc,6620
device_uplink,1788862731000000000,70b3d57ed00778cc,6621
device_uplink,1788862749000000000,70b3d57ed00778cc,6622
device_uplink,1788862765000000000,70b3d57ed00778cc,6623
device_uplink,1788862781000000000,70b3d57ed00778cc,6624
device_uplink,1788862797000000000,70b3d57ed00778cc,6625
device_uplink,1788862813000000000,70b3d57ed00778cc,6626
device_uplink,1788862829000000000,70b3d57ed00778cc,6627
device_uplink,1788862845000000000,70b3d57ed00778cc,6628
device_uplink,1788862861000000000,70b3d57ed00778cc,6629
device_uplink,1788862879000000000,70b3d57ed00778cc,6630
device_uplink,1788862895000000000,70b3d57ed00778cc,6631
device_uplink,1788862911000000000,70b3d57ed00778cc,6632
device_uplink,1788862927000000000,70b3d57ed00778cc,6633
device_uplink,1788862943000000000,70b3d57ed00778cc,6634
device_uplink,1788862959000000000,70b3d57ed00778cc,6635
device_uplink,1788862975000000000,70b3d57ed00778cc,6636
device_uplink,1788862991000000000,70b3d57ed00778cc,6637
device_uplink,1788863009000000000,70b3d57ed00778cc,6638
device_uplink,1788863025000000000,70b3d57ed00778cc,6639
device_uplink,1788863041000000000,70b3d57ed00778cc,6640
device_uplink,1788863057000000000,70b3d57ed00778cc,6641
device_uplink,1788863073000000000,70b3d57ed00778cc,6642
device_uplink,1788863089000000000,70b3d57ed00778cc,6643
device_uplink,1788863105000000000,70b3d57ed00778cc,6644
device_uplink,1788863123000000000,70b3d57ed00778cc,6645
device_uplink,1788863139000000000,70b3d57ed00778cc,6646
device_uplink,1788863155000000000,70b3d57ed00778cc,6647
device_uplink,1788863171000000000,70b3d57ed00778cc,6648
device_uplink,1788863187000000000,70b3d57ed00778cc,6649
device_uplink,1788863203000000000,70b3d57ed00778cc,6650
device_uplink,1788863219000000000,70b3d57ed00778cc,6651
device_uplink,1788863235000000000,70b3d57ed00778cc,6652
device_uplink,1788863253000000000,70b3d57ed00778cc,6653
device_uplink,1788863269000000000,70b3d57ed00778cc,6654
device_uplink,1788863285000000000,70b3d57ed00778cc,6655
device_uplink,1788863301000000000,70b3d57ed00778cc,6656
device_uplink,1788863317000000000,70b3d57ed00778cc,6657
device_uplink,1788863333000000000,70b3d57ed00778cc,6658
device_uplink,1788863349000000000,70b3d57ed00778cc,6659
device_uplink,1788863365000000000,70b3d57ed00778cc,6660
device_uplink,1788863383000000000,70b3d57ed00778cc,6661
device_uplink,1788863389000000000,70b3d57ed0077801,49
device_uplink,1788863399000000000,70b3d57ed00778cc,6662
device_uplink,1788863415000000000,70b3d57ed00778cc,6663
device_uplink,1788863431000000000,70b3d57ed00778cc,6664
device_uplink,1788863447000000000,70b3d57ed00778cc,6665
device_uplink,1788863463000000000,70b3d57ed00778cc,6666
device_uplink,1788863479000000000,70b3d57ed00778cc,6667
device_uplink,1788863495000000000,70b3d57ed00778cc,6668
device_uplink,1788863513000000000,70b3d57ed00778cc,6669
device_uplink,1788863529000000000,70b3d57ed00778cc,6670
device_uplink,1788863545000000000,70b3d57ed00778cc,6671
device_uplink,1788863561000000000,70b3d57ed00778cc,6672
device_uplink,1788863577000000000,70b3d57ed00778cc,6673
device_uplink,1788863593000000000,70b3d57ed00778cc,6674
device_uplink,1788863609000000000,70b3d57ed00778cc,6675
device_uplink,1788863627000000000,70b3d57ed00778cc,6676
device_uplink,1788863643000000000,70b3d57ed00778cc,6677
device_uplink,1788863659000000000,70b3d57ed00778cc,6678
device_uplink,1788863675000000000,70b3d57ed00778cc,6679
device_uplink,1788863691000000000,70b3d57ed00778cc,6680
device_uplink,1788863707000000000,70b3d57ed00778cc,6681
device_uplink,1788863725000000000,70b3d57ed00778cc,6682
device_uplink,1788863741000000000,70b3d57ed00778cc,6683
device_uplink,1788863757000000000,70b3d57ed00778cc,6684
device_uplink,1788863773000000000,70b3d57ed00778cc,6685
device_uplink,1788863789000000000,70b3d57ed00778cc,6686
device_uplink,1788863805000000000,70b3d57ed00778cc,6687
device_uplink,1788863821000000000,70b3d57ed00778cc,6688
device_uplink,1788863837000000000,70b3d57ed00778cc,6689
device_uplink,1788863855000000000,70b3d57ed00778cc,6690
device_uplink,1788863871000000000,70b3d57ed00778cc,6691
device_uplink,1788863887000000000,70b3d57ed00778cc,6692
device_uplink,1788863903000000000,70b3d57ed00778cc,6693
device_uplink,1788863919000000000,70b3d57ed00778cc,6694
device_uplink,1788863935000000000,70b3d57ed00778cc,6695
device_uplink,1788863953000000000,70b3d57ed00778cc,6696
device_uplink,1788863969000000000,70b3d57ed00778cc,6697
device_uplink,1788863985000000000,70b3d57ed00778cc,6698
device_uplink,1788864001000000000,70b3d57ed00778cc,6699
device_uplink,1788864017000000000,70b3d57ed00778cc,6700
device_uplink,1788864033000000000,70b3d57ed00778cc,6701
device_uplink,1788864051000000000,70b3d57ed00778cc,6702
device_uplink,1788864067000000000,70b3d57ed00778cc,6703
device_uplink,1788864083000000000,70b3d57ed00778cc,6704
device_uplink,1788864099000000000,70b3d57ed00778cc,6705
device_uplink,1788864115000000000,70b3d57ed00778cc,6706
device_uplink,1788864131000000000,70b3d57ed00778cc,6707
device_uplink,1788864147000000000,70b3d57ed00778cc,6708
device_uplink,1788864163000000000,70b3d57ed00778cc,6709
device_uplink,1788864181000000000,70b3d57ed00778cc,6710
device_uplink,1788864197000000000,70b3d57ed00778cc,6711
device_uplink,1788864213000000000,70b3d57ed00778cc,6712
device_uplink,1788864229000000000,70b3d57ed00778cc,6713
device_uplink,1788864245000000000,70b3d57ed00778cc,6714
device_uplink,1788864261000000000,70b3d57ed00778cc,6715
device_uplink,1788864278000000000,70b3d57ed00778cc,6716
device_uplink,1788864295000000000,70b3d57ed00778cc,6717
device_uplink,1788864297000000000,70b3d57ed0077801,50
device_uplink,1788864311000000000,70b3d57ed00778cc,6718
device_uplink,1788864327000000000,70b3d57ed00778cc,6719
device_uplink,1788864343000000000,70b3d57ed00778cc,6720
device_uplink,1788864359000000000,70b3d57ed00778cc,6721
device_uplink,1788864375000000000,70b3d57ed00778cc,6722
device_uplink,1788864391000000000,70b3d57ed00778cc,6723
device_uplink,1788864407000000000,70b3d57ed00778cc,6724
device_uplink,1788864425000000000,70b3d57ed00778cc,6725
device_uplink,1788864441000000000,70b3d57ed00778cc,6726
device_uplink,1788864457000000000,70b3d57ed00778cc,6727
device_uplink,1788864473000000000,70b3d57ed00778cc,6728
device_uplink,1788864489000000000,70b3d57ed00778cc,6729
device_uplink,1788864505000000000,70b3d57ed00778cc,6730
device_uplink,1788864521000000000,70b3d57ed00778cc,6731
device_uplink,1788864539000000000,70b3d57ed00778cc,6732
device_uplink,1788864555000000000,70b3d57ed00778cc,6733
device_uplink,1788864571000000000,70b3d57ed00778cc,6734
device_uplink,1788864587000000000,70b3d57ed00778cc,6735
device_uplink,1788864603000000000,70b3d57ed00778cc,6736
device_uplink,1788864619000000000,70b3d57ed00778cc,6737
device_uplink,1788864635000000000,70b3d57ed00778cc,6738
device_uplink,1788864651000000000,70b3d57ed00778cc,6739
device_uplink,1788864669000000000,70b3d57ed00778cc,6740
device_uplink,1788864685000000000,70b3d57ed00778cc,6741
device_uplink,1788864701000000000,70b3d57ed00778cc,6742
device_uplink,1788864717000000000,70b3d57ed00778cc,6743
device_uplink,1788864733000000000,70b3d57ed00778cc,6744
device_uplink,1788864749000000000,70b3d57ed00778cc,6745
device_uplink,1788864765000000000,70b3d57ed00778cc,6746
device_uplink,1788864781000000000,70b3d57ed00778cc,6747
device_uplink,1788864799000000000,70b3d57ed00778cc,6748
device_uplink,1788864815000000000,70b3d57ed00778cc,6749
device_uplink,1788864831000000000,70b3d57ed00778cc,6750
device_uplink,1788864847000000000,70b3d57ed00778cc,6751
device_uplink,1788864863000000000,70b3d57ed00778cc,6752
device_uplink,1788864879000000000,70b3d57ed00778cc,6753
device_uplink,1788864895000000000,70b3d57ed00778cc,6754
device_uplink,1788864911000000000,70b3d57ed00778cc,6755
device_uplink,1788864929000000000,70b3d57ed00778cc,6756
device_uplink,1788864945000000000,70b3d57ed00778cc,6757
device_uplink,1788864961000000000,70b3d57ed00778cc,6758
device_uplink,1788864977000000000,70b3d57ed00778cc,6759
device_uplink,1788864993000000000,70b3d57ed00778cc,6760
device_uplink,1788865009000000000,70b3d57ed00778cc,6761
device_uplink,1788865025000000000,70b3d57ed00778cc,6762
device_uplink,1788865041000000000,70b3d57ed00778cc,6763
device_uplink,1788865059000000000,70b3d57ed00778cc,6764
device_uplink,1788865075000000000,70b3d57ed00778cc,6765
device_uplink,1788865091000000000,70b3d57ed00778cc,6766
device_uplink,1788865107000000000,70b3d57ed00778cc,6767
device_uplink,1788865123000000000,70b3d57ed00778cc,6768
device_uplink,1788865139000000000,70b3d57ed00778cc,6769
device_uplink,1788865155000000000,70b3d57ed00778cc,6770
device_uplink,1788865171000000000,70b3d57ed00778cc,6771
device_uplink,1788865189000000000,70b3d57ed00778cc,6772
device_uplink,1788865205000000000,70b3d57ed00778cc,6773
device_uplink,1788865206000000000,70b3d57ed0077801,51
device_uplink,1788865221000000000,70b3d57ed00778cc,6774
device_uplink,1788865237000000000,70b3d57ed00778cc,6775
device_uplink,1788865253000000000,70b3d57ed00778cc,6776
device_uplink,1788865269000000000,70b3d57ed00778cc,6777
device_uplink,1788865285000000000,70b3d57ed00778cc,6778
device_uplink,1788865303000000000,70b3d57ed00778cc,6779
device_uplink,1788865319000000000,70b3d57ed00778cc,6780
device_uplink,1788865335000000000,70b3d57ed00778cc,6781
device_uplink,1788865351000000000,70b3d57ed00778cc,6782
device_uplink,1788865367000000000,70b3d57ed00778cc,6783
device_uplink,1788865383000000000,70b3d57ed00778cc,6784
device_uplink,1788865399000000000,70b3d57ed00778cc,6785
device_uplink,1788865415000000000,70b3d57ed00778cc,6786
device_uplink,1788865433000000000,70b3d57ed00778cc,6787
device_uplink,1788865449000000000,70b3d57ed00778cc,6788
device_uplink,1788865465000000000,70b3d57ed00778cc,6789
device_uplink,1788865481000000000,70b3d57ed00778cc,6790
device_uplink,1788865497000000000,70b3d57ed00778cc,6791
device_uplink,1788865513000000000,70b3d57ed00778cc,6792
device_uplink,1788865529000000000,70b3d57ed00778cc,6793
device_uplink,1788865547000000000,70b3d57ed00778cc,6794
device_uplink,1788865563000000000,70b3d57ed00778cc,6795
device_uplink,1788865579000000000,70b3d57ed00778cc,6796
device_uplink,1788865595000000000,70b3d57ed00778cc,6797
device_uplink,1788865611000000000,70b3d57ed00778cc,6798
device_uplink,1788865627000000000,70b3d57ed00778cc,6799
device_uplink,1788865643000000000,70b3d57ed00778cc,6800
device_uplink,1788865659000000000,70b3d57ed00778cc,6801
device_uplink,1788865677000000000,70b3d57ed00778cc,6802
device_uplink,1788865693000000000,70b3d57ed00778cc,6803
device_uplink,1788865709000000000,70b3d57ed00778cc,6804
device_uplink,1788865725000000000,70b3d57ed00778cc,6805
device_uplink,1788865741000000000,70b3d57ed00778cc,6806
device_uplink,1788865757000000000,70b3d57ed00778cc,6807
device_uplink,1788865773000000000,70b3d57ed00778cc,6808
device_uplink,1788865789000000000,70b3d57ed00778cc,6809
device_uplink,1788865807000000000,70b3d57ed00778cc,6810
device_uplink,1788865823000000000,70b3d57ed00778cc,6811
device_uplink,1788865839000000000,70b3d57ed00778cc,6812
device_uplink,1788865855000000000,70b3d57ed00778cc,6813
device_uplink,1788865871000000000,70b3d57ed00778cc,6814
device_uplink,1788865887000000000,70b3d57ed00778cc,6815
device_uplink,1788865903000000000,70b3d57ed00778cc,6816
device_uplink,1788865919000000000,70b3d57ed00778cc,6817
device_uplink,1788865937000000000,70b3d57ed00778cc,6818
device_uplink,1788865953000000000,70b3d57ed00778cc,6819
device_uplink,1788865969000000000,70b3d57ed00778cc,6820
device_uplink,1788865985000000000,70b3d57ed00778cc,6821
device_uplink,1788866001000000000,70b3d57ed00778cc,6822
device_uplink,1788866017000000000,70b3d57ed00778cc,6823
device_uplink,1788866033000000000,70b3d57ed00778cc,6824
device_uplink,1788866049000000000,70b3d57ed00778cc,6825
device_uplink,1788866067000000000,70b3d57ed00778cc,6826
device_uplink,1788866083000000000,70b3d57ed00778cc,6827
device_uplink,1788866099000000000,70b3d57ed00778cc,6828
device_uplink,1788866114000000000,70b3d57ed0077801,52
device_uplink,1788866115000000000,70b3d57ed00778cc,6829
device_uplink,1788866131000000000,70b3d57ed00778cc,6830
device_uplink,1788866147000000000,70b3d57ed00778cc,6831
device_uplink,1788866163000000000,70b3d57ed00778cc,6832
device_uplink,1788866179000000000,70b3d57ed00778cc,6833
device_uplink,1788866197000000000,70b3d57ed00778cc,6834
device_uplink,1788866213000000000,70b3d57ed00778cc,6835
device_uplink,1788866229000000000,70b3d57ed00778cc,6836
device_uplink,1788866245000000000,70b3d57ed00778cc,6837
device_uplink,1788866261000000000,70b3d57ed00778cc,6838
device_uplink,1788866277000000000,70b3d57ed00778cc,6839
device_uplink,1788866295000000000,70b3d57ed00778cc,6840
device_uplink,1788866311000000000,70b3d57ed00778cc,6841
device_uplink,1788866327000000000,70b3d57ed00778cc,6842
device_uplink,1788866343000000000,70b3d57ed00778cc,6843
device_uplink,1788866359000000000,70b3d57ed00778cc,6844
device_uplink,1788866375000000000,70b3d57ed00778cc,6845
device_uplink,1788866391000000000,70b3d57ed00778cc,6846
device_uplink,1788866407000000000,70b3d57ed00778cc,6847
device_uplink,1788866425000000000,70b3d57ed00778cc,6848
device_uplink,1788866441000000000,70b3d57ed00778cc,6849
device_uplink,1788866457000000000,70b3d57ed00778cc,6850
device_uplink,1788866473000000000,70b3d57ed00778cc,6851
device_uplink,1788866489000000000,70b3d57ed00778cc,6852
device_uplink,1788866505000000000,70b3d57ed00778cc,6853
device_uplink,1788866521000000000,70b3d57ed00778cc,6854
device_uplink,1788866537000000000,70b3d57ed00778cc,6855
device_uplink,1788866555000000000,70b3d57ed00778cc,6856
device_uplink,1788866571000000000,70b3d57ed00778cc,6857
device_uplink,1788866587000000000,70b3d57ed00778cc,6858
device_uplink,1788866603000000000,70b3d57ed00778cc,6859
device_uplink,1788866619000000000,70b3d57ed00778cc,6860
device_uplink,1788866635000000000,70b3d57ed00778cc,6861
device_uplink,1788866651000000000,70b3d57ed00778cc,6862
device_uplink,1788866667000000000,70b3d57ed00778cc,6863
device_uplink,1788866685000000000,70b3d57ed00778cc,6864
device_uplink,1788866701000000000,70b3d57ed00778cc,6865
device_uplink,1788866717000000000,70b3d57ed00778cc,6866
device_uplink,1788866733000000000,70b3d57ed00778cc,6867
device_uplink,1788866749000000000,70b3d57ed00778cc,6868
device_uplink,1788866765000000000,70b3d57ed00778cc,6869
device_uplink,1788866781000000000,70b3d57ed00778cc,6870
device_uplink,1788866797000000000,70b3d57ed00778cc,6871
device_uplink,1788866815000000000,70b3d57ed00778cc,6872
device_uplink,1788866831000000000,70b3d57ed00778cc,6873
device_uplink,1788866847000000000,70b3d57ed00778cc,6874
device_uplink,1788866863000000000,70b3d57ed00778cc,6875
device_uplink,1788866879000000000,70b3d57ed00778cc,6876
device_uplink,1788866897000000000,70b3d57ed00778cc,6877
device_uplink,1788866913000000000,70b3d57ed00778cc,6878
device_uplink,1788866929000000000,70b3d57ed00778cc,6879
device_uplink,1788866945000000000,70b3d57ed00778cc,6880
device_uplink,1788866961000000000,70b3d57ed00778cc,6881
device_uplink,1788866977000000000,70b3d57ed00778cc,6882
device_uplink,1788866993000000000,70b3d57ed00778cc,6883
device_uplink,1788867011000000000,70b3d57ed00778cc,6884
device_uplink,1788867023000000000,70b3d57ed0077801,53
device_uplink,1788867027000000000,70b3d57ed00778cc,6885
device_uplink,1788867043000000000,70b3d57ed00778cc,6886
device_uplink,1788867059000000000,70b3d57ed00778cc,6887
device_uplink,1788867075000000000,70b3d57ed00778cc,6888
device_uplink,1788867091000000000,70b3d57ed00778cc,6889
device_uplink,1788867107000000000,70b3d57ed00778cc,6890
device_uplink,1788867123000000000,70b3d57ed00778cc,6891
device_uplink,1788867141000000000,70b3d57ed00778cc,6892
device_uplink,1788867157000000000,70b3d57ed00778cc,6893
device_uplink,1788867173000000000,70b3d57ed00778cc,6894
device_uplink,1788867189000000000,70b3d57ed00778cc,6895
device_uplink,1788867205000000000,70b3d57ed00778cc,6896
device_uplink,1788867221000000000,70b3d57ed00778cc,6897
device_uplink,1788867237000000000,70b3d57ed00778cc,6898
device_uplink,1788867253000000000,70b3d57ed00778cc,6899
device_uplink,1788867271000000000,70b3d57ed00778cc,6900
device_uplink,1788867287000000000,70b3d57ed00778cc,6901
device_uplink,1788867303000000000,70b3d57ed00778cc,6902
device_uplink,1788867319000000000,70b3d57ed00778cc,6903
device_uplink,1788867335000000000,70b3d57ed00778cc,6904
device_uplink,1788867351000000000,70b3d57ed00778cc,6905
device_uplink,1788867367000000000,70b3d57ed00778cc,6906
device_uplink,1788867383000000000,70b3d57ed00778cc,6907
device_uplink,1788867401000000000,70b3d57ed00778cc,6908
device_uplink,1788867417000000000,70b3d57ed00778cc,6909
device_uplink,1788867433000000000,70b3d57ed00778cc,6910
device_uplink,1788867449000000000,70b3d57ed00778cc,6911
device_uplink,1788867465000000000,70b3d57ed00778cc,6912
device_uplink,1788867481000000000,70b3d57ed00778cc,6913
device_uplink,1788867497000000000,70b3d57ed00778cc,6914
device_uplink,1788867513000000000,70b3d57ed00778cc,6915
device_uplink,1788867531000000000,70b3d57ed00778cc,6916
device_uplink,1788867547000000000,70b3d57ed00778cc,6917
device_uplink,1788867563000000000,70b3d57ed00778cc,6918
device_uplink,1788867579000000000,70b3d57ed00778cc,6919
device_uplink,1788867595000000000,70b3d57ed00778cc,6920
device_uplink,1788867611000000000,70b3d57ed00778cc,6921
device_uplink,1788867627000000000,70b3d57ed00778cc,6922
device_uplink,1788867643000000000,70b3d57ed00778cc,6923
device_uplink,1788867661000000000,70b3d57ed00778cc,6924
device_uplink,1788867677000000000,70b3d57ed00778cc,6925
device_uplink,1788867693000000000,70b3d57ed00778cc,6926
device_uplink,1788867709000000000,70b3d57ed00778cc,6927
device_uplink,1788867725000000000,70b3d57ed00778cc,6928
device_uplink,1788867741000000000,70b3d57ed00778cc,6929
device_uplink,1788867757000000000,70b3d57ed00778cc,6930
device_uplink,1788867773000000000,70b3d57ed00778cc,6931
device_uplink,1788867791000000000,70b3d57ed00778cc,6932
device_uplink,1788867807000000000,70b3d57ed00778cc,6933
device_uplink,1788867823000000000,70b3d57ed00778cc,6934
device_uplink,1788867839000000000,70b3d57ed00778cc,6935
device_uplink,1788867855000000000,70b3d57ed00778cc,6936
device_uplink,1788867871000000000,70b3d57ed00778cc,6937
device_uplink,1788867889000000000,70b3d57ed00778cc,6938
device_uplink,1788867905000000000,70b3d57ed00778cc,6939
device_uplink,1788867921000000000,70b3d57ed00778cc,6940
device_uplink,1788867931000000000,70b3d57ed0077801,54
device_uplink,1788867937000000000,70b3d57ed00778cc,6941
device_uplink,1788867953000000000,70b3d57ed00778cc,6942
device_uplink,1788867969000000000,70b3d57ed00778cc,6943
device_uplink,1788867985000000000,70b3d57ed00778cc,6944
device_uplink,1788868001000000000,70b3d57ed00778cc,6945
device_uplink,1788868019000000000,70b3d57ed00778cc,6946
device_uplink,1788868035000000000,70b3d57ed00778cc,6947
device_uplink,1788868051000000000,70b3d57ed00778cc,6948
device_uplink,1788868067000000000,70b3d57ed00778cc,6949
device_uplink,1788868083000000000,70b3d57ed00778cc,6950
device_uplink,1788868099000000000,70b3d57ed00778cc,6951
device_uplink,1788868115000000000,70b3d57ed00778cc,6952
device_uplink,1788868131000000000,70b3d57ed00778cc,6953
device_uplink,1788868149000000000,70b3d57ed00778cc,6954
device_uplink,1788868165000000000,70b3d57ed00778cc,6955
device_uplink,1788868181000000000,70b3d57ed00778cc,6956
device_uplink,1788868197000000000,70b3d57ed00778cc,6957
device_uplink,1788868213000000000,70b3d57ed00778cc,6958
device_uplink,1788868229000000000,70b3d57ed00778cc,6959
device_uplink,1788868245000000000,70b3d57ed00778cc,6960
device_uplink,1788868261000000000,70b3d57ed00778cc,6961
device_uplink,1788868279000000000,70b3d57ed00778cc,6962
device_uplink,1788868295000000000,70b3d57ed00778cc,6963
device_uplink,1788868311000000000,70b3d57ed00778cc,6964
device_uplink,1788868327000000000,70b3d57ed00778cc,6965
device_uplink,1788868343000000000,70b3d57ed00778cc,6966
device_uplink,1788868359000000000,70b3d57ed00778cc,6967
device_uplink,1788868375000000000,70b3d57ed00778cc,6968
device_uplink,1788868391000000000,70b3d57ed00778cc,6969
device_uplink,1788868409000000000,70b3d57ed00778cc,6970
device_uplink,1788868425000000000,70b3d57ed00778cc,6971
device_uplink,1788868441000000000,70b3d57ed00778cc,6972
device_uplink,1788868457000000000,70b3d57ed00778cc,6973
device_uplink,1788868473000000000,70b3d57ed00778cc,6974
device_uplink,1788868489000000000,70b3d57ed00778cc,6975
device_uplink,1788868505000000000,70b3d57ed00778cc,6976
device_uplink,1788868521000000000,70b3d57ed00778cc,6977
device_uplink,1788868539000000000,70b3d57ed00778cc,6978
device_uplink,1788868555000000000,70b3d57ed00778cc,6979
device_uplink,1788868571000000000,70b3d57ed00778cc,6980
device_uplink,1788868587000000000,70b3d57ed00778cc,6981
device_uplink,1788868603000000000,70b3d57ed00778cc,6982
device_uplink,1788868619000000000,70b3d57ed00778cc,6983
device_uplink,1788868635000000000,70b3d57ed00778cc,6984
device_uplink,1788868651000000000,70b3d57ed00778cc,6985
device_uplink,1788868669000000000,70b3d57ed00778cc,6986
device_uplink,1788868685000000000,70b3d57ed00778cc,6987
device_uplink,1788868701000000000,70b3d57ed00778cc,6988
device_uplink,1788868717000000000,70b3d57ed00778cc,6989
device_uplink,1788868733000000000,70b3d57ed00778cc,6990
device_uplink,1788868749000000000,70b3d57ed00778cc,6991
device_uplink,1788868765000000000,70b3d57ed00778cc,6992
device_uplink,1788868783000000000,70b3d57ed00778cc,6993
device_uplink,1788868799000000000,70b3d57ed00778cc,6994
device_uplink,1788868815000000000,70b3d57ed00778cc,6995
device_uplink,1788868831000000000,70b3d57ed00778cc,6996
device_uplink,1788868840000000000,70b3d57ed0077801,55
device_uplink,1788868847000000000,70b3d57ed00778cc,6997
device_uplink,1788868863000000000,70b3d57ed00778cc,6998
device_uplink,1788868879000000000,70b3d57ed00778cc,6999
device_uplink,1788868895000000000,70b3d57ed00778cc,7000
device_uplink,1788868913000000000,70b3d57ed00778cc,7001
device_uplink,1788868929000000000,70b3d57ed00778cc,7002
device_uplink,1788868945000000000,70b3d57ed00778cc,7003
device_uplink,1788868961000000000,70b3d57ed00778cc,7004
device_uplink,1788868977000000000,70b3d57ed00778cc,7005
device_uplink,1788868993000000000,70b3d57ed00778cc,7006
device_uplink,1788869009000000000,70b3d57ed00778cc,7007
device_uplink,1788869027000000000,70b3d57ed00778cc,7008
device_uplink,1788869043000000000,70b3d57ed00778cc,7009
device_uplink,1788869059000000000,70b3d57ed00778cc,7010
device_uplink,1788869075000000000,70b3d57ed00778cc,7011
device_uplink,1788869091000000000,70b3d57ed00778cc,7012
device_uplink,1788869107000000000,70b3d57ed00778cc,7013
device_uplink,1788869123000000000,70b3d57ed00778cc,7014
device_uplink,1788869139000000000,70b3d57ed00778cc,7015
device_uplink,1788869157000000000,70b3d57ed00778cc,7016
device_uplink,1788869173000000000,70b3d57ed00778cc,7017
device_uplink,1788869189000000000,70b3d57ed00778cc,7018
device_uplink,1788869205000000000,70b3d57ed00778cc,7019
device_uplink,1788869221000000000,70b3d57ed00778cc,7020
device_uplink,1788869237000000000,70b3d57ed00778cc,7021
device_uplink,1788869253000000000,70b3d57ed00778cc,7022
device_uplink,1788869269000000000,70b3d57ed00778cc,7023
device_uplink,1788869287000000000,70b3d57ed00778cc,7024
device_uplink,1788869303000000000,70b3d57ed00778cc,7025
device_uplink,1788869319000000000,70b3d57ed00778cc,7026
device_uplink,1788869335000000000,70b3d57ed00778cc,7027
device_uplink,1788869351000000000,70b3d57ed00778cc,7028
device_uplink,1788869367000000000,70b3d57ed00778cc,7029
device_uplink,1788869383000000000,70b3d57ed00778cc,7030
device_uplink,1788869399000000000,70b3d57ed00778cc,7031
device_uplink,1788869417000000000,70b3d57ed00778cc,7032
device_uplink,1788869433000000000,70b3d57ed00778cc,7033
device_uplink,1788869449000000000,70b3d57ed00778cc,7034
device_uplink,1788869465000000000,70b3d57ed00778cc,7035
device_uplink,1788869481000000000,70b3d57ed00778cc,7036
device_uplink,1788869497000000000,70b3d57ed00778cc,7037
device_uplink,1788869513000000000,70b3d57ed00778cc,7038
device_uplink,1788869531000000000,70b3d57ed00778cc,7039
device_uplink,1788869547000000000,70b3d57ed00778cc,7040
device_uplink,1788869563000000000,70b3d57ed00778cc,7041
device_uplink,1788869579000000000,70b3d57ed00778cc,7042
device_uplink,1788869595000000000,70b3d57ed00778cc,7043
device_uplink,1788869611000000000,70b3d57ed00778cc,7044
device_uplink,1788869627000000000,70b3d57ed00778cc,7045
device_uplink,1788869645000000000,70b3d57ed00778cc,7046
device_uplink,1788869661000000000,70b3d57ed00778cc,7047
device_uplink,1788869677000000000,70b3d57ed00778cc,7048
device_uplink,1788869693000000000,70b3d57ed00778cc,7049
device_uplink,1788869709000000000,70b3d57ed00778cc,7050
device_uplink,1788869725000000000,70b3d57ed00778cc,7051
device_uplink,1788869741000000000,70b3d57ed00778cc,7052
device_uplink,1788869748000000000,70b3d57ed0077801,56
device_uplink,1788869757000000000,70b3d57ed00778cc,7053
device_uplink,1788869775000000000,70b3d57ed00778cc,7054
device_uplink,1788869791000000000,70b3d57ed00778cc,7055
device_uplink,1788869807000000000,70b3d57ed00778cc,7056
device_uplink,1788869823000000000,70b3d57ed00778cc,7057
device_uplink,1788869839000000000,70b3d57ed00778cc,7058
device_uplink,1788869855000000000,70b3d57ed00778cc,7059
device_uplink,1788869871000000000,70b3d57ed00778cc,7060
device_uplink,1788869887000000000,70b3d57ed00778cc,7061
device_uplink,1788869905000000000,70b3d57ed00778cc,7062
device_uplink,1788869921000000000,70b3d57ed00778cc,7063
device_uplink,1788869937000000000,70b3d57ed00778cc,7064
device_uplink,1788869953000000000,70b3d57ed00778cc,7065
device_uplink,1788869969000000000,70b3d57ed00778cc,7066
device_uplink,1788869987000000000,70b3d57ed00778cc,7067
device_uplink,1788870003000000000,70b3d57ed00778cc,7068
device_uplink,1788870019000000000,70b3d57ed00778cc,7069
device_uplink,1788870035000000000,70b3d57ed00778cc,7070
device_uplink,1788870051000000000,70b3d57ed00778cc,7071
device_uplink,1788870067000000000,70b3d57ed00778cc,7072
device_uplink,1788870083000000000,70b3d57ed00778cc,7073
device_uplink,1788870101000000000,70b3d57ed00778cc,7074
device_uplink,1788870117000000000,70b3d57ed00778cc,7075
device_uplink,1788870133000000000,70b3d57ed00778cc,7076
device_uplink,1788870149000000000,70b3d57ed00778cc,7077
device_uplink,1788870165000000000,70b3d57ed00778cc,7078
device_uplink,1788870181000000000,70b3d57ed00778cc,7079
device_uplink,1788870197000000000,70b3d57ed00778cc,7080
device_uplink,1788870213000000000,70b3d57ed00778cc,7081
device_uplink,1788870231000000000,70b3d57ed00778cc,7082
device_uplink,1788870247000000000,70b3d57ed00778cc,7083
device_uplink,1788870263000000000,70b3d57ed00778cc,7084
device_uplink,1788870279000000000,70b3d57ed00778cc,7085
device_uplink,1788870295000000000,70b3d57ed00778cc,7086
device_uplink,1788870311000000000,70b3d57ed00778cc,7087
device_uplink,1788870327000000000,70b3d57ed00778cc,7088
device_uplink,1788870343000000000,70b3d57ed00778cc,7089
device_uplink,1788870361000000000,70b3d57ed00778cc,7090
device_uplink,1788870377000000000,70b3d57ed00778cc,7091
device_uplink,1788870393000000000,70b3d57ed00778cc,7092
device_uplink,1788870409000000000,70b3d57ed00778cc,7093
device_uplink,1788870425000000000,70b3d57ed00778cc,7094
device_uplink,1788870441000000000,70b3d57ed00778cc,7095
device_uplink,1788870457000000000,70b3d57ed00778cc,7096
device_uplink,1788870473000000000,70b3d57ed00778cc,7097
device_uplink,1788870491000000000,70b3d57ed00778cc,7098
device_uplink,1788870507000000000,70b3d57ed00778cc,7099
device_uplink,1788870523000000000,70b3d57ed00778cc,7100
device_uplink,1788870539000000000,70b3d57ed00778cc,7101
device_uplink,1788870555000000000,70b3d57ed00778cc,7102
device_uplink,1788870571000000000,70b3d57ed00778cc,7103
device_uplink,1788870587000000000,70b3d57ed00778cc,7104
device_uplink,1788870603000000000,70b3d57ed00778cc,7105
device_uplink,1788870621000000000,70b3d57ed00778cc,7106
device_uplink,1788870637000000000,70b3d57ed00778cc,7107
device_uplink,1788870653000000000,70b3d57ed00778cc,7108
device_uplink,1788870656000000000,70b3d57ed0077801,57
device_uplink,1788870669000000000,70b3d57ed00778cc,7109
device_uplink,1788870685000000000,70b3d57ed00778cc,7110
device_uplink,1788870701000000000,70b3d57ed00778cc,7111
device_uplink,1788870717000000000,70b3d57ed00778cc,7112
device_uplink,1788870735000000000,70b3d57ed00778cc,7113
device_uplink,1788870751000000000,70b3d57ed00778cc,7114
device_uplink,1788870767000000000,70b3d57ed00778cc,7115
device_uplink,1788870783000000000,70b3d57ed00778cc,7116
device_uplink,1788870799000000000,70b3d57ed00778cc,7117
device_uplink,1788870815000000000,70b3d57ed00778cc,7118
device_uplink,1788870831000000000,70b3d57ed00778cc,7119
device_uplink,1788870847000000000,70b3d57ed00778cc,7120
device_uplink,1788870865000000000,70b3d57ed00778cc,7121
device_uplink,1788870881000000000,70b3d57ed00778cc,7122
device_uplink,1788870897000000000,70b3d57ed00778cc,7123
device_uplink,1788870913000000000,70b3d57ed00778cc,7124
device_uplink,1788870929000000000,70b3d57ed00778cc,7125
device_uplink,1788870945000000000,70b3d57ed00778cc,7126
device_uplink,1788870961000000000,70b3d57ed00778cc,7127
device_uplink,1788870977000000000,70b3d57ed00778cc,7128
device_uplink,1788870995000000000,70b3d57ed00778cc,7129
device_uplink,1788871011000000000,70b3d57ed00778cc,7130
device_uplink,1788871027000000000,70b3d57ed00778cc,7131
device_uplink,1788871043000000000,70b3d57ed00778cc,7132
device_uplink,1788871059000000000,70b3d57ed00778cc,7133
device_uplink,1788871075000000000,70b3d57ed00778cc,7134
device_uplink,1788871091000000000,70b3d57ed00778cc,7135
device_uplink,1788871107000000000,70b3d57ed00778cc,7136
device_uplink,1788871125000000000,70b3d57ed00778cc,7137
device_uplink,1788871141000000000,70b3d57ed00778cc,7138
device_uplink,1788871157000000000,70b3d57ed00778cc,7139
device_uplink,1788871173000000000,70b3d57ed00778cc,7140
device_uplink,1788871189000000000,70b3d57ed00778cc,7141
device_uplink,1788871205000000000,70b3d57ed00778cc,7142
device_uplink,1788871221000000000,70b3d57ed00778cc,7143
device_uplink,1788871237000000000,70b3d57ed00778cc,7144
device_uplink,1788871253000000000,70b3d57ed00778cc,7145
device_uplink,1788871271000000000,70b3d57ed00778cc,7146
device_uplink,1788871287000000000,70b3d57ed00778cc,7147
device_uplink,1788871303000000000,70b3d57ed00778cc,7148
device_uplink,1788871319000000000,70b3d57ed00778cc,7149
device_uplink,1788871335000000000,70b3d57ed00778cc,7150
device_uplink,1788871351000000000,70b3d57ed00778cc,7151
device_uplink,1788871369000000000,70b3d57ed00778cc,7152
device_uplink,1788871385000000000,70b3d57ed00778cc,7153
device_uplink,1788871401000000000,70b3d57ed00778cc,7154
device_uplink,1788871417000000000,70b3d57ed00778cc,7155
device_uplink,1788871433000000000,70b3d57ed00778cc,7156
device_uplink,1788871449000000000,70b3d57ed00778cc,7157
device_uplink,1788871465000000000,70b3d57ed00778cc,7158
device_uplink,1788871481000000000,70b3d57ed00778cc,7159
device_uplink,1788871499000000000,70b3d57ed00778cc,7160
device_uplink,1788871515000000000,70b3d57ed00778cc,7161
device_uplink,1788871531000000000,70b3d57ed00778cc,7162
device_uplink,1788871547000000000,70b3d57ed00778cc,7163
device_uplink,1788871563000000000,70b3d57ed00778cc,7164
device_uplink,1788871565000000000,70b3d57ed0077801,58
device_uplink,1788871579000000000,70b3d57ed00778cc,7165
device_uplink,1788871595000000000,70b3d57ed00778cc,7166
device_uplink,1788871611000000000,70b3d57ed00778cc,7167
device_uplink,1788871629000000000,70b3d57ed00778cc,7168
device_uplink,1788871645000000000,70b3d57ed00778cc,7169
device_uplink,1788871661000000000,70b3d57ed00778cc,7170
device_uplink,1788871677000000000,70b3d57ed00778cc,7171
device_uplink,1788871693000000000,70b3d57ed00778cc,7172
device_uplink,1788871709000000000,70b3d57ed00778cc,7173
device_uplink,1788871725000000000,70b3d57ed00778cc,7174
device_uplink,1788871741000000000,70b3d57ed00778cc,7175
device_uplink,1788871759000000000,70b3d57ed00778cc,7176
device_uplink,1788871775000000000,70b3d57ed00778cc,7177
device_uplink,1788871791000000000,70b3d57ed00778cc,7178
device_uplink,1788871807000000000,70b3d57ed00778cc,7179
device_uplink,1788871823000000000,70b3d57ed00778cc,7180
device_uplink,1788871839000000000,70b3d57ed00778cc,7181
device_uplink,1788871855000000000,70b3d57ed00778cc,7182
device_uplink,1788871871000000000,70b3d57ed00778cc,7183
device_uplink,1788871889000000000,70b3d57ed00778cc,7184
device_uplink,1788871905000000000,70b3d57ed00778cc,7185
device_uplink,1788871921000000000,70b3d57ed00778cc,7186
device_uplink,1788871937000000000,70b3d57ed00778cc,7187
device_uplink,1788871953000000000,70b3d57ed00778cc,7188
device_uplink,1788871969000000000,70b3d57ed00778cc,7189
device_uplink,1788871987000000000,70b3d57ed00778cc,7190
device_uplink,1788872003000000000,70b3d57ed00778cc,7191
device_uplink,1788872019000000000,70b3d57ed00778cc,7192
device_uplink,1788872035000000000,70b3d57ed00778cc,7193
device_uplink,1788872051000000000,70b3d57ed00778cc,7194
device_uplink,1788872067000000000,70b3d57ed00778cc,7195
device_uplink,1788872083000000000,70b3d57ed00778cc,7196
device_uplink,1788872099000000000,70b3d57ed00778cc,7197
device_uplink,1788872117000000000,70b3d57ed00778cc,7198
device_uplink,1788872133000000000,70b3d57ed00778cc,7199
device_uplink,1788872149000000000,70b3d57ed00778cc,7200
device_uplink,1788872165000000000,70b3d57ed00778cc,7201
device_uplink,1788872181000000000,70b3d57ed00778cc,7202
device_uplink,1788872197000000000,70b3d57ed00778cc,7203
device_uplink,1788872213000000000,70b3d57ed00778cc,7204
device_uplink,1788872229000000000,70b3d57ed00778cc,7205
device_uplink,1788872247000000000,70b3d57ed00778cc,7206
device_uplink,1788872263000000000,70b3d57ed00778cc,7207
device_uplink,1788872279000000000,70b3d57ed00778cc,7208
device_uplink,1788872295000000000,70b3d57ed00778cc,7209
device_uplink,1788872311000000000,70b3d57ed00778cc,7210
device_uplink,1788872327000000000,70b3d57ed00778cc,7211
device_uplink,1788872343000000000,70b3d57ed00778cc,7212
device_uplink,1788872359000000000,70b3d57ed00778cc,7213
device_uplink,1788872377000000000,70b3d57ed00778cc,7214
device_uplink,1788872393000000000,70b3d57ed00778cc,7215
device_uplink,1788872409000000000,70b3d57ed00778cc,7216
device_uplink,1788872425000000000,70b3d57ed00778cc,7217
device_uplink,1788872441000000000,70b3d57ed00778cc,7218
device_uplink,1788872457000000000,70b3d57ed00778cc,7219
device_uplink,1788872473000000000,70b3d57ed0077801,59
device_uplink,1788872473000000000,70b3d57ed00778cc,7220
device_uplink,1788872489000000000,70b3d57ed00778cc,7221
device_uplink,1788872507000000000,70b3d57ed00778cc,7222
device_uplink,1788872523000000000,70b3d57ed00778cc,7223
device_uplink,1788872539000000000,70b3d57ed00778cc,7224
device_uplink,1788872555000000000,70b3d57ed00778cc,7225
device_uplink,1788872571000000000,70b3d57ed00778cc,7226
device_uplink,1788872587000000000,70b3d57ed00778cc,7227
device_uplink,1788872603000000000,70b3d57ed00778cc,7228
device_uplink,1788872619000000000,70b3d57ed00778cc,7229
device_uplink,1788872637000000000,70b3d57ed00778cc,7230
device_uplink,1788872653000000000,70b3d57ed00778cc,7231
device_uplink,1788872669000000000,70b3d57ed00778cc,7232
device_uplink,1788872685000000000,70b3d57ed00778cc,7233
device_uplink,1788872701000000000,70b3d57ed00778cc,7234
device_uplink,1788872717000000000,70b3d57ed00778cc,7235
device_uplink,1788872733000000000,70b3d57ed00778cc,7236
device_uplink,1788872749000000000,70b3d57ed00778cc,7237
device_uplink,1788872767000000000,70b3d57ed00778cc,7238
device_uplink,1788872783000000000,70b3d57ed00778cc,7239
device_uplink,1788872799000000000,70b3d57ed00778cc,7240
device_uplink,1788872815000000000,70b3d57ed00778cc,7241
device_uplink,1788872831000000000,70b3d57ed00778cc,7242
device_uplink,1788872847000000000,70b3d57ed00778cc,7243
device_uplink,1788872863000000000,70b3d57ed00778cc,7244
device_uplink,1788872879000000000,70b3d57ed00778cc,7245
device_uplink,1788872897000000000,70b3d57ed00778cc,7246
device_uplink,1788872913000000000,70b3d57ed00778cc,7247
device_uplink,1788872929000000000,70b3d57ed00778cc,7248
device_uplink,1788872945000000000,70b3d57ed00778cc,7249
device_uplink,1788872961000000000,70b3d57ed00778cc,7250
device_uplink,1788872977000000000,70b3d57ed00778cc,7251
device_uplink,1788872993000000000,70b3d57ed00778cc,7252
device_uplink,1788873009000000000,70b3d57ed00778cc,7253
device_uplink,1788873027000000000,70b3d57ed00778cc,7254
device_uplink,1788873043000000000,70b3d57ed00778cc,7255
device_uplink,1788873059000000000,70b3d57ed00778cc,7256
device_uplink,1788873075000000000,70b3d57ed00778cc,7257
device_uplink,1788873091000000000,70b3d57ed00778cc,7258
device_uplink,1788873107000000000,70b3d57ed00778cc,7259
device_uplink,1788873123000000000,70b3d57ed00778cc,7260
device_uplink,1788873139000000000,70b3d57ed00778cc,7261
device_uplink,1788873157000000000,70b3d57ed00778cc,7262
device_uplink,1788873173000000000,70b3d57ed00778cc,7263
device_uplink,1788873189000000000,70b3d57ed00778cc,7264
device_uplink,1788873205000000000,70b3d57ed00778cc,7265
device_uplink,1788873221000000000,70b3d57ed00778cc,7266
device_uplink,1788873237000000000,70b3d57ed00778cc,7267
device_uplink,1788873253000000000,70b3d57ed00778cc,7268
device_uplink,1788873269000000000,70b3d57ed00778cc,7269
device_uplink,1788873287000000000,70b3d57ed00778cc,7270
device_uplink,1788873303000000000,70b3d57ed00778cc,7271
device_uplink,1788873319000000000,70b3d57ed00778cc,7272
device_uplink,1788873335000000000,70b3d57ed00778cc,7273
device_uplink,1788873351000000000,70b3d57ed00778cc,7274
device_uplink,1788873367000000000,70b3d57ed00778cc,7275
device_uplink,1788873382000000000,70b3d57ed0077801,60
device_uplink,1788873383000000000,70b3d57ed00778cc,7276
device_uplink,1788873399000000000,70b3d57ed00778cc,7277
device_uplink,1788873417000000000,70b3d57ed00778cc,7278
device_uplink,1788873433000000000,70b3d57ed00778cc,7279
device_uplink,1788873449000000000,70b3d57ed00778cc,7280
device_uplink,1788873465000000000,70b3d57ed00778cc,7281
device_uplink,1788873481000000000,70b3d57ed00778cc,7282
device_uplink,1788873497000000000,70b3d57ed00778cc,7283
device_uplink,1788873513000000000,70b3d57ed00778cc,7284
device_uplink,1788873531000000000,70b3d57ed00778cc,7285
device_uplink,1788873547000000000,70b3d57ed00778cc,7286
device_uplink,1788873563000000000,70b3d57ed00778cc,7287
device_uplink,1788873579000000000,70b3d57ed00778cc,7288
device_uplink,1788873595000000000,70b3d57ed00778cc,7289
device_uplink,1788873611000000000,70b3d57ed00778cc,7290
device_uplink,1788873627000000000,70b3d57ed00778cc,7291
device_uplink,1788873643000000000,70b3d57ed00778cc,7292
device_uplink,1788873659000000000,70b3d57ed00778cc,7293
device_uplink,1788873677000000000,70b3d57ed00778cc,7294
device_uplink,1788873693000000000,70b3d57ed00778cc,7295
device_uplink,1788873709000000000,70b3d57ed00778cc,7296
device_uplink,1788873725000000000,70b3d57ed00778cc,7297
device_uplink,1788873741000000000,70b3d57ed00778cc,7298
device_uplink,1788873759000000000,70b3d57ed00778cc,7299
device_uplink,1788873775000000000,70b3d57ed00778cc,7300
device_uplink,1788873791000000000,70b3d57ed00778cc,7301
device_uplink,1788873807000000000,70b3d57ed00778cc,7302
device_uplink,1788873823000000000,70b3d57ed00778cc,7303
device_uplink,1788873839000000000,70b3d57ed00778cc,7304
device_uplink,1788873855000000000,70b3d57ed00778cc,7305
device_uplink,1788873871000000000,70b3d57ed00778cc,7306
device_uplink,1788873889000000000,70b3d57ed00778cc,7307
device_uplink,1788873905000000000,70b3d57ed00778cc,7308
device_uplink,1788873921000000000,70b3d57ed00778cc,7309
device_uplink,1788873937000000000,70b3d57ed00778cc,7310
device_uplink,1788873953000000000,70b3d57ed00778cc,7311
device_uplink,1788873969000000000,70b3d57ed00778cc,7312
device_uplink,1788873985000000000,70b3d57ed00778cc,7313
device_uplink,1788874001000000000,70b3d57ed00778cc,7314
device_uplink,1788874019000000000,70b3d57ed00778cc,7315
device_uplink,1788874035000000000,70b3d57ed00778cc,7316
device_uplink,1788874051000000000,70b3d57ed00778cc,7317
device_uplink,1788874067000000000,70b3d57ed00778cc,7318
device_uplink,1788874083000000000,70b3d57ed00778cc,7319
device_uplink,1788874099000000000,70b3d57ed00778cc,7320
device_uplink,1788874115000000000,70b3d57ed00778cc,7321
device_uplink,1788874131000000000,70b3d57ed00778cc,7322
device_uplink,1788874149000000000,70b3d57ed00778cc,7323
device_uplink,1788874165000000000,70b3d57ed00778cc,7324
device_uplink,1788874181000000000,70b3d57ed00778cc,7325
device_uplink,1788874197000000000,70b3d57ed00778cc,7326
device_uplink,1788874213000000000,70b3d57ed00778cc,7327
device_uplink,1788874229000000000,70b3d57ed00778cc,7328
device_uplink,1788874245000000000,70b3d57ed00778cc,7329
device_uplink,1788874261000000000,70b3d57ed00778cc,7330
device_uplink,1788874279000000000,70b3d57ed00778cc,7331
device_uplink,1788874290000000000,70b3d57ed0077801,61
device_uplink,1788874295000000000,70b3d57ed00778cc,7332
device_uplink,1788874311000000000,70b3d57ed00778cc,7333
device_uplink,1788874327000000000,70b3d57ed00778cc,7334
device_uplink,1788874343000000000,70b3d57ed00778cc,7335
device_uplink,1788874359000000000,70b3d57ed00778cc,7336
device_uplink,1788874375000000000,70b3d57ed00778cc,7337
device_uplink,1788874391000000000,70b3d57ed00778cc,7338
device_uplink,1788874409000000000,70b3d57ed00778cc,7339
device_uplink,1788874425000000000,70b3d57ed00778cc,7340
device_uplink,1788874441000000000,70b3d57ed00778cc,7341
device_uplink,1788874457000000000,70b3d57ed00778cc,7342
device_uplink,1788874473000000000,70b3d57ed00778cc,7343
device_uplink,1788874489000000000,70b3d57ed00778cc,7344
device_uplink,1788874505000000000,70b3d57ed00778cc,7345
device_uplink,1788874521000000000,70b3d57ed00778cc,7346
device_uplink,1788874539000000000,70b3d57ed00778cc,7347
device_uplink,1788874555000000000,70b3d57ed00778cc,7348
device_uplink,1788874571000000000,70b3d57ed00778cc,7349
device_uplink,1788874587000000000,70b3d57ed00778cc,7350
device_uplink,1788874603000000000,70b3d57ed00778cc,7351
device_uplink,1788874619000000000,70b3d57ed00778cc,7352
device_uplink,1788874635000000000,70b3d57ed00778cc,7353
device_uplink,1788874651000000000,70b3d57ed00778cc,7354
device_uplink,1788874669000000000,70b3d57ed00778cc,7355
device_uplink,1788874685000000000,70b3d57ed00778cc,7356
device_uplink,1788874701000000000,70b3d57ed00778cc,7357
device_uplink,1788874717000000000,70b3d57ed00778cc,7358
device_uplink,1788874733000000000,70b3d57ed00778cc,7359
device_uplink,1788874749000000000,70b3d57ed00778cc,7360
device_uplink,1788874765000000000,70b3d57ed00778cc,7361
device_uplink,1788874781000000000,70b3d57ed00778cc,7362
device_uplink,1788874799000000000,70b3d57ed00778cc,7363
device_uplink,1788874815000000000,70b3d57ed00778cc,7364
device_uplink,1788874831000000000,70b3d57ed00778cc,7365
device_uplink,1788874847000000000,70b3d57ed00778cc,7366
device_uplink,1788874863000000000,70b3d57ed00778cc,7367
device_uplink,1788874879000000000,70b3d57ed00778cc,7368
device_uplink,1788874895000000000,70b3d57ed00778cc,7369
device_uplink,1788874913000000000,70b3d57ed00778cc,7370
device_uplink,1788874929000000000,70b3d57ed00778cc,7371
device_uplink,1788874945000000000,70b3d57ed00778cc,7372
device_uplink,1788874961000000000,70b3d57ed00778cc,7373
device_uplink,1788874977000000000,70b3d57ed00778cc,7374
device_uplink,1788874993000000000,70b3d57ed00778cc,7375
device_uplink,1788875009000000000,70b3d57ed00778cc,7376
device_uplink,1788875025000000000,70b3d57ed00778cc,7377
device_uplink,1788875043000000000,70b3d57ed00778cc,7378
device_uplink,1788875059000000000,70b3d57ed00778cc,7379
device_uplink,1788875075000000000,70b3d57ed00778cc,7380
device_uplink,1788875091000000000,70b3d57ed00778cc,7381
device_uplink,1788875107000000000,70b3d57ed00778cc,7382
device_uplink,1788875123000000000,70b3d57ed00778cc,7383
device_uplink,1788875139000000000,70b3d57ed00778cc,7384
device_uplink,1788875155000000000,70b3d57ed00778cc,7385
device_uplink,1788875173000000000,70b3d57ed00778cc,7386
device_uplink,1788875189000000000,70b3d57ed00778cc,7387
device_uplink,1788875198000000000,70b3d57ed0077801,62
device_uplink,1788875205000000000,70b3d57ed00778cc,7388
device_uplink,1788875221000000000,70b3d57ed00778cc,7389
device_uplink,1788875237000000000,70b3d57ed00778cc,7390
device_uplink,1788875253000000000,70b3d57ed00778cc,7391
device_uplink,1788875269000000000,70b3d57ed00778cc,7392
device_uplink,1788875285000000000,70b3d57ed00778cc,7393
device_uplink,1788875303000000000,70b3d57ed00778cc,7394
device_uplink,1788875319000000000,70b3d57ed00778cc,7395
device_uplink,1788875335000000000,70b3d57ed00778cc,7396
device_uplink,1788875351000000000,70b3d57ed00778cc,7397
device_uplink,1788875367000000000,70b3d57ed00778cc,7398
device_uplink,1788875383000000000,70b3d57ed00778cc,7399
device_uplink,1788875401000000000,70b3d57ed00778cc,7400
device_uplink,1788875417000000000,70b3d57ed00778cc,7401
device_uplink,1788875433000000000,70b3d57ed00778cc,7402
device_uplink,1788875449000000000,70b3d57ed00778cc,7403
device_uplink,1788875465000000000,70b3d57ed00778cc,7404
device_uplink,1788875481000000000,70b3d57ed00778cc,7405
device_uplink,1788875497000000000,70b3d57ed00778cc,7406
device_uplink,1788875513000000000,70b3d57ed00778cc,7407
device_uplink,1788875531000000000,70b3d57ed00778cc,7408
device_uplink,1788875547000000000,70b3d57ed00778cc,7409
device_uplink,1788875563000000000,70b3d57ed00778cc,7410
device_uplink,1788875579000000000,70b3d57ed00778cc,7411
device_uplink,1788875595000000000,70b3d57ed00778cc,7412
device_uplink,1788875611000000000,70b3d57ed00778cc,7413
device_uplink,1788875627000000000,70b3d57ed00778cc,7414
device_uplink,1788875643000000000,70b3d57ed00778cc,7415
device_uplink,1788875661000000000,70b3d57ed00778cc,7416
device_uplink,1788875677000000000,70b3d57ed00778cc,7417
device_uplink,1788875693000000000,70b3d57ed00778cc,7418
device_uplink,1788875709000000000,70b3d57ed00778cc,7419
device_uplink,1788875725000000000,70b3d57ed00778cc,7420
device_uplink,1788875741000000000,70b3d57ed00778cc,7421
device_uplink,1788875757000000000,70b3d57ed00778cc,7422
device_uplink,1788875773000000000,70b3d57ed00778cc,7423
device_uplink,1788875791000000000,70b3d57ed00778cc,7424
device_uplink,1788875807000000000,70b3d57ed00778cc,7425
device_uplink,1788875823000000000,70b3d57ed00778cc,7426
device_uplink,1788875839000000000,70b3d57ed00778cc,7427
device_uplink,1788875855000000000,70b3d57ed00778cc,7428
device_uplink,1788875871000000000,70b3d57ed00778cc,7429
device_uplink,1788875887000000000,70b3d57ed00778cc,7430
device_uplink,1788875903000000000,70b3d57ed00778cc,7431
device_uplink,1788875921000000000,70b3d57ed00778cc,7432
device_uplink,1788875937000000000,70b3d57ed00778cc,7433
device_uplink,1788875953000000000,70b3d57ed00778cc,7434
device_uplink,1788875969000000000,70b3d57ed00778cc,7435
device_uplink,1788875985000000000,70b3d57ed00778cc,7436
device_uplink,1788876001000000000,70b3d57ed00778cc,7437
device_uplink,1788876017000000000,70b3d57ed00778cc,7438
device_uplink,1788876033000000000,70b3d57ed00778cc,7439
device_uplink,1788876051000000000,70b3d57ed00778cc,7440
device_uplink,1788876067000000000,70b3d57ed00778cc,7441
device_uplink,1788876083000000000,70b3d57ed00778cc,7442
device_uplink,1788876099000000000,70b3d57ed00778cc,7443
device_uplink,1788876107000000000,70b3d57ed0077801,63
device_uplink,1788876115000000000,70b3d57ed00778cc,7444
device_uplink,1788876131000000000,70b3d57ed00778cc,7445
device_uplink,1788876147000000000,70b3d57ed00778cc,7446
device_uplink,1788876163000000000,70b3d57ed00778cc,7447
device_uplink,1788876181000000000,70b3d57ed00778cc,7448
device_uplink,1788876197000000000,70b3d57ed00778cc,7449
device_uplink,1788876213000000000,70b3d57ed00778cc,7450
device_uplink,1788876229000000000,70b3d57ed00778cc,7451
device_uplink,1788876245000000000,70b3d57ed00778cc,7452
device_uplink,1788876263000000000,70b3d57ed00778cc,7453
device_uplink,1788876279000000000,70b3d57ed00778cc,7454
device_uplink,1788876295000000000,70b3d57ed00778cc,7455
device_uplink,1788876311000000000,70b3d57ed00778cc,7456
device_uplink,1788876327000000000,70b3d57ed00778cc,7457
device_uplink,1788876343000000000,70b3d57ed00778cc,7458
device_uplink,1788876359000000000,70b3d57ed00778cc,7459
device_uplink,1788876375000000000,70b3d57ed00778cc,7460
device_uplink,1788876393000000000,70b3d57ed00778cc,7461
device_uplink,1788876409000000000,70b3d57ed00778cc,7462
device_uplink,1788876425000000000,70b3d57ed00778cc,7463
device_uplink,1788876441000000000,70b3d57ed00778cc,7464
device_uplink,1788876457000000000,70b3d57ed00778cc,7465
device_uplink,1788876473000000000,70b3d57ed00778cc,7466
device_uplink,1788876489000000000,70b3d57ed00778cc,7467
device_uplink,1788876505000000000,70b3d57ed00778cc,7468
device_uplink,1788876521000000000,70b3d57ed00778cc,7469
device_uplink,1788876539000000000,70b3d57ed00778cc,7470
device_uplink,1788876555000000000,70b3d57ed00778cc,7471
device_uplink,1788876571000000000,70b3d57ed00778cc,7472
device_uplink,1788876587000000000,70b3d57ed00778cc,7473
device_uplink,1788876603000000000,70b3d57ed00778cc,7474
device_uplink,1788876619000000000,70b3d57ed00778cc,7475
device_uplink,1788876635000000000,70b3d57ed00778cc,7476
device_uplink,1788876651000000000,70b3d57ed00778cc,7477
device_uplink,1788876669000000000,70b3d57ed00778cc,7478
device_uplink,1788876685000000000,70b3d57ed00778cc,7479
device_uplink,1788876701000000000,70b3d57ed00778cc,7480
device_uplink,1788876717000000000,70b3d57ed00778cc,7481
device_uplink,1788876733000000000,70b3d57ed00778cc,7482
device_uplink,1788876749000000000,70b3d57ed00778cc,7483
device_uplink,1788876765000000000,70b3d57ed00778cc,7484
device_uplink,1788876781000000000,70b3d57ed00778cc,7485
device_uplink,1788876799000000000,70b3d57ed00778cc,7486
device_uplink,1788876815000000000,70b3d57ed00778cc,7487
device_uplink,1788876831000000000,70b3d57ed00778cc,7488
device_uplink,1788876847000000000,70b3d57ed00778cc,7489
device_uplink,1788876863000000000,70b3d57ed00778cc,7490
device_uplink,1788876879000000000,70b3d57ed00778cc,7491
device_uplink,1788876895000000000,70b3d57ed00778cc,7492
device_uplink,1788876911000000000,70b3d57ed00778cc,7493
device_uplink,1788876929000000000,70b3d57ed00778cc,7494
device_uplink,1788876945000000000,70b3d57ed00778cc,7495
device_uplink,1788876961000000000,70b3d57ed00778cc,7496
device_uplink,1788876977000000000,70b3d57ed00778cc,7497
device_uplink,1788876993000000000,70b3d57ed00778cc,7498
device_uplink,1788877009000000000,70b3d57ed00778cc,7499
device_uplink,1788877015000000000,70b3d57ed0077801,64
device_uplink,1788877027000000000,70b3d57ed00778cc,7500
device_uplink,1788877043000000000,70b3d57ed00778cc,7501
device_uplink,1788877059000000000,70b3d57ed00778cc,7502
device_uplink,1788877075000000000,70b3d57ed00778cc,7503
device_uplink,1788877091000000000,70b3d57ed00778cc,7504
device_uplink,1788877107000000000,70b3d57ed00778cc,7505
device_uplink,1788877123000000000,70b3d57ed00778cc,7506
device_uplink,1788877139000000000,70b3d57ed00778cc,7507
device_uplink,1788877155000000000,70b3d57ed00778cc,7508
device_uplink,1788877173000000000,70b3d57ed00778cc,7509
device_uplink,1788877189000000000,70b3d57ed00778cc,7510
device_uplink,1788877205000000000,70b3d57ed00778cc,7511
device_uplink,1788877221000000000,70b3d57ed00778cc,7512
device_uplink,1788877237000000000,70b3d57ed00778cc,7513
device_uplink,1788877253000000000,70b3d57ed00778cc,7514
device_uplink,1788877269000000000,70b3d57ed00778cc,7515
device_uplink,1788877287000000000,70b3d57ed00778cc,7516
device_uplink,1788877303000000000,70b3d57ed00778cc,7517
device_uplink,1788877319000000000,70b3d57ed00778cc,7518
device_uplink,1788877335000000000,70b3d57ed00778cc,7519
device_uplink,1788877351000000000,70b3d57ed00778cc,7520
device_uplink,1788877367000000000,70b3d57ed00778cc,7521
device_uplink,1788877383000000000,70b3d57ed00778cc,7522
device_uplink,1788877399000000000,70b3d57ed00778cc,7523
device_uplink,1788877417000000000,70b3d57ed00778cc,7524
device_uplink,1788877433000000000,70b3d57ed00778cc,7525
device_uplink,1788877449000000000,70b3d57ed00778cc,7526
device_uplink,1788877465000000000,70b3d57ed00778cc,7527
device_uplink,1788877481000000000,70b3d57ed00778cc,7528
device_uplink,1788877497000000000,70b3d57ed00778cc,7529
device_uplink,1788877513000000000,70b3d57ed00778cc,7530
device_uplink,1788877529000000000,70b3d57ed00778cc,7531
device_uplink,1788877547000000000,70b3d57ed00778cc,7532
device_uplink,1788877563000000000,70b3d57ed00778cc,7533
device_uplink,1788877579000000000,70b3d57ed00778cc,7534
device_uplink,1788877595000000000,70b3d57ed00778cc,7535
device_uplink,1788877611000000000,70b3d57ed00778cc,7536
device_uplink,1788877627000000000,70b3d57ed00778cc,7537
device_uplink,1788877643000000000,70b3d57ed00778cc,7538
device_uplink,1788877659000000000,70b3d57ed00778cc,7539
device_uplink,1788877677000000000,70b3d57ed00778cc,7540
device_uplink,1788877693000000000,70b3d57ed00778cc,7541
device_uplink,1788877709000000000,70b3d57ed00778cc,7542
device_uplink,1788877725000000000,70b3d57ed00778cc,7543
device_uplink,1788877741000000000,70b3d57ed00778cc,7544
device_uplink,1788877757000000000,70b3d57ed00778cc,7545
device_uplink,1788877773000000000,70b3d57ed00778cc,7546
device_uplink,1788877789000000000,70b3d57ed00778cc,7547
device_uplink,1788877807000000000,70b3d57ed00778cc,7548
device_uplink,1788877823000000000,70b3d57ed00778cc,7549
device_uplink,1788877839000000000,70b3d57ed00778cc,7550
device_uplink,1788877855000000000,70b3d57ed00778cc,7551
device_uplink,1788877871000000000,70b3d57ed00778cc,7552
device_uplink,1788877887000000000,70b3d57ed00778cc,7553
device_uplink,1788877903000000000,70b3d57ed00778cc,7554
device_uplink,1788877919000000000,70b3d57ed00778cc,7555
device_uplink,1788877924000000000,70b3d57ed0077801,65
device_uplink,1788877937000000000,70b3d57ed00778cc,7556
device_uplink,1788877953000000000,70b3d57ed00778cc,7557
device_uplink,1788877969000000000,70b3d57ed00778cc,7558
device_uplink,1788877985000000000,70b3d57ed00778cc,7559
device_uplink,1788878001000000000,70b3d57ed00778cc,7560
device_uplink,1788878017000000000,70b3d57ed00778cc,7561
device_uplink,1788878033000000000,70b3d57ed00778cc,7562
device_uplink,1788878049000000000,70b3d57ed00778cc,7563
device_uplink,1788878067000000000,70b3d57ed00778cc,7564
device_uplink,1788878083000000000,70b3d57ed00778cc,7565
device_uplink,1788878099000000000,70b3d57ed00778cc,7566
device_uplink,1788878115000000000,70b3d57ed00778cc,7567
device_uplink,1788878131000000000,70b3d57ed00778cc,7568
device_uplink,1788878147000000000,70b3d57ed00778cc,7569
device_uplink,1788878163000000000,70b3d57ed00778cc,7570
device_uplink,1788878179000000000,70b3d57ed00778cc,7571
device_uplink,1788878197000000000,70b3d57ed00778cc,7572
device_uplink,1788878213000000000,70b3d57ed00778cc,7573
device_uplink,1788878229000000000,70b3d57ed00778cc,7574
device_uplink,1788878245000000000,70b3d57ed00778cc,7575
device_uplink,1788878261000000000,70b3d57ed00778cc,7576
device_uplink,1788878277000000000,70b3d57ed00778cc,7577
device_uplink,1788878293000000000,70b3d57ed00778cc,7578
device_uplink,1788878309000000000,70b3d57ed00778cc,7579
device_uplink,1788878327000000000,70b3d57ed00778cc,7580
device_uplink,1788878343000000000,70b3d57ed00778cc,7581
device_uplink,1788878359000000000,70b3d57ed00778cc,7582
device_uplink,1788878375000000000,70b3d57ed00778cc,7583
device_uplink,1788878391000000000,70b3d57ed00778cc,7584
device_uplink,1788878407000000000,70b3d57ed00778cc,7585
device_uplink,1788878423000000000,70b3d57ed00778cc,7586
device_uplink,1788878439000000000,70b3d57ed00778cc,7587
device_uplink,1788878457000000000,70b3d57ed00778cc,7588
device_uplink,1788878473000000000,70b3d57ed00778cc,7589
device_uplink,1788878489000000000,70b3d57ed00778cc,7590
device_uplink,1788878505000000000,70b3d57ed00778cc,7591
device_uplink,1788878521000000000,70b3d57ed00778cc,7592
device_uplink,1788878537000000000,70b3d57ed00778cc,7593
device_uplink,1788878553000000000,70b3d57ed00778cc,7594
device_uplink,1788878569000000000,70b3d57ed00778cc,7595
device_uplink,1788878587000000000,70b3d57ed00778cc,7596
device_uplink,1788878603000000000,70b3d57ed00778cc,7597
device_uplink,1788878619000000000,70b3d57ed00778cc,7598
device_uplink,1788878635000000000,70b3d57ed00778cc,7599
device_uplink,1788878651000000000,70b3d57ed00778cc,7600
device_uplink,1788878667000000000,70b3d57ed00778cc,7601
device_uplink,1788878683000000000,70b3d57ed00778cc,7602
device_uplink,1788878701000000000,70b3d57ed00778cc,7603
device_uplink,1788878717000000000,70b3d57ed00778cc,7604
device_uplink,1788878733000000000,70b3d57ed00778cc,7605
device_uplink,1788878749000000000,70b3d57ed00778cc,7606
device_uplink,1788878765000000000,70b3d57ed00778cc,7607
device_uplink,1788878781000000000,70b3d57ed00778cc,7608
device_uplink,1788878797000000000,70b3d57ed00778cc,7609
device_uplink,1788878813000000000,70b3d57ed00778cc,7610
device_uplink,1788878831000000000,70b3d57ed00778cc,7611
device_uplink,1788878832000000000,70b3d57ed0077801,66
device_uplink,1788878847000000000,70b3d57ed00778cc,7612
device_uplink,1788878863000000000,70b3d57ed00778cc,7613
device_uplink,1788878879000000000,70b3d57ed00778cc,7614
device_uplink,1788878895000000000,70b3d57ed00778cc,7615
device_uplink,1788878911000000000,70b3d57ed00778cc,7616
device_uplink,1788878927000000000,70b3d57ed00778cc,7617
device_uplink,1788878943000000000,70b3d57ed00778cc,7618
device_uplink,1788878959000000000,70b3d57ed00778cc,7619
device_uplink,1788878977000000000,70b3d57ed00778cc,7620
device_uplink,1788878993000000000,70b3d57ed00778cc,7621
device_uplink,1788879009000000000,70b3d57ed00778cc,7622
device_uplink,1788879025000000000,70b3d57ed00778cc,7623
device_uplink,1788879041000000000,70b3d57ed00778cc,7624
device_uplink,1788879057000000000,70b3d57ed00778cc,7625
device_uplink,1788879073000000000,70b3d57ed00778cc,7626
device_uplink,1788879089000000000,70b3d57ed00778cc,7627
device_uplink,1788879107000000000,70b3d57ed00778cc,7628
device_uplink,1788879123000000000,70b3d57ed00778cc,7629
device_uplink,1788879139000000000,70b3d57ed00778cc,7630
device_uplink,1788879155000000000,70b3d57ed00778cc,7631
device_uplink,1788879171000000000,70b3d57ed00778cc,7632
device_uplink,1788879187000000000,70b3d57ed00778cc,7633
device_uplink,1788879203000000000,70b3d57ed00778cc,7634
device_uplink,1788879219000000000,70b3d57ed00778cc,7635
device_uplink,1788879237000000000,70b3d57ed00778cc,7636
device_uplink,1788879253000000000,70b3d57ed00778cc,7637
device_uplink,1788879269000000000,70b3d57ed00778cc,7638
device_uplink,1788879285000000000,70b3d57ed00778cc,7639
device_uplink,1788879301000000000,70b3d57ed00778cc,7640
device_uplink,1788879317000000000,70b3d57ed00778cc,7641
device_uplink,1788879333000000000,70b3d57ed00778cc,7642
device_uplink,1788879349000000000,70b3d57ed00778cc,7643
device_uplink,1788879367000000000,70b3d57ed00778cc,7644
device_uplink,1788879383000000000,70b3d57ed00778cc,7645
device_uplink,1788879399000000000,70b3d57ed00778cc,7646
device_uplink,1788879415000000000,70b3d57ed00778cc,7647
device_uplink,1788879431000000000,70b3d57ed00778cc,7648
device_uplink,1788879449000000000,70b3d57ed00778cc,7649
device_uplink,1788879465000000000,70b3d57ed00778cc,7650
device_uplink,1788879481000000000,70b3d57ed00778cc,7651
device_uplink,1788879497000000000,70b3d57ed00778cc,7652
device_uplink,1788879513000000000,70b3d57ed00778cc,7653
device_uplink,1788879529000000000,70b3d57ed00778cc,7654
device_uplink,1788879545000000000,70b3d57ed00778cc,7655
device_uplink,1788879561000000000,70b3d57ed00778cc,7656
device_uplink,1788879579000000000,70b3d57ed00778cc,7657
device_uplink,1788879595000000000,70b3d57ed00778cc,7658
device_uplink,1788879611000000000,70b3d57ed00778cc,7659
device_uplink,1788879627000000000,70b3d57ed00778cc,7660
device_uplink,1788879643000000000,70b3d57ed00778cc,7661
device_uplink,1788879659000000000,70b3d57ed00778cc,7662
device_uplink,1788879675000000000,70b3d57ed00778cc,7663
device_uplink,1788879691000000000,70b3d57ed00778cc,7664
device_uplink,1788879709000000000,70b3d57ed00778cc,7665
device_uplink,1788879725000000000,70b3d57ed00778cc,7666
device_uplink,1788879740000000000,70b3d57ed0077801,67
device_uplink,1788879741000000000,70b3d57ed00778cc,7667
device_uplink,1788879757000000000,70b3d57ed00778cc,7668
device_uplink,1788879773000000000,70b3d57ed00778cc,7669
device_uplink,1788879789000000000,70b3d57ed00778cc,7670
device_uplink,1788879805000000000,70b3d57ed00778cc,7671
device_uplink,1788879821000000000,70b3d57ed00778cc,7672
device_uplink,1788879839000000000,70b3d57ed00778cc,7673
device_uplink,1788879855000000000,70b3d57ed00778cc,7674
device_uplink,1788879871000000000,70b3d57ed00778cc,7675
device_uplink,1788879887000000000,70b3d57ed00778cc,7676
device_uplink,1788879903000000000,70b3d57ed00778cc,7677
device_uplink,1788879919000000000,70b3d57ed00778cc,7678
device_uplink,1788879935000000000,70b3d57ed00778cc,7679
device_uplink,1788879951000000000,70b3d57ed00778cc,7680
device_uplink,1788879969000000000,70b3d57ed00778cc,7681
device_uplink,1788879985000000000,70b3d57ed00778cc,7682
device_uplink,1788880001000000000,70b3d57ed00778cc,7683
device_uplink,1788880017000000000,70b3d57ed00778cc,7684
device_uplink,1788880033000000000,70b3d57ed00778cc,7685
device_uplink,1788880049000000000,70b3d57ed00778cc,7686
device_uplink,1788880065000000000,70b3d57ed00778cc,7687
device_uplink,1788880081000000000,70b3d57ed00778cc,7688
device_uplink,1788880097000000000,70b3d57ed00778cc,7689
device_uplink,1788880115000000000,70b3d57ed00778cc,7690
device_uplink,1788880131000000000,70b3d57ed00778cc,7691
device_uplink,1788880147000000000,70b3d57ed00778cc,7692
device_uplink,1788880163000000000,70b3d57ed00778cc,7693
device_uplink,1788880179000000000,70b3d57ed00778cc,7694
device_uplink,1788880195000000000,70b3d57ed00778cc,7695
device_uplink,1788880211000000000,70b3d57ed00778cc,7696
device_uplink,1788880227000000000,70b3d57ed00778cc,7697
device_uplink,1788880245000000000,70b3d57ed00778cc,7698
device_uplink,1788880261000000000,70b3d57ed00778cc,7699
device_uplink,1788880277000000000,70b3d57ed00778cc,7700
device_uplink,1788880293000000000,70b3d57ed00778cc,7701
device_uplink,1788880309000000000,70b3d57ed00778cc,7702
device_uplink,1788880325000000000,70b3d57ed00778cc,7703
device_uplink,1788880343000000000,70b3d57ed00778cc,7704
device_uplink,1788880359000000000,70b3d57ed00778cc,7705
device_uplink,1788880375000000000,70b3d57ed00778cc,7706
device_uplink,1788880391000000000,70b3d57ed00778cc,7707
device_uplink,1788880407000000000,70b3d57ed00778cc,7708
device_uplink,1788880423000000000,70b3d57ed00778cc,7709
device_uplink,1788880441000000000,70b3d57ed00778cc,7710
device_uplink,1788880457000000000,70b3d57ed00778cc,7711
device_uplink,1788880473000000000,70b3d57ed00778cc,7712
device_uplink,1788880489000000000,70b3d57ed00778cc,7713
device_uplink,1788880505000000000,70b3d57ed00778cc,7714
device_uplink,1788880521000000000,70b3d57ed00778cc,7715
device_uplink,1788880537000000000,70b3d57ed00778cc,7716
device_uplink,1788880555000000000,70b3d57ed00778cc,7717
device_uplink,1788880571000000000,70b3d57ed00778cc,7718
device_uplink,1788880587000000000,70b3d57ed00778cc,7719
device_uplink,1788880603000000000,70b3d57ed00778cc,7720
device_uplink,1788880619000000000,70b3d57ed00778cc,7721
device_uplink,1788880635000000000,70b3d57ed00778cc,7722
device_uplink,1788880649000000000,70b3d57ed0077801,68
device_uplink,1788880651000000000,70b3d57ed00778cc,7723
device_uplink,1788880667000000000,70b3d57ed00778cc,7724
device_uplink,1788880683000000000,70b3d57ed00778cc,7725
device_uplink,1788880701000000000,70b3d57ed00778cc,7726
device_uplink,1788880717000000000,70b3d57ed00778cc,7727
device_uplink,1788880733000000000,70b3d57ed00778cc,7728
device_uplink,1788880749000000000,70b3d57ed00778cc,7729
device_uplink,1788880765000000000,70b3d57ed00778cc,7730
device_uplink,1788880781000000000,70b3d57ed00778cc,7731
device_uplink,1788880799000000000,70b3d57ed00778cc,7732
device_uplink,1788880815000000000,70b3d57ed00778cc,7733
device_uplink,1788880831000000000,70b3d57ed00778cc,7734
device_uplink,1788880847000000000,70b3d57ed00778cc,7735
device_uplink,1788880863000000000,70b3d57ed00778cc,7736
device_uplink,1788880879000000000,70b3d57ed00778cc,7737
device_uplink,1788880897000000000,70b3d57ed00778cc,7738
device_uplink,1788880913000000000,70b3d57ed00778cc,7739
device_uplink,1788880929000000000,70b3d57ed00778cc,7740
device_uplink,1788880945000000000,70b3d57ed00778cc,7741
device_uplink,1788880961000000000,70b3d57ed00778cc,7742
device_uplink,1788880977000000000,70b3d57ed00778cc,7743
device_uplink,1788880993000000000,70b3d57ed00778cc,7744
device_uplink,1788881011000000000,70b3d57ed00778cc,7745
device_uplink,1788881027000000000,70b3d57ed00778cc,7746
device_uplink,1788881043000000000,70b3d57ed00778cc,7747
device_uplink,1788881059000000000,70b3d57ed00778cc,7748
device_uplink,1788881075000000000,70b3d57ed00778cc,7749
device_uplink,1788881091000000000,70b3d57ed00778cc,7750
device_uplink,1788881107000000000,70b3d57ed00778cc,7751
device_uplink,1788881125000000000,70b3d57ed00778cc,7752
device_uplink,1788881141000000000,70b3d57ed00778cc,7753
device_uplink,1788881157000000000,70b3d57ed00778cc,7754
device_uplink,1788881173000000000,70b3d57ed00778cc,7755
device_uplink,1788881189000000000,70b3d57ed00778cc,7756
device_uplink,1788881205000000000,70b3d57ed00778cc,7757
device_uplink,1788881221000000000,70b3d57ed00778cc,7758
device_uplink,1788881239000000000,70b3d57ed00778cc,7759
device_uplink,1788881255000000000,70b3d57ed00778cc,7760
device_uplink,1788881271000000000,70b3d57ed00778cc,7761
device_uplink,1788881287000000000,70b3d57ed00778cc,7762
device_uplink,1788881303000000000,70b3d57ed00778cc,7763
device_uplink,1788881319000000000,70b3d57ed00778cc,7764
device_uplink,1788881335000000000,70b3d57ed00778cc,7765
device_uplink,1788881351000000000,70b3d57ed00778cc,7766
device_uplink,1788881369000000000,70b3d57ed00778cc,7767
device_uplink,1788881385000000000,70b3d57ed00778cc,7768
device_uplink,1788881401000000000,70b3d57ed00778cc,7769
device_uplink,1788881417000000000,70b3d57ed00778cc,7770
device_uplink,1788881433000000000,70b3d57ed00778cc,7771
device_uplink,1788881449000000000,70b3d57ed00778cc,7772
device_uplink,1788881465000000000,70b3d57ed00778cc,7773
device_uplink,1788881481000000000,70b3d57ed00778cc,7774
device_uplink,1788881499000000000,70b3d57ed00778cc,7775
device_uplink,1788881515000000000,70b3d57ed00778cc,7776
device_uplink,1788881531000000000,70b3d57ed00778cc,7777
device_uplink,1788881547000000000,70b3d57ed00778cc,7778
device_uplink,1788881557000000000,70b3d57ed0077801,69
device_uplink,1788881563000000000,70b3d57ed00778cc,7779
device_uplink,1788881579000000000,70b3d57ed00778cc,7780
device_uplink,1788881595000000000,70b3d57ed00778cc,7781
device_uplink,1788881611000000000,70b3d57ed00778cc,7782
device_uplink,1788881629000000000,70b3d57ed00778cc,7783
device_uplink,1788881645000000000,70b3d57ed00778cc,7784
device_uplink,1788881661000000000,70b3d57ed00778cc,7785
device_uplink,1788881677000000000,70b3d57ed00778cc,7786
device_uplink,1788881693000000000,70b3d57ed00778cc,7787
device_uplink,1788881709000000000,70b3d57ed00778cc,7788
device_uplink,1788881725000000000,70b3d57ed00778cc,7789
device_uplink,1788881741000000000,70b3d57ed00778cc,7790
device_uplink,1788881759000000000,70b3d57ed00778cc,7791
device_uplink,1788881775000000000,70b3d57ed00778cc,7792
device_uplink,1788881791000000000,70b3d57ed00778cc,7793
device_uplink,1788881807000000000,70b3d57ed00778cc,7794
device_uplink,1788881823000000000,70b3d57ed00778cc,7795
device_uplink,1788881839000000000,70b3d57ed00778cc,7796
device_uplink,1788881855000000000,70b3d57ed00778cc,7797
device_uplink,1788881871000000000,70b3d57ed00778cc,7798
device_uplink,1788881887000000000,70b3d57ed00778cc,7799
device_uplink,1788881905000000000,70b3d57ed00778cc,7800
device_uplink,1788881921000000000,70b3d57ed00778cc,7801
device_uplink,1788881937000000000,70b3d57ed00778cc,7802
device_uplink,1788881953000000000,70b3d57ed00778cc,7803
device_uplink,1788881969000000000,70b3d57ed00778cc,7804
device_uplink,1788881985000000000,70b3d57ed00778cc,7805
device_uplink,1788882001000000000,70b3d57ed00778cc,7806
device_uplink,1788882017000000000,70b3d57ed00778cc,7807
device_uplink,1788882035000000000,70b3d57ed00778cc,7808
device_uplink,1788882051000000000,70b3d57ed00778cc,7809
device_uplink,1788882067000000000,70b3d57ed00778cc,7810
device_uplink,1788882083000000000,70b3d57ed00778cc,7811
device_uplink,1788882099000000000,70b3d57ed00778cc,7812
device_uplink,1788882115000000000,70b3d57ed00778cc,7813
device_uplink,1788882131000000000,70b3d57ed00778cc,7814
device_uplink,1788882147000000000,70b3d57ed00778cc,7815
device_uplink,1788882165000000000,70b3d57ed00778cc,7816
device_uplink,1788882181000000000,70b3d57ed00778cc,7817
device_uplink,1788882197000000000,70b3d57ed00778cc,7818
device_uplink,1788882213000000000,70b3d57ed00778cc,7819
device_uplink,1788882229000000000,70b3d57ed00778cc,7820
device_uplink,1788882245000000000,70b3d57ed00778cc,7821
device_uplink,1788882261000000000,70b3d57ed00778cc,7822
device_uplink,1788882277000000000,70b3d57ed00778cc,7823
device_uplink,1788882295000000000,70b3d57ed00778cc,7824
device_uplink,1788882311000000000,70b3d57ed00778cc,7825
device_uplink,1788882327000000000,70b3d57ed00778cc,7826
device_uplink,1788882343000000000,70b3d57ed00778cc,7827
device_uplink,1788882359000000000,70b3d57ed00778cc,7828
device_uplink,1788882375000000000,70b3d57ed00778cc,7829
device_uplink,1788882391000000000,70b3d57ed00778cc,7830
device_uplink,1788882407000000000,70b3d57ed00778cc,7831
device_uplink,1788882425000000000,70b3d57ed00778cc,7832
device_uplink,1788882441000000000,70b3d57ed00778cc,7833
device_uplink,1788882457000000000,70b3d57ed00778cc,7834
device_uplink,1788882466000000000,70b3d57ed0077801,70
device_uplink,1788882473000000000,70b3d57ed00778cc,7835
device_uplink,1788882489000000000,70b3d57ed00778cc,7836
device_uplink,1788882505000000000,70b3d57ed00778cc,7837
device_uplink,1788882521000000000,70b3d57ed00778cc,7838
device_uplink,1788882537000000000,70b3d57ed00778cc,7839
device_uplink,1788882555000000000,70b3d57ed00778cc,7840
device_uplink,1788882571000000000,70b3d57ed00778cc,7841
device_uplink,1788882587000000000,70b3d57ed00778cc,7842
device_uplink,1788882603000000000,70b3d57ed00778cc,7843
device_uplink,1788882619000000000,70b3d57ed00778cc,7844
device_uplink,1788882635000000000,70b3d57ed00778cc,7845
device_uplink,1788882651000000000,70b3d57ed00778cc,7846
device_uplink,1788882667000000000,70b3d57ed00778cc,7847
device_uplink,1788882683000000000,70b3d57ed00778cc,7848
device_uplink,1788882701000000000,70b3d57ed00778cc,7849
device_uplink,1788882717000000000,70b3d57ed00778cc,7850
device_uplink,1788882733000000000,70b3d57ed00778cc,7851
device_uplink,1788882749000000000,70b3d57ed00778cc,7852
device_uplink,1788882765000000000,70b3d57ed00778cc,7853
device_uplink,1788882781000000000,70b3d57ed00778cc,7854
device_uplink,1788882797000000000,70b3d57ed00778cc,7855
device_uplink,1788882813000000000,70b3d57ed00778cc,7856
device_uplink,1788882829000000000,70b3d57ed00778cc,7857
device_uplink,1788882847000000000,70b3d57ed00778cc,7858
device_uplink,1788882863000000000,70b3d57ed00778cc,7859
device_uplink,1788882879000000000,70b3d57ed00778cc,7860
device_uplink,1788882895000000000,70b3d57ed00778cc,7861
device_uplink,1788882911000000000,70b3d57ed00778cc,7862
device_uplink,1788882927000000000,70b3d57ed00778cc,7863
device_uplink,1788882945000000000,70b3d57ed00778cc,7864
device_uplink,1788882961000000000,70b3d57ed00778cc,7865
device_uplink,1788882977000000000,70b3d57ed00778cc,7866
device_uplink,1788882993000000000,70b3d57ed00778cc,7867
device_uplink,1788883009000000000,70b3d57ed00778cc,7868
device_uplink,1788883025000000000,70b3d57ed00778cc,7869
device_uplink,1788883041000000000,70b3d57ed00778cc,7870
device_uplink,1788883057000000000,70b3d57ed00778cc,7871
device_uplink,1788883075000000000,70b3d57ed00778cc,7872
device_uplink,1788883091000000000,70b3d57ed00778cc,7873
device_uplink,1788883107000000000,70b3d57ed00778cc,7874
device_uplink,1788883123000000000,70b3d57ed00778cc,7875
device_uplink,1788883139000000000,70b3d57ed00778cc,7876
device_uplink,1788883155000000000,70b3d57ed00778cc,7877
device_uplink,1788883171000000000,70b3d57ed00778cc,7878
device_uplink,1788883187000000000,70b3d57ed00778cc,7879
device_uplink,1788883205000000000,70b3d57ed00778cc,7880
device_uplink,1788883221000000000,70b3d57ed00778cc,7881
device_uplink,1788883237000000000,70b3d57ed00778cc,7882
device_uplink,1788883253000000000,70b3d57ed00778cc,7883
device_uplink,1788883269000000000,70b3d57ed00778cc,7884
device_uplink,1788883285000000000,70b3d57ed00778cc,7885
device_uplink,1788883301000000000,70b3d57ed00778cc,7886
device_uplink,1788883319000000000,70b3d57ed00778cc,7887
device_uplink,1788883335000000000,70b3d57ed00778cc,7888
device_uplink,1788883351000000000,70b3d57ed00778cc,7889
device_uplink,1788883367000000000,70b3d57ed00778cc,7890
device_uplink,1788883374000000000,70b3d57ed0077801,71
device_uplink,1788883383000000000,70b3d57ed00778cc,7891
device_uplink,1788883399000000000,70b3d57ed00778cc,7892
device_uplink,1788883415000000000,70b3d57ed00778cc,7893
device_uplink,1788883431000000000,70b3d57ed00778cc,7894
device_uplink,1788883449000000000,70b3d57ed00778cc,7895
device_uplink,1788883465000000000,70b3d57ed00778cc,7896
device_uplink,1788883481000000000,70b3d57ed00778cc,7897
device_uplink,1788883497000000000,70b3d57ed00778cc,7898
device_uplink,1788883513000000000,70b3d57ed00778cc,7899
device_uplink,1788883531000000000,70b3d57ed00778cc,7900
device_uplink,1788883547000000000,70b3d57ed00778cc,7901
device_uplink,1788883563000000000,70b3d57ed00778cc,7902
device_uplink,1788883579000000000,70b3d57ed00778cc,7903
device_uplink,1788883595000000000,70b3d57ed00778cc,7904
device_uplink,1788883611000000000,70b3d57ed00778cc,7905
device_uplink,1788883627000000000,70b3d57ed00778cc,7906
device_uplink,1788883643000000000,70b3d57ed00778cc,7907
device_uplink,1788883661000000000,70b3d57ed00778cc,7908
device_uplink,1788883677000000000,70b3d57ed00778cc,7909
device_uplink,1788883693000000000,70b3d57ed00778cc,7910
device_uplink,1788883709000000000,70b3d57ed00778cc,7911
device_uplink,1788883725000000000,70b3d57ed00778cc,7912
device_uplink,1788883741000000000,70b3d57ed00778cc,7913
device_uplink,1788883757000000000,70b3d57ed00778cc,7914
device_uplink,1788883773000000000,70b3d57ed00778cc,7915
device_uplink,1788883791000000000,70b3d57ed00778cc,7916
device_uplink,1788883807000000000,70b3d57ed00778cc,7917
device_uplink,1788883823000000000,70b3d57ed00778cc,7918
device_uplink,1788883839000000000,70b3d57ed00778cc,7919
device_uplink,1788883855000000000,70b3d57ed00778cc,7920
device_uplink,1788883871000000000,70b3d57ed00778cc,7921
device_uplink,1788883887000000000,70b3d57ed00778cc,7922
device_uplink,1788883903000000000,70b3d57ed00778cc,7923
device_uplink,1788883921000000000,70b3d57ed00778cc,7924
device_uplink,1788883937000000000,70b3d57ed00778cc,7925
device_uplink,1788883953000000000,70b3d57ed00778cc,7926
device_uplink,1788883969000000000,70b3d57ed00778cc,7927
device_uplink,1788883985000000000,70b3d57ed00778cc,7928
device_uplink,1788884001000000000,70b3d57ed00778cc,7929
device_uplink,1788884017000000000,70b3d57ed00778cc,7930
device_uplink,1788884033000000000,70b3d57ed00778cc,7931
device_uplink,1788884051000000000,70b3d57ed00778cc,7932
device_uplink,1788884067000000000,70b3d57ed00778cc,7933
device_uplink,1788884083000000000,70b3d57ed00778cc,7934
device_uplink,1788884099000000000,70b3d57ed00778cc,7935
device_uplink,1788884115000000000,70b3d57ed00778cc,7936
device_uplink,1788884131000000000,70b3d57ed00778cc,7937
device_uplink,1788884147000000000,70b3d57ed00778cc,7938
device_uplink,1788884163000000000,70b3d57ed00778cc,7939
device_uplink,1788884181000000000,70b3d57ed00778cc,7940
device_uplink,1788884197000000000,70b3d57ed00778cc,7941
device_uplink,1788884213000000000,70b3d57ed00778cc,7942
device_uplink,1788884229000000000,70b3d57ed00778cc,7943
device_uplink,1788884245000000000,70b3d57ed00778cc,7944
device_uplink,1788884261000000000,70b3d57ed00778cc,7945
device_uplink,1788884277000000000,70b3d57ed00778cc,7946
device_uplink,1788884282000000000,70b3d57ed0077801,72
device_uplink,1788884293000000000,70b3d57ed00778cc,7947
device_uplink,1788884311000000000,70b3d57ed00778cc,7948
device_uplink,1788884327000000000,70b3d57ed00778cc,7949
device_uplink,1788884343000000000,70b3d57ed00778cc,7950
device_uplink,1788884359000000000,70b3d57ed00778cc,7951
device_uplink,1788884375000000000,70b3d57ed00778cc,7952
device_uplink,1788884391000000000,70b3d57ed00778cc,7953
device_uplink,1788884407000000000,70b3d57ed00778cc,7954
device_uplink,1788884423000000000,70b3d57ed00778cc,7955
device_uplink,1788884441000000000,70b3d57ed00778cc,7956
device_uplink,1788884457000000000,70b3d57ed00778cc,7957
device_uplink,1788884473000000000,70b3d57ed00778cc,7958
device_uplink,1788884489000000000,70b3d57ed00778cc,7959
device_uplink,1788884505000000000,70b3d57ed00778cc,7960
device_uplink,1788884521000000000,70b3d57ed00778cc,7961
device_uplink,1788884537000000000,70b3d57ed00778cc,7962
device_uplink,1788884553000000000,70b3d57ed00778cc,7963
device_uplink,1788884571000000000,70b3d57ed00778cc,7964
device_uplink,1788884587000000000,70b3d57ed00778cc,7965
device_uplink,1788884603000000000,70b3d57ed00778cc,7966
device_uplink,1788884619000000000,70b3d57ed00778cc,7967
device_uplink,1788884635000000000,70b3d57ed00778cc,7968
device_uplink,1788884651000000000,70b3d57ed00778cc,7969
device_uplink,1788884667000000000,70b3d57ed00778cc,7970
device_uplink,1788884683000000000,70b3d57ed00778cc,7971
device_uplink,1788884701000000000,70b3d57ed00778cc,7972
device_uplink,1788884717000000000,70b3d57ed00778cc,7973
device_uplink,1788884733000000000,70b3d57ed00778cc,7974
device_uplink,1788884749000000000,70b3d57ed00778cc,7975
device_uplink,1788884765000000000,70b3d57ed00778cc,7976
device_uplink,1788884783000000000,70b3d57ed00778cc,7977
device_uplink,1788884799000000000,70b3d57ed00778cc,7978
device_uplink,1788884815000000000,70b3d57ed00778cc,7979
device_uplink,1788884831000000000,70b3d57ed00778cc,7980
device_uplink,1788884847000000000,70b3d57ed00778cc,7981
device_uplink,1788884863000000000,70b3d57ed00778cc,7982
device_uplink,1788884879000000000,70b3d57ed00778cc,7983
device_uplink,1788884895000000000,70b3d57ed00778cc,7984
device_uplink,1788884911000000000,70b3d57ed00778cc,7985
device_uplink,1788884929000000000,70b3d57ed00778cc,7986
device_uplink,1788884945000000000,70b3d57ed00778cc,7987
device_uplink,1788884961000000000,70b3d57ed00778cc,7988
device_uplink,1788884977000000000,70b3d57ed00778cc,7989
device_uplink,1788884993000000000,70b3d57ed00778cc,7990
device_uplink,1788885011000000000,70b3d57ed00778cc,7991
device_uplink,1788885027000000000,70b3d57ed00778cc,7992
device_uplink,1788885043000000000,70b3d57ed00778cc,7993
device_uplink,1788885059000000000,70b3d57ed00778cc,7994
device_uplink,1788885075000000000,70b3d57ed00778cc,7995
device_uplink,1788885091000000000,70b3d57ed00778cc,7996
device_uplink,1788885107000000000,70b3d57ed00778cc,7997
device_uplink,1788885123000000000,70b3d57ed00778cc,7998
device_uplink,1788885141000000000,70b3d57ed00778cc,7999
device_uplink,1788885157000000000,70b3d57ed00778cc,8000
device_uplink,1788885173000000000,70b3d57ed00778cc,8001
device_uplink,1788885189000000000,70b3d57ed00778cc,8002
device_uplink,1788885191000000000,70b3d57ed0077801,73
device_uplink,1788885205000000000,70b3d57ed00778cc,8003
device_uplink,1788885221000000000,70b3d57ed00778cc,8004
device_uplink,1788885237000000000,70b3d57ed00778cc,8005
device_uplink,1788885253000000000,70b3d57ed00778cc,8006
device_uplink,1788885269000000000,70b3d57ed00778cc,8007
device_uplink,1788885287000000000,70b3d57ed00778cc,8008
device_uplink,1788885303000000000,70b3d57ed00778cc,8009
device_uplink,1788885319000000000,70b3d57ed00778cc,8010
device_uplink,1788885335000000000,70b3d57ed00778cc,8011
device_uplink,1788885351000000000,70b3d57ed00778cc,8012
device_uplink,1788885367000000000,70b3d57ed00778cc,8013
device_uplink,1788885385000000000,70b3d57ed00778cc,8014
device_uplink,1788885401000000000,70b3d57ed00778cc,8015
device_uplink,1788885417000000000,70b3d57ed00778cc,8016
device_uplink,1788885433000000000,70b3d57ed00778cc,8017
device_uplink,1788885449000000000,70b3d57ed00778cc,8018
device_uplink,1788885465000000000,70b3d57ed00778cc,8019
device_uplink,1788885481000000000,70b3d57ed00778cc,8020
device_uplink,1788885497000000000,70b3d57ed00778cc,8021
device_uplink,1788885515000000000,70b3d57ed00778cc,8022
device_uplink,1788885531000000000,70b3d57ed00778cc,8023
device_uplink,1788885547000000000,70b3d57ed00778cc,8024
device_uplink,1788885563000000000,70b3d57ed00778cc,8025
device_uplink,1788885579000000000,70b3d57ed00778cc,8026
device_uplink,1788885595000000000,70b3d57ed00778cc,8027
device_uplink,1788885611000000000,70b3d57ed00778cc,8028
device_uplink,1788885629000000000,70b3d57ed00778cc,8029
device_uplink,1788885645000000000,70b3d57ed00778cc,8030
device_uplink,1788885661000000000,70b3d57ed00778cc,8031
device_uplink,1788885677000000000,70b3d57ed00778cc,8032
device_uplink,1788885693000000000,70b3d57ed00778cc,8033
device_uplink,1788885709000000000,70b3d57ed00778cc,8034
device_uplink,1788885725000000000,70b3d57ed00778cc,8035
device_uplink,1788885743000000000,70b3d57ed00778cc,8036
device_uplink,1788885759000000000,70b3d57ed00778cc,8037
device_uplink,1788885775000000000,70b3d57ed00778cc,8038
device_uplink,1788885791000000000,70b3d57ed00778cc,8039
device_uplink,1788885807000000000,70b3d57ed00778cc,8040
device_uplink,1788885823000000000,70b3d57ed00778cc,8041
device_uplink,1788885839000000000,70b3d57ed00778cc,8042
device_uplink,1788885855000000000,70b3d57ed00778cc,8043
device_uplink,1788885873000000000,70b3d57ed00778cc,8044
device_uplink,1788885889000000000,70b3d57ed00778cc,8045
device_uplink,1788885905000000000,70b3d57ed00778cc,8046
device_uplink,1788885921000000000,70b3d57ed00778cc,8047
device_uplink,1788885937000000000,70b3d57ed00778cc,8048
device_uplink,1788885953000000000,70b3d57ed00778cc,8049
device_uplink,1788885969000000000,70b3d57ed00778cc,8050
device_uplink,1788885985000000000,70b3d57ed00778cc,8051
device_uplink,1788886003000000000,70b3d57ed00778cc,8052
device_uplink,1788886019000000000,70b3d57ed00778cc,8053
device_uplink,1788886035000000000,70b3d57ed00778cc,8054
device_uplink,1788886051000000000,70b3d57ed00778cc,8055
device_uplink,1788886067000000000,70b3d57ed00778cc,8056
device_uplink,1788886083000000000,70b3d57ed00778cc,8057
device_uplink,1788886099000000000,70b3d57ed0077801,74
device_uplink,1788886099000000000,70b3d57ed00778cc,8058
device_uplink,1788886117000000000,70b3d57ed00778cc,8059
device_uplink,1788886133000000000,70b3d57ed00778cc,8060
device_uplink,1788886149000000000,70b3d57ed00778cc,8061
device_uplink,1788886165000000000,70b3d57ed00778cc,8062
device_uplink,1788886181000000000,70b3d57ed00778cc,8063
device_uplink,1788886197000000000,70b3d57ed00778cc,8064
device_uplink,1788886213000000000,70b3d57ed00778cc,8065
device_uplink,1788886229000000000,70b3d57ed00778cc,8066
device_uplink,1788886247000000000,70b3d57ed00778cc,8067
device_uplink,1788886263000000000,70b3d57ed00778cc,8068
device_uplink,1788886279000000000,70b3d57ed00778cc,8069
device_uplink,1788886295000000000,70b3d57ed00778cc,8070
device_uplink,1788886311000000000,70b3d57ed00778cc,8071
device_uplink,1788886327000000000,70b3d57ed00778cc,8072
device_uplink,1788886343000000000,70b3d57ed00778cc,8073
device_uplink,1788886361000000000,70b3d57ed00778cc,8074
device_uplink,1788886377000000000,70b3d57ed00778cc,8075
device_uplink,1788886393000000000,70b3d57ed00778cc,8076
device_uplink,1788886409000000000,70b3d57ed00778cc,8077
device_uplink,1788886425000000000,70b3d57ed00778cc,8078
device_uplink,1788886441000000000,70b3d57ed00778cc,8079
device_uplink,1788886457000000000,70b3d57ed00778cc,8080
device_uplink,1788886473000000000,70b3d57ed00778cc,8081
device_uplink,1788886491000000000,70b3d57ed00778cc,8082
device_uplink,1788886507000000000,70b3d57ed00778cc,8083
device_uplink,1788886523000000000,70b3d57ed00778cc,8084
device_uplink,1788886539000000000,70b3d57ed00778cc,8085
device_uplink,1788886555000000000,70b3d57ed00778cc,8086
device_uplink,1788886573000000000,70b3d57ed00778cc,8087
device_uplink,1788886589000000000,70b3d57ed00778cc,8088
device_uplink,1788886605000000000,70b3d57ed00778cc,8089
device_uplink,1788886621000000000,70b3d57ed00778cc,8090
device_uplink,1788886637000000000,70b3d57ed00778cc,8091
device_uplink,1788886653000000000,70b3d57ed00778cc,8092
device_uplink,1788886669000000000,70b3d57ed00778cc,8093
device_uplink,1788886687000000000,70b3d57ed00778cc,8094
device_uplink,1788886703000000000,70b3d57ed00778cc,8095
device_uplink,1788886719000000000,70b3d57ed00778cc,8096
device_uplink,1788886735000000000,70b3d57ed00778cc,8097
device_uplink,1788886751000000000,70b3d57ed00778cc,8098
device_uplink,1788886767000000000,70b3d57ed00778cc,8099
device_uplink,1788886785000000000,70b3d57ed00778cc,8100
device_uplink,1788886801000000000,70b3d57ed00778cc,8101
device_uplink,1788886817000000000,70b3d57ed00778cc,8102
device_uplink,1788886833000000000,70b3d57ed00778cc,8103
device_uplink,1788886849000000000,70b3d57ed00778cc,8104
device_uplink,1788886865000000000,70b3d57ed00778cc,8105
device_uplink,1788886883000000000,70b3d57ed00778cc,8106
device_uplink,1788886899000000000,70b3d57ed00778cc,8107
device_uplink,1788886915000000000,70b3d57ed00778cc,8108
device_uplink,1788886931000000000,70b3d57ed00778cc,8109
device_uplink,1788886947000000000,70b3d57ed00778cc,8110
device_uplink,1788886963000000000,70b3d57ed00778cc,8111
device_uplink,1788886979000000000,70b3d57ed00778cc,8112
device_uplink,1788886995000000000,70b3d57ed00778cc,8113
device_uplink,1788887008000000000,70b3d57ed0077801,75
device_uplink,1788887013000000000,70b3d57ed00778cc,8114
device_uplink,1788887029000000000,70b3d57ed00778cc,8115
device_uplink,1788887045000000000,70b3d57ed00778cc,8116
device_uplink,1788887061000000000,70b3d57ed00778cc,8117
device_uplink,1788887077000000000,70b3d57ed00778cc,8118
device_uplink,1788887093000000000,70b3d57ed00778cc,8119
device_uplink,1788887109000000000,70b3d57ed00778cc,8120
device_uplink,1788887125000000000,70b3d57ed00778cc,8121
device_uplink,1788887143000000000,70b3d57ed00778cc,8122
device_uplink,1788887159000000000,70b3d57ed00778cc,8123
device_uplink,1788887175000000000,70b3d57ed00778cc,8124
device_uplink,1788887191000000000,70b3d57ed00778cc,8125
device_uplink,1788887207000000000,70b3d57ed00778cc,8126
device_uplink,1788887223000000000,70b3d57ed00778cc,8127
device_uplink,1788887241000000000,70b3d57ed00778cc,8128
device_uplink,1788887257000000000,70b3d57ed00778cc,8129
device_uplink,1788887273000000000,70b3d57ed00778cc,8130
device_uplink,1788887289000000000,70b3d57ed00778cc,8131
device_uplink,1788887305000000000,70b3d57ed00778cc,8132
device_uplink,1788887321000000000,70b3d57ed00778cc,8133
device_uplink,1788887337000000000,70b3d57ed00778cc,8134
device_uplink,1788887353000000000,70b3d57ed00778cc,8135
device_uplink,1788887371000000000,70b3d57ed00778cc,8136
device_uplink,1788887387000000000,70b3d57ed00778cc,8137
device_uplink,1788887403000000000,70b3d57ed00778cc,8138
device_uplink,1788887419000000000,70b3d57ed00778cc,8139
device_uplink,1788887435000000000,70b3d57ed00778cc,8140
device_uplink,1788887451000000000,70b3d57ed00778cc,8141
device_uplink,1788887467000000000,70b3d57ed00778cc,8142
device_uplink,1788887483000000000,70b3d57ed00778cc,8143
device_uplink,1788887501000000000,70b3d57ed00778cc,8144
device_uplink,1788887517000000000,70b3d57ed00778cc,8145
device_uplink,1788887533000000000,70b3d57ed00778cc,8146
device_uplink,1788887549000000000,70b3d57ed00778cc,8147
device_uplink,1788887565000000000,70b3d57ed00778cc,8148
device_uplink,1788887581000000000,70b3d57ed00778cc,8149
device_uplink,1788887597000000000,70b3d57ed00778cc,8150
device_uplink,1788887613000000000,70b3d57ed00778cc,8151
device_uplink,1788887631000000000,70b3d57ed00778cc,8152
device_uplink,1788887647000000000,70b3d57ed00778cc,8153
device_uplink,1788887663000000000,70b3d57ed00778cc,8154
device_uplink,1788887679000000000,70b3d57ed00778cc,8155
device_uplink,1788887695000000000,70b3d57ed00778cc,8156
device_uplink,1788887711000000000,70b3d57ed00778cc,8157
device_uplink,1788887729000000000,70b3d57ed00778cc,8158
device_uplink,1788887745000000000,70b3d57ed00778cc,8159
device_uplink,1788887761000000000,70b3d57ed00778cc,8160
device_uplink,1788887777000000000,70b3d57ed00778cc,8161
device_uplink,1788887793000000000,70b3d57ed00778cc,8162
device_uplink,1788887809000000000,70b3d57ed00778cc,8163
device_uplink,1788887825000000000,70b3d57ed00778cc,8164
device_uplink,1788887841000000000,70b3d57ed00778cc,8165
device_uplink,1788887859000000000,70b3d57ed00778cc,8166
device_uplink,1788887875000000000,70b3d57ed00778cc,8167
device_uplink,1788887891000000000,70b3d57ed00778cc,8168
device_uplink,1788887907000000000,70b3d57ed00778cc,8169
device_uplink,1788887916000000000,70b3d57ed0077801,76
device_uplink,1788887923000000000,70b3d57ed00778cc,8170
device_uplink,1788887939000000000,70b3d57ed00778cc,8171
device_uplink,1788887955000000000,70b3d57ed00778cc,8172
device_uplink,1788887971000000000,70b3d57ed00778cc,8173
device_uplink,1788887989000000000,70b3d57ed00778cc,8174
device_uplink,1788888005000000000,70b3d57ed00778cc,8175
device_uplink,1788888021000000000,70b3d57ed00778cc,8176
device_uplink,1788888037000000000,70b3d57ed00778cc,8177
device_uplink,1788888053000000000,70b3d57ed00778cc,8178
device_uplink,1788888069000000000,70b3d57ed00778cc,8179
device_uplink,1788888085000000000,70b3d57ed00778cc,8180
device_uplink,1788888103000000000,70b3d57ed00778cc,8181
device_uplink,1788888119000000000,70b3d57ed00778cc,8182
device_uplink,1788888135000000000,70b3d57ed00778cc,8183
device_uplink,1788888151000000000,70b3d57ed00778cc,8184
device_uplink,1788888167000000000,70b3d57ed00778cc,8185
device_uplink,1788888183000000000,70b3d57ed00778cc,8186
device_uplink,1788888199000000000,70b3d57ed00778cc,8187
device_uplink,1788888215000000000,70b3d57ed00778cc,8188
device_uplink,1788888231000000000,70b3d57ed00778cc,8189
device_uplink,1788888249000000000,70b3d57ed00778cc,8190
device_uplink,1788888265000000000,70b3d57ed00778cc,8191
device_uplink,1788888281000000000,70b3d57ed00778cc,8192
device_uplink,1788888297000000000,70b3d57ed00778cc,8193
device_uplink,1788888313000000000,70b3d57ed00778cc,8194
device_uplink,1788888331000000000,70b3d57ed00778cc,8195
device_uplink,1788888347000000000,70b3d57ed00778cc,8196
device_uplink,1788888363000000000,70b3d57ed00778cc,8197
device_uplink,1788888379000000000,70b3d57ed00778cc,8198
device_uplink,1788888395000000000,70b3d57ed00778cc,8199
device_uplink,1788888411000000000,70b3d57ed00778cc,8200
device_uplink,1788888427000000000,70b3d57ed00778cc,8201
device_uplink,1788888443000000000,70b3d57ed00778cc,8202
device_uplink,1788888459000000000,70b3d57ed00778cc,8203
device_uplink,1788888477000000000,70b3d57ed00778cc,8204
device_uplink,1788888493000000000,70b3d57ed00778cc,8205
device_uplink,1788888509000000000,70b3d57ed00778cc,8206
device_uplink,1788888525000000000,70b3d57ed00778cc,8207
device_uplink,1788888541000000000,70b3d57ed00778cc,8208
device_uplink,1788888557000000000,70b3d57ed00778cc,8209
device_uplink,1788888575000000000,70b3d57ed00778cc,8210
device_uplink,1788888591000000000,70b3d57ed00778cc,8211
device_uplink,1788888607000000000,70b3d57ed00778cc,8212
device_uplink,1788888623000000000,70b3d57ed00778cc,8213
device_uplink,1788888639000000000,70b3d57ed00778cc,8214
device_uplink,1788888655000000000,70b3d57ed00778cc,8215
device_uplink,1788888671000000000,70b3d57ed00778cc,8216
device_uplink,1788888687000000000,70b3d57ed00778cc,8217
device_uplink,1788888705000000000,70b3d57ed00778cc,8218
device_uplink,1788888721000000000,70b3d57ed00778cc,8219
device_uplink,1788888737000000000,70b3d57ed00778cc,8220
device_uplink,1788888753000000000,70b3d57ed00778cc,8221
device_uplink,1788888769000000000,70b3d57ed00778cc,8222
device_uplink,1788888785000000000,70b3d57ed00778cc,8223
device_uplink,1788888801000000000,70b3d57ed00778cc,8224
device_uplink,1788888817000000000,70b3d57ed00778cc,8225
device_uplink,1788888824000000000,70b3d57ed0077801,77
device_uplink,1788888835000000000,70b3d57ed00778cc,8226
device_uplink,1788888851000000000,70b3d57ed00778cc,8227
device_uplink,1788888867000000000,70b3d57ed00778cc,8228
device_uplink,1788888883000000000,70b3d57ed00778cc,8229
device_uplink,1788888899000000000,70b3d57ed00778cc,8230
device_uplink,1788888915000000000,70b3d57ed00778cc,8231
device_uplink,1788888931000000000,70b3d57ed00778cc,8232
device_uplink,1788888949000000000,70b3d57ed00778cc,8233
device_uplink,1788888965000000000,70b3d57ed00778cc,8234
device_uplink,1788888981000000000,70b3d57ed00778cc,8235
device_uplink,1788888997000000000,70b3d57ed00778cc,8236
device_uplink,1788889013000000000,70b3d57ed00778cc,8237
device_uplink,1788889029000000000,70b3d57ed00778cc,8238
device_uplink,1788889045000000000,70b3d57ed00778cc,8239
device_uplink,1788889061000000000,70b3d57ed00778cc,8240
device_uplink,1788889077000000000,70b3d57ed00778cc,8241
device_uplink,1788889095000000000,70b3d57ed00778cc,8242
device_uplink,1788889111000000000,70b3d57ed00778cc,8243
device_uplink,1788889127000000000,70b3d57ed00778cc,8244
device_uplink,1788889143000000000,70b3d57ed00778cc,8245
device_uplink,1788889159000000000,70b3d57ed00778cc,8246
device_uplink,1788889175000000000,70b3d57ed00778cc,8247
device_uplink,1788889193000000000,70b3d57ed00778cc,8248
device_uplink,1788889209000000000,70b3d57ed00778cc,8249
device_uplink,1788889225000000000,70b3d57ed00778cc,8250
device_uplink,1788889241000000000,70b3d57ed00778cc,8251
device_uplink,1788889257000000000,70b3d57ed00778cc,8252
device_uplink,1788889273000000000,70b3d57ed00778cc,8253
device_uplink,1788889289000000000,70b3d57ed00778cc,8254
device_uplink,1788889305000000000,70b3d57ed00778cc,8255
device_uplink,1788889323000000000,70b3d57ed00778cc,8256
device_uplink,1788889339000000000,70b3d57ed00778cc,8257
device_uplink,1788889355000000000,70b3d57ed00778cc,8258
device_uplink,1788889371000000000,70b3d57ed00778cc,8259
device_uplink,1788889387000000000,70b3d57ed00778cc,8260
device_uplink,1788889403000000000,70b3d57ed00778cc,8261
device_uplink,1788889419000000000,70b3d57ed00778cc,8262
device_uplink,1788889435000000000,70b3d57ed00778cc,8263
device_uplink,1788889453000000000,70b3d57ed00778cc,8264
device_uplink,1788889469000000000,70b3d57ed00778cc,8265
device_uplink,1788889485000000000,70b3d57ed00778cc,8266
device_uplink,1788889501000000000,70b3d57ed00778cc,8267
device_uplink,1788889517000000000,70b3d57ed00778cc,8268
device_uplink,1788889533000000000,70b3d57ed00778cc,8269
device_uplink,1788889549000000000,70b3d57ed00778cc,8270
device_uplink,1788889567000000000,70b3d57ed00778cc,8271
device_uplink,1788889583000000000,70b3d57ed00778cc,8272
device_uplink,1788889599000000000,70b3d57ed00778cc,8273
device_uplink,1788889615000000000,70b3d57ed00778cc,8274
device_uplink,1788889631000000000,70b3d57ed00778cc,8275
device_uplink,1788889647000000000,70b3d57ed00778cc,8276
device_uplink,1788889663000000000,70b3d57ed00778cc,8277
device_uplink,1788889679000000000,70b3d57ed00778cc,8278
device_uplink,1788889697000000000,70b3d57ed00778cc,8279
device_uplink,1788889713000000000,70b3d57ed00778cc,8280
device_uplink,1788889729000000000,70b3d57ed00778cc,8281
device_uplink,1788889733000000000,70b3d57ed0077801,78
device_uplink,1788889745000000000,70b3d57ed00778cc,8282
device_uplink,1788889761000000000,70b3d57ed00778cc,8283
device_uplink,1788889777000000000,70b3d57ed00778cc,8284
device_uplink,1788889793000000000,70b3d57ed00778cc,8285
device_uplink,1788889809000000000,70b3d57ed00778cc,8286
device_uplink,1788889825000000000,70b3d57ed00778cc,8287
device_uplink,1788889843000000000,70b3d57ed00778cc,8288
device_uplink,1788889859000000000,70b3d57ed00778cc,8289
device_uplink,1788889875000000000,70b3d57ed00778cc,8290
device_uplink,1788889891000000000,70b3d57ed00778cc,8291
device_uplink,1788889907000000000,70b3d57ed00778cc,8292
device_uplink,1788889923000000000,70b3d57ed00778cc,8293
device_uplink,1788889939000000000,70b3d57ed00778cc,8294
device_uplink,1788889955000000000,70b3d57ed00778cc,8295
device_uplink,1788889971000000000,70b3d57ed00778cc,8296
device_uplink,1788889989000000000,70b3d57ed00778cc,8297
device_uplink,1788890005000000000,70b3d57ed00778cc,8298
device_uplink,1788890021000000000,70b3d57ed00778cc,8299
device_uplink,1788890037000000000,70b3d57ed00778cc,8300
device_uplink,1788890053000000000,70b3d57ed00778cc,8301
device_uplink,1788890069000000000,70b3d57ed00778cc,8302
device_uplink,1788890085000000000,70b3d57ed00778cc,8303
device_uplink,1788890101000000000,70b3d57ed00778cc,8304
device_uplink,1788890119000000000,70b3d57ed00778cc,8305
device_uplink,1788890135000000000,70b3d57ed00778cc,8306
device_uplink,1788890151000000000,70b3d57ed00778cc,8307
device_uplink,1788890167000000000,70b3d57ed00778cc,8308
device_uplink,1788890183000000000,70b3d57ed00778cc,8309
device_uplink,1788890199000000000,70b3d57ed00778cc,8310
device_uplink,1788890215000000000,70b3d57ed00778cc,8311
device_uplink,1788890231000000000,70b3d57ed00778cc,8312
device_uplink,1788890249000000000,70b3d57ed00778cc,8313
device_uplink,1788890265000000000,70b3d57ed00778cc,8314
device_uplink,1788890281000000000,70b3d57ed00778cc,8315
device_uplink,1788890297000000000,70b3d57ed00778cc,8316
device_uplink,1788890313000000000,70b3d57ed00778cc,8317
device_uplink,1788890329000000000,70b3d57ed00778cc,8318
device_uplink,1788890345000000000,70b3d57ed00778cc,8319
device_uplink,1788890361000000000,70b3d57ed00778cc,8320
device_uplink,1788890379000000000,70b3d57ed00778cc,8321
device_uplink,1788890395000000000,70b3d57ed00778cc,8322
device_uplink,1788890411000000000,70b3d57ed00778cc,8323
device_uplink,1788890427000000000,70b3d57ed00778cc,8324
device_uplink,1788890443000000000,70b3d57ed00778cc,8325
device_uplink,1788890459000000000,70b3d57ed00778cc,8326
device_uplink,1788890475000000000,70b3d57ed00778cc,8327
device_uplink,1788890491000000000,70b3d57ed00778cc,8328
device_uplink,1788890509000000000,70b3d57ed00778cc,8329
device_uplink,1788890525000000000,70b3d57ed00778cc,8330
device_uplink,1788890541000000000,70b3d57ed00778cc,8331
device_uplink,1788890557000000000,70b3d57ed00778cc,8332
device_uplink,1788890573000000000,70b3d57ed00778cc,8333
device_uplink,1788890589000000000,70b3d57ed00778cc,8334
device_uplink,1788890605000000000,70b3d57ed00778cc,8335
device_uplink,1788890621000000000,70b3d57ed00778cc,8336
device_uplink,1788890639000000000,70b3d57ed00778cc,8337
device_uplink,1788890641000000000,70b3d57ed0077801,79
device_uplink,1788890655000000000,70b3d57ed00778cc,8338
device_uplink,1788890671000000000,70b3d57ed00778cc,8339
device_uplink,1788890687000000000,70b3d57ed00778cc,8340
device_uplink,1788890703000000000,70b3d57ed00778cc,8341
device_uplink,1788890719000000000,70b3d57ed00778cc,8342
device_uplink,1788890735000000000,70b3d57ed00778cc,8343
device_uplink,1788890751000000000,70b3d57ed00778cc,8344
device_uplink,1788890769000000000,70b3d57ed00778cc,8345
device_uplink,1788890785000000000,70b3d57ed00778cc,8346
device_uplink,1788890801000000000,70b3d57ed00778cc,8347
device_uplink,1788890817000000000,70b3d57ed00778cc,8348
device_uplink,1788890833000000000,70b3d57ed00778cc,8349
device_uplink,1788890849000000000,70b3d57ed00778cc,8350
device_uplink,1788890865000000000,70b3d57ed00778cc,8351
device_uplink,1788890881000000000,70b3d57ed00778cc,8352
device_uplink,1788890899000000000,70b3d57ed00778cc,8353
device_uplink,1788890915000000000,70b3d57ed00778cc,8354
device_uplink,1788890931000000000,70b3d57ed00778cc,8355
device_uplink,1788890947000000000,70b3d57ed00778cc,8356
device_uplink,1788890963000000000,70b3d57ed00778cc,8357
device_uplink,1788890979000000000,70b3d57ed00778cc,8358
device_uplink,1788890995000000000,70b3d57ed00778cc,8359
device_uplink,1788891011000000000,70b3d57ed00778cc,8360
device_uplink,1788891029000000000,70b3d57ed00778cc,8361
device_uplink,1788891045000000000,70b3d57ed00778cc,8362
device_uplink,1788891061000000000,70b3d57ed00778cc,8363
device_uplink,1788891077000000000,70b3d57ed00778cc,8364
device_uplink,1788891093000000000,70b3d57ed00778cc,8365
device_uplink,1788891109000000000,70b3d57ed00778cc,8366
device_uplink,1788891125000000000,70b3d57ed00778cc,8367
device_uplink,1788891141000000000,70b3d57ed00778cc,8368
device_uplink,1788891159000000000,70b3d57ed00778cc,8369
device_uplink,1788891175000000000,70b3d57ed00778cc,8370
device_uplink,1788891191000000000,70b3d57ed00778cc,8371
device_uplink,1788891207000000000,70b3d57ed00778cc,8372
device_uplink,1788891223000000000,70b3d57ed00778cc,8373
device_uplink,1788891239000000000,70b3d57ed00778cc,8374
device_uplink,1788891255000000000,70b3d57ed00778cc,8375
device_uplink,1788891271000000000,70b3d57ed00778cc,8376
device_uplink,1788891287000000000,70b3d57ed00778cc,8377
device_uplink,1788891305000000000,70b3d57ed00778cc,8378
device_uplink,1788891321000000000,70b3d57ed00778cc,8379
device_uplink,1788891337000000000,70b3d57ed00778cc,8380
device_uplink,1788891353000000000,70b3d57ed00778cc,8381
device_uplink,1788891369000000000,70b3d57ed00778cc,8382
device_uplink,1788891385000000000,70b3d57ed00778cc,8383
device_uplink,1788891401000000000,70b3d57ed00778cc,8384
device_uplink,1788891417000000000,70b3d57ed00778cc,8385
device_uplink,1788891435000000000,70b3d57ed00778cc,8386
device_uplink,1788891451000000000,70b3d57ed00778cc,8387
device_uplink,1788891467000000000,70b3d57ed00778cc,8388
device_uplink,1788891483000000000,70b3d57ed00778cc,8389
device_uplink,1788891499000000000,70b3d57ed00778cc,8390
device_uplink,1788891515000000000,70b3d57ed00778cc,8391
device_uplink,1788891531000000000,70b3d57ed00778cc,8392
device_uplink,1788891547000000000,70b3d57ed00778cc,8393
device_uplink,1788891550000000000,70b3d57ed0077801,80
device_uplink,1788891563000000000,70b3d57ed00778cc,8394
device_uplink,1788891581000000000,70b3d57ed00778cc,8395
device_uplink,1788891597000000000,70b3d57ed00778cc,8396
device_uplink,1788891613000000000,70b3d57ed00778cc,8397
device_uplink,1788891629000000000,70b3d57ed00778cc,8398
device_uplink,1788891645000000000,70b3d57ed00778cc,8399
device_uplink,1788891661000000000,70b3d57ed00778cc,8400
device_uplink,1788891677000000000,70b3d57ed00778cc,8401
device_uplink,1788891693000000000,70b3d57ed00778cc,8402
device_uplink,1788891709000000000,70b3d57ed00778cc,8403
device_uplink,1788891727000000000,70b3d57ed00778cc,8404
device_uplink,1788891743000000000,70b3d57ed00778cc,8405
device_uplink,1788891759000000000,70b3d57ed00778cc,8406
device_uplink,1788891775000000000,70b3d57ed00778cc,8407
device_uplink,1788891791000000000,70b3d57ed00778cc,8408
device_uplink,1788891807000000000,70b3d57ed00778cc,8409
device_uplink,1788891823000000000,70b3d57ed00778cc,8410
device_uplink,1788891839000000000,70b3d57ed00778cc,8411
device_uplink,1788891855000000000,70b3d57ed00778cc,8412
device_uplink,1788891873000000000,70b3d57ed00778cc,8413
device_uplink,1788891889000000000,70b3d57ed00778cc,8414
device_uplink,1788891905000000000,70b3d57ed00778cc,8415
device_uplink,1788891921000000000,70b3d57ed00778cc,8416
device_uplink,1788891937000000000,70b3d57ed00778cc,8417
device_uplink,1788891953000000000,70b3d57ed00778cc,8418
device_uplink,1788891969000000000,70b3d57ed00778cc,8419
device_uplink,1788891985000000000,70b3d57ed00778cc,8420
device_uplink,1788892003000000000,70b3d57ed00778cc,8421
device_uplink,1788892019000000000,70b3d57ed00778cc,8422
device_uplink,1788892035000000000,70b3d57ed00778cc,8423
device_uplink,1788892051000000000,70b3d57ed00778cc,8424
device_uplink,1788892067000000000,70b3d57ed00778cc,8425
device_uplink,1788892083000000000,70b3d57ed00778cc,8426
device_uplink,1788892099000000000,70b3d57ed00778cc,8427
device_uplink,1788892115000000000,70b3d57ed00778cc,8428
device_uplink,1788892131000000000,70b3d57ed00778cc,8429
device_uplink,1788892149000000000,70b3d57ed00778cc,8430
device_uplink,1788892165000000000,70b3d57ed00778cc,8431
device_uplink,1788892181000000000,70b3d57ed00778cc,8432
device_uplink,1788892197000000000,70b3d57ed00778cc,8433
device_uplink,1788892213000000000,70b3d57ed00778cc,8434
device_uplink,1788892229000000000,70b3d57ed00778cc,8435
device_uplink,1788892245000000000,70b3d57ed00778cc,8436
device_uplink,1788892261000000000,70b3d57ed00778cc,8437
device_uplink,1788892277000000000,70b3d57ed00778cc,8438
device_uplink,1788892295000000000,70b3d57ed00778cc,8439
device_uplink,1788892311000000000,70b3d57ed00778cc,8440
device_uplink,1788892327000000000,70b3d57ed00778cc,8441
device_uplink,1788892343000000000,70b3d57ed00778cc,8442
device_uplink,1788892359000000000,70b3d57ed00778cc,8443
device_uplink,1788892375000000000,70b3d57ed00778cc,8444
device_uplink,1788892391000000000,70b3d57ed00778cc,8445
device_uplink,1788892407000000000,70b3d57ed00778cc,8446
device_uplink,1788892425000000000,70b3d57ed00778cc,8447
device_uplink,1788892441000000000,70b3d57ed00778cc,8448
device_uplink,1788892457000000000,70b3d57ed00778cc,8449
device_uplink,1788892458000000000,70b3d57ed0077801,81
device_uplink,1788892473000000000,70b3d57ed00778cc,8450
device_uplink,1788892489000000000,70b3d57ed00778cc,8451
device_uplink,1788892505000000000,70b3d57ed00778cc,8452
device_uplink,1788892521000000000,70b3d57ed00778cc,8453
device_uplink,1788892537000000000,70b3d57ed00778cc,8454
device_uplink,1788892555000000000,70b3d57ed00778cc,8455
device_uplink,1788892571000000000,70b3d57ed00778cc,8456
device_uplink,1788892587000000000,70b3d57ed00778cc,8457
device_uplink,1788892603000000000,70b3d57ed00778cc,8458
device_uplink,1788892619000000000,70b3d57ed00778cc,8459
device_uplink,1788892635000000000,70b3d57ed00778cc,8460
device_uplink,1788892651000000000,70b3d57ed00778cc,8461
device_uplink,1788892667000000000,70b3d57ed00778cc,8462
device_uplink,1788892685000000000,70b3d57ed00778cc,8463
device_uplink,1788892701000000000,70b3d57ed00778cc,8464
device_uplink,1788892717000000000,70b3d57ed00778cc,8465
device_uplink,1788892733000000000,70b3d57ed00778cc,8466
device_uplink,1788892749000000000,70b3d57ed00778cc,8467
device_uplink,1788892765000000000,70b3d57ed00778cc,8468
device_uplink,1788892781000000000,70b3d57ed00778cc,8469
device_uplink,1788892797000000000,70b3d57ed00778cc,8470
device_uplink,1788892815000000000,70b3d57ed00778cc,8471
device_uplink,1788892831000000000,70b3d57ed00778cc,8472
device_uplink,1788892847000000000,70b3d57ed00778cc,8473
device_uplink,1788892863000000000,70b3d57ed00778cc,8474
device_uplink,1788892879000000000,70b3d57ed00778cc,8475
device_uplink,1788892895000000000,70b3d57ed00778cc,8476
device_uplink,1788892911000000000,70b3d57ed00778cc,8477
device_uplink,1788892927000000000,70b3d57ed00778cc,8478
device_uplink,1788892945000000000,70b3d57ed00778cc,8479
device_uplink,1788892961000000000,70b3d57ed00778cc,8480
device_uplink,1788892977000000000,70b3d57ed00778cc,8481
device_uplink,1788892993000000000,70b3d57ed00778cc,8482
device_uplink,1788893009000000000,70b3d57ed00778cc,8483
device_uplink,1788893025000000000,70b3d57ed00778cc,8484
device_uplink,1788893041000000000,70b3d57ed00778cc,8485
device_uplink,1788893057000000000,70b3d57ed00778cc,8486
device_uplink,1788893075000000000,70b3d57ed00778cc,8487
device_uplink,1788893091000000000,70b3d57ed00778cc,8488
device_uplink,1788893107000000000,70b3d57ed00778cc,8489
device_uplink,1788893123000000000,70b3d57ed00778cc,8490
device_uplink,1788893139000000000,70b3d57ed00778cc,8491
device_uplink,1788893155000000000,70b3d57ed00778cc,8492
device_uplink,1788893171000000000,70b3d57ed00778cc,8493
device_uplink,1788893187000000000,70b3d57ed00778cc,8494
device_uplink,1788893205000000000,70b3d57ed00778cc,8495
device_uplink,1788893221000000000,70b3d57ed00778cc,8496
device_uplink,1788893237000000000,70b3d57ed00778cc,8497
device_uplink,1788893253000000000,70b3d57ed00778cc,8498
device_uplink,1788893269000000000,70b3d57ed00778cc,8499
device_uplink,1788893285000000000,70b3d57ed00778cc,8500
device_uplink,1788893301000000000,70b3d57ed00778cc,8501
device_uplink,1788893317000000000,70b3d57ed00778cc,8502
device_uplink,1788893335000000000,70b3d57ed00778cc,8503
device_uplink,1788893351000000000,70b3d57ed00778cc,8504
device_uplink,1788893367000000000,70b3d57ed0077801,82
device_uplink,1788893367000000000,70b3d57ed00778cc,8505
device_uplink,1788893383000000000,70b3d57ed00778cc,8506
device_uplink,1788893399000000000,70b3d57ed00778cc,8507
device_uplink,1788893415000000000,70b3d57ed00778cc,8508
device_uplink,1788893431000000000,70b3d57ed00778cc,8509
device_uplink,1788893447000000000,70b3d57ed00778cc,8510
device_uplink,1788893465000000000,70b3d57ed00778cc,8511
device_uplink,1788893481000000000,70b3d57ed00778cc,8512
device_uplink,1788893497000000000,70b3d57ed00778cc,8513
device_uplink,1788893513000000000,70b3d57ed00778cc,8514
device_uplink,1788893529000000000,70b3d57ed00778cc,8515
device_uplink,1788893545000000000,70b3d57ed00778cc,8516
device_uplink,1788893561000000000,70b3d57ed00778cc,8517
device_uplink,1788893577000000000,70b3d57ed00778cc,8518
device_uplink,1788893595000000000,70b3d57ed00778cc,8519
device_uplink,1788893611000000000,70b3d57ed00778cc,8520
device_uplink,1788893627000000000,70b3d57ed00778cc,8521
device_uplink,1788893643000000000,70b3d57ed00778cc,8522
device_uplink,1788893659000000000,70b3d57ed00778cc,8523
device_uplink,1788893675000000000,70b3d57ed00778cc,8524
device_uplink,1788893693000000000,70b3d57ed00778cc,8525
device_uplink,1788893709000000000,70b3d57ed00778cc,8526
device_uplink,1788893725000000000,70b3d57ed00778cc,8527
device_uplink,1788893741000000000,70b3d57ed00778cc,8528
device_uplink,1788893757000000000,70b3d57ed00778cc,8529
device_uplink,1788893773000000000,70b3d57ed00778cc,8530
device_uplink,1788893791000000000,70b3d57ed00778cc,8531
device_uplink,1788893807000000000,70b3d57ed00778cc,8532
device_uplink,1788893823000000000,70b3d57ed00778cc,8533
device_uplink,1788893839000000000,70b3d57ed00778cc,8534
device_uplink,1788893855000000000,70b3d57ed00778cc,8535
device_uplink,1788893871000000000,70b3d57ed00778cc,8536
device_uplink,1788893887000000000,70b3d57ed00778cc,8537
device_uplink,1788893903000000000,70b3d57ed00778cc,8538
device_uplink,1788893921000000000,70b3d57ed00778cc,8539
device_uplink,1788893937000000000,70b3d57ed00778cc,8540
device_uplink,1788893953000000000,70b3d57ed00778cc,8541
device_uplink,1788893969000000000,70b3d57ed00778cc,8542
device_uplink,1788893985000000000,70b3d57ed00778cc,8543
device_uplink,1788894001000000000,70b3d57ed00778cc,8544
device_uplink,1788894017000000000,70b3d57ed00778cc,8545
device_uplink,1788894033000000000,70b3d57ed00778cc,8546
device_uplink,1788894051000000000,70b3d57ed00778cc,8547
device_uplink,1788894067000000000,70b3d57ed00778cc,8548
device_uplink,1788894083000000000,70b3d57ed00778cc,8549
device_uplink,1788894099000000000,70b3d57ed00778cc,8550
device_uplink,1788894115000000000,70b3d57ed00778cc,8551
device_uplink,1788894131000000000,70b3d57ed00778cc,8552
device_uplink,1788894147000000000,70b3d57ed00778cc,8553
device_uplink,1788894163000000000,70b3d57ed00778cc,8554
device_uplink,1788894181000000000,70b3d57ed00778cc,8555
device_uplink,1788894197000000000,70b3d57ed00778cc,8556
device_uplink,1788894213000000000,70b3d57ed00778cc,8557
device_uplink,1788894229000000000,70b3d57ed00778cc,8558
device_uplink,1788894245000000000,70b3d57ed00778cc,8559
device_uplink,1788894261000000000,70b3d57ed00778cc,8560
device_uplink,1788894275000000000,70b3d57ed0077801,83
device_uplink,1788894277000000000,70b3d57ed00778cc,8561
device_uplink,1788894293000000000,70b3d57ed00778cc,8562
device_uplink,1788894311000000000,70b3d57ed00778cc,8563
device_uplink,1788894327000000000,70b3d57ed00778cc,8564
device_uplink,1788894343000000000,70b3d57ed00778cc,8565
device_uplink,1788894359000000000,70b3d57ed00778cc,8566
device_uplink,1788894375000000000,70b3d57ed00778cc,8567
device_uplink,1788894391000000000,70b3d57ed00778cc,8568
device_uplink,1788894407000000000,70b3d57ed00778cc,8569
device_uplink,1788894423000000000,70b3d57ed00778cc,8570
device_uplink,1788894441000000000,70b3d57ed00778cc,8571
device_uplink,1788894457000000000,70b3d57ed00778cc,8572
device_uplink,1788894473000000000,70b3d57ed00778cc,8573
device_uplink,1788894489000000000,70b3d57ed00778cc,8574
device_uplink,1788894505000000000,70b3d57ed00778cc,8575
device_uplink,1788894521000000000,70b3d57ed00778cc,8576
device_uplink,1788894537000000000,70b3d57ed00778cc,8577
device_uplink,1788894553000000000,70b3d57ed00778cc,8578
device_uplink,1788894571000000000,70b3d57ed00778cc,8579
device_uplink,1788894587000000000,70b3d57ed00778cc,8580
device_uplink,1788894603000000000,70b3d57ed00778cc,8581
device_uplink,1788894619000000000,70b3d57ed00778cc,8582
device_uplink,1788894635000000000,70b3d57ed00778cc,8583
device_uplink,1788894651000000000,70b3d57ed00778cc,8584
device_uplink,1788894667000000000,70b3d57ed00778cc,8585
device_uplink,1788894683000000000,70b3d57ed00778cc,8586
device_uplink,1788894701000000000,70b3d57ed00778cc,8587
device_uplink,1788894717000000000,70b3d57ed00778cc,8588
device_uplink,1788894733000000000,70b3d57ed00778cc,8589
device_uplink,1788894749000000000,70b3d57ed00778cc,8590
device_uplink,1788894765000000000,70b3d57ed00778cc,8591
device_uplink,1788894781000000000,70b3d57ed00778cc,8592
device_uplink,1788894797000000000,70b3d57ed00778cc,8593
device_uplink,1788894813000000000,70b3d57ed00778cc,8594
device_uplink,1788894831000000000,70b3d57ed00778cc,8595
device_uplink,1788894847000000000,70b3d57ed00778cc,8596
device_uplink,1788894863000000000,70b3d57ed00778cc,8597
device_uplink,1788894879000000000,70b3d57ed00778cc,8598
device_uplink,1788894895000000000,70b3d57ed00778cc,8599
device_uplink,1788894911000000000,70b3d57ed00778cc,8600
device_uplink,1788894927000000000,70b3d57ed00778cc,8601
device_uplink,1788894943000000000,70b3d57ed00778cc,8602
device_uplink,1788894961000000000,70b3d57ed00778cc,8603
device_uplink,1788894977000000000,70b3d57ed00778cc,8604
device_uplink,1788894993000000000,70b3d57ed00778cc,8605
device_uplink,1788895009000000000,70b3d57ed00778cc,8606
device_uplink,1788895025000000000,70b3d57ed00778cc,8607
device_uplink,1788895041000000000,70b3d57ed00778cc,8608
device_uplink,1788895057000000000,70b3d57ed00778cc,8609
device_uplink,1788895073000000000,70b3d57ed00778cc,8610
device_uplink,1788895091000000000,70b3d57ed00778cc,8611
device_uplink,1788895107000000000,70b3d57ed00778cc,8612
device_uplink,1788895123000000000,70b3d57ed00778cc,8613
device_uplink,1788895139000000000,70b3d57ed00778cc,8614
device_uplink,1788895155000000000,70b3d57ed00778cc,8615
device_uplink,1788895171000000000,70b3d57ed00778cc,8616
device_uplink,1788895183000000000,70b3d57ed0077801,84
device_uplink,1788895189000000000,70b3d57ed00778cc,8617
device_uplink,1788895205000000000,70b3d57ed00778cc,8618
device_uplink,1788895221000000000,70b3d57ed00778cc,8619
device_uplink,1788895237000000000,70b3d57ed00778cc,8620
device_uplink,1788895253000000000,70b3d57ed00778cc,8621
device_uplink,1788895269000000000,70b3d57ed00778cc,8622
device_uplink,1788895285000000000,70b3d57ed00778cc,8623
device_uplink,1788895301000000000,70b3d57ed00778cc,8624
device_uplink,1788895317000000000,70b3d57ed00778cc,8625
device_uplink,1788895335000000000,70b3d57ed00778cc,8626
device_uplink,1788895351000000000,70b3d57ed00778cc,8627
device_uplink,1788895367000000000,70b3d57ed00778cc,8628
device_uplink,1788895383000000000,70b3d57ed00778cc,8629
device_uplink,1788895399000000000,70b3d57ed00778cc,8630
device_uplink,1788895415000000000,70b3d57ed00778cc,8631
device_uplink,1788895431000000000,70b3d57ed00778cc,8632
device_uplink,1788895447000000000,70b3d57ed00778cc,8633
device_uplink,1788895465000000000,70b3d57ed00778cc,8634
device_uplink,1788895481000000000,70b3d57ed00778cc,8635
device_uplink,1788895497000000000,70b3d57ed00778cc,8636
device_uplink,1788895513000000000,70b3d57ed00778cc,8637
device_uplink,1788895529000000000,70b3d57ed00778cc,8638
device_uplink,1788895545000000000,70b3d57ed00778cc,8639
device_uplink,1788895563000000000,70b3d57ed00778cc,8640
device_uplink,1788895579000000000,70b3d57ed00778cc,8641
device_uplink,1788895595000000000,70b3d57ed00778cc,8642
device_uplink,1788895611000000000,70b3d57ed00778cc,8643
device_uplink,1788895627000000000,70b3d57ed00778cc,8644
device_uplink,1788895643000000000,70b3d57ed00778cc,8645
device_uplink,1788895659000000000,70b3d57ed00778cc,8646
device_uplink,1788895675000000000,70b3d57ed00778cc,8647
device_uplink,1788895693000000000,70b3d57ed00778cc,8648
device_uplink,1788895709000000000,70b3d57ed00778cc,8649
device_uplink,1788895725000000000,70b3d57ed00778cc,8650
device_uplink,1788895741000000000,70b3d57ed00778cc,8651
device_uplink,1788895757000000000,70b3d57ed00778cc,8652
device_uplink,1788895773000000000,70b3d57ed00778cc,8653
device_uplink,1788895789000000000,70b3d57ed00778cc,8654
device_uplink,1788895805000000000,70b3d57ed00778cc,8655
device_uplink,1788895823000000000,70b3d57ed00778cc,8656
device_uplink,1788895839000000000,70b3d57ed00778cc,8657
device_uplink,1788895855000000000,70b3d57ed00778cc,8658
device_uplink,1788895871000000000,70b3d57ed00778cc,8659
device_uplink,1788895887000000000,70b3d57ed00778cc,8660
device_uplink,1788895903000000000,70b3d57ed00778cc,8661
device_uplink,1788895919000000000,70b3d57ed00778cc,8662
device_uplink,1788895935000000000,70b3d57ed00778cc,8663
device_uplink,1788895953000000000,70b3d57ed00778cc,8664
device_uplink,1788895969000000000,70b3d57ed00778cc,8665
device_uplink,1788895985000000000,70b3d57ed00778cc,8666
device_uplink,1788896001000000000,70b3d57ed00778cc,8667
device_uplink,1788896017000000000,70b3d57ed00778cc,8668
device_uplink,1788896033000000000,70b3d57ed00778cc,8669
device_uplink,1788896049000000000,70b3d57ed00778cc,8670
device_uplink,1788896065000000000,70b3d57ed00778cc,8671
device_uplink,1788896083000000000,70b3d57ed00778cc,8672
device_uplink,1788896092000000000,70b3d57ed0077801,85
device_uplink,1788896099000000000,70b3d57ed00778cc,8673
device_uplink,1788896115000000000,70b3d57ed00778cc,8674
device_uplink,1788896131000000000,70b3d57ed00778cc,8675
device_uplink,1788896147000000000,70b3d57ed00778cc,8676
device_uplink,1788896163000000000,70b3d57ed00778cc,8677
device_uplink,1788896179000000000,70b3d57ed00778cc,8678
device_uplink,1788896197000000000,70b3d57ed00778cc,8679
device_uplink,1788896213000000000,70b3d57ed00778cc,8680
device_uplink,1788896229000000000,70b3d57ed00778cc,8681
device_uplink,1788896245000000000,70b3d57ed00778cc,8682
device_uplink,1788896261000000000,70b3d57ed00778cc,8683
device_uplink,1788896277000000000,70b3d57ed00778cc,8684
device_uplink,1788896293000000000,70b3d57ed00778cc,8685
device_uplink,1788896311000000000,70b3d57ed00778cc,8686
device_uplink,1788896327000000000,70b3d57ed00778cc,8687
device_uplink,1788896343000000000,70b3d57ed00778cc,8688
device_uplink,1788896359000000000,70b3d57ed00778cc,8689
device_uplink,1788896375000000000,70b3d57ed00778cc,8690
device_uplink,1788896391000000000,70b3d57ed00778cc,8691
device_uplink,1788896407000000000,70b3d57ed00778cc,8692
device_uplink,1788896423000000000,70b3d57ed00778cc,8693
device_uplink,1788896441000000000,70b3d57ed00778cc,8694
device_uplink,1788896457000000000,70b3d57ed00778cc,8695
device_uplink,1788896473000000000,70b3d57ed00778cc,8696
device_uplink,1788896489000000000,70b3d57ed00778cc,8697
device_uplink,1788896505000000000,70b3d57ed00778cc,8698
device_uplink,1788896521000000000,70b3d57ed00778cc,8699
device_uplink,1788896537000000000,70b3d57ed00778cc,8700
device_uplink,1788896553000000000,70b3d57ed00778cc,8701
device_uplink,1788896571000000000,70b3d57ed00778cc,8702
device_uplink,1788896587000000000,70b3d57ed00778cc,8703
device_uplink,1788896603000000000,70b3d57ed00778cc,8704
device_uplink,1788896619000000000,70b3d57ed00778cc,8705
device_uplink,1788896635000000000,70b3d57ed00778cc,8706
device_uplink,1788896651000000000,70b3d57ed00778cc,8707
device_uplink,1788896667000000000,70b3d57ed00778cc,8708
device_uplink,1788896685000000000,70b3d57ed00778cc,8709
device_uplink,1788896701000000000,70b3d57ed00778cc,8710
device_uplink,1788896717000000000,70b3d57ed00778cc,8711
device_uplink,1788896733000000000,70b3d57ed00778cc,8712
device_uplink,1788896749000000000,70b3d57ed00778cc,8713
device_uplink,1788896765000000000,70b3d57ed00778cc,8714
device_uplink,1788896781000000000,70b3d57ed00778cc,8715
device_uplink,1788896797000000000,70b3d57ed00778cc,8716
device_uplink,1788896815000000000,70b3d57ed00778cc,8717
device_uplink,1788896831000000000,70b3d57ed00778cc,8718
device_uplink,1788896847000000000,70b3d57ed00778cc,8719
device_uplink,1788896863000000000,70b3d57ed00778cc,8720
device_uplink,1788896879000000000,70b3d57ed00778cc,8721
device_uplink,1788896895000000000,70b3d57ed00778cc,8722
device_uplink,1788896911000000000,70b3d57ed00778cc,8723
device_uplink,1788896927000000000,70b3d57ed00778cc,8724
device_uplink,1788896945000000000,70b3d57ed00778cc,8725
device_uplink,1788896961000000000,70b3d57ed00778cc,8726
device_uplink,1788896977000000000,70b3d57ed00778cc,8727
device_uplink,1788896993000000000,70b3d57ed00778cc,8728
device_uplink,1788897000000000000,70b3d57ed0077801,86
device_uplink,1788897009000000000,70b3d57ed00778cc,8729
device_uplink,1788897025000000000,70b3d57ed00778cc,8730
device_uplink,1788897041000000000,70b3d57ed00778cc,8731
device_uplink,1788897057000000000,70b3d57ed00778cc,8732
device_uplink,1788897075000000000,70b3d57ed00778cc,8733
device_uplink,1788897091000000000,70b3d57ed00778cc,8734
device_uplink,1788897107000000000,70b3d57ed00778cc,8735
device_uplink,1788897123000000000,70b3d57ed00778cc,8736
device_uplink,1788897139000000000,70b3d57ed00778cc,8737
device_uplink,1788897155000000000,70b3d57ed00778cc,8738
device_uplink,1788897171000000000,70b3d57ed00778cc,8739
device_uplink,1788897187000000000,70b3d57ed00778cc,8740
device_uplink,1788897205000000000,70b3d57ed00778cc,8741
device_uplink,1788897221000000000,70b3d57ed00778cc,8742
device_uplink,1788897237000000000,70b3d57ed00778cc,8743
device_uplink,1788897253000000000,70b3d57ed00778cc,8744
device_uplink,1788897269000000000,70b3d57ed00778cc,8745
device_uplink,1788897285000000000,70b3d57ed00778cc,8746
device_uplink,1788897301000000000,70b3d57ed00778cc,8747
device_uplink,1788897317000000000,70b3d57ed00778cc,8748
device_uplink,1788897335000000000,70b3d57ed00778cc,8749
device_uplink,1788897351000000000,70b3d57ed00778cc,8750
device_uplink,1788897367000000000,70b3d57ed00778cc,8751
device_uplink,1788897383000000000,70b3d57ed00778cc,8752
device_uplink,1788897399000000000,70b3d57ed00778cc,8753
device_uplink,1788897415000000000,70b3d57ed00778cc,8754
device_uplink,1788897431000000000,70b3d57ed00778cc,8755
device_uplink,1788897447000000000,70b3d57ed00778cc,8756
device_uplink,1788897465000000000,70b3d57ed00778cc,8757
device_uplink,1788897481000000000,70b3d57ed00778cc,8758
device_uplink,1788897497000000000,70b3d57ed00778cc,8759
device_uplink,1788897513000000000,70b3d57ed00778cc,8760
device_uplink,1788897529000000000,70b3d57ed00778cc,8761
device_uplink,1788897545000000000,70b3d57ed00778cc,8762
device_uplink,1788897561000000000,70b3d57ed00778cc,8763
device_uplink,1788897579000000000,70b3d57ed00778cc,8764
device_uplink,1788897595000000000,70b3d57ed00778cc,8765
device_uplink,1788897611000000000,70b3d57ed00778cc,8766
device_uplink,1788897627000000000,70b3d57ed00778cc,8767
device_uplink,1788897643000000000,70b3d57ed00778cc,8768
device_uplink,1788897659000000000,70b3d57ed00778cc,8769
device_uplink,1788897675000000000,70b3d57ed00778cc,8770
device_uplink,1788897691000000000,70b3d57ed00778cc,8771
device_uplink,1788897709000000000,70b3d57ed00778cc,8772
device_uplink,1788897725000000000,70b3d57ed00778cc,8773
device_uplink,1788897741000000000,70b3d57ed00778cc,8774
device_uplink,1788897757000000000,70b3d57ed00778cc,8775
device_uplink,1788897773000000000,70b3d57ed00778cc,8776
device_uplink,1788897789000000000,70b3d57ed00778cc,8777
device_uplink,1788897805000000000,70b3d57ed00778cc,8778
device_uplink,1788897821000000000,70b3d57ed00778cc,8779
device_uplink,1788897839000000000,70b3d57ed00778cc,8780
device_uplink,1788897855000000000,70b3d57ed00778cc,8781
device_uplink,1788897871000000000,70b3d57ed00778cc,8782
device_uplink,1788897887000000000,70b3d57ed00778cc,8783
device_uplink,1788897903000000000,70b3d57ed00778cc,8784
device_uplink,1788897909000000000,70b3d57ed0077801,87
device_uplink,1788897919000000000,70b3d57ed00778cc,8785
device_uplink,1788897935000000000,70b3d57ed00778cc,8786
device_uplink,1788897951000000000,70b3d57ed00778cc,8787
device_uplink,1788897969000000000,70b3d57ed00778cc,8788
device_uplink,1788897985000000000,70b3d57ed00778cc,8789
device_uplink,1788898001000000000,70b3d57ed00778cc,8790
device_uplink,1788898017000000000,70b3d57ed00778cc,8791
device_uplink,1788898033000000000,70b3d57ed00778cc,8792
device_uplink,1788898049000000000,70b3d57ed00778cc,8793
device_uplink,1788898065000000000,70b3d57ed00778cc,8794
device_uplink,1788898081000000000,70b3d57ed00778cc,8795
device_uplink,1788898099000000000,70b3d57ed00778cc,8796
device_uplink,1788898115000000000,70b3d57ed00778cc,8797
device_uplink,1788898131000000000,70b3d57ed00778cc,8798
device_uplink,1788898147000000000,70b3d57ed00778cc,8799
device_uplink,1788898163000000000,70b3d57ed00778cc,8800
device_uplink,1788898179000000000,70b3d57ed00778cc,8801
device_uplink,1788898195000000000,70b3d57ed00778cc,8802
device_uplink,1788898211000000000,70b3d57ed00778cc,8803
device_uplink,1788898229000000000,70b3d57ed00778cc,8804
device_uplink,1788898245000000000,70b3d57ed00778cc,8805
device_uplink,1788898261000000000,70b3d57ed00778cc,8806
device_uplink,1788898277000000000,70b3d57ed00778cc,8807
device_uplink,1788898293000000000,70b3d57ed00778cc,8808
device_uplink,1788898309000000000,70b3d57ed00778cc,8809
device_uplink,1788898327000000000,70b3d57ed00778cc,8810
device_uplink,1788898343000000000,70b3d57ed00778cc,8811
device_uplink,1788898359000000000,70b3d57ed00778cc,8812
device_uplink,1788898375000000000,70b3d57ed00778cc,8813
device_uplink,1788898391000000000,70b3d57ed00778cc,8814
device_uplink,1788898407000000000,70b3d57ed00778cc,8815
device_uplink,1788898425000000000,70b3d57ed00778cc,8816
device_uplink,1788898441000000000,70b3d57ed00778cc,8817
device_uplink,1788898457000000000,70b3d57ed00778cc,8818
device_uplink,1788898473000000000,70b3d57ed00778cc,8819
device_uplink,1788898489000000000,70b3d57ed00778cc,8820
device_uplink,1788898505000000000,70b3d57ed00778cc,8821
device_uplink,1788898521000000000,70b3d57ed00778cc,8822
device_uplink,1788898537000000000,70b3d57ed00778cc,8823
device_uplink,1788898555000000000,70b3d57ed00778cc,8824
device_uplink,1788898571000000000,70b3d57ed00778cc,8825
device_uplink,1788898587000000000,70b3d57ed00778cc,8826
device_uplink,1788898603000000000,70b3d57ed00778cc,8827
device_uplink,1788898619000000000,70b3d57ed00778cc,8828
device_uplink,1788898635000000000,70b3d57ed00778cc,8829
device_uplink,1788898651000000000,70b3d57ed00778cc,8830
device_uplink,1788898669000000000,70b3d57ed00778cc,8831
device_uplink,1788898685000000000,70b3d57ed00778cc,8832
device_uplink,1788898701000000000,70b3d57ed00778cc,8833
device_uplink,1788898717000000000,70b3d57ed00778cc,8834
device_uplink,1788898733000000000,70b3d57ed00778cc,8835
device_uplink,1788898751000000000,70b3d57ed00778cc,8836
device_uplink,1788898767000000000,70b3d57ed00778cc,8837
device_uplink,1788898783000000000,70b3d57ed00778cc,8838
device_uplink,1788898799000000000,70b3d57ed00778cc,8839
device_uplink,1788898815000000000,70b3d57ed00778cc,8840
device_uplink,1788898817000000000,70b3d57ed0077801,88
device_uplink,1788898831000000000,70b3d57ed00778cc,8841
device_uplink,1788898847000000000,70b3d57ed00778cc,8842
device_uplink,1788898863000000000,70b3d57ed00778cc,8843
device_uplink,1788898881000000000,70b3d57ed00778cc,8844
device_uplink,1788898897000000000,70b3d57ed00778cc,8845
device_uplink,1788898913000000000,70b3d57ed00778cc,8846
device_uplink,1788898929000000000,70b3d57ed00778cc,8847
device_uplink,1788898945000000000,70b3d57ed00778cc,8848
device_uplink,1788898961000000000,70b3d57ed00778cc,8849
device_uplink,1788898977000000000,70b3d57ed00778cc,8850
device_uplink,1788898995000000000,70b3d57ed00778cc,8851
device_uplink,1788899011000000000,70b3d57ed00778cc,8852
device_uplink,1788899027000000000,70b3d57ed00778cc,8853
device_uplink,1788899043000000000,70b3d57ed00778cc,8854
device_uplink,1788899059000000000,70b3d57ed00778cc,8855
device_uplink,1788899075000000000,70b3d57ed00778cc,8856
device_uplink,1788899091000000000,70b3d57ed00778cc,8857
device_uplink,1788899107000000000,70b3d57ed00778cc,8858
device_uplink,1788899125000000000,70b3d57ed00778cc,8859
device_uplink,1788899141000000000,70b3d57ed00778cc,8860
device_uplink,1788899157000000000,70b3d57ed00778cc,8861
device_uplink,1788899173000000000,70b3d57ed00778cc,8862
device_uplink,1788899189000000000,70b3d57ed00778cc,8863
device_uplink,1788899205000000000,70b3d57ed00778cc,8864
device_uplink,1788899221000000000,70b3d57ed00778cc,8865
device_uplink,1788899237000000000,70b3d57ed00778cc,8866
device_uplink,1788899253000000000,70b3d57ed00778cc,8867
device_uplink,1788899271000000000,70b3d57ed00778cc,8868
device_uplink,1788899287000000000,70b3d57ed00778cc,8869
device_uplink,1788899303000000000,70b3d57ed00778cc,8870
device_uplink,1788899319000000000,70b3d57ed00778cc,8871
device_uplink,1788899335000000000,70b3d57ed00778cc,8872
device_uplink,1788899351000000000,70b3d57ed00778cc,8873
device_uplink,1788899369000000000,70b3d57ed00778cc,8874
device_uplink,1788899385000000000,70b3d57ed00778cc,8875
device_uplink,1788899401000000000,70b3d57ed00778cc,8876
device_uplink,1788899417000000000,70b3d57ed00778cc,8877
device_uplink,1788899433000000000,70b3d57ed00778cc,8878
device_uplink,1788899449000000000,70b3d57ed00778cc,8879
device_uplink,1788899465000000000,70b3d57ed00778cc,8880
device_uplink,1788899481000000000,70b3d57ed00778cc,8881
device_uplink,1788899499000000000,70b3d57ed00778cc,8882
device_uplink,1788899515000000000,70b3d57ed00778cc,8883
device_uplink,1788899531000000000,70b3d57ed00778cc,8884
device_uplink,1788899547000000000,70b3d57ed00778cc,8885
device_uplink,1788899563000000000,70b3d57ed00778cc,8886
device_uplink,1788899581000000000,70b3d57ed00778cc,8887
device_uplink,1788899597000000000,70b3d57ed00778cc,8888
device_uplink,1788899613000000000,70b3d57ed00778cc,8889
device_uplink,1788899629000000000,70b3d57ed00778cc,8890
device_uplink,1788899645000000000,70b3d57ed00778cc,8891
device_uplink,1788899661000000000,70b3d57ed00778cc,8892
device_uplink,1788899679000000000,70b3d57ed00778cc,8893
device_uplink,1788899695000000000,70b3d57ed00778cc,8894
device_uplink,1788899711000000000,70b3d57ed00778cc,8895
device_uplink,1788899725000000000,70b3d57ed0077801,89
device_uplink,1788899727000000000,70b3d57ed00778cc,8896
device_uplink,1788899743000000000,70b3d57ed00778cc,8897
device_uplink,1788899759000000000,70b3d57ed00778cc,8898
device_uplink,1788899775000000000,70b3d57ed00778cc,8899
device_uplink,1788899793000000000,70b3d57ed00778cc,8900
device_uplink,1788899809000000000,70b3d57ed00778cc,8901
device_uplink,1788899825000000000,70b3d57ed00778cc,8902
device_uplink,1788899841000000000,70b3d57ed00778cc,8903
device_uplink,1788899857000000000,70b3d57ed00778cc,8904
device_uplink,1788899873000000000,70b3d57ed00778cc,8905
device_uplink,1788899889000000000,70b3d57ed00778cc,8906
device_uplink,1788899907000000000,70b3d57ed00778cc,8907
device_uplink,1788899923000000000,70b3d57ed00778cc,8908
device_uplink,1788899939000000000,70b3d57ed00778cc,8909
device_uplink,1788899955000000000,70b3d57ed00778cc,8910
device_uplink,1788899971000000000,70b3d57ed00778cc,8911
device_uplink,1788899987000000000,70b3d57ed00778cc,8912
device_uplink,1788900003000000000,70b3d57ed00778cc,8913
device_uplink,1788900021000000000,70b3d57ed00778cc,8914
device_uplink,1788900037000000000,70b3d57ed00778cc,8915
device_uplink,1788900053000000000,70b3d57ed00778cc,8916
device_uplink,1788900069000000000,70b3d57ed00778cc,8917
device_uplink,1788900085000000000,70b3d57ed00778cc,8918
device_uplink,1788900101000000000,70b3d57ed00778cc,8919
device_uplink,1788900117000000000,70b3d57ed00778cc,8920
device_uplink,1788900133000000000,70b3d57ed00778cc,8921
device_uplink,1788900151000000000,70b3d57ed00778cc,8922
device_uplink,1788900167000000000,70b3d57ed00778cc,8923
device_uplink,1788900183000000000,70b3d57ed00778cc,8924
device_uplink,1788900199000000000,70b3d57ed00778cc,8925
device_uplink,1788900215000000000,70b3d57ed00778cc,8926
device_uplink,1788900231000000000,70b3d57ed00778cc,8927
device_uplink,1788900247000000000,70b3d57ed00778cc,8928
device_uplink,1788900265000000000,70b3d57ed00778cc,8929
device_uplink,1788900281000000000,70b3d57ed00778cc,8930
device_uplink,1788900297000000000,70b3d57ed00778cc,8931
device_uplink,1788900313000000000,70b3d57ed00778cc,8932
device_uplink,1788900329000000000,70b3d57ed00778cc,8933
device_uplink,1788900345000000000,70b3d57ed00778cc,8934
device_uplink,1788900361000000000,70b3d57ed00778cc,8935
device_uplink,1788900377000000000,70b3d57ed00778cc,8936
device_uplink,1788900395000000000,70b3d57ed00778cc,8937
device_uplink,1788900411000000000,70b3d57ed00778cc,8938
device_uplink,1788900427000000000,70b3d57ed00778cc,8939
device_uplink,1788900443000000000,70b3d57ed00778cc,8940
device_uplink,1788900459000000000,70b3d57ed00778cc,8941
device_uplink,1788900475000000000,70b3d57ed00778cc,8942
device_uplink,1788900491000000000,70b3d57ed00778cc,8943
device_uplink,1788900507000000000,70b3d57ed00778cc,8944
device_uplink,1788900523000000000,70b3d57ed00778cc,8945
device_uplink,1788900541000000000,70b3d57ed00778cc,8946
device_uplink,1788900557000000000,70b3d57ed00778cc,8947
device_uplink,1788900573000000000,70b3d57ed00778cc,8948
device_uplink,1788900589000000000,70b3d57ed00778cc,8949
device_uplink,1788900605000000000,70b3d57ed00778cc,8950
device_uplink,1788900621000000000,70b3d57ed00778cc,8951
device_uplink,1788900634000000000,70b3d57ed0077801,90
device_uplink,1788900637000000000,70b3d57ed00778cc,8952
device_uplink,1788900653000000000,70b3d57ed00778cc,8953
device_uplink,1788900671000000000,70b3d57ed00778cc,8954
device_uplink,1788900687000000000,70b3d57ed00778cc,8955
device_uplink,1788900703000000000,70b3d57ed00778cc,8956
device_uplink,1788900719000000000,70b3d57ed00778cc,8957
device_uplink,1788900735000000000,70b3d57ed00778cc,8958
device_uplink,1788900751000000000,70b3d57ed00778cc,8959
device_uplink,1788900769000000000,70b3d57ed00778cc,8960
device_uplink,1788900785000000000,70b3d57ed00778cc,8961
device_uplink,1788900801000000000,70b3d57ed00778cc,8962
device_uplink,1788900817000000000,70b3d57ed00778cc,8963
device_uplink,1788900833000000000,70b3d57ed00778cc,8964
device_uplink,1788900849000000000,70b3d57ed00778cc,8965
device_uplink,1788900865000000000,70b3d57ed00778cc,8966
device_uplink,1788900881000000000,70b3d57ed00778cc,8967
device_uplink,1788900899000000000,70b3d57ed00778cc,8968
device_uplink,1788900915000000000,70b3d57ed00778cc,8969
device_uplink,1788900931000000000,70b3d57ed00778cc,8970
device_uplink,1788900947000000000,70b3d57ed00778cc,8971
device_uplink,1788900963000000000,70b3d57ed00778cc,8972
device_uplink,1788900979000000000,70b3d57ed00778cc,8973
device_uplink,1788900995000000000,70b3d57ed00778cc,8974
device_uplink,1788901013000000000,70b3d57ed00778cc,8975
device_uplink,1788901029000000000,70b3d57ed00778cc,8976
device_uplink,1788901045000000000,70b3d57ed00778cc,8977
device_uplink,1788901061000000000,70b3d57ed00778cc,8978
device_uplink,1788901077000000000,70b3d57ed00778cc,8979
device_uplink,1788901093000000000,70b3d57ed00778cc,8980
device_uplink,1788901125000000000,70b3d57ed00778cc,8982
device_uplink,1788901141000000000,70b3d57ed00778cc,8983
device_uplink,1788901159000000000,70b3d57ed00778cc,8984
device_uplink,1788901175000000000,70b3d57ed00778cc,8985
device_uplink,1788901191000000000,70b3d57ed00778cc,8986
device_uplink,1788901207000000000,70b3d57ed00778cc,8987
device_uplink,1788901223000000000,70b3d57ed00778cc,8988
device_uplink,1788901239000000000,70b3d57ed00778cc,8989
device_uplink,1788901255000000000,70b3d57ed00778cc,8990
device_uplink,1788901273000000000,70b3d57ed00778cc,8991
device_uplink,1788901289000000000,70b3d57ed00778cc,8992
device_uplink,1788901305000000000,70b3d57ed00778cc,8993
device_uplink,1788901321000000000,70b3d57ed00778cc,8994
device_uplink,1788901337000000000,70b3d57ed00778cc,8995
device_uplink,1788901353000000000,70b3d57ed00778cc,8996
device_uplink,1788901369000000000,70b3d57ed00778cc,8997
device_uplink,1788901387000000000,70b3d57ed00778cc,8998
device_uplink,1788901403000000000,70b3d57ed00778cc,8999
device_uplink,1788901419000000000,70b3d57ed00778cc,9000
device_uplink,1788901435000000000,70b3d57ed00778cc,9001
device_uplink,1788901451000000000,70b3d57ed00778cc,9002
device_uplink,1788901467000000000,70b3d57ed00778cc,9003
device_uplink,1788901483000000000,70b3d57ed00778cc,9004
device_uplink,1788901501000000000,70b3d57ed00778cc,9005
device_uplink,1788901517000000000,70b3d57ed00778cc,9006
device_uplink,1788901533000000000,70b3d57ed00778cc,9007
device_uplink,1788901542000000000,70b3d57ed0077801,91
device_uplink,1788901549000000000,70b3d57ed00778cc,9008
device_uplink,1788901565000000000,70b3d57ed00778cc,9009
device_uplink,1788901581000000000,70b3d57ed00778cc,9010
device_uplink,1788901599000000000,70b3d57ed00778cc,9011
device_uplink,1788901615000000000,70b3d57ed00778cc,9012
device_uplink,1788901631000000000,70b3d57ed00778cc,9013
device_uplink,1788901647000000000,70b3d57ed00778cc,9014
device_uplink,1788901663000000000,70b3d57ed00778cc,9015
device_uplink,1788901679000000000,70b3d57ed00778cc,9016
device_uplink,1788901695000000000,70b3d57ed00778cc,9017
device_uplink,1788901713000000000,70b3d57ed00778cc,9018
device_uplink,1788901729000000000,70b3d57ed00778cc,9019
device_uplink,1788901745000000000,70b3d57ed00778cc,9020
device_uplink,1788901761000000000,70b3d57ed00778cc,9021
device_uplink,1788901777000000000,70b3d57ed00778cc,9022
device_uplink,1788901793000000000,70b3d57ed00778cc,9023
device_uplink,1788901809000000000,70b3d57ed00778cc,9024
device_uplink,1788901825000000000,70b3d57ed00778cc,9025
device_uplink,1788901843000000000,70b3d57ed00778cc,9026
device_uplink,1788901859000000000,70b3d57ed00778cc,9027
device_uplink,1788901875000000000,70b3d57ed00778cc,9028
device_uplink,1788901891000000000,70b3d57ed00778cc,9029
device_uplink,1788901907000000000,70b3d57ed00778cc,9030
device_uplink,1788901923000000000,70b3d57ed00778cc,9031
device_uplink,1788901941000000000,70b3d57ed00778cc,9032
device_uplink,1788901957000000000,70b3d57ed00778cc,9033
device_uplink,1788901973000000000,70b3d57ed00778cc,9034
device_uplink,1788901989000000000,70b3d57ed00778cc,9035
device_uplink,1788902005000000000,70b3d57ed00778cc,9036
device_uplink,1788902021000000000,70b3d57ed00778cc,9037
device_uplink,1788902039000000000,70b3d57ed00778cc,9038
device_uplink,1788902055000000000,70b3d57ed00778cc,9039
device_uplink,1788902071000000000,70b3d57ed00778cc,9040
device_uplink,1788902087000000000,70b3d57ed00778cc,9041
device_uplink,1788902103000000000,70b3d57ed00778cc,9042
device_uplink,1788902119000000000,70b3d57ed00778cc,9043
device_uplink,1788902135000000000,70b3d57ed00778cc,9044
device_uplink,1788902151000000000,70b3d57ed00778cc,9045
device_uplink,1788902169000000000,70b3d57ed00778cc,9046
device_uplink,1788902185000000000,70b3d57ed00778cc,9047
device_uplink,1788902201000000000,70b3d57ed00778cc,9048
device_uplink,1788902217000000000,70b3d57ed00778cc,9049
device_uplink,1788902233000000000,70b3d57ed00778cc,9050
device_uplink,1788902249000000000,70b3d57ed00778cc,9051
device_uplink,1788902265000000000,70b3d57ed00778cc,9052
device_uplink,1788902283000000000,70b3d57ed00778cc,9053
device_uplink,1788902299000000000,70b3d57ed00778cc,9054
device_uplink,1788902315000000000,70b3d57ed00778cc,9055
device_uplink,1788902331000000000,70b3d57ed00778cc,9056
device_uplink,1788902347000000000,70b3d57ed00778cc,9057
device_uplink,1788902363000000000,70b3d57ed00778cc,9058
device_uplink,1788902379000000000,70b3d57ed00778cc,9059
device_uplink,1788902395000000000,70b3d57ed00778cc,9060
device_uplink,1788902413000000000,70b3d57ed00778cc,9061
device_uplink,1788902429000000000,70b3d57ed00778cc,9062
device_uplink,1788902445000000000,70b3d57ed00778cc,9063
device_uplink,1788902451000000000,70b3d57ed0077801,92
device_uplink,1788902461000000000,70b3d57ed00778cc,9064
device_uplink,1788902477000000000,70b3d57ed00778cc,9065
device_uplink,1788902493000000000,70b3d57ed00778cc,9066
device_uplink,1788902509000000000,70b3d57ed00778cc,9067
device_uplink,1788902527000000000,70b3d57ed00778cc,9068
device_uplink,1788902543000000000,70b3d57ed00778cc,9069
device_uplink,1788902559000000000,70b3d57ed00778cc,9070
device_uplink,1788902575000000000,70b3d57ed00778cc,9071
device_uplink,1788902591000000000,70b3d57ed00778cc,9072
device_uplink,1788902607000000000,70b3d57ed00778cc,9073
device_uplink,1788902623000000000,70b3d57ed00778cc,9074
device_uplink,1788902639000000000,70b3d57ed00778cc,9075
device_uplink,1788902657000000000,70b3d57ed00778cc,9076
device_uplink,1788902673000000000,70b3d57ed00778cc,9077
device_uplink,1788902689000000000,70b3d57ed00778cc,9078
device_uplink,1788902705000000000,70b3d57ed00778cc,9079
device_uplink,1788902721000000000,70b3d57ed00778cc,9080
device_uplink,1788902737000000000,70b3d57ed00778cc,9081
device_uplink,1788902755000000000,70b3d57ed00778cc,9082
device_uplink,1788902771000000000,70b3d57ed00778cc,9083
device_uplink,1788902787000000000,70b3d57ed00778cc,9084
device_uplink,1788902819000000000,70b3d57ed00778cc,9086
device_uplink,1788902835000000000,70b3d57ed00778cc,9087
device_uplink,1788902851000000000,70b3d57ed00778cc,9088
device_uplink,1788902867000000000,70b3d57ed00778cc,9089
device_uplink,1788902885000000000,70b3d57ed00778cc,9090
device_uplink,1788902901000000000,70b3d57ed00778cc,9091
device_uplink,1788902917000000000,70b3d57ed00778cc,9092
device_uplink,1788902933000000000,70b3d57ed00778cc,9093
device_uplink,1788902949000000000,70b3d57ed00778cc,9094
device_uplink,1788902965000000000,70b3d57ed00778cc,9095
device_uplink,1788902981000000000,70b3d57ed00778cc,9096
device_uplink,1788902999000000000,70b3d57ed00778cc,9097
device_uplink,1788903015000000000,70b3d57ed00778cc,9098
device_uplink,1788903031000000000,70b3d57ed00778cc,9099
device_uplink,1788903047000000000,70b3d57ed00778cc,9100
device_uplink,1788903063000000000,70b3d57ed00778cc,9101
device_uplink,1788903079000000000,70b3d57ed00778cc,9102
device_uplink,1788903095000000000,70b3d57ed00778cc,9103
device_uplink,1788903113000000000,70b3d57ed00778cc,9104
device_uplink,1788903129000000000,70b3d57ed00778cc,9105
device_uplink,1788903145000000000,70b3d57ed00778cc,9106
device_uplink,1788903161000000000,70b3d57ed00778cc,9107
device_uplink,1788903177000000000,70b3d57ed00778cc,9108
device_uplink,1788903193000000000,70b3d57ed00778cc,9109
device_uplink,1788903209000000000,70b3d57ed00778cc,9110
device_uplink,1788903225000000000,70b3d57ed00778cc,9111
device_uplink,1788903243000000000,70b3d57ed00778cc,9112
device_uplink,1788903259000000000,70b3d57ed00778cc,9113
device_uplink,1788903275000000000,70b3d57ed00778cc,9114
device_uplink,1788903291000000000,70b3d57ed00778cc,9115
device_uplink,1788903307000000000,70b3d57ed00778cc,9116
device_uplink,1788903323000000000,70b3d57ed00778cc,9117
device_uplink,1788903339000000000,70b3d57ed00778cc,9118
device_uplink,1788903355000000000,70b3d57ed00778cc,9119
device_uplink,1788903359000000000,70b3d57ed0077801,93
device_uplink,1788903373000000000,70b3d57ed00778cc,9120
device_uplink,1788903389000000000,70b3d57ed00778cc,9121
device_uplink,1788903405000000000,70b3d57ed00778cc,9122
device_uplink,1788903421000000000,70b3d57ed00778cc,9123
device_uplink,1788903437000000000,70b3d57ed00778cc,9124
device_uplink,1788903453000000000,70b3d57ed00778cc,9125
device_uplink,1788903469000000000,70b3d57ed00778cc,9126
device_uplink,1788903487000000000,70b3d57ed00778cc,9127
device_uplink,1788903503000000000,70b3d57ed00778cc,9128
device_uplink,1788903519000000000,70b3d57ed00778cc,9129
device_uplink,1788903535000000000,70b3d57ed00778cc,9130
device_uplink,1788903551000000000,70b3d57ed00778cc,9131
device_uplink,1788903567000000000,70b3d57ed00778cc,9132
device_uplink,1788903583000000000,70b3d57ed00778cc,9133
device_uplink,1788903601000000000,70b3d57ed00778cc,9134
device_uplink,1788903617000000000,70b3d57ed00778cc,9135
device_uplink,1788903633000000000,70b3d57ed00778cc,9136
device_uplink,1788903649000000000,70b3d57ed00778cc,9137
device_uplink,1788903665000000000,70b3d57ed00778cc,9138
device_uplink,1788903681000000000,70b3d57ed00778cc,9139
device_uplink,1788903697000000000,70b3d57ed00778cc,9140
device_uplink,1788903713000000000,70b3d57ed00778cc,9141
device_uplink,1788903731000000000,70b3d57ed00778cc,9142
device_uplink,1788903747000000000,70b3d57ed00778cc,9143
device_uplink,1788903763000000000,70b3d57ed00778cc,9144
device_uplink,1788903779000000000,70b3d57ed00778cc,9145
device_uplink,1788903795000000000,70b3d57ed00778cc,9146
device_uplink,1788903811000000000,70b3d57ed00778cc,9147
device_uplink,1788903827000000000,70b3d57ed00778cc,9148
device_uplink,1788903845000000000,70b3d57ed00778cc,9149
device_uplink,1788903861000000000,70b3d57ed00778cc,9150
device_uplink,1788903877000000000,70b3d57ed00778cc,9151
device_uplink,1788903893000000000,70b3d57ed00778cc,9152
device_uplink,1788903909000000000,70b3d57ed00778cc,9153
device_uplink,1788903925000000000,70b3d57ed00778cc,9154
device_uplink,1788903941000000000,70b3d57ed00778cc,9155
device_uplink,1788903959000000000,70b3d57ed00778cc,9156
device_uplink,1788903975000000000,70b3d57ed00778cc,9157
device_uplink,1788903991000000000,70b3d57ed00778cc,9158
device_uplink,1788904007000000000,70b3d57ed00778cc,9159
device_uplink,1788904023000000000,70b3d57ed00778cc,9160
device_uplink,1788904039000000000,70b3d57ed00778cc,9161
device_uplink,1788904055000000000,70b3d57ed00778cc,9162
device_uplink,1788904071000000000,70b3d57ed00778cc,9163
device_uplink,1788904089000000000,70b3d57ed00778cc,9164
device_uplink,1788904105000000000,70b3d57ed00778cc,9165
device_uplink,1788904121000000000,70b3d57ed00778cc,9166
device_uplink,1788904137000000000,70b3d57ed00778cc,9167
device_uplink,1788904153000000000,70b3d57ed00778cc,9168
device_uplink,1788904169000000000,70b3d57ed00778cc,9169
device_uplink,1788904185000000000,70b3d57ed00778cc,9170
device_uplink,1788904203000000000,70b3d57ed00778cc,9171
device_uplink,1788904219000000000,70b3d57ed00778cc,9172
device_uplink,1788904235000000000,70b3d57ed00778cc,9173
device_uplink,1788904251000000000,70b3d57ed00778cc,9174
device_uplink,1788904267000000000,70b3d57ed0077801,94
device_uplink,1788904267000000000,70b3d57ed00778cc,9175
device_uplink,1788904285000000000,70b3d57ed00778cc,9176
device_uplink,1788904301000000000,70b3d57ed00778cc,9177
device_uplink,1788904317000000000,70b3d57ed00778cc,9178
device_uplink,1788904333000000000,70b3d57ed00778cc,9179
device_uplink,1788904349000000000,70b3d57ed00778cc,9180
device_uplink,1788904365000000000,70b3d57ed00778cc,9181
device_uplink,1788904381000000000,70b3d57ed00778cc,9182
device_uplink,1788904397000000000,70b3d57ed00778cc,9183
device_uplink,1788904415000000000,70b3d57ed00778cc,9184
device_uplink,1788904431000000000,70b3d57ed00778cc,9185
device_uplink,1788904447000000000,70b3d57ed00778cc,9186
device_uplink,1788904463000000000,70b3d57ed00778cc,9187
device_uplink,1788904479000000000,70b3d57ed00778cc,9188
device_uplink,1788904511000000000,70b3d57ed00778cc,9190
device_uplink,1788904529000000000,70b3d57ed00778cc,9191
device_uplink,1788904545000000000,70b3d57ed00778cc,9192
device_uplink,1788904561000000000,70b3d57ed00778cc,9193
device_uplink,1788904577000000000,70b3d57ed00778cc,9194
device_uplink,1788904593000000000,70b3d57ed00778cc,9195
device_uplink,1788904609000000000,70b3d57ed00778cc,9196
device_uplink,1788904625000000000,70b3d57ed00778cc,9197
device_uplink,1788904643000000000,70b3d57ed00778cc,9198
device_uplink,1788904659000000000,70b3d57ed00778cc,9199
device_uplink,1788904675000000000,70b3d57ed00778cc,9200
device_uplink,1788904691000000000,70b3d57ed00778cc,9201
device_uplink,1788904707000000000,70b3d57ed00778cc,9202
device_uplink,1788904723000000000,70b3d57ed00778cc,9203
device_uplink,1788904739000000000,70b3d57ed00778cc,9204
device_uplink,1788904755000000000,70b3d57ed00778cc,9205
device_uplink,1788904773000000000,70b3d57ed00778cc,9206
device_uplink,1788904789000000000,70b3d57ed00778cc,9207
device_uplink,1788904805000000000,70b3d57ed00778cc,9208
device_uplink,1788904821000000000,70b3d57ed00778cc,9209
device_uplink,1788904837000000000,70b3d57ed00778cc,9210
device_uplink,1788904853000000000,70b3d57ed00778cc,9211
device_uplink,1788904869000000000,70b3d57ed00778cc,9212
device_uplink,1788904887000000000,70b3d57ed00778cc,9213
device_uplink,1788904903000000000,70b3d57ed00778cc,9214
device_uplink,1788904919000000000,70b3d57ed00778cc,9215
device_uplink,1788904935000000000,70b3d57ed00778cc,9216
device_uplink,1788904951000000000,70b3d57ed00778cc,9217
device_uplink,1788904967000000000,70b3d57ed00778cc,9218
device_uplink,1788904983000000000,70b3d57ed00778cc,9219
device_uplink,1788904999000000000,70b3d57ed00778cc,9220
device_uplink,1788905017000000000,70b3d57ed00778cc,9221
device_uplink,1788905033000000000,70b3d57ed00778cc,9222
device_uplink,1788905049000000000,70b3d57ed00778cc,9223
device_uplink,1788905065000000000,70b3d57ed00778cc,9224
device_uplink,1788905081000000000,70b3d57ed00778cc,9225
device_uplink,1788905099000000000,70b3d57ed00778cc,9226
device_uplink,1788905115000000000,70b3d57ed00778cc,9227
device_uplink,1788905131000000000,70b3d57ed00778cc,9228
device_uplink,1788905147000000000,70b3d57ed00778cc,9229
device_uplink,1788905163000000000,70b3d57ed00778cc,9230
device_uplink,1788905176000000000,70b3d57ed0077801,95
device_uplink,1788905179000000000,70b3d57ed00778cc,9231
device_uplink,1788905195000000000,70b3d57ed00778cc,9232
device_uplink,1788905211000000000,70b3d57ed00778cc,9233
device_uplink,1788905229000000000,70b3d57ed00778cc,9234
device_uplink,1788905245000000000,70b3d57ed00778cc,9235
device_uplink,1788905261000000000,70b3d57ed00778cc,9236
device_uplink,1788905277000000000,70b3d57ed00778cc,9237
device_uplink,1788905293000000000,70b3d57ed00778cc,9238
device_uplink,1788905309000000000,70b3d57ed00778cc,9239
device_uplink,1788905325000000000,70b3d57ed00778cc,9240
device_uplink,1788905341000000000,70b3d57ed00778cc,9241
device_uplink,1788905359000000000,70b3d57ed00778cc,9242
device_uplink,1788905375000000000,70b3d57ed00778cc,9243
device_uplink,1788905391000000000,70b3d57ed00778cc,9244
device_uplink,1788905407000000000,70b3d57ed00778cc,9245
device_uplink,1788905423000000000,70b3d57ed00778cc,9246
device_uplink,1788905439000000000,70b3d57ed00778cc,9247
device_uplink,1788905457000000000,70b3d57ed00778cc,9248
device_uplink,1788905473000000000,70b3d57ed00778cc,9249
device_uplink,1788905489000000000,70b3d57ed00778cc,9250
device_uplink,1788905505000000000,70b3d57ed00778cc,9251
device_uplink,1788905521000000000,70b3d57ed00778cc,9252
device_uplink,1788905537000000000,70b3d57ed00778cc,9253
device_uplink,1788905553000000000,70b3d57ed00778cc,9254
device_uplink,1788905569000000000,70b3d57ed00778cc,9255
device_uplink,1788905587000000000,70b3d57ed00778cc,9256
device_uplink,1788905603000000000,70b3d57ed00778cc,9257
device_uplink,1788905619000000000,70b3d57ed00778cc,9258
device_uplink,1788905635000000000,70b3d57ed00778cc,9259
device_uplink,1788905651000000000,70b3d57ed00778cc,9260
device_uplink,1788905667000000000,70b3d57ed00778cc,9261
device_uplink,1788905683000000000,70b3d57ed00778cc,9262
device_uplink,1788905699000000000,70b3d57ed00778cc,9263
device_uplink,1788905717000000000,70b3d57ed00778cc,9264
device_uplink,1788905733000000000,70b3d57ed00778cc,9265
device_uplink,1788905749000000000,70b3d57ed00778cc,9266
device_uplink,1788905765000000000,70b3d57ed00778cc,9267
device_uplink,1788905781000000000,70b3d57ed00778cc,9268
device_uplink,1788905797000000000,70b3d57ed00778cc,9269
device_uplink,1788905815000000000,70b3d57ed00778cc,9270
device_uplink,1788905831000000000,70b3d57ed00778cc,9271
device_uplink,1788905847000000000,70b3d57ed00778cc,9272
device_uplink,1788905863000000000,70b3d57ed00778cc,9273
device_uplink,1788905879000000000,70b3d57ed00778cc,9274
device_uplink,1788905895000000000,70b3d57ed00778cc,9275
device_uplink,1788905913000000000,70b3d57ed00778cc,9276
device_uplink,1788905929000000000,70b3d57ed00778cc,9277
device_uplink,1788905945000000000,70b3d57ed00778cc,9278
device_uplink,1788905961000000000,70b3d57ed00778cc,9279
device_uplink,1788905977000000000,70b3d57ed00778cc,9280
device_uplink,1788905993000000000,70b3d57ed00778cc,9281
device_uplink,1788906009000000000,70b3d57ed00778cc,9282
device_uplink,1788906027000000000,70b3d57ed00778cc,9283
device_uplink,1788906043000000000,70b3d57ed00778cc,9284
device_uplink,1788906059000000000,70b3d57ed00778cc,9285
device_uplink,1788906075000000000,70b3d57ed00778cc,9286
device_uplink,1788906084000000000,70b3d57ed0077801,96
device_uplink,1788906091000000000,70b3d57ed00778cc,9287
device_uplink,1788906107000000000,70b3d57ed00778cc,9288
device_uplink,1788906123000000000,70b3d57ed00778cc,9289
device_uplink,1788906141000000000,70b3d57ed00778cc,9290
device_uplink,1788906157000000000,70b3d57ed00778cc,9291
device_uplink,1788906173000000000,70b3d57ed00778cc,9292
device_uplink,1788906189000000000,70b3d57ed00778cc,9293
device_uplink,1788906205000000000,70b3d57ed00778cc,9294
device_uplink,1788906221000000000,70b3d57ed00778cc,9295
device_uplink,1788906237000000000,70b3d57ed00778cc,9296
device_uplink,1788906253000000000,70b3d57ed00778cc,9297
device_uplink,1788906271000000000,70b3d57ed00778cc,9298
device_uplink,1788906287000000000,70b3d57ed00778cc,9299
device_uplink,1788906303000000000,70b3d57ed00778cc,9300
device_uplink,1788906319000000000,70b3d57ed00778cc,9301
device_uplink,1788906335000000000,70b3d57ed00778cc,9302
device_uplink,1788906351000000000,70b3d57ed00778cc,9303
device_uplink,1788906367000000000,70b3d57ed00778cc,9304
device_uplink,1788906385000000000,70b3d57ed00778cc,9305
device_uplink,1788906401000000000,70b3d57ed00778cc,9306
device_uplink,1788906417000000000,70b3d57ed00778cc,9307
device_uplink,1788906433000000000,70b3d57ed00778cc,9308
device_uplink,1788906449000000000,70b3d57ed00778cc,9309
device_uplink,1788906465000000000,70b3d57ed00778cc,9310
device_uplink,1788906481000000000,70b3d57ed00778cc,9311
device_uplink,1788906499000000000,70b3d57ed00778cc,9312
device_uplink,1788906515000000000,70b3d57ed00778cc,9313
device_uplink,1788906531000000000,70b3d57ed00778cc,9314
device_uplink,1788906547000000000,70b3d57ed00778cc,9315
device_uplink,1788906563000000000,70b3d57ed00778cc,9316
device_uplink,1788906579000000000,70b3d57ed00778cc,9317
device_uplink,1788906595000000000,70b3d57ed00778cc,9318
device_uplink,1788906611000000000,70b3d57ed00778cc,9319
device_uplink,1788906629000000000,70b3d57ed00778cc,9320
device_uplink,1788906645000000000,70b3d57ed00778cc,9321
device_uplink,1788906661000000000,70b3d57ed00778cc,9322
device_uplink,1788906677000000000,70b3d57ed00778cc,9323
device_uplink,1788906693000000000,70b3d57ed00778cc,9324
device_uplink,1788906709000000000,70b3d57ed00778cc,9325
device_uplink,1788906725000000000,70b3d57ed00778cc,9326
device_uplink,1788906743000000000,70b3d57ed00778cc,9327
device_uplink,1788906759000000000,70b3d57ed00778cc,9328
device_uplink,1788906775000000000,70b3d57ed00778cc,9329
device_uplink,1788906791000000000,70b3d57ed00778cc,9330
device_uplink,1788906807000000000,70b3d57ed00778cc,9331
device_uplink,1788906823000000000,70b3d57ed00778cc,9332
device_uplink,1788906839000000000,70b3d57ed00778cc,9333
device_uplink,1788906857000000000,70b3d57ed00778cc,9334
device_uplink,1788906873000000000,70b3d57ed00778cc,9335
device_uplink,1788906889000000000,70b3d57ed00778cc,9336
device_uplink,1788906905000000000,70b3d57ed00778cc,9337
device_uplink,1788906921000000000,70b3d57ed00778cc,9338
device_uplink,1788906937000000000,70b3d57ed00778cc,9339
device_uplink,1788906953000000000,70b3d57ed00778cc,9340
device_uplink,1788906969000000000,70b3d57ed00778cc,9341
device_uplink,1788906987000000000,70b3d57ed00778cc,9342
device_uplink,1788906993000000000,70b3d57ed0077801,97
device_uplink,1788907003000000000,70b3d57ed00778cc,9343
device_uplink,1788907019000000000,70b3d57ed00778cc,9344
device_uplink,1788907035000000000,70b3d57ed00778cc,9345
device_uplink,1788907051000000000,70b3d57ed00778cc,9346
device_uplink,1788907067000000000,70b3d57ed00778cc,9347
device_uplink,1788907083000000000,70b3d57ed00778cc,9348
device_uplink,1788907101000000000,70b3d57ed00778cc,9349
device_uplink,1788907117000000000,70b3d57ed00778cc,9350
device_uplink,1788907133000000000,70b3d57ed00778cc,9351
device_uplink,1788907149000000000,70b3d57ed00778cc,9352
device_uplink,1788907165000000000,70b3d57ed00778cc,9353
device_uplink,1788907181000000000,70b3d57ed00778cc,9354
device_uplink,1788907197000000000,70b3d57ed00778cc,9355
device_uplink,1788907215000000000,70b3d57ed00778cc,9356
device_uplink,1788907231000000000,70b3d57ed00778cc,9357
device_uplink,1788907247000000000,70b3d57ed00778cc,9358
device_uplink,1788907263000000000,70b3d57ed00778cc,9359
device_uplink,1788907279000000000,70b3d57ed00778cc,9360
device_uplink,1788907295000000000,70b3d57ed00778cc,9361
device_uplink,1788907313000000000,70b3d57ed00778cc,9362
device_uplink,1788907329000000000,70b3d57ed00778cc,9363
device_uplink,1788907345000000000,70b3d57ed00778cc,9364
device_uplink,1788907361000000000,70b3d57ed00778cc,9365
device_uplink,1788907377000000000,70b3d57ed00778cc,9366
device_uplink,1788907393000000000,70b3d57ed00778cc,9367
device_uplink,1788907409000000000,70b3d57ed00778cc,9368
device_uplink,1788907425000000000,70b3d57ed00778cc,9369
device_uplink,1788907443000000000,70b3d57ed00778cc,9370
device_uplink,1788907459000000000,70b3d57ed00778cc,9371
device_uplink,1788907475000000000,70b3d57ed00778cc,9372
device_uplink,1788907491000000000,70b3d57ed00778cc,9373
device_uplink,1788907507000000000,70b3d57ed00778cc,9374
device_uplink,1788907523000000000,70b3d57ed00778cc,9375
device_uplink,1788907539000000000,70b3d57ed00778cc,9376
device_uplink,1788907555000000000,70b3d57ed00778cc,9377
device_uplink,1788907573000000000,70b3d57ed00778cc,9378
device_uplink,1788907589000000000,70b3d57ed00778cc,9379
device_uplink,1788907605000000000,70b3d57ed00778cc,9380
device_uplink,1788907621000000000,70b3d57ed00778cc,9381
device_uplink,1788907637000000000,70b3d57ed00778cc,9382
device_uplink,1788907653000000000,70b3d57ed00778cc,9383
device_uplink,1788907669000000000,70b3d57ed00778cc,9384
device_uplink,1788907685000000000,70b3d57ed00778cc,9385
device_uplink,1788907703000000000,70b3d57ed00778cc,9386
device_uplink,1788907719000000000,70b3d57ed00778cc,9387
device_uplink,1788907735000000000,70b3d57ed00778cc,9388
device_uplink,1788907751000000000,70b3d57ed00778cc,9389
device_uplink,1788907767000000000,70b3d57ed00778cc,9390
device_uplink,1788907783000000000,70b3d57ed00778cc,9391
device_uplink,1788907799000000000,70b3d57ed00778cc,9392
device_uplink,1788907815000000000,70b3d57ed00778cc,9393
device_uplink,1788907833000000000,70b3d57ed00778cc,9394
device_uplink,1788907849000000000,70b3d57ed00778cc,9395
device_uplink,1788907865000000000,70b3d57ed00778cc,9396
device_uplink,1788907881000000000,70b3d57ed00778cc,9397
device_uplink,1788907897000000000,70b3d57ed00778cc,9398
device_uplink,1788907901000000000,70b3d57ed0077801,98
device_uplink,1788907913000000000,70b3d57ed00778cc,9399
device_uplink,1788907929000000000,70b3d57ed00778cc,9400
device_uplink,1788907947000000000,70b3d57ed00778cc,9401
device_uplink,1788907963000000000,70b3d57ed00778cc,9402
device_uplink,1788907979000000000,70b3d57ed00778cc,9403
device_uplink,1788907995000000000,70b3d57ed00778cc,9404
device_uplink,1788908011000000000,70b3d57ed00778cc,9405
device_uplink,1788908027000000000,70b3d57ed00778cc,9406
device_uplink,1788908043000000000,70b3d57ed00778cc,9407
device_uplink,1788908061000000000,70b3d57ed00778cc,9408
device_uplink,1788908077000000000,70b3d57ed00778cc,9409
device_uplink,1788908093000000000,70b3d57ed00778cc,9410
device_uplink,1788908109000000000,70b3d57ed00778cc,9411
device_uplink,1788908125000000000,70b3d57ed00778cc,9412
device_uplink,1788908141000000000,70b3d57ed00778cc,9413
device_uplink,1788908157000000000,70b3d57ed00778cc,9414
device_uplink,1788908173000000000,70b3d57ed00778cc,9415
device_uplink,1788908191000000000,70b3d57ed00778cc,9416
device_uplink,1788908207000000000,70b3d57ed00778cc,9417
device_uplink,1788908223000000000,70b3d57ed00778cc,9418
device_uplink,1788908239000000000,70b3d57ed00778cc,9419
device_uplink,1788908255000000000,70b3d57ed00778cc,9420
device_uplink,1788908273000000000,70b3d57ed00778cc,9421
device_uplink,1788908289000000000,70b3d57ed00778cc,9422
device_uplink,1788908305000000000,70b3d57ed00778cc,9423
device_uplink,1788908321000000000,70b3d57ed00778cc,9424
device_uplink,1788908337000000000,70b3d57ed00778cc,9425
device_uplink,1788908353000000000,70b3d57ed00778cc,9426
device_uplink,1788908369000000000,70b3d57ed00778cc,9427
device_uplink,1788908387000000000,70b3d57ed00778cc,9428
device_uplink,1788908403000000000,70b3d57ed00778cc,9429
device_uplink,1788908419000000000,70b3d57ed00778cc,9430
device_uplink,1788908435000000000,70b3d57ed00778cc,9431
device_uplink,1788908451000000000,70b3d57ed00778cc,9432
device_uplink,1788908467000000000,70b3d57ed00778cc,9433
device_uplink,1788908483000000000,70b3d57ed00778cc,9434
device_uplink,1788908501000000000,70b3d57ed00778cc,9435
device_uplink,1788908517000000000,70b3d57ed00778cc,9436
device_uplink,1788908533000000000,70b3d57ed00778cc,9437
device_uplink,1788908549000000000,70b3d57ed00778cc,9438
device_uplink,1788908565000000000,70b3d57ed00778cc,9439
device_uplink,1788908581000000000,70b3d57ed00778cc,9440
device_uplink,1788908597000000000,70b3d57ed00778cc,9441
device_uplink,1788908613000000000,70b3d57ed00778cc,9442
device_uplink,1788908629000000000,70b3d57ed00778cc,9443
device_uplink,1788908647000000000,70b3d57ed00778cc,9444
device_uplink,1788908663000000000,70b3d57ed00778cc,9445
device_uplink,1788908679000000000,70b3d57ed00778cc,9446
device_uplink,1788908695000000000,70b3d57ed00778cc,9447
device_uplink,1788908711000000000,70b3d57ed00778cc,9448
device_uplink,1788908727000000000,70b3d57ed00778cc,9449
device_uplink,1788908743000000000,70b3d57ed00778cc,9450
device_uplink,1788908761000000000,70b3d57ed00778cc,9451
device_uplink,1788908777000000000,70b3d57ed00778cc,9452
device_uplink,1788908793000000000,70b3d57ed00778cc,9453
device_uplink,1788908809000000000,70b3d57ed0077801,99
device_uplink,1788908809000000000,70b3d57ed00778cc,9454
device_uplink,1788908825000000000,70b3d57ed00778cc,9455
device_uplink,1788908841000000000,70b3d57ed00778cc,9456
device_uplink,1788908857000000000,70b3d57ed00778cc,9457
device_uplink,1788908873000000000,70b3d57ed00778cc,9458
device_uplink,1788908891000000000,70b3d57ed00778cc,9459
device_uplink,1788908907000000000,70b3d57ed00778cc,9460
device_uplink,1788908923000000000,70b3d57ed00778cc,9461
device_uplink,1788908939000000000,70b3d57ed00778cc,9462
device_uplink,1788908955000000000,70b3d57ed00778cc,9463
device_uplink,1788908971000000000,70b3d57ed00778cc,9464
device_uplink,1788908987000000000,70b3d57ed00778cc,9465
device_uplink,1788909005000000000,70b3d57ed00778cc,9466
device_uplink,1788909021000000000,70b3d57ed00778cc,9467
device_uplink,1788909037000000000,70b3d57ed00778cc,9468
device_uplink,1788909053000000000,70b3d57ed00778cc,9469
device_uplink,1788909069000000000,70b3d57ed00778cc,9470
device_uplink,1788909085000000000,70b3d57ed00778cc,9471
device_uplink,1788909101000000000,70b3d57ed00778cc,9472
device_uplink,1788909117000000000,70b3d57ed00778cc,9473
device_uplink,1788909135000000000,70b3d57ed00778cc,9474
device_uplink,1788909151000000000,70b3d57ed00778cc,9475
device_uplink,1788909167000000000,70b3d57ed00778cc,9476
device_uplink,1788909183000000000,70b3d57ed00778cc,9477
device_uplink,1788909199000000000,70b3d57ed00778cc,9478
device_uplink,1788909215000000000,70b3d57ed00778cc,9479
device_uplink,1788909231000000000,70b3d57ed00778cc,9480
device_uplink,1788909247000000000,70b3d57ed00778cc,9481
device_uplink,1788909265000000000,70b3d57ed00778cc,9482
device_uplink,1788909281000000000,70b3d57ed00778cc,9483
device_uplink,1788909297000000000,70b3d57ed00778cc,9484
device_uplink,1788909313000000000,70b3d57ed00778cc,9485
device_uplink,1788909329000000000,70b3d57ed00778cc,9486
device_uplink,1788909345000000000,70b3d57ed00778cc,9487
device_uplink,1788909361000000000,70b3d57ed00778cc,9488
device_uplink,1788909377000000000,70b3d57ed00778cc,9489
device_uplink,1788909393000000000,70b3d57ed00778cc,9490
device_uplink,1788909411000000000,70b3d57ed00778cc,9491
device_uplink,1788909427000000000,70b3d57ed00778cc,9492
device_uplink,1788909443000000000,70b3d57ed00778cc,9493
device_uplink,1788909459000000000,70b3d57ed00778cc,9494
device_uplink,1788909475000000000,70b3d57ed00778cc,9495
device_uplink,1788909491000000000,70b3d57ed00778cc,9496
device_uplink,1788909507000000000,70b3d57ed00778cc,9497
device_uplink,1788909523000000000,70b3d57ed00778cc,9498
device_uplink,1788909541000000000,70b3d57ed00778cc,9499
device_uplink,1788909557000000000,70b3d57ed00778cc,9500
device_uplink,1788909573000000000,70b3d57ed00778cc,9501
device_uplink,1788909589000000000,70b3d57ed00778cc,9502
device_uplink,1788909605000000000,70b3d57ed00778cc,9503
device_uplink,1788909621000000000,70b3d57ed00778cc,9504
device_uplink,1788909637000000000,70b3d57ed00778cc,9505
device_uplink,1788909653000000000,70b3d57ed00778cc,9506
device_uplink,1788909671000000000,70b3d57ed00778cc,9507
device_uplink,1788909687000000000,70b3d57ed00778cc,9508
device_uplink,1788909703000000000,70b3d57ed00778cc,9509
device_uplink,1788909718000000000,70b3d57ed0077801,100
device_uplink,1788909719000000000,70b3d57ed00778cc,9510
device_uplink,1788909735000000000,70b3d57ed00778cc,9511
device_uplink,1788909751000000000,70b3d57ed00778cc,9512
device_uplink,1788909767000000000,70b3d57ed00778cc,9513
device_uplink,1788909783000000000,70b3d57ed00778cc,9514
device_uplink,1788909801000000000,70b3d57ed00778cc,9515
device_uplink,1788909817000000000,70b3d57ed00778cc,9516
device_uplink,1788909833000000000,70b3d57ed00778cc,9517
device_uplink,1788909849000000000,70b3d57ed00778cc,9518
device_uplink,1788909865000000000,70b3d57ed00778cc,9519
device_uplink,1788909881000000000,70b3d57ed00778cc,9520
device_uplink,1788909897000000000,70b3d57ed00778cc,9521
device_uplink,1788909915000000000,70b3d57ed00778cc,9522
device_uplink,1788909931000000000,70b3d57ed00778cc,9523
device_uplink,1788909947000000000,70b3d57ed00778cc,9524
device_uplink,1788909963000000000,70b3d57ed00778cc,9525
device_uplink,1788909979000000000,70b3d57ed00778cc,9526
device_uplink,1788909995000000000,70b3d57ed00778cc,9527
device_uplink,1788910011000000000,70b3d57ed00778cc,9528
device_uplink,1788910027000000000,70b3d57ed00778cc,9529
device_uplink,1788910045000000000,70b3d57ed00778cc,9530
device_uplink,1788910061000000000,70b3d57ed00778cc,9531
device_uplink,1788910077000000000,70b3d57ed00778cc,9532
device_uplink,1788910093000000000,70b3d57ed00778cc,9533
device_uplink,1788910109000000000,70b3d57ed00778cc,9534
device_uplink,1788910125000000000,70b3d57ed00778cc,9535
device_uplink,1788910141000000000,70b3d57ed00778cc,9536
device_uplink,1788910157000000000,70b3d57ed00778cc,9537
device_uplink,1788910175000000000,70b3d57ed00778cc,9538
device_uplink,1788910191000000000,70b3d57ed00778cc,9539
device_uplink,1788910207000000000,70b3d57ed00778cc,9540
device_uplink,1788910223000000000,70b3d57ed00778cc,9541
device_uplink,1788910239000000000,70b3d57ed00778cc,9542
device_uplink,1788910255000000000,70b3d57ed00778cc,9543
device_uplink,1788910271000000000,70b3d57ed00778cc,9544
device_uplink,1788910287000000000,70b3d57ed00778cc,9545
device_uplink,1788910305000000000,70b3d57ed00778cc,9546
device_uplink,1788910321000000000,70b3d57ed00778cc,9547
device_uplink,1788910337000000000,70b3d57ed00778cc,9548
device_uplink,1788910353000000000,70b3d57ed00778cc,9549
device_uplink,1788910369000000000,70b3d57ed00778cc,9550
device_uplink,1788910385000000000,70b3d57ed00778cc,9551
device_uplink,1788910401000000000,70b3d57ed00778cc,9552
device_uplink,1788910417000000000,70b3d57ed00778cc,9553
device_uplink,1788910435000000000,70b3d57ed00778cc,9554
device_uplink,1788910451000000000,70b3d57ed00778cc,9555
device_uplink,1788910467000000000,70b3d57ed00778cc,9556
device_uplink,1788910483000000000,70b3d57ed00778cc,9557
device_uplink,1788910499000000000,70b3d57ed00778cc,9558
device_uplink,1788910515000000000,70b3d57ed00778cc,9559
device_uplink,1788910531000000000,70b3d57ed00778cc,9560
device_uplink,1788910547000000000,70b3d57ed00778cc,9561
device_uplink,1788910565000000000,70b3d57ed00778cc,9562
device_uplink,1788910581000000000,70b3d57ed00778cc,9563
device_uplink,1788910597000000000,70b3d57ed00778cc,9564
device_uplink,1788910613000000000,70b3d57ed00778cc,9565
device_uplink,1788910626000000000,70b3d57ed0077801,101
device_uplink,1788910629000000000,70b3d57ed00778cc,9566
device_uplink,1788910645000000000,70b3d57ed00778cc,9567
device_uplink,1788910661000000000,70b3d57ed00778cc,9568
device_uplink,1788910677000000000,70b3d57ed00778cc,9569
device_uplink,1788910695000000000,70b3d57ed00778cc,9570
device_uplink,1788910711000000000,70b3d57ed00778cc,9571
device_uplink,1788910727000000000,70b3d57ed00778cc,9572
device_uplink,1788910743000000000,70b3d57ed00778cc,9573
device_uplink,1788910759000000000,70b3d57ed00778cc,9574
device_uplink,1788910775000000000,70b3d57ed00778cc,9575
device_uplink,1788910791000000000,70b3d57ed00778cc,9576
device_uplink,1788910807000000000,70b3d57ed00778cc,9577
device_uplink,1788910825000000000,70b3d57ed00778cc,9578
device_uplink,1788910841000000000,70b3d57ed00778cc,9579
device_uplink,1788910857000000000,70b3d57ed00778cc,9580
device_uplink,1788910873000000000,70b3d57ed00778cc,9581
device_uplink,1788910889000000000,70b3d57ed00778cc,9582
device_uplink,1788910905000000000,70b3d57ed00778cc,9583
device_uplink,1788910921000000000,70b3d57ed00778cc,9584
device_uplink,1788910937000000000,70b3d57ed00778cc,9585
device_uplink,1788910955000000000,70b3d57ed00778cc,9586
device_uplink,1788910971000000000,70b3d57ed00778cc,9587
device_uplink,1788910987000000000,70b3d57ed00778cc,9588
device_uplink,1788911003000000000,70b3d57ed00778cc,9589
device_uplink,1788911019000000000,70b3d57ed00778cc,9590
device_uplink,1788911035000000000,70b3d57ed00778cc,9591
device_uplink,1788911051000000000,70b3d57ed00778cc,9592
device_uplink,1788911067000000000,70b3d57ed00778cc,9593
device_uplink,1788911085000000000,70b3d57ed00778cc,9594
device_uplink,1788911101000000000,70b3d57ed00778cc,9595
device_uplink,1788911117000000000,70b3d57ed00778cc,9596
device_uplink,1788911133000000000,70b3d57ed00778cc,9597
device_uplink,1788911149000000000,70b3d57ed00778cc,9598
device_uplink,1788911165000000000,70b3d57ed00778cc,9599
device_uplink,1788911181000000000,70b3d57ed00778cc,9600
device_uplink,1788911197000000000,70b3d57ed00778cc,9601
device_uplink,1788911215000000000,70b3d57ed00778cc,9602
device_uplink,1788911231000000000,70b3d57ed00778cc,9603
device_uplink,1788911247000000000,70b3d57ed00778cc,9604
device_uplink,1788911263000000000,70b3d57ed00778cc,9605
device_uplink,1788911279000000000,70b3d57ed00778cc,9606
device_uplink,1788911295000000000,70b3d57ed00778cc,9607
device_uplink,1788911311000000000,70b3d57ed00778cc,9608
device_uplink,1788911327000000000,70b3d57ed00778cc,9609
device_uplink,1788911345000000000,70b3d57ed00778cc,9610
device_uplink,1788911361000000000,70b3d57ed00778cc,9611
device_uplink,1788911377000000000,70b3d57ed00778cc,9612
device_uplink,1788911393000000000,70b3d57ed00778cc,9613
device_uplink,1788911409000000000,70b3d57ed00778cc,9614
device_uplink,1788911425000000000,70b3d57ed00778cc,9615
device_uplink,1788911441000000000,70b3d57ed00778cc,9616
device_uplink,1788911459000000000,70b3d57ed00778cc,9617
device_uplink,1788911475000000000,70b3d57ed00778cc,9618
device_uplink,1788911491000000000,70b3d57ed00778cc,9619
device_uplink,1788911507000000000,70b3d57ed00778cc,9620
device_uplink,1788911523000000000,70b3d57ed00778cc,9621
device_uplink,1788911535000000000,70b3d57ed0077801,102
device_uplink,1788911539000000000,70b3d57ed00778cc,9622
device_uplink,1788911555000000000,70b3d57ed00778cc,9623
device_uplink,1788911573000000000,70b3d57ed00778cc,9624
device_uplink,1788911589000000000,70b3d57ed00778cc,9625
device_uplink,1788911605000000000,70b3d57ed00778cc,9626
device_uplink,1788911621000000000,70b3d57ed00778cc,9627
device_uplink,1788911637000000000,70b3d57ed00778cc,9628
device_uplink,1788911653000000000,70b3d57ed00778cc,9629
device_uplink,1788911669000000000,70b3d57ed00778cc,9630
device_uplink,1788911687000000000,70b3d57ed00778cc,9631
device_uplink,1788911703000000000,70b3d57ed00778cc,9632
device_uplink,1788911719000000000,70b3d57ed00778cc,9633
device_uplink,1788911735000000000,70b3d57ed00778cc,9634
device_uplink,1788911751000000000,70b3d57ed00778cc,9635
device_uplink,1788911767000000000,70b3d57ed00778cc,9636
device_uplink,1788911783000000000,70b3d57ed00778cc,9637
device_uplink,1788911799000000000,70b3d57ed00778cc,9638
device_uplink,1788911817000000000,70b3d57ed00778cc,9639
device_uplink,1788911833000000000,70b3d57ed00778cc,9640
device_uplink,1788911849000000000,70b3d57ed00778cc,9641
device_uplink,1788911865000000000,70b3d57ed00778cc,9642
device_uplink,1788911881000000000,70b3d57ed00778cc,9643
device_uplink,1788911897000000000,70b3d57ed00778cc,9644
device_uplink,1788911913000000000,70b3d57ed00778cc,9645
device_uplink,1788911931000000000,70b3d57ed00778cc,9646
device_uplink,1788911947000000000,70b3d57ed00778cc,9647
device_uplink,1788911963000000000,70b3d57ed00778cc,9648
device_uplink,1788911979000000000,70b3d57ed00778cc,9649
device_uplink,1788911995000000000,70b3d57ed00778cc,9650
device_uplink,1788912011000000000,70b3d57ed00778cc,9651
device_uplink,1788912027000000000,70b3d57ed00778cc,9652
device_uplink,1788912043000000000,70b3d57ed00778cc,9653
device_uplink,1788912059000000000,70b3d57ed00778cc,9654
device_uplink,1788912077000000000,70b3d57ed00778cc,9655
device_uplink,1788912093000000000,70b3d57ed00778cc,9656
device_uplink,1788912109000000000,70b3d57ed00778cc,9657
device_uplink,1788912125000000000,70b3d57ed00778cc,9658
device_uplink,1788912141000000000,70b3d57ed00778cc,9659
device_uplink,1788912157000000000,70b3d57ed00778cc,9660
device_uplink,1788912173000000000,70b3d57ed00778cc,9661
device_uplink,1788912189000000000,70b3d57ed00778cc,9662
device_uplink,1788912207000000000,70b3d57ed00778cc,9663
device_uplink,1788912223000000000,70b3d57ed00778cc,9664
device_uplink,1788912239000000000,70b3d57ed00778cc,9665
device_uplink,1788912255000000000,70b3d57ed00778cc,9666
device_uplink,1788912271000000000,70b3d57ed00778cc,9667
device_uplink,1788912287000000000,70b3d57ed00778cc,9668
device_uplink,1788912303000000000,70b3d57ed00778cc,9669
device_uplink,1788912319000000000,70b3d57ed00778cc,9670
device_uplink,1788912337000000000,70b3d57ed00778cc,9671
device_uplink,1788912353000000000,70b3d57ed00778cc,9672
device_uplink,1788912369000000000,70b3d57ed00778cc,9673
device_uplink,1788912385000000000,70b3d57ed00778cc,9674
device_uplink,1788912401000000000,70b3d57ed00778cc,9675
device_uplink,1788912417000000000,70b3d57ed00778cc,9676
device_uplink,1788912433000000000,70b3d57ed00778cc,9677
device_uplink,1788912443000000000,70b3d57ed0077801,103
device_uplink,1788912451000000000,70b3d57ed00778cc,9678
device_uplink,1788912467000000000,70b3d57ed00778cc,9679
device_uplink,1788912483000000000,70b3d57ed00778cc,9680
device_uplink,1788912499000000000,70b3d57ed00778cc,9681
device_uplink,1788912515000000000,70b3d57ed00778cc,9682
device_uplink,1788912531000000000,70b3d57ed00778cc,9683
device_uplink,1788912547000000000,70b3d57ed00778cc,9684
device_uplink,1788912565000000000,70b3d57ed00778cc,9685
device_uplink,1788912581000000000,70b3d57ed00778cc,9686
device_uplink,1788912597000000000,70b3d57ed00778cc,9687
device_uplink,1788912613000000000,70b3d57ed00778cc,9688
device_uplink,1788912629000000000,70b3d57ed00778cc,9689
device_uplink,1788912645000000000,70b3d57ed00778cc,9690
device_uplink,1788912661000000000,70b3d57ed00778cc,9691
device_uplink,1788912677000000000,70b3d57ed00778cc,9692
device_uplink,1788912695000000000,70b3d57ed00778cc,9693
device_uplink,1788912711000000000,70b3d57ed00778cc,9694
device_uplink,1788912727000000000,70b3d57ed00778cc,9695
device_uplink,1788912743000000000,70b3d57ed00778cc,9696
device_uplink,1788912759000000000,70b3d57ed00778cc,9697
device_uplink,1788912775000000000,70b3d57ed00778cc,9698
device_uplink,1788912791000000000,70b3d57ed00778cc,9699
device_uplink,1788912809000000000,70b3d57ed00778cc,9700
device_uplink,1788912825000000000,70b3d57ed00778cc,9701
device_uplink,1788912841000000000,70b3d57ed00778cc,9702
device_uplink,1788912857000000000,70b3d57ed00778cc,9703
device_uplink,1788912873000000000,70b3d57ed00778cc,9704
device_uplink,1788912889000000000,70b3d57ed00778cc,9705
device_uplink,1788912905000000000,70b3d57ed00778cc,9706
device_uplink,1788912921000000000,70b3d57ed00778cc,9707
device_uplink,1788912939000000000,70b3d57ed00778cc,9708
device_uplink,1788912955000000000,70b3d57ed00778cc,9709
device_uplink,1788912971000000000,70b3d57ed00778cc,9710
device_uplink,1788912987000000000,70b3d57ed00778cc,9711
device_uplink,1788913003000000000,70b3d57ed00778cc,9712
device_uplink,1788913019000000000,70b3d57ed00778cc,9713
device_uplink,1788913035000000000,70b3d57ed00778cc,9714
device_uplink,1788913051000000000,70b3d57ed00778cc,9715
device_uplink,1788913069000000000,70b3d57ed00778cc,9716
device_uplink,1788913085000000000,70b3d57ed00778cc,9717
device_uplink,1788913101000000000,70b3d57ed00778cc,9718
device_uplink,1788913117000000000,70b3d57ed00778cc,9719
device_uplink,1788913133000000000,70b3d57ed00778cc,9720
device_uplink,1788913149000000000,70b3d57ed00778cc,9721
device_uplink,1788913165000000000,70b3d57ed00778cc,9722
device_uplink,1788913183000000000,70b3d57ed00778cc,9723
device_uplink,1788913199000000000,70b3d57ed00778cc,9724
device_uplink,1788913215000000000,70b3d57ed00778cc,9725
device_uplink,1788913231000000000,70b3d57ed00778cc,9726
device_uplink,1788913247000000000,70b3d57ed00778cc,9727
device_uplink,1788913263000000000,70b3d57ed00778cc,9728
device_uplink,1788913279000000000,70b3d57ed00778cc,9729
device_uplink,1788913295000000000,70b3d57ed00778cc,9730
device_uplink,1788913313000000000,70b3d57ed00778cc,9731
device_uplink,1788913329000000000,70b3d57ed00778cc,9732
device_uplink,1788913345000000000,70b3d57ed00778cc,9733
device_uplink,1788913351000000000,70b3d57ed0077801,104
device_uplink,1788913361000000000,70b3d57ed00778cc,9734
device_uplink,1788913377000000000,70b3d57ed00778cc,9735
device_uplink,1788913393000000000,70b3d57ed00778cc,9736
device_uplink,1788913409000000000,70b3d57ed00778cc,9737
device_uplink,1788913425000000000,70b3d57ed00778cc,9738
device_uplink,1788913443000000000,70b3d57ed00778cc,9739
device_uplink,1788913459000000000,70b3d57ed00778cc,9740
device_uplink,1788913475000000000,70b3d57ed00778cc,9741
device_uplink,1788913491000000000,70b3d57ed00778cc,9742
device_uplink,1788913507000000000,70b3d57ed00778cc,9743
device_uplink,1788913523000000000,70b3d57ed00778cc,9744
device_uplink,1788913539000000000,70b3d57ed00778cc,9745
device_uplink,1788913555000000000,70b3d57ed00778cc,9746
device_uplink,1788913573000000000,70b3d57ed00778cc,9747
device_uplink,1788913589000000000,70b3d57ed00778cc,9748
device_uplink,1788913605000000000,70b3d57ed00778cc,9749
device_uplink,1788913621000000000,70b3d57ed00778cc,9750
device_uplink,1788913637000000000,70b3d57ed00778cc,9751
device_uplink,1788913653000000000,70b3d57ed00778cc,9752
device_uplink,1788913669000000000,70b3d57ed00778cc,9753
device_uplink,1788913687000000000,70b3d57ed00778cc,9754
device_uplink,1788913703000000000,70b3d57ed00778cc,9755
device_uplink,1788913719000000000,70b3d57ed00778cc,9756
device_uplink,1788913735000000000,70b3d57ed00778cc,9757
device_uplink,1788913751000000000,70b3d57ed00778cc,9758
device_uplink,1788913767000000000,70b3d57ed00778cc,9759
device_uplink,1788913783000000000,70b3d57ed00778cc,9760
device_uplink,1788913799000000000,70b3d57ed00778cc,9761
device_uplink,1788913817000000000,70b3d57ed00778cc,9762
device_uplink,1788913833000000000,70b3d57ed00778cc,9763
device_uplink,1788913849000000000,70b3d57ed00778cc,9764
device_uplink,1788913865000000000,70b3d57ed00778cc,9765
device_uplink,1788913881000000000,70b3d57ed00778cc,9766
device_uplink,1788913897000000000,70b3d57ed00778cc,9767
device_uplink,1788913913000000000,70b3d57ed00778cc,9768
device_uplink,1788913929000000000,70b3d57ed00778cc,9769
device_uplink,1788913947000000000,70b3d57ed00778cc,9770
device_uplink,1788913963000000000,70b3d57ed00778cc,9771
device_uplink,1788913979000000000,70b3d57ed00778cc,9772
device_uplink,1788913995000000000,70b3d57ed00778cc,9773
device_uplink,1788914011000000000,70b3d57ed00778cc,9774
device_uplink,1788914027000000000,70b3d57ed00778cc,9775
device_uplink,1788914059000000000,70b3d57ed00778cc,9777
device_uplink,1788914077000000000,70b3d57ed00778cc,9778
device_uplink,1788914093000000000,70b3d57ed00778cc,9779
device_uplink,1788914109000000000,70b3d57ed00778cc,9780
device_uplink,1788914125000000000,70b3d57ed00778cc,9781
device_uplink,1788914141000000000,70b3d57ed00778cc,9782
device_uplink,1788914157000000000,70b3d57ed00778cc,9783
device_uplink,1788914173000000000,70b3d57ed00778cc,9784
device_uplink,1788914189000000000,70b3d57ed00778cc,9785
device_uplink,1788914207000000000,70b3d57ed00778cc,9786
device_uplink,1788914223000000000,70b3d57ed00778cc,9787
device_uplink,1788914239000000000,70b3d57ed00778cc,9788
device_uplink,1788914255000000000,70b3d57ed00778cc,9789
device_uplink,1788914260000000000,70b3d57ed0077801,105
device_uplink,1788914271000000000,70b3d57ed00778cc,9790
device_uplink,1788914287000000000,70b3d57ed00778cc,9791
device_uplink,1788914303000000000,70b3d57ed00778cc,9792
device_uplink,1788914321000000000,70b3d57ed00778cc,9793
device_uplink,1788914337000000000,70b3d57ed00778cc,9794
device_uplink,1788914353000000000,70b3d57ed00778cc,9795
device_uplink,1788914369000000000,70b3d57ed00778cc,9796
device_uplink,1788914385000000000,70b3d57ed00778cc,9797
device_uplink,1788914401000000000,70b3d57ed00778cc,9798
device_uplink,1788914417000000000,70b3d57ed00778cc,9799
device_uplink,1788914435000000000,70b3d57ed00778cc,9800
device_uplink,1788914451000000000,70b3d57ed00778cc,9801
device_uplink,1788914467000000000,70b3d57ed00778cc,9802
device_uplink,1788914483000000000,70b3d57ed00778cc,9803
device_uplink,1788914499000000000,70b3d57ed00778cc,9804
device_uplink,1788914515000000000,70b3d57ed00778cc,9805
device_uplink,1788914531000000000,70b3d57ed00778cc,9806
device_uplink,1788914547000000000,70b3d57ed00778cc,9807
device_uplink,1788914565000000000,70b3d57ed00778cc,9808
device_uplink,1788914581000000000,70b3d57ed00778cc,9809
device_uplink,1788914597000000000,70b3d57ed00778cc,9810
device_uplink,1788914613000000000,70b3d57ed00778cc,9811
device_uplink,1788914629000000000,70b3d57ed00778cc,9812
device_uplink,1788914645000000000,70b3d57ed00778cc,9813
device_uplink,1788914661000000000,70b3d57ed00778cc,9814
device_uplink,1788914677000000000,70b3d57ed00778cc,9815
device_uplink,1788914695000000000,70b3d57ed00778cc,9816
device_uplink,1788914711000000000,70b3d57ed00778cc,9817
device_uplink,1788914727000000000,70b3d57ed00778cc,9818
device_uplink,1788914743000000000,70b3d57ed00778cc,9819
device_uplink,1788914759000000000,70b3d57ed00778cc,9820
device_uplink,1788914775000000000,70b3d57ed00778cc,9821
device_uplink,1788914791000000000,70b3d57ed00778cc,9822
device_uplink,1788914807000000000,70b3d57ed00778cc,9823
device_uplink,1788914825000000000,70b3d57ed00778cc,9824
device_uplink,1788914841000000000,70b3d57ed00778cc,9825
device_uplink,1788914857000000000,70b3d57ed00778cc,9826
device_uplink,1788914873000000000,70b3d57ed00778cc,9827
device_uplink,1788914889000000000,70b3d57ed00778cc,9828
device_uplink,1788914905000000000,70b3d57ed00778cc,9829
device_uplink,1788914923000000000,70b3d57ed00778cc,9830
device_uplink,1788914939000000000,70b3d57ed00778cc,9831
device_uplink,1788914955000000000,70b3d57ed00778cc,9832
device_uplink,1788914971000000000,70b3d57ed00778cc,9833
device_uplink,1788914987000000000,70b3d57ed00778cc,9834
device_uplink,1788915003000000000,70b3d57ed00778cc,9835
device_uplink,1788915019000000000,70b3d57ed00778cc,9836
device_uplink,1788915035000000000,70b3d57ed00778cc,9837
device_uplink,1788915053000000000,70b3d57ed00778cc,9838
device_uplink,1788915069000000000,70b3d57ed00778cc,9839
device_uplink,1788915085000000000,70b3d57ed00778cc,9840
device_uplink,1788915101000000000,70b3d57ed00778cc,9841
device_uplink,1788915117000000000,70b3d57ed00778cc,9842
device_uplink,1788915133000000000,70b3d57ed00778cc,9843
device_uplink,1788915149000000000,70b3d57ed00778cc,9844
device_uplink,1788915165000000000,70b3d57ed00778cc,9845
device_uplink,1788915168000000000,70b3d57ed0077801,106
device_uplink,1788915181000000000,70b3d57ed00778cc,9846
device_uplink,1788915199000000000,70b3d57ed00778cc,9847
device_uplink,1788915215000000000,70b3d57ed00778cc,9848
device_uplink,1788915231000000000,70b3d57ed00778cc,9849
device_uplink,1788915247000000000,70b3d57ed00778cc,9850
device_uplink,1788915263000000000,70b3d57ed00778cc,9851
device_uplink,1788915279000000000,70b3d57ed00778cc,9852
device_uplink,1788915295000000000,70b3d57ed00778cc,9853
device_uplink,1788915313000000000,70b3d57ed00778cc,9854
device_uplink,1788915329000000000,70b3d57ed00778cc,9855
device_uplink,1788915345000000000,70b3d57ed00778cc,9856
device_uplink,1788915361000000000,70b3d57ed00778cc,9857
device_uplink,1788915377000000000,70b3d57ed00778cc,9858
device_uplink,1788915393000000000,70b3d57ed00778cc,9859
device_uplink,1788915409000000000,70b3d57ed00778cc,9860
device_uplink,1788915425000000000,70b3d57ed00778cc,9861
device_uplink,1788915443000000000,70b3d57ed00778cc,9862
device_uplink,1788915459000000000,70b3d57ed00778cc,9863
device_uplink,1788915475000000000,70b3d57ed00778cc,9864
device_uplink,1788915491000000000,70b3d57ed00778cc,9865
device_uplink,1788915507000000000,70b3d57ed00778cc,9866
device_uplink,1788915523000000000,70b3d57ed00778cc,9867
device_uplink,1788915539000000000,70b3d57ed00778cc,9868
device_uplink,1788915557000000000,70b3d57ed00778cc,9869
device_uplink,1788915573000000000,70b3d57ed00778cc,9870
device_uplink,1788915589000000000,70b3d57ed00778cc,9871
device_uplink,1788915605000000000,70b3d57ed00778cc,9872
device_uplink,1788915621000000000,70b3d57ed00778cc,9873
device_uplink,1788915637000000000,70b3d57ed00778cc,9874
device_uplink,1788915653000000000,70b3d57ed00778cc,9875
device_uplink,1788915671000000000,70b3d57ed00778cc,9876
device_uplink,1788915687000000000,70b3d57ed00778cc,9877
device_uplink,1788915703000000000,70b3d57ed00778cc,9878
device_uplink,1788915719000000000,70b3d57ed00778cc,9879
device_uplink,1788915735000000000,70b3d57ed00778cc,9880
device_uplink,1788915751000000000,70b3d57ed00778cc,9881
device_uplink,1788915767000000000,70b3d57ed00778cc,9882
device_uplink,1788915783000000000,70b3d57ed00778cc,9883
device_uplink,1788915801000000000,70b3d57ed00778cc,9884
device_uplink,1788915817000000000,70b3d57ed00778cc,9885
device_uplink,1788915833000000000,70b3d57ed00778cc,9886
device_uplink,1788915849000000000,70b3d57ed00778cc,9887
device_uplink,1788915865000000000,70b3d57ed00778cc,9888
device_uplink,1788915881000000000,70b3d57ed00778cc,9889
device_uplink,1788915897000000000,70b3d57ed00778cc,9890
device_uplink,1788915915000000000,70b3d57ed00778cc,9891
device_uplink,1788915931000000000,70b3d57ed00778cc,9892
device_uplink,1788915947000000000,70b3d57ed00778cc,9893
device_uplink,1788915963000000000,70b3d57ed00778cc,9894
device_uplink,1788915979000000000,70b3d57ed00778cc,9895
device_uplink,1788915995000000000,70b3d57ed00778cc,9896
device_uplink,1788916011000000000,70b3d57ed00778cc,9897
device_uplink,1788916029000000000,70b3d57ed00778cc,9898
device_uplink,1788916045000000000,70b3d57ed00778cc,9899
device_uplink,1788916061000000000,70b3d57ed00778cc,9900
device_uplink,1788916077000000000,70b3d57ed0077801,107
device_uplink,1788916077000000000,70b3d57ed00778cc,9901
device_uplink,1788916093000000000,70b3d57ed00778cc,9902
device_uplink,1788916109000000000,70b3d57ed00778cc,9903
device_uplink,1788916125000000000,70b3d57ed00778cc,9904
device_uplink,1788916141000000000,70b3d57ed00778cc,9905
device_uplink,1788916159000000000,70b3d57ed00778cc,9906
device_uplink,1788916175000000000,70b3d57ed00778cc,9907
device_uplink,1788916191000000000,70b3d57ed00778cc,9908
device_uplink,1788916207000000000,70b3d57ed00778cc,9909
device_uplink,1788916223000000000,70b3d57ed00778cc,9910
device_uplink,1788916239000000000,70b3d57ed00778cc,9911
device_uplink,1788916257000000000,70b3d57ed00778cc,9912
device_uplink,1788916273000000000,70b3d57ed00778cc,9913
device_uplink,1788916289000000000,70b3d57ed00778cc,9914
device_uplink,1788916305000000000,70b3d57ed00778cc,9915
device_uplink,1788916321000000000,70b3d57ed00778cc,9916
device_uplink,1788916337000000000,70b3d57ed00778cc,9917
device_uplink,1788916353000000000,70b3d57ed00778cc,9918
device_uplink,1788916369000000000,70b3d57ed00778cc,9919
device_uplink,1788916387000000000,70b3d57ed00778cc,9920
device_uplink,1788916403000000000,70b3d57ed00778cc,9921
device_uplink,1788916419000000000,70b3d57ed00778cc,9922
device_uplink,1788916435000000000,70b3d57ed00778cc,9923
device_uplink,1788916451000000000,70b3d57ed00778cc,9924
device_uplink,1788916467000000000,70b3d57ed00778cc,9925
device_uplink,1788916485000000000,70b3d57ed00778cc,9926
device_uplink,1788916501000000000,70b3d57ed00778cc,9927
device_uplink,1788916517000000000,70b3d57ed00778cc,9928
device_uplink,1788916533000000000,70b3d57ed00778cc,9929
device_uplink,1788916549000000000,70b3d57ed00778cc,9930
device_uplink,1788916565000000000,70b3d57ed00778cc,9931
device_uplink,1788916581000000000,70b3d57ed00778cc,9932
device_uplink,1788916597000000000,70b3d57ed00778cc,9933
device_uplink,1788916615000000000,70b3d57ed00778cc,9934
device_uplink,1788916631000000000,70b3d57ed00778cc,9935
device_uplink,1788916647000000000,70b3d57ed00778cc,9936
device_uplink,1788916663000000000,70b3d57ed00778cc,9937
device_uplink,1788916679000000000,70b3d57ed00778cc,9938
device_uplink,1788916695000000000,70b3d57ed00778cc,9939
device_uplink,1788916711000000000,70b3d57ed00778cc,9940
device_uplink,1788916727000000000,70b3d57ed00778cc,9941
device_uplink,1788916745000000000,70b3d57ed00778cc,9942
device_uplink,1788916761000000000,70b3d57ed00778cc,9943
device_uplink,1788916777000000000,70b3d57ed00778cc,9944
device_uplink,1788916793000000000,70b3d57ed00778cc,9945
device_uplink,1788916809000000000,70b3d57ed00778cc,9946
device_uplink,1788916825000000000,70b3d57ed00778cc,9947
device_uplink,1788916841000000000,70b3d57ed00778cc,9948
device_uplink,1788916857000000000,70b3d57ed00778cc,9949
device_uplink,1788916875000000000,70b3d57ed00778cc,9950
device_uplink,1788916891000000000,70b3d57ed00778cc,9951
device_uplink,1788916907000000000,70b3d57ed00778cc,9952
device_uplink,1788916923000000000,70b3d57ed00778cc,9953
device_uplink,1788916939000000000,70b3d57ed00778cc,9954
device_uplink,1788916955000000000,70b3d57ed00778cc,9955
device_uplink,1788916971000000000,70b3d57ed00778cc,9956
device_uplink,1788916985000000000,70b3d57ed0077801,108
device_uplink,1788916989000000000,70b3d57ed00778cc,9957
device_uplink,1788917005000000000,70b3d57ed00778cc,9958
device_uplink,1788917021000000000,70b3d57ed00778cc,9959
device_uplink,1788917037000000000,70b3d57ed00778cc,9960
device_uplink,1788917053000000000,70b3d57ed00778cc,9961
device_uplink,1788917069000000000,70b3d57ed00778cc,9962
device_uplink,1788917085000000000,70b3d57ed00778cc,9963
device_uplink,1788917101000000000,70b3d57ed00778cc,9964
device_uplink,1788917119000000000,70b3d57ed00778cc,9965
device_uplink,1788917135000000000,70b3d57ed00778cc,9966
device_uplink,1788917151000000000,70b3d57ed00778cc,9967
device_uplink,1788917167000000000,70b3d57ed00778cc,9968
device_uplink,1788917183000000000,70b3d57ed00778cc,9969
device_uplink,1788917199000000000,70b3d57ed00778cc,9970
device_uplink,1788917215000000000,70b3d57ed00778cc,9971
device_uplink,1788917233000000000,70b3d57ed00778cc,9972
device_uplink,1788917249000000000,70b3d57ed00778cc,9973
device_uplink,1788917265000000000,70b3d57ed00778cc,9974
device_uplink,1788917281000000000,70b3d57ed00778cc,9975
device_uplink,1788917297000000000,70b3d57ed00778cc,9976
device_uplink,1788917313000000000,70b3d57ed00778cc,9977
device_uplink,1788917329000000000,70b3d57ed00778cc,9978
device_uplink,1788917345000000000,70b3d57ed00778cc,9979
device_uplink,1788917363000000000,70b3d57ed00778cc,9980
device_uplink,1788917379000000000,70b3d57ed00778cc,9981
device_uplink,1788917395000000000,70b3d57ed00778cc,9982
device_uplink,1788917411000000000,70b3d57ed00778cc,9983
device_uplink,1788917427000000000,70b3d57ed00778cc,9984
device_uplink,1788917443000000000,70b3d57ed00778cc,9985
device_uplink,1788917459000000000,70b3d57ed00778cc,9986
device_uplink,1788917477000000000,70b3d57ed00778cc,9987
device_uplink,1788917493000000000,70b3d57ed00778cc,9988
device_uplink,1788917509000000000,70b3d57ed00778cc,9989
device_uplink,1788917525000000000,70b3d57ed00778cc,9990
device_uplink,1788917541000000000,70b3d57ed00778cc,9991
device_uplink,1788917557000000000,70b3d57ed00778cc,9992
device_uplink,1788917573000000000,70b3d57ed00778cc,9993
device_uplink,1788917591000000000,70b3d57ed00778cc,9994
device_uplink,1788917607000000000,70b3d57ed00778cc,9995
device_uplink,1788917623000000000,70b3d57ed00778cc,9996
device_uplink,1788917639000000000,70b3d57ed00778cc,9997
device_uplink,1788917655000000000,70b3d57ed00778cc,9998
device_uplink,1788917671000000000,70b3d57ed00778cc,9999
device_uplink,1788917687000000000,70b3d57ed00778cc,10000
device_uplink,1788917703000000000,70b3d57ed00778cc,10001
device_uplink,1788917721000000000,70b3d57ed00778cc,10002
device_uplink,1788917737000000000,70b3d57ed00778cc,10003
device_uplink,1788917753000000000,70b3d57ed00778cc,10004
device_uplink,1788917769000000000,70b3d57ed00778cc,10005
device_uplink,1788917785000000000,70b3d57ed00778cc,10006
device_uplink,1788917801000000000,70b3d57ed00778cc,10007
device_uplink,1788917817000000000,70b3d57ed00778cc,10008
device_uplink,1788917835000000000,70b3d57ed00778cc,10009
device_uplink,1788917851000000000,70b3d57ed00778cc,10010
device_uplink,1788917867000000000,70b3d57ed00778cc,10011
device_uplink,1788917883000000000,70b3d57ed00778cc,10012
device_uplink,1788917894000000000,70b3d57ed0077801,109
device_uplink,1788917899000000000,70b3d57ed00778cc,10013
device_uplink,1788917915000000000,70b3d57ed00778cc,10014
device_uplink,1788917931000000000,70b3d57ed00778cc,10015
device_uplink,1788917949000000000,70b3d57ed00778cc,10016
device_uplink,1788917965000000000,70b3d57ed00778cc,10017
device_uplink,1788917981000000000,70b3d57ed00778cc,10018
device_uplink,1788917997000000000,70b3d57ed00778cc,10019
device_uplink,1788918013000000000,70b3d57ed00778cc,10020
device_uplink,1788918029000000000,70b3d57ed00778cc,10021
device_uplink,1788918045000000000,70b3d57ed00778cc,10022
device_uplink,1788918063000000000,70b3d57ed00778cc,10023
device_uplink,1788918079000000000,70b3d57ed00778cc,10024
device_uplink,1788918095000000000,70b3d57ed00778cc,10025
device_uplink,1788918111000000000,70b3d57ed00778cc,10026
device_uplink,1788918127000000000,70b3d57ed00778cc,10027
device_uplink,1788918143000000000,70b3d57ed00778cc,10028
device_uplink,1788918159000000000,70b3d57ed00778cc,10029
device_uplink,1788918177000000000,70b3d57ed00778cc,10030
device_uplink,1788918193000000000,70b3d57ed00778cc,10031
device_uplink,1788918209000000000,70b3d57ed00778cc,10032
device_uplink,1788918225000000000,70b3d57ed00778cc,10033
device_uplink,1788918241000000000,70b3d57ed00778cc,10034
device_uplink,1788918257000000000,70b3d57ed00778cc,10035
device_uplink,1788918273000000000,70b3d57ed00778cc,10036
device_uplink,1788918289000000000,70b3d57ed00778cc,10037
device_uplink,1788918307000000000,70b3d57ed00778cc,10038
device_uplink,1788918323000000000,70b3d57ed00778cc,10039
device_uplink,1788918339000000000,70b3d57ed00778cc,10040
device_uplink,1788918355000000000,70b3d57ed00778cc,10041
device_uplink,1788918371000000000,70b3d57ed00778cc,10042
device_uplink,1788918389000000000,70b3d57ed00778cc,10043
device_uplink,1788918405000000000,70b3d57ed00778cc,10044
device_uplink,1788918421000000000,70b3d57ed00778cc,10045
device_uplink,1788918437000000000,70b3d57ed00778cc,10046
device_uplink,1788918453000000000,70b3d57ed00778cc,10047
device_uplink,1788918469000000000,70b3d57ed00778cc,10048
device_uplink,1788918485000000000,70b3d57ed00778cc,10049
device_uplink,1788918503000000000,70b3d57ed00778cc,10050
device_uplink,1788918519000000000,70b3d57ed00778cc,10051
device_uplink,1788918535000000000,70b3d57ed00778cc,10052
device_uplink,1788918551000000000,70b3d57ed00778cc,10053
device_uplink,1788918567000000000,70b3d57ed00778cc,10054
device_uplink,1788918583000000000,70b3d57ed00778cc,10055
device_uplink,1788918599000000000,70b3d57ed00778cc,10056
device_uplink,1788918615000000000,70b3d57ed00778cc,10057
device_uplink,1788918633000000000,70b3d57ed00778cc,10058
device_uplink,1788918649000000000,70b3d57ed00778cc,10059
device_uplink,1788918665000000000,70b3d57ed00778cc,10060
device_uplink,1788918681000000000,70b3d57ed00778cc,10061
device_uplink,1788918697000000000,70b3d57ed00778cc,10062
device_uplink,1788918713000000000,70b3d57ed00778cc,10063
device_uplink,1788918731000000000,70b3d57ed00778cc,10064
device_uplink,1788918747000000000,70b3d57ed00778cc,10065
device_uplink,1788918763000000000,70b3d57ed00778cc,10066
device_uplink,1788918779000000000,70b3d57ed00778cc,10067
device_uplink,1788918795000000000,70b3d57ed00778cc,10068
device_uplink,1788918802000000000,70b3d57ed0077801,110
device_uplink,1788918811000000000,70b3d57ed00778cc,10069
device_uplink,1788918827000000000,70b3d57ed00778cc,10070
device_uplink,1788918843000000000,70b3d57ed00778cc,10071
device_uplink,1788918861000000000,70b3d57ed00778cc,10072
device_uplink,1788918877000000000,70b3d57ed00778cc,10073
device_uplink,1788918893000000000,70b3d57ed00778cc,10074
device_uplink,1788918909000000000,70b3d57ed00778cc,10075
device_uplink,1788918925000000000,70b3d57ed00778cc,10076
device_uplink,1788918941000000000,70b3d57ed00778cc,10077
device_uplink,1788918959000000000,70b3d57ed00778cc,10078
device_uplink,1788918975000000000,70b3d57ed00778cc,10079
device_uplink,1788918991000000000,70b3d57ed00778cc,10080
device_uplink,1788919007000000000,70b3d57ed00778cc,10081
device_uplink,1788919023000000000,70b3d57ed00778cc,10082
device_uplink,1788919039000000000,70b3d57ed00778cc,10083
device_uplink,1788919055000000000,70b3d57ed00778cc,10084
device_uplink,1788919071000000000,70b3d57ed00778cc,10085
device_uplink,1788919089000000000,70b3d57ed00778cc,10086
device_uplink,1788919105000000000,70b3d57ed00778cc,10087
device_uplink,1788919121000000000,70b3d57ed00778cc,10088
device_uplink,1788919137000000000,70b3d57ed00778cc,10089
device_uplink,1788919153000000000,70b3d57ed00778cc,10090
device_uplink,1788919169000000000,70b3d57ed00778cc,10091
device_uplink,1788919187000000000,70b3d57ed00778cc,10092
device_uplink,1788919203000000000,70b3d57ed00778cc,10093
device_uplink,1788919219000000000,70b3d57ed00778cc,10094
device_uplink,1788919235000000000,70b3d57ed00778cc,10095
device_uplink,1788919251000000000,70b3d57ed00778cc,10096
device_uplink,1788919267000000000,70b3d57ed00778cc,10097
device_uplink,1788919283000000000,70b3d57ed00778cc,10098
device_uplink,1788919299000000000,70b3d57ed00778cc,10099
device_uplink,1788919317000000000,70b3d57ed00778cc,10100
device_uplink,1788919333000000000,70b3d57ed00778cc,10101
device_uplink,1788919349000000000,70b3d57ed00778cc,10102
device_uplink,1788919365000000000,70b3d57ed00778cc,10103
device_uplink,1788919381000000000,70b3d57ed00778cc,10104
device_uplink,1788919397000000000,70b3d57ed00778cc,10105
device_uplink,1788919413000000000,70b3d57ed00778cc,10106
device_uplink,1788919429000000000,70b3d57ed00778cc,10107
device_uplink,1788919447000000000,70b3d57ed00778cc,10108
device_uplink,1788919463000000000,70b3d57ed00778cc,10109
device_uplink,1788919479000000000,70b3d57ed00778cc,10110
device_uplink,1788919495000000000,70b3d57ed00778cc,10111
device_uplink,1788919511000000000,70b3d57ed00778cc,10112
device_uplink,1788919529000000000,70b3d57ed00778cc,10113
device_uplink,1788919545000000000,70b3d57ed00778cc,10114
device_uplink,1788919561000000000,70b3d57ed00778cc,10115
device_uplink,1788919577000000000,70b3d57ed00778cc,10116
device_uplink,1788919593000000000,70b3d57ed00778cc,10117
device_uplink,1788919609000000000,70b3d57ed00778cc,10118
device_uplink,1788919625000000000,70b3d57ed00778cc,10119
device_uplink,1788919641000000000,70b3d57ed00778cc,10120
device_uplink,1788919659000000000,70b3d57ed00778cc,10121
device_uplink,1788919675000000000,70b3d57ed00778cc,10122
device_uplink,1788919691000000000,70b3d57ed00778cc,10123
device_uplink,1788919707000000000,70b3d57ed00778cc,10124
device_uplink,1788919711000000000,70b3d57ed0077801,111
device_uplink,1788919723000000000,70b3d57ed00778cc,10125
device_uplink,1788919739000000000,70b3d57ed00778cc,10126
device_uplink,1788919755000000000,70b3d57ed00778cc,10127
device_uplink,1788919771000000000,70b3d57ed00778cc,10128
device_uplink,1788919789000000000,70b3d57ed00778cc,10129
device_uplink,1788919805000000000,70b3d57ed00778cc,10130
device_uplink,1788919821000000000,70b3d57ed00778cc,10131
device_uplink,1788919837000000000,70b3d57ed00778cc,10132
device_uplink,1788919853000000000,70b3d57ed00778cc,10133
device_uplink,1788919869000000000,70b3d57ed00778cc,10134
device_uplink,1788919885000000000,70b3d57ed00778cc,10135
device_uplink,1788919901000000000,70b3d57ed00778cc,10136
device_uplink,1788919917000000000,70b3d57ed00778cc,10137
device_uplink,1788919935000000000,70b3d57ed00778cc,10138
device_uplink,1788919951000000000,70b3d57ed00778cc,10139
device_uplink,1788919967000000000,70b3d57ed00778cc,10140
device_uplink,1788919983000000000,70b3d57ed00778cc,10141
device_uplink,1788920015000000000,70b3d57ed00778cc,10143
device_uplink,1788920031000000000,70b3d57ed00778cc,10144
device_uplink,1788920049000000000,70b3d57ed00778cc,10145
device_uplink,1788920065000000000,70b3d57ed00778cc,10146
device_uplink,1788920081000000000,70b3d57ed00778cc,10147
device_uplink,1788920097000000000,70b3d57ed00778cc,10148
device_uplink,1788920113000000000,70b3d57ed00778cc,10149
device_uplink,1788920129000000000,70b3d57ed00778cc,10150
device_uplink,1788920145000000000,70b3d57ed00778cc,10151
device_uplink,1788920161000000000,70b3d57ed00778cc,10152
device_uplink,1788920177000000000,70b3d57ed00778cc,10153
device_uplink,1788920195000000000,70b3d57ed00778cc,10154
device_uplink,1788920211000000000,70b3d57ed00778cc,10155
device_uplink,1788920227000000000,70b3d57ed00778cc,10156
device_uplink,1788920243000000000,70b3d57ed00778cc,10157
device_uplink,1788920259000000000,70b3d57ed00778cc,10158
device_uplink,1788920275000000000,70b3d57ed00778cc,10159
device_uplink,1788920291000000000,70b3d57ed00778cc,10160
device_uplink,1788920309000000000,70b3d57ed00778cc,10161
device_uplink,1788920325000000000,70b3d57ed00778cc,10162
device_uplink,1788920341000000000,70b3d57ed00778cc,10163
device_uplink,1788920357000000000,70b3d57ed00778cc,10164
device_uplink,1788920373000000000,70b3d57ed00778cc,10165
device_uplink,1788920389000000000,70b3d57ed00778cc,10166
device_uplink,1788920405000000000,70b3d57ed00778cc,10167
device_uplink,1788920421000000000,70b3d57ed00778cc,10168
device_uplink,1788920439000000000,70b3d57ed00778cc,10169
device_uplink,1788920455000000000,70b3d57ed00778cc,10170
device_uplink,1788920471000000000,70b3d57ed00778cc,10171
device_uplink,1788920487000000000,70b3d57ed00778cc,10172
device_uplink,1788920503000000000,70b3d57ed00778cc,10173
device_uplink,1788920519000000000,70b3d57ed00778cc,10174
device_uplink,1788920537000000000,70b3d57ed00778cc,10175
device_uplink,1788920553000000000,70b3d57ed00778cc,10176
device_uplink,1788920569000000000,70b3d57ed00778cc,10177
device_uplink,1788920585000000000,70b3d57ed00778cc,10178
device_uplink,1788920601000000000,70b3d57ed00778cc,10179
device_uplink,1788920617000000000,70b3d57ed00778cc,10180
device_uplink,1788920619000000000,70b3d57ed0077801,112
device_uplink,1788920633000000000,70b3d57ed00778cc,10181
device_uplink,1788920649000000000,70b3d57ed00778cc,10182
device_uplink,1788920667000000000,70b3d57ed00778cc,10183
device_uplink,1788920683000000000,70b3d57ed00778cc,10184
device_uplink,1788920699000000000,70b3d57ed00778cc,10185
device_uplink,1788920715000000000,70b3d57ed00778cc,10186
device_uplink,1788920731000000000,70b3d57ed00778cc,10187
device_uplink,1788920747000000000,70b3d57ed00778cc,10188
device_uplink,1788920763000000000,70b3d57ed00778cc,10189
device_uplink,1788920781000000000,70b3d57ed00778cc,10190
device_uplink,1788920797000000000,70b3d57ed00778cc,10191
device_uplink,1788920813000000000,70b3d57ed00778cc,10192
device_uplink,1788920829000000000,70b3d57ed00778cc,10193
device_uplink,1788920845000000000,70b3d57ed00778cc,10194
device_uplink,1788920861000000000,70b3d57ed00778cc,10195
device_uplink,1788920877000000000,70b3d57ed00778cc,10196
device_uplink,1788920893000000000,70b3d57ed00778cc,10197
device_uplink,1788920911000000000,70b3d57ed00778cc,10198
device_uplink,1788920927000000000,70b3d57ed00778cc,10199
device_uplink,1788920943000000000,70b3d57ed00778cc,10200
device_uplink,1788920959000000000,70b3d57ed00778cc,10201
device_uplink,1788920975000000000,70b3d57ed00778cc,10202
device_uplink,1788920991000000000,70b3d57ed00778cc,10203
device_uplink,1788921009000000000,70b3d57ed00778cc,10204
device_uplink,1788921025000000000,70b3d57ed00778cc,10205
device_uplink,1788921041000000000,70b3d57ed00778cc,10206
device_uplink,1788921057000000000,70b3d57ed00778cc,10207
device_uplink,1788921073000000000,70b3d57ed00778cc,10208
device_uplink,1788921089000000000,70b3d57ed00778cc,10209
device_uplink,1788921107000000000,70b3d57ed00778cc,10210
device_uplink,1788921123000000000,70b3d57ed00778cc,10211
device_uplink,1788921139000000000,70b3d57ed00778cc,10212
device_uplink,1788921155000000000,70b3d57ed00778cc,10213
device_uplink,1788921171000000000,70b3d57ed00778cc,10214
device_uplink,1788921187000000000,70b3d57ed00778cc,10215
device_uplink,1788921203000000000,70b3d57ed00778cc,10216
device_uplink,1788921219000000000,70b3d57ed00778cc,10217
device_uplink,1788921237000000000,70b3d57ed00778cc,10218
device_uplink,1788921253000000000,70b3d57ed00778cc,10219
device_uplink,1788921269000000000,70b3d57ed00778cc,10220
device_uplink,1788921285000000000,70b3d57ed00778cc,10221
device_uplink,1788921301000000000,70b3d57ed00778cc,10222
device_uplink,1788921317000000000,70b3d57ed00778cc,10223
device_uplink,1788921333000000000,70b3d57ed00778cc,10224
device_uplink,1788921351000000000,70b3d57ed00778cc,10225
device_uplink,1788921367000000000,70b3d57ed00778cc,10226
device_uplink,1788921383000000000,70b3d57ed00778cc,10227
device_uplink,1788921399000000000,70b3d57ed00778cc,10228
device_uplink,1788921415000000000,70b3d57ed00778cc,10229
device_uplink,1788921431000000000,70b3d57ed00778cc,10230
device_uplink,1788921449000000000,70b3d57ed00778cc,10231
device_uplink,1788921465000000000,70b3d57ed00778cc,10232
device_uplink,1788921481000000000,70b3d57ed00778cc,10233
device_uplink,1788921497000000000,70b3d57ed00778cc,10234
device_uplink,1788921513000000000,70b3d57ed00778cc,10235
device_uplink,1788921527000000000,70b3d57ed0077801,113
device_uplink,1788921529000000000,70b3d57ed00778cc,10236
device_uplink,1788921545000000000,70b3d57ed00778cc,10237
device_uplink,1788921563000000000,70b3d57ed00778cc,10238
device_uplink,1788921579000000000,70b3d57ed00778cc,10239
device_uplink,1788921595000000000,70b3d57ed00778cc,10240
device_uplink,1788921611000000000,70b3d57ed00778cc,10241
device_uplink,1788921627000000000,70b3d57ed00778cc,10242
device_uplink,1788921643000000000,70b3d57ed00778cc,10243
device_uplink,1788921659000000000,70b3d57ed00778cc,10244
device_uplink,1788921677000000000,70b3d57ed00778cc,10245
device_uplink,1788921693000000000,70b3d57ed00778cc,10246
device_uplink,1788921709000000000,70b3d57ed00778cc,10247
device_uplink,1788921725000000000,70b3d57ed00778cc,10248
device_uplink,1788921741000000000,70b3d57ed00778cc,10249
device_uplink,1788921757000000000,70b3d57ed00778cc,10250
device_uplink,1788921773000000000,70b3d57ed00778cc,10251
device_uplink,1788921789000000000,70b3d57ed00778cc,10252
device_uplink,1788921807000000000,70b3d57ed00778cc,10253
device_uplink,1788921823000000000,70b3d57ed00778cc,10254
device_uplink,1788921839000000000,70b3d57ed00778cc,10255
device_uplink,1788921855000000000,70b3d57ed00778cc,10256
device_uplink,1788921871000000000,70b3d57ed00778cc,10257
device_uplink,1788921887000000000,70b3d57ed00778cc,10258
device_uplink,1788921905000000000,70b3d57ed00778cc,10259
device_uplink,1788921921000000000,70b3d57ed00778cc,10260
device_uplink,1788921937000000000,70b3d57ed00778cc,10261
device_uplink,1788921953000000000,70b3d57ed00778cc,10262
device_uplink,1788921969000000000,70b3d57ed00778cc,10263
device_uplink,1788921985000000000,70b3d57ed00778cc,10264
device_uplink,1788922001000000000,70b3d57ed00778cc,10265
device_uplink,1788922017000000000,70b3d57ed00778cc,10266
device_uplink,1788922033000000000,70b3d57ed00778cc,10267
device_uplink,1788922049000000000,70b3d57ed00778cc,10268
device_uplink,1788922067000000000,70b3d57ed00778cc,10269
device_uplink,1788922083000000000,70b3d57ed00778cc,10270
device_uplink,1788922099000000000,70b3d57ed00778cc,10271
device_uplink,1788922115000000000,70b3d57ed00778cc,10272
device_uplink,1788922131000000000,70b3d57ed00778cc,10273
device_uplink,1788922147000000000,70b3d57ed00778cc,10274
device_uplink,1788922163000000000,70b3d57ed00778cc,10275
device_uplink,1788922181000000000,70b3d57ed00778cc,10276
device_uplink,1788922197000000000,70b3d57ed00778cc,10277
device_uplink,1788922213000000000,70b3d57ed00778cc,10278
device_uplink,1788922229000000000,70b3d57ed00778cc,10279
device_uplink,1788922245000000000,70b3d57ed00778cc,10280
device_uplink,1788922261000000000,70b3d57ed00778cc,10281
device_uplink,1788922277000000000,70b3d57ed00778cc,10282
device_uplink,1788922293000000000,70b3d57ed00778cc,10283
device_uplink,1788922311000000000,70b3d57ed00778cc,10284
device_uplink,1788922327000000000,70b3d57ed00778cc,10285
device_uplink,1788922343000000000,70b3d57ed00778cc,10286
device_uplink,1788922359000000000,70b3d57ed00778cc,10287
device_uplink,1788922375000000000,70b3d57ed00778cc,10288
device_uplink,1788922391000000000,70b3d57ed00778cc,10289
device_uplink,1788922407000000000,70b3d57ed00778cc,10290
device_uplink,1788922425000000000,70b3d57ed00778cc,10291
device_uplink,1788922436000000000,70b3d57ed0077801,114
device_uplink,1788922441000000000,70b3d57ed00778cc,10292
device_uplink,1788922457000000000,70b3d57ed00778cc,10293
device_uplink,1788922473000000000,70b3d57ed00778cc,10294
device_uplink,1788922489000000000,70b3d57ed00778cc,10295
device_uplink,1788922505000000000,70b3d57ed00778cc,10296
device_uplink,1788922521000000000,70b3d57ed00778cc,10297
device_uplink,1788922539000000000,70b3d57ed00778cc,10298
device_uplink,1788922555000000000,70b3d57ed00778cc,10299
device_uplink,1788922571000000000,70b3d57ed00778cc,10300
device_uplink,1788922587000000000,70b3d57ed00778cc,10301
device_uplink,1788922603000000000,70b3d57ed00778cc,10302
device_uplink,1788922619000000000,70b3d57ed00778cc,10303
device_uplink,1788922635000000000,70b3d57ed00778cc,10304
device_uplink,1788922651000000000,70b3d57ed00778cc,10305
device_uplink,1788922669000000000,70b3d57ed00778cc,10306
device_uplink,1788922685000000000,70b3d57ed00778cc,10307
device_uplink,1788922701000000000,70b3d57ed00778cc,10308
device_uplink,1788922717000000000,70b3d57ed00778cc,10309
device_uplink,1788922733000000000,70b3d57ed00778cc,10310
device_uplink,1788922749000000000,70b3d57ed00778cc,10311
device_uplink,1788922767000000000,70b3d57ed00778cc,10312
device_uplink,1788922783000000000,70b3d57ed00778cc,10313
device_uplink,1788922799000000000,70b3d57ed00778cc,10314
device_uplink,1788922815000000000,70b3d57ed00778cc,10315
device_uplink,1788922831000000000,70b3d57ed00778cc,10316
device_uplink,1788922847000000000,70b3d57ed00778cc,10317
device_uplink,1788922865000000000,70b3d57ed00778cc,10318
device_uplink,1788922881000000000,70b3d57ed00778cc,10319
device_uplink,1788922897000000000,70b3d57ed00778cc,10320
device_uplink,1788922913000000000,70b3d57ed00778cc,10321
device_uplink,1788922929000000000,70b3d57ed00778cc,10322
device_uplink,1788922945000000000,70b3d57ed00778cc,10323
device_uplink,1788922961000000000,70b3d57ed00778cc,10324
device_uplink,1788922977000000000,70b3d57ed00778cc,10325
device_uplink,1788922995000000000,70b3d57ed00778cc,10326
device_uplink,1788923011000000000,70b3d57ed00778cc,10327
device_uplink,1788923027000000000,70b3d57ed00778cc,10328
device_uplink,1788923043000000000,70b3d57ed00778cc,10329
device_uplink,1788923059000000000,70b3d57ed00778cc,10330
device_uplink,1788923075000000000,70b3d57ed00778cc,10331
device_uplink,1788923093000000000,70b3d57ed00778cc,10332
device_uplink,1788923109000000000,70b3d57ed00778cc,10333
device_uplink,1788923125000000000,70b3d57ed00778cc,10334
device_uplink,1788923141000000000,70b3d57ed00778cc,10335
device_uplink,1788923157000000000,70b3d57ed00778cc,10336
device_uplink,1788923173000000000,70b3d57ed00778cc,10337
device_uplink,1788923191000000000,70b3d57ed00778cc,10338
device_uplink,1788923207000000000,70b3d57ed00778cc,10339
device_uplink,1788923223000000000,70b3d57ed00778cc,10340
device_uplink,1788923239000000000,70b3d57ed00778cc,10341
device_uplink,1788923255000000000,70b3d57ed00778cc,10342
device_uplink,1788923271000000000,70b3d57ed00778cc,10343
device_uplink,1788923287000000000,70b3d57ed00778cc,10344
device_uplink,1788923303000000000,70b3d57ed00778cc,10345
device_uplink,1788923321000000000,70b3d57ed00778cc,10346
device_uplink,1788923337000000000,70b3d57ed00778cc,10347
device_uplink,1788923344000000000,70b3d57ed0077801,115
device_uplink,1788923353000000000,70b3d57ed00778cc,10348
device_uplink,1788923369000000000,70b3d57ed00778cc,10349
device_uplink,1788923385000000000,70b3d57ed00778cc,10350
device_uplink,1788923401000000000,70b3d57ed00778cc,10351
device_uplink,1788923417000000000,70b3d57ed00778cc,10352
device_uplink,1788923435000000000,70b3d57ed00778cc,10353
device_uplink,1788923451000000000,70b3d57ed00778cc,10354
device_uplink,1788923467000000000,70b3d57ed00778cc,10355
device_uplink,1788923483000000000,70b3d57ed00778cc,10356
device_uplink,1788923499000000000,70b3d57ed00778cc,10357
device_uplink,1788923515000000000,70b3d57ed00778cc,10358
device_uplink,1788923531000000000,70b3d57ed00778cc,10359
device_uplink,1788923549000000000,70b3d57ed00778cc,10360
device_uplink,1788923565000000000,70b3d57ed00778cc,10361
device_uplink,1788923581000000000,70b3d57ed00778cc,10362
device_uplink,1788923597000000000,70b3d57ed00778cc,10363
device_uplink,1788923613000000000,70b3d57ed00778cc,10364
device_uplink,1788923629000000000,70b3d57ed00778cc,10365
device_uplink,1788923645000000000,70b3d57ed00778cc,10366
device_uplink,1788923661000000000,70b3d57ed00778cc,10367
device_uplink,1788923679000000000,70b3d57ed00778cc,10368
device_uplink,1788923695000000000,70b3d57ed00778cc,10369
device_uplink,1788923711000000000,70b3d57ed00778cc,10370
device_uplink,1788923727000000000,70b3d57ed00778cc,10371
device_uplink,1788923743000000000,70b3d57ed00778cc,10372
device_uplink,1788923759000000000,70b3d57ed00778cc,10373
device_uplink,1788923777000000000,70b3d57ed00778cc,10374
device_uplink,1788923793000000000,70b3d57ed00778cc,10375
device_uplink,1788923809000000000,70b3d57ed00778cc,10376
device_uplink,1788923825000000000,70b3d57ed00778cc,10377
device_uplink,1788923841000000000,70b3d57ed00778cc,10378
device_uplink,1788923857000000000,70b3d57ed00778cc,10379
device_uplink,1788923873000000000,70b3d57ed00778cc,10380
device_uplink,1788923889000000000,70b3d57ed00778cc,10381
device_uplink,1788923907000000000,70b3d57ed00778cc,10382
device_uplink,1788923923000000000,70b3d57ed00778cc,10383
device_uplink,1788923939000000000,70b3d57ed00778cc,10384
device_uplink,1788923955000000000,70b3d57ed00778cc,10385
device_uplink,1788923971000000000,70b3d57ed00778cc,10386
device_uplink,1788923987000000000,70b3d57ed00778cc,10387
device_uplink,1788924003000000000,70b3d57ed00778cc,10388
device_uplink,1788924019000000000,70b3d57ed00778cc,10389
device_uplink,1788924037000000000,70b3d57ed00778cc,10390
device_uplink,1788924053000000000,70b3d57ed00778cc,10391
device_uplink,1788924069000000000,70b3d57ed00778cc,10392
device_uplink,1788924085000000000,70b3d57ed00778cc,10393
device_uplink,1788924101000000000,70b3d57ed00778cc,10394
device_uplink,1788924117000000000,70b3d57ed00778cc,10395
device_uplink,1788924135000000000,70b3d57ed00778cc,10396
device_uplink,1788924151000000000,70b3d57ed00778cc,10397
device_uplink,1788924167000000000,70b3d57ed00778cc,10398
device_uplink,1788924183000000000,70b3d57ed00778cc,10399
device_uplink,1788924199000000000,70b3d57ed00778cc,10400
device_uplink,1788924215000000000,70b3d57ed00778cc,10401
device_uplink,1788924231000000000,70b3d57ed00778cc,10402
device_uplink,1788924247000000000,70b3d57ed00778cc,10403
device_uplink,1788924253000000000,70b3d57ed0077801,116
device_uplink,1788924265000000000,70b3d57ed00778cc,10404
device_uplink,1788924281000000000,70b3d57ed00778cc,10405
device_uplink,1788924297000000000,70b3d57ed00778cc,10406
device_uplink,1788924313000000000,70b3d57ed00778cc,10407
device_uplink,1788924329000000000,70b3d57ed00778cc,10408
device_uplink,1788924345000000000,70b3d57ed00778cc,10409
device_uplink,1788924361000000000,70b3d57ed00778cc,10410
device_uplink,1788924379000000000,70b3d57ed00778cc,10411
device_uplink,1788924395000000000,70b3d57ed00778cc,10412
device_uplink,1788924411000000000,70b3d57ed00778cc,10413
device_uplink,1788924427000000000,70b3d57ed00778cc,10414
device_uplink,1788924443000000000,70b3d57ed00778cc,10415
device_uplink,1788924459000000000,70b3d57ed00778cc,10416
device_uplink,1788924475000000000,70b3d57ed00778cc,10417
device_uplink,1788924493000000000,70b3d57ed00778cc,10418
device_uplink,1788924509000000000,70b3d57ed00778cc,10419
device_uplink,1788924525000000000,70b3d57ed00778cc,10420
device_uplink,1788924541000000000,70b3d57ed00778cc,10421
device_uplink,1788924557000000000,70b3d57ed00778cc,10422
device_uplink,1788924573000000000,70b3d57ed00778cc,10423
device_uplink,1788924589000000000,70b3d57ed00778cc,10424
device_uplink,1788924605000000000,70b3d57ed00778cc,10425
device_uplink,1788924623000000000,70b3d57ed00778cc,10426
device_uplink,1788924639000000000,70b3d57ed00778cc,10427
device_uplink,1788924655000000000,70b3d57ed00778cc,10428
device_uplink,1788924671000000000,70b3d57ed00778cc,10429
device_uplink,1788924687000000000,70b3d57ed00778cc,10430
device_uplink,1788924703000000000,70b3d57ed00778cc,10431
device_uplink,1788924721000000000,70b3d57ed00778cc,10432
device_uplink,1788924737000000000,70b3d57ed00778cc,10433
device_uplink,1788924753000000000,70b3d57ed00778cc,10434
device_uplink,1788924769000000000,70b3d57ed00778cc,10435
device_uplink,1788924785000000000,70b3d57ed00778cc,10436
device_uplink,1788924801000000000,70b3d57ed00778cc,10437
device_uplink,1788924817000000000,70b3d57ed00778cc,10438
device_uplink,1788924833000000000,70b3d57ed00778cc,10439
device_uplink,1788924851000000000,70b3d57ed00778cc,10440
device_uplink,1788924867000000000,70b3d57ed00778cc,10441
device_uplink,1788924883000000000,70b3d57ed00778cc,10442
device_uplink,1788924899000000000,70b3d57ed00778cc,10443
device_uplink,1788924915000000000,70b3d57ed00778cc,10444
device_uplink,1788924931000000000,70b3d57ed00778cc,10445
device_uplink,1788924949000000000,70b3d57ed00778cc,10446
device_uplink,1788924965000000000,70b3d57ed00778cc,10447
device_uplink,1788924981000000000,70b3d57ed00778cc,10448
device_uplink,1788924997000000000,70b3d57ed00778cc,10449
device_uplink,1788925013000000000,70b3d57ed00778cc,10450
device_uplink,1788925029000000000,70b3d57ed00778cc,10451
device_uplink,1788925045000000000,70b3d57ed00778cc,10452
device_uplink,1788925061000000000,70b3d57ed00778cc,10453
device_uplink,1788925079000000000,70b3d57ed00778cc,10454
device_uplink,1788925095000000000,70b3d57ed00778cc,10455
device_uplink,1788925111000000000,70b3d57ed00778cc,10456
device_uplink,1788925127000000000,70b3d57ed00778cc,10457
device_uplink,1788925143000000000,70b3d57ed00778cc,10458
device_uplink,1788925159000000000,70b3d57ed00778cc,10459
device_uplink,1788925161000000000,70b3d57ed0077801,117
device_uplink,1788925177000000000,70b3d57ed00778cc,10460
device_uplink,1788925193000000000,70b3d57ed00778cc,10461
device_uplink,1788925209000000000,70b3d57ed00778cc,10462
device_uplink,1788925225000000000,70b3d57ed00778cc,10463
device_uplink,1788925241000000000,70b3d57ed00778cc,10464
device_uplink,1788925257000000000,70b3d57ed00778cc,10465
device_uplink,1788925273000000000,70b3d57ed00778cc,10466
device_uplink,1788925289000000000,70b3d57ed00778cc,10467
device_uplink,1788925305000000000,70b3d57ed00778cc,10468
device_uplink,1788925323000000000,70b3d57ed00778cc,10469
device_uplink,1788925339000000000,70b3d57ed00778cc,10470
device_uplink,1788925355000000000,70b3d57ed00778cc,10471
device_uplink,1788925371000000000,70b3d57ed00778cc,10472
device_uplink,1788925387000000000,70b3d57ed00778cc,10473
device_uplink,1788925405000000000,70b3d57ed00778cc,10474
device_uplink,1788925421000000000,70b3d57ed00778cc,10475
device_uplink,1788925437000000000,70b3d57ed00778cc,10476
device_uplink,1788925453000000000,70b3d57ed00778cc,10477
device_uplink,1788925469000000000,70b3d57ed00778cc,10478
device_uplink,1788925485000000000,70b3d57ed00778cc,10479
device_uplink,1788925501000000000,70b3d57ed00778cc,10480
device_uplink,1788925517000000000,70b3d57ed00778cc,10481
device_uplink,1788925535000000000,70b3d57ed00778cc,10482
device_uplink,1788925551000000000,70b3d57ed00778cc,10483
device_uplink,1788925567000000000,70b3d57ed00778cc,10484
device_uplink,1788925583000000000,70b3d57ed00778cc,10485
device_uplink,1788925599000000000,70b3d57ed00778cc,10486
device_uplink,1788925615000000000,70b3d57ed00778cc,10487
device_uplink,1788925631000000000,70b3d57ed00778cc,10488
device_uplink,1788925647000000000,70b3d57ed00778cc,10489
device_uplink,1788925665000000000,70b3d57ed00778cc,10490
device_uplink,1788925681000000000,70b3d57ed00778cc,10491
device_uplink,1788925697000000000,70b3d57ed00778cc,10492
device_uplink,1788925713000000000,70b3d57ed00778cc,10493
device_uplink,1788925729000000000,70b3d57ed00778cc,10494
device_uplink,1788925745000000000,70b3d57ed00778cc,10495
device_uplink,1788925763000000000,70b3d57ed00778cc,10496
device_uplink,1788925779000000000,70b3d57ed00778cc,10497
device_uplink,1788925795000000000,70b3d57ed00778cc,10498
device_uplink,1788925811000000000,70b3d57ed00778cc,10499
device_uplink,1788925843000000000,70b3d57ed00778cc,10501
device_uplink,1788925859000000000,70b3d57ed00778cc,10502
device_uplink,1788925875000000000,70b3d57ed00778cc,10503
device_uplink,1788925893000000000,70b3d57ed00778cc,10504
device_uplink,1788925909000000000,70b3d57ed00778cc,10505
device_uplink,1788925925000000000,70b3d57ed00778cc,10506
device_uplink,1788925941000000000,70b3d57ed00778cc,10507
device_uplink,1788925957000000000,70b3d57ed00778cc,10508
device_uplink,1788925973000000000,70b3d57ed00778cc,10509
device_uplink,1788925991000000000,70b3d57ed00778cc,10510
device_uplink,1788926007000000000,70b3d57ed00778cc,10511
device_uplink,1788926023000000000,70b3d57ed00778cc,10512
device_uplink,1788926039000000000,70b3d57ed00778cc,10513
device_uplink,1788926055000000000,70b3d57ed00778cc,10514
device_uplink,1788926069000000000,70b3d57ed0077801,118
device_uplink,1788926071000000000,70b3d57ed00778cc,10515
device_uplink,1788926087000000000,70b3d57ed00778cc,10516
device_uplink,1788926103000000000,70b3d57ed00778cc,10517
device_uplink,1788926121000000000,70b3d57ed00778cc,10518
device_uplink,1788926137000000000,70b3d57ed00778cc,10519
device_uplink,1788926153000000000,70b3d57ed00778cc,10520
device_uplink,1788926169000000000,70b3d57ed00778cc,10521
device_uplink,1788926185000000000,70b3d57ed00778cc,10522
device_uplink,1788926201000000000,70b3d57ed00778cc,10523
device_uplink,1788926217000000000,70b3d57ed00778cc,10524
device_uplink,1788926233000000000,70b3d57ed00778cc,10525
device_uplink,1788926251000000000,70b3d57ed00778cc,10526
device_uplink,1788926267000000000,70b3d57ed00778cc,10527
device_uplink,1788926283000000000,70b3d57ed00778cc,10528
device_uplink,1788926299000000000,70b3d57ed00778cc,10529
device_uplink,1788926315000000000,70b3d57ed00778cc,10530
device_uplink,1788926331000000000,70b3d57ed00778cc,10531
device_uplink,1788926349000000000,70b3d57ed00778cc,10532
device_uplink,1788926365000000000,70b3d57ed00778cc,10533
device_uplink,1788926381000000000,70b3d57ed00778cc,10534
device_uplink,1788926397000000000,70b3d57ed00778cc,10535
device_uplink,1788926429000000000,70b3d57ed00778cc,10537
device_uplink,1788926445000000000,70b3d57ed00778cc,10538
device_uplink,1788926461000000000,70b3d57ed00778cc,10539
device_uplink,1788926479000000000,70b3d57ed00778cc,10540
device_uplink,1788926495000000000,70b3d57ed00778cc,10541
device_uplink,1788926511000000000,70b3d57ed00778cc,10542
device_uplink,1788926527000000000,70b3d57ed00778cc,10543
device_uplink,1788926543000000000,70b3d57ed00778cc,10544
device_uplink,1788926559000000000,70b3d57ed00778cc,10545
device_uplink,1788926575000000000,70b3d57ed00778cc,10546
device_uplink,1788926593000000000,70b3d57ed00778cc,10547
device_uplink,1788926609000000000,70b3d57ed00778cc,10548
device_uplink,1788926625000000000,70b3d57ed00778cc,10549
device_uplink,1788926641000000000,70b3d57ed00778cc,10550
device_uplink,1788926657000000000,70b3d57ed00778cc,10551
device_uplink,1788926673000000000,70b3d57ed00778cc,10552
device_uplink,1788926689000000000,70b3d57ed00778cc,10553
device_uplink,1788926707000000000,70b3d57ed00778cc,10554
device_uplink,1788926723000000000,70b3d57ed00778cc,10555
device_uplink,1788926739000000000,70b3d57ed00778cc,10556
device_uplink,1788926755000000000,70b3d57ed00778cc,10557
device_uplink,1788926771000000000,70b3d57ed00778cc,10558
device_uplink,1788926787000000000,70b3d57ed00778cc,10559
device_uplink,1788926803000000000,70b3d57ed00778cc,10560
device_uplink,1788926819000000000,70b3d57ed00778cc,10561
device_uplink,1788926837000000000,70b3d57ed00778cc,10562
device_uplink,1788926853000000000,70b3d57ed00778cc,10563
device_uplink,1788926869000000000,70b3d57ed00778cc,10564
device_uplink,1788926885000000000,70b3d57ed00778cc,10565
device_uplink,1788926901000000000,70b3d57ed00778cc,10566
device_uplink,1788926917000000000,70b3d57ed00778cc,10567
device_uplink,1788926935000000000,70b3d57ed00778cc,10568
device_uplink,1788926951000000000,70b3d57ed00778cc,10569
device_uplink,1788926967000000000,70b3d57ed00778cc,10570
device_uplink,1788926978000000000,70b3d57ed0077801,119
device_uplink,1788926983000000000,70b3d57ed00778cc,10571
device_uplink,1788926999000000000,70b3d57ed00778cc,10572
device_uplink,1788927015000000000,70b3d57ed00778cc,10573
device_uplink,1788927031000000000,70b3d57ed00778cc,10574
device_uplink,1788927049000000000,70b3d57ed00778cc,10575
device_uplink,1788927065000000000,70b3d57ed00778cc,10576
device_uplink,1788927081000000000,70b3d57ed00778cc,10577
device_uplink,1788927097000000000,70b3d57ed00778cc,10578
device_uplink,1788927113000000000,70b3d57ed00778cc,10579
device_uplink,1788927129000000000,70b3d57ed00778cc,10580
device_uplink,1788927145000000000,70b3d57ed00778cc,10581
device_uplink,1788927163000000000,70b3d57ed00778cc,10582
device_uplink,1788927179000000000,70b3d57ed00778cc,10583
device_uplink,1788927195000000000,70b3d57ed00778cc,10584
device_uplink,1788927211000000000,70b3d57ed00778cc,10585
device_uplink,1788927227000000000,70b3d57ed00778cc,10586
device_uplink,1788927243000000000,70b3d57ed00778cc,10587
device_uplink,1788927259000000000,70b3d57ed00778cc,10588
device_uplink,1788927275000000000,70b3d57ed00778cc,10589
device_uplink,1788927293000000000,70b3d57ed00778cc,10590
device_uplink,1788927309000000000,70b3d57ed00778cc,10591
device_uplink,1788927325000000000,70b3d57ed00778cc,10592
device_uplink,1788927341000000000,70b3d57ed00778cc,10593
device_uplink,1788927357000000000,70b3d57ed00778cc,10594
device_uplink,1788927373000000000,70b3d57ed00778cc,10595
device_uplink,1788927389000000000,70b3d57ed00778cc,10596
device_uplink,1788927407000000000,70b3d57ed00778cc,10597
device_uplink,1788927423000000000,70b3d57ed00778cc,10598
device_uplink,1788927439000000000,70b3d57ed00778cc,10599
device_uplink,1788927455000000000,70b3d57ed00778cc,10600
device_uplink,1788927471000000000,70b3d57ed00778cc,10601
device_uplink,1788927487000000000,70b3d57ed00778cc,10602
device_uplink,1788927503000000000,70b3d57ed00778cc,10603
device_uplink,1788927521000000000,70b3d57ed00778cc,10604
device_uplink,1788927537000000000,70b3d57ed00778cc,10605
device_uplink,1788927553000000000,70b3d57ed00778cc,10606
device_uplink,1788927569000000000,70b3d57ed00778cc,10607
device_uplink,1788927585000000000,70b3d57ed00778cc,10608
device_uplink,1788927601000000000,70b3d57ed00778cc,10609
device_uplink,1788927617000000000,70b3d57ed00778cc,10610
device_uplink,1788927633000000000,70b3d57ed00778cc,10611
device_uplink,1788927651000000000,70b3d57ed00778cc,10612
device_uplink,1788927667000000000,70b3d57ed00778cc,10613
device_uplink,1788927683000000000,70b3d57ed00778cc,10614
device_uplink,1788927699000000000,70b3d57ed00778cc,10615
device_uplink,1788927715000000000,70b3d57ed00778cc,10616
device_uplink,1788927731000000000,70b3d57ed00778cc,10617
device_uplink,1788927747000000000,70b3d57ed00778cc,10618
device_uplink,1788927763000000000,70b3d57ed00778cc,10619
device_uplink,1788927781000000000,70b3d57ed00778cc,10620
device_uplink,1788927797000000000,70b3d57ed00778cc,10621
device_uplink,1788927813000000000,70b3d57ed00778cc,10622
device_uplink,1788927829000000000,70b3d57ed00778cc,10623
device_uplink,1788927845000000000,70b3d57ed00778cc,10624
device_uplink,1788927861000000000,70b3d57ed00778cc,10625
device_uplink,1788927877000000000,70b3d57ed00778cc,10626
device_uplink,1788927886000000000,70b3d57ed0077801,120
device_uplink,1788927893000000000,70b3d57ed00778cc,10627
device_uplink,1788927911000000000,70b3d57ed00778cc,10628
device_uplink,1788927927000000000,70b3d57ed00778cc,10629
device_uplink,1788927943000000000,70b3d57ed00778cc,10630
device_uplink,1788927959000000000,70b3d57ed00778cc,10631
device_uplink,1788927975000000000,70b3d57ed00778cc,10632
device_uplink,1788927991000000000,70b3d57ed00778cc,10633
device_uplink,1788928007000000000,70b3d57ed00778cc,10634
device_uplink,1788928025000000000,70b3d57ed00778cc,10635
device_uplink,1788928041000000000,70b3d57ed00778cc,10636
device_uplink,1788928057000000000,70b3d57ed00778cc,10637
device_uplink,1788928073000000000,70b3d57ed00778cc,10638
device_uplink,1788928089000000000,70b3d57ed00778cc,10639
device_uplink,1788928105000000000,70b3d57ed00778cc,10640
device_uplink,1788928121000000000,70b3d57ed00778cc,10641
device_uplink,1788928139000000000,70b3d57ed00778cc,10642
device_uplink,1788928155000000000,70b3d57ed00778cc,10643
device_uplink,1788928171000000000,70b3d57ed00778cc,10644
device_uplink,1788928187000000000,70b3d57ed00778cc,10645
device_uplink,1788928203000000000,70b3d57ed00778cc,10646
device_uplink,1788928219000000000,70b3d57ed00778cc,10647
device_uplink,1788928235000000000,70b3d57ed00778cc,10648
device_uplink,1788928251000000000,70b3d57ed00778cc,10649
device_uplink,1788928269000000000,70b3d57ed00778cc,10650
device_uplink,1788928285000000000,70b3d57ed00778cc,10651
device_uplink,1788928301000000000,70b3d57ed00778cc,10652
device_uplink,1788928317000000000,70b3d57ed00778cc,10653
device_uplink,1788928333000000000,70b3d57ed00778cc,10654
device_uplink,1788928349000000000,70b3d57ed00778cc,10655
device_uplink,1788928365000000000,70b3d57ed00778cc,10656
device_uplink,1788928381000000000,70b3d57ed00778cc,10657
device_uplink,1788928399000000000,70b3d57ed00778cc,10658
device_uplink,1788928415000000000,70b3d57ed00778cc,10659
device_uplink,1788928431000000000,70b3d57ed00778cc,10660
device_uplink,1788928447000000000,70b3d57ed00778cc,10661
device_uplink,1788928463000000000,70b3d57ed00778cc,10662
device_uplink,1788928479000000000,70b3d57ed00778cc,10663
device_uplink,1788928497000000000,70b3d57ed00778cc,10664
device_uplink,1788928529000000000,70b3d57ed00778cc,10666
device_uplink,1788928545000000000,70b3d57ed00778cc,10667
device_uplink,1788928561000000000,70b3d57ed00778cc,10668
device_uplink,1788928577000000000,70b3d57ed00778cc,10669
device_uplink,1788928593000000000,70b3d57ed00778cc,10670
device_uplink,1788928609000000000,70b3d57ed00778cc,10671
device_uplink,1788928627000000000,70b3d57ed00778cc,10672
device_uplink,1788928643000000000,70b3d57ed00778cc,10673
device_uplink,1788928659000000000,70b3d57ed00778cc,10674
device_uplink,1788928691000000000,70b3d57ed00778cc,10676
device_uplink,1788928707000000000,70b3d57ed00778cc,10677
device_uplink,1788928723000000000,70b3d57ed00778cc,10678
device_uplink,1788928741000000000,70b3d57ed00778cc,10679
device_uplink,1788928773000000000,70b3d57ed00778cc,10681
device_uplink,1788928789000000000,70b3d57ed00778cc,10682
device_uplink,1788928795000000000,70b3d57ed0077801,121
device_uplink,1788928805000000000,70b3d57ed00778cc,10683
device_uplink,1788928821000000000,70b3d57ed00778cc,10684
device_uplink,1788928837000000000,70b3d57ed00778cc,10685
device_uplink,1788928855000000000,70b3d57ed00778cc,10686
device_uplink,1788928871000000000,70b3d57ed00778cc,10687
device_uplink,1788928887000000000,70b3d57ed00778cc,10688
device_uplink,1788928903000000000,70b3d57ed00778cc,10689
device_uplink,1788928919000000000,70b3d57ed00778cc,10690
device_uplink,1788928935000000000,70b3d57ed00778cc,10691
device_uplink,1788928951000000000,70b3d57ed00778cc,10692
device_uplink,1788928967000000000,70b3d57ed00778cc,10693
device_uplink,1788928985000000000,70b3d57ed00778cc,10694
device_uplink,1788929001000000000,70b3d57ed00778cc,10695
device_uplink,1788929017000000000,70b3d57ed00778cc,10696
device_uplink,1788929033000000000,70b3d57ed00778cc,10697
device_uplink,1788929049000000000,70b3d57ed00778cc,10698
device_uplink,1788929065000000000,70b3d57ed00778cc,10699
device_uplink,1788929081000000000,70b3d57ed00778cc,10700
device_uplink,1788929097000000000,70b3d57ed00778cc,10701
device_uplink,1788929115000000000,70b3d57ed00778cc,10702
device_uplink,1788929131000000000,70b3d57ed00778cc,10703
device_uplink,1788929147000000000,70b3d57ed00778cc,10704
device_uplink,1788929163000000000,70b3d57ed00778cc,10705
device_uplink,1788929179000000000,70b3d57ed00778cc,10706
device_uplink,1788929195000000000,70b3d57ed00778cc,10707
device_uplink,1788929213000000000,70b3d57ed00778cc,10708
device_uplink,1788929229000000000,70b3d57ed00778cc,10709
device_uplink,1788929245000000000,70b3d57ed00778cc,10710
device_uplink,1788929261000000000,70b3d57ed00778cc,10711
device_uplink,1788929277000000000,70b3d57ed00778cc,10712
device_uplink,1788929293000000000,70b3d57ed00778cc,10713
device_uplink,1788929309000000000,70b3d57ed00778cc,10714
device_uplink,1788929325000000000,70b3d57ed00778cc,10715
device_uplink,1788929343000000000,70b3d57ed00778cc,10716
device_uplink,1788929359000000000,70b3d57ed00778cc,10717
device_uplink,1788929375000000000,70b3d57ed00778cc,10718
device_uplink,1788929391000000000,70b3d57ed00778cc,10719
device_uplink,1788929407000000000,70b3d57ed00778cc,10720
device_uplink,1788929423000000000,70b3d57ed00778cc,10721
device_uplink,1788929439000000000,70b3d57ed00778cc,10722
device_uplink,1788929455000000000,70b3d57ed00778cc,10723
device_uplink,1788929473000000000,70b3d57ed00778cc,10724
device_uplink,1788929489000000000,70b3d57ed00778cc,10725
device_uplink,1788929505000000000,70b3d57ed00778cc,10726
device_uplink,1788929521000000000,70b3d57ed00778cc,10727
device_uplink,1788929537000000000,70b3d57ed00778cc,10728
device_uplink,1788929553000000000,70b3d57ed00778cc,10729
device_uplink,1788929571000000000,70b3d57ed00778cc,10730
device_uplink,1788929587000000000,70b3d57ed00778cc,10731
device_uplink,1788929603000000000,70b3d57ed00778cc,10732
device_uplink,1788929619000000000,70b3d57ed00778cc,10733
device_uplink,1788929635000000000,70b3d57ed00778cc,10734
device_uplink,1788929651000000000,70b3d57ed00778cc,10735
device_uplink,1788929667000000000,70b3d57ed00778cc,10736
device_uplink,1788929683000000000,70b3d57ed00778cc,10737
device_uplink,1788929701000000000,70b3d57ed00778cc,10738
device_uplink,1788929703000000000,70b3d57ed0077801,122
device_uplink,1788929717000000000,70b3d57ed00778cc,10739
device_uplink,1788929733000000000,70b3d57ed00778cc,10740
device_uplink,1788929749000000000,70b3d57ed00778cc,10741
device_uplink,1788929765000000000,70b3d57ed00778cc,10742
device_uplink,1788929781000000000,70b3d57ed00778cc,10743
device_uplink,1788929797000000000,70b3d57ed00778cc,10744
device_uplink,1788929815000000000,70b3d57ed00778cc,10745
device_uplink,1788929831000000000,70b3d57ed00778cc,10746
device_uplink,1788929847000000000,70b3d57ed00778cc,10747
device_uplink,1788929863000000000,70b3d57ed00778cc,10748
device_uplink,1788929879000000000,70b3d57ed00778cc,10749
device_uplink,1788929895000000000,70b3d57ed00778cc,10750
device_uplink,1788929911000000000,70b3d57ed00778cc,10751
device_uplink,1788929929000000000,70b3d57ed00778cc,10752
device_uplink,1788929945000000000,70b3d57ed00778cc,10753
device_uplink,1788929961000000000,70b3d57ed00778cc,10754
device_uplink,1788929977000000000,70b3d57ed00778cc,10755
device_uplink,1788929993000000000,70b3d57ed00778cc,10756
device_uplink,1788930009000000000,70b3d57ed00778cc,10757
device_uplink,1788930025000000000,70b3d57ed00778cc,10758
device_uplink,1788930041000000000,70b3d57ed00778cc,10759
device_uplink,1788930059000000000,70b3d57ed00778cc,10760
device_uplink,1788930075000000000,70b3d57ed00778cc,10761
device_uplink,1788930091000000000,70b3d57ed00778cc,10762
device_uplink,1788930107000000000,70b3d57ed00778cc,10763
device_uplink,1788930123000000000,70b3d57ed00778cc,10764
device_uplink,1788930139000000000,70b3d57ed00778cc,10765
device_uplink,1788930155000000000,70b3d57ed00778cc,10766
device_uplink,1788930173000000000,70b3d57ed00778cc,10767
device_uplink,1788930189000000000,70b3d57ed00778cc,10768
device_uplink,1788930205000000000,70b3d57ed00778cc,10769
device_uplink,1788930221000000000,70b3d57ed00778cc,10770
device_uplink,1788930237000000000,70b3d57ed00778cc,10771
device_uplink,1788930253000000000,70b3d57ed00778cc,10772
device_uplink,1788930269000000000,70b3d57ed00778cc,10773
device_uplink,1788930287000000000,70b3d57ed00778cc,10774
device_uplink,1788930303000000000,70b3d57ed00778cc,10775
device_uplink,1788930319000000000,70b3d57ed00778cc,10776
device_uplink,1788930335000000000,70b3d57ed00778cc,10777
device_uplink,1788930351000000000,70b3d57ed00778cc,10778
device_uplink,1788930367000000000,70b3d57ed00778cc,10779
device_uplink,1788930383000000000,70b3d57ed00778cc,10780
device_uplink,1788930399000000000,70b3d57ed00778cc,10781
device_uplink,1788930417000000000,70b3d57ed00778cc,10782
device_uplink,1788930433000000000,70b3d57ed00778cc,10783
device_uplink,1788930449000000000,70b3d57ed00778cc,10784
device_uplink,1788930465000000000,70b3d57ed00778cc,10785
device_uplink,1788930481000000000,70b3d57ed00778cc,10786
device_uplink,1788930497000000000,70b3d57ed00778cc,10787
device_uplink,1788930513000000000,70b3d57ed00778cc,10788
device_uplink,1788930531000000000,70b3d57ed00778cc,10789
device_uplink,1788930547000000000,70b3d57ed00778cc,10790
device_uplink,1788930563000000000,70b3d57ed00778cc,10791
device_uplink,1788930579000000000,70b3d57ed00778cc,10792
device_uplink,1788930595000000000,70b3d57ed00778cc,10793
device_uplink,1788930611000000000,70b3d57ed0077801,123
device_uplink,1788930611000000000,70b3d57ed00778cc,10794
device_uplink,1788930627000000000,70b3d57ed00778cc,10795
device_uplink,1788930643000000000,70b3d57ed00778cc,10796
device_uplink,1788930659000000000,70b3d57ed00778cc,10797
device_uplink,1788930677000000000,70b3d57ed00778cc,10798
device_uplink,1788930693000000000,70b3d57ed00778cc,10799
device_uplink,1788930709000000000,70b3d57ed00778cc,10800
device_uplink,1788930725000000000,70b3d57ed00778cc,10801
device_uplink,1788930741000000000,70b3d57ed00778cc,10802
device_uplink,1788930759000000000,70b3d57ed00778cc,10803
device_uplink,1788930775000000000,70b3d57ed00778cc,10804
device_uplink,1788930791000000000,70b3d57ed00778cc,10805
device_uplink,1788930807000000000,70b3d57ed00778cc,10806
device_uplink,1788930823000000000,70b3d57ed00778cc,10807
device_uplink,1788930839000000000,70b3d57ed00778cc,10808
device_uplink,1788930855000000000,70b3d57ed00778cc,10809
device_uplink,1788930873000000000,70b3d57ed00778cc,10810
device_uplink,1788930889000000000,70b3d57ed00778cc,10811
device_uplink,1788930905000000000,70b3d57ed00778cc,10812
device_uplink,1788930921000000000,70b3d57ed00778cc,10813
device_uplink,1788930937000000000,70b3d57ed00778cc,10814
device_uplink,1788930953000000000,70b3d57ed00778cc,10815
device_uplink,1788930969000000000,70b3d57ed00778cc,10816
device_uplink,1788930985000000000,70b3d57ed00778cc,10817
device_uplink,1788931003000000000,70b3d57ed00778cc,10818
device_uplink,1788931019000000000,70b3d57ed00778cc,10819
device_uplink,1788931035000000000,70b3d57ed00778cc,10820
device_uplink,1788931051000000000,70b3d57ed00778cc,10821
device_uplink,1788931067000000000,70b3d57ed00778cc,10822
device_uplink,1788931083000000000,70b3d57ed00778cc,10823
device_uplink,1788931099000000000,70b3d57ed00778cc,10824
device_uplink,1788931117000000000,70b3d57ed00778cc,10825
device_uplink,1788931133000000000,70b3d57ed00778cc,10826
device_uplink,1788931149000000000,70b3d57ed00778cc,10827
device_uplink,1788931165000000000,70b3d57ed00778cc,10828
device_uplink,1788931181000000000,70b3d57ed00778cc,10829
device_uplink,1788931197000000000,70b3d57ed00778cc,10830
device_uplink,1788931213000000000,70b3d57ed00778cc,10831
device_uplink,1788931231000000000,70b3d57ed00778cc,10832
device_uplink,1788931247000000000,70b3d57ed00778cc,10833
device_uplink,1788931263000000000,70b3d57ed00778cc,10834
device_uplink,1788931279000000000,70b3d57ed00778cc,10835
device_uplink,1788931295000000000,70b3d57ed00778cc,10836
device_uplink,1788931311000000000,70b3d57ed00778cc,10837
device_uplink,1788931327000000000,70b3d57ed00778cc,10838
device_uplink,1788931343000000000,70b3d57ed00778cc,10839
device_uplink,1788931375000000000,70b3d57ed00778cc,10841
device_uplink,1788931393000000000,70b3d57ed00778cc,10842
device_uplink,1788931409000000000,70b3d57ed00778cc,10843
device_uplink,1788931425000000000,70b3d57ed00778cc,10844
device_uplink,1788931441000000000,70b3d57ed00778cc,10845
device_uplink,1788931457000000000,70b3d57ed00778cc,10846
device_uplink,1788931473000000000,70b3d57ed00778cc,10847
device_uplink,1788931489000000000,70b3d57ed00778cc,10848
device_uplink,1788931505000000000,70b3d57ed00778cc,10849
device_uplink,1788931520000000000,70b3d57ed0077801,124
device_uplink,1788931523000000000,70b3d57ed00778cc,10850
device_uplink,1788931539000000000,70b3d57ed00778cc,10851
device_uplink,1788931555000000000,70b3d57ed00778cc,10852
device_uplink,1788931571000000000,70b3d57ed00778cc,10853
device_uplink,1788931587000000000,70b3d57ed00778cc,10854
device_uplink,1788931603000000000,70b3d57ed00778cc,10855
device_uplink,1788931619000000000,70b3d57ed00778cc,10856
device_uplink,1788931637000000000,70b3d57ed00778cc,10857
device_uplink,1788931669000000000,70b3d57ed00778cc,10859
device_uplink,1788931685000000000,70b3d57ed00778cc,10860
device_uplink,1788931701000000000,70b3d57ed00778cc,10861
device_uplink,1788931717000000000,70b3d57ed00778cc,10862
device_uplink,1788931733000000000,70b3d57ed00778cc,10863
device_uplink,1788931751000000000,70b3d57ed00778cc,10864
device_uplink,1788931783000000000,70b3d57ed00778cc,10866
device_uplink,1788931799000000000,70b3d57ed00778cc,10867
device_uplink,1788931815000000000,70b3d57ed00778cc,10868
device_uplink,1788931831000000000,70b3d57ed00778cc,10869
device_uplink,1788931847000000000,70b3d57ed00778cc,10870
device_uplink,1788931863000000000,70b3d57ed00778cc,10871
device_uplink,1788931881000000000,70b3d57ed00778cc,10872
device_uplink,1788931897000000000,70b3d57ed00778cc,10873
device_uplink,1788931913000000000,70b3d57ed00778cc,10874
device_uplink,1788931929000000000,70b3d57ed00778cc,10875
device_uplink,1788931945000000000,70b3d57ed00778cc,10876
device_uplink,1788931961000000000,70b3d57ed00778cc,10877
device_uplink,1788931977000000000,70b3d57ed00778cc,10878
device_uplink,1788931995000000000,70b3d57ed00778cc,10879
device_uplink,1788932011000000000,70b3d57ed00778cc,10880
device_uplink,1788932027000000000,70b3d57ed00778cc,10881
device_uplink,1788932043000000000,70b3d57ed00778cc,10882
device_uplink,1788932059000000000,70b3d57ed00778cc,10883
device_uplink,1788932075000000000,70b3d57ed00778cc,10884
device_uplink,1788932091000000000,70b3d57ed00778cc,10885
device_uplink,1788932109000000000,70b3d57ed00778cc,10886
device_uplink,1788932125000000000,70b3d57ed00778cc,10887
device_uplink,1788932141000000000,70b3d57ed00778cc,10888
device_uplink,1788932157000000000,70b3d57ed00778cc,10889
device_uplink,1788932173000000000,70b3d57ed00778cc,10890
device_uplink,1788932189000000000,70b3d57ed00778cc,10891
device_uplink,1788932205000000000,70b3d57ed00778cc,10892
device_uplink,1788932221000000000,70b3d57ed00778cc,10893
device_uplink,1788932239000000000,70b3d57ed00778cc,10894
device_uplink,1788932255000000000,70b3d57ed00778cc,10895
device_uplink,1788932271000000000,70b3d57ed00778cc,10896
device_uplink,1788932287000000000,70b3d57ed00778cc,10897
device_uplink,1788932303000000000,70b3d57ed00778cc,10898
device_uplink,1788932319000000000,70b3d57ed00778cc,10899
device_uplink,1788932335000000000,70b3d57ed00778cc,10900
device_uplink,1788932353000000000,70b3d57ed00778cc,10901
device_uplink,1788932369000000000,70b3d57ed00778cc,10902
device_uplink,1788932385000000000,70b3d57ed00778cc,10903
device_uplink,1788932401000000000,70b3d57ed00778cc,10904
device_uplink,1788932417000000000,70b3d57ed00778cc,10905
device_uplink,1788932428000000000,70b3d57ed0077801,125
device_uplink,1788932433000000000,70b3d57ed00778cc,10906
device_uplink,1788932449000000000,70b3d57ed00778cc,10907
device_uplink,1788932467000000000,70b3d57ed00778cc,10908
device_uplink,1788932483000000000,70b3d57ed00778cc,10909
device_uplink,1788932499000000000,70b3d57ed00778cc,10910
device_uplink,1788932515000000000,70b3d57ed00778cc,10911
device_uplink,1788932531000000000,70b3d57ed00778cc,10912
device_uplink,1788932547000000000,70b3d57ed00778cc,10913
device_uplink,1788932563000000000,70b3d57ed00778cc,10914
device_uplink,1788932579000000000,70b3d57ed00778cc,10915
device_uplink,1788932597000000000,70b3d57ed00778cc,10916
device_uplink,1788932613000000000,70b3d57ed00778cc,10917
device_uplink,1788932629000000000,70b3d57ed00778cc,10918
device_uplink,1788932645000000000,70b3d57ed00778cc,10919
device_uplink,1788932661000000000,70b3d57ed00778cc,10920
device_uplink,1788932677000000000,70b3d57ed00778cc,10921
device_uplink,1788932695000000000,70b3d57ed00778cc,10922
device_uplink,1788932711000000000,70b3d57ed00778cc,10923
device_uplink,1788932727000000000,70b3d57ed00778cc,10924
device_uplink,1788932743000000000,70b3d57ed00778cc,10925
device_uplink,1788932759000000000,70b3d57ed00778cc,10926
device_uplink,1788932775000000000,70b3d57ed00778cc,10927
device_uplink,1788932791000000000,70b3d57ed00778cc,10928
device_uplink,1788932807000000000,70b3d57ed00778cc,10929
device_uplink,1788932825000000000,70b3d57ed00778cc,10930
device_uplink,1788932841000000000,70b3d57ed00778cc,10931
device_uplink,1788932857000000000,70b3d57ed00778cc,10932
device_uplink,1788932873000000000,70b3d57ed00778cc,10933
device_uplink,1788932889000000000,70b3d57ed00778cc,10934
device_uplink,1788932905000000000,70b3d57ed00778cc,10935
device_uplink,1788932921000000000,70b3d57ed00778cc,10936
device_uplink,1788932937000000000,70b3d57ed00778cc,10937
device_uplink,1788932955000000000,70b3d57ed00778cc,10938
device_uplink,1788932971000000000,70b3d57ed00778cc,10939
device_uplink,1788932987000000000,70b3d57ed00778cc,10940
device_uplink,1788933003000000000,70b3d57ed00778cc,10941
device_uplink,1788933019000000000,70b3d57ed00778cc,10942
device_uplink,1788933035000000000,70b3d57ed00778cc,10943
device_uplink,1788933051000000000,70b3d57ed00778cc,10944
device_uplink,1788933069000000000,70b3d57ed00778cc,10945
device_uplink,1788933085000000000,70b3d57ed00778cc,10946
device_uplink,1788933101000000000,70b3d57ed00778cc,10947
device_uplink,1788933117000000000,70b3d57ed00778cc,10948
device_uplink,1788933133000000000,70b3d57ed00778cc,10949
device_uplink,1788933165000000000,70b3d57ed00778cc,10951
device_uplink,1788933183000000000,70b3d57ed00778cc,10952
device_uplink,1788933199000000000,70b3d57ed00778cc,10953
device_uplink,1788933215000000000,70b3d57ed00778cc,10954
device_uplink,1788933231000000000,70b3d57ed00778cc,10955
device_uplink,1788933247000000000,70b3d57ed00778cc,10956
device_uplink,1788933263000000000,70b3d57ed00778cc,10957
device_uplink,1788933279000000000,70b3d57ed00778cc,10958
device_uplink,1788933295000000000,70b3d57ed00778cc,10959
device_uplink,1788933313000000000,70b3d57ed00778cc,10960
device_uplink,1788933329000000000,70b3d57ed00778cc,10961
device_uplink,1788933337000000000,70b3d57ed0077801,126
device_uplink,1788933345000000000,70b3d57ed00778cc,10962
device_uplink,1788933361000000000,70b3d57ed00778cc,10963
device_uplink,1788933377000000000,70b3d57ed00778cc,10964
device_uplink,1788933393000000000,70b3d57ed00778cc,10965
device_uplink,1788933411000000000,70b3d57ed00778cc,10966
device_uplink,1788933427000000000,70b3d57ed00778cc,10967
device_uplink,1788933443000000000,70b3d57ed00778cc,10968
device_uplink,1788933459000000000,70b3d57ed00778cc,10969
device_uplink,1788933475000000000,70b3d57ed00778cc,10970
device_uplink,1788933491000000000,70b3d57ed00778cc,10971
device_uplink,1788933509000000000,70b3d57ed00778cc,10972
device_uplink,1788933525000000000,70b3d57ed00778cc,10973
device_uplink,1788933541000000000,70b3d57ed00778cc,10974
device_uplink,1788933557000000000,70b3d57ed00778cc,10975
device_uplink,1788933573000000000,70b3d57ed00778cc,10976
device_uplink,1788933589000000000,70b3d57ed00778cc,10977
device_uplink,1788933605000000000,70b3d57ed00778cc,10978
device_uplink,1788933621000000000,70b3d57ed00778cc,10979
device_uplink,1788933639000000000,70b3d57ed00778cc,10980
device_uplink,1788933655000000000,70b3d57ed00778cc,10981
device_uplink,1788933671000000000,70b3d57ed00778cc,10982
device_uplink,1788933687000000000,70b3d57ed00778cc,10983
device_uplink,1788933703000000000,70b3d57ed00778cc,10984
device_uplink,1788933719000000000,70b3d57ed00778cc,10985
device_uplink,1788933735000000000,70b3d57ed00778cc,10986
device_uplink,1788933751000000000,70b3d57ed00778cc,10987
device_uplink,1788933769000000000,70b3d57ed00778cc,10988
device_uplink,1788933785000000000,70b3d57ed00778cc,10989
device_uplink,1788933801000000000,70b3d57ed00778cc,10990
device_uplink,1788933817000000000,70b3d57ed00778cc,10991
device_uplink,1788933833000000000,70b3d57ed00778cc,10992
device_uplink,1788933849000000000,70b3d57ed00778cc,10993
device_uplink,1788933883000000000,70b3d57ed00778cc,10995
device_uplink,1788933899000000000,70b3d57ed00778cc,10996
device_uplink,1788933915000000000,70b3d57ed00778cc,10997
device_uplink,1788933931000000000,70b3d57ed00778cc,10998
device_uplink,1788933947000000000,70b3d57ed00778cc,10999
device_uplink,1788933963000000000,70b3d57ed00778cc,11000
device_uplink,1788933979000000000,70b3d57ed00778cc,11001
device_uplink,1788933997000000000,70b3d57ed00778cc,11002
device_uplink,1788934013000000000,70b3d57ed00778cc,11003
device_uplink,1788934029000000000,70b3d57ed00778cc,11004
device_uplink,1788934045000000000,70b3d57ed00778cc,11005
device_uplink,1788934061000000000,70b3d57ed00778cc,11006
device_uplink,1788934077000000000,70b3d57ed00778cc,11007
device_uplink,1788934093000000000,70b3d57ed00778cc,11008
device_uplink,1788934109000000000,70b3d57ed00778cc,11009
device_uplink,1788934127000000000,70b3d57ed00778cc,11010
device_uplink,1788934143000000000,70b3d57ed00778cc,11011
device_uplink,1788934159000000000,70b3d57ed00778cc,11012
device_uplink,1788934175000000000,70b3d57ed00778cc,11013
device_uplink,1788934191000000000,70b3d57ed00778cc,11014
device_uplink,1788934207000000000,70b3d57ed00778cc,11015
device_uplink,1788934223000000000,70b3d57ed00778cc,11016
device_uplink,1788934241000000000,70b3d57ed00778cc,11017
device_uplink,1788934245000000000,70b3d57ed0077801,127
device_uplink,1788934257000000000,70b3d57ed00778cc,11018
device_uplink,1788934273000000000,70b3d57ed00778cc,11019
device_uplink,1788934289000000000,70b3d57ed00778cc,11020
device_uplink,1788934305000000000,70b3d57ed00778cc,11021
device_uplink,1788934321000000000,70b3d57ed00778cc,11022
device_uplink,1788934337000000000,70b3d57ed00778cc,11023
device_uplink,1788934355000000000,70b3d57ed00778cc,11024
device_uplink,1788934371000000000,70b3d57ed00778cc,11025
device_uplink,1788934387000000000,70b3d57ed00778cc,11026
device_uplink,1788934403000000000,70b3d57ed00778cc,11027
device_uplink,1788934419000000000,70b3d57ed00778cc,11028
device_uplink,1788934435000000000,70b3d57ed00778cc,11029
device_uplink,1788934451000000000,70b3d57ed00778cc,11030
device_uplink,1788934467000000000,70b3d57ed00778cc,11031
device_uplink,1788934485000000000,70b3d57ed00778cc,11032
device_uplink,1788934501000000000,70b3d57ed00778cc,11033
device_uplink,1788934517000000000,70b3d57ed00778cc,11034
device_uplink,1788934533000000000,70b3d57ed00778cc,11035
device_uplink,1788934549000000000,70b3d57ed00778cc,11036
device_uplink,1788934565000000000,70b3d57ed00778cc,11037
device_uplink,1788934581000000000,70b3d57ed00778cc,11038
device_uplink,1788934597000000000,70b3d57ed00778cc,11039
device_uplink,1788934615000000000,70b3d57ed00778cc,11040
device_uplink,1788934631000000000,70b3d57ed00778cc,11041
device_uplink,1788934647000000000,70b3d57ed00778cc,11042
device_uplink,1788934663000000000,70b3d57ed00778cc,11043
device_uplink,1788934679000000000,70b3d57ed00778cc,11044
device_uplink,1788934695000000000,70b3d57ed00778cc,11045
device_uplink,1788934713000000000,70b3d57ed00778cc,11046
device_uplink,1788934729000000000,70b3d57ed00778cc,11047
device_uplink,1788934745000000000,70b3d57ed00778cc,11048
device_uplink,1788934761000000000,70b3d57ed00778cc,11049
device_uplink,1788934777000000000,70b3d57ed00778cc,11050
device_uplink,1788934793000000000,70b3d57ed00778cc,11051
device_uplink,1788934809000000000,70b3d57ed00778cc,11052
device_uplink,1788934825000000000,70b3d57ed00778cc,11053
device_uplink,1788934843000000000,70b3d57ed00778cc,11054
device_uplink,1788934859000000000,70b3d57ed00778cc,11055
device_uplink,1788934875000000000,70b3d57ed00778cc,11056
device_uplink,1788934891000000000,70b3d57ed00778cc,11057
device_uplink,1788934907000000000,70b3d57ed00778cc,11058
device_uplink,1788934923000000000,70b3d57ed00778cc,11059
device_uplink,1788934939000000000,70b3d57ed00778cc,11060
device_uplink,1788934957000000000,70b3d57ed00778cc,11061
device_uplink,1788934973000000000,70b3d57ed00778cc,11062
device_uplink,1788934989000000000,70b3d57ed00778cc,11063
device_uplink,1788935005000000000,70b3d57ed00778cc,11064
device_uplink,1788935021000000000,70b3d57ed00778cc,11065
device_uplink,1788935037000000000,70b3d57ed00778cc,11066
device_uplink,1788935053000000000,70b3d57ed00778cc,11067
device_uplink,1788935069000000000,70b3d57ed00778cc,11068
device_uplink,1788935087000000000,70b3d57ed00778cc,11069
device_uplink,1788935103000000000,70b3d57ed00778cc,11070
device_uplink,1788935119000000000,70b3d57ed00778cc,11071
device_uplink,1788935135000000000,70b3d57ed00778cc,11072
device_uplink,1788935151000000000,70b3d57ed00778cc,11073
device_uplink,1788935154000000000,70b3d57ed0077801,128
device_uplink,1788935167000000000,70b3d57ed00778cc,11074
device_uplink,1788935183000000000,70b3d57ed00778cc,11075
device_uplink,1788935201000000000,70b3d57ed00778cc,11076
device_uplink,1788935217000000000,70b3d57ed00778cc,11077
device_uplink,1788935233000000000,70b3d57ed00778cc,11078
device_uplink,1788935249000000000,70b3d57ed00778cc,11079
device_uplink,1788935265000000000,70b3d57ed00778cc,11080
device_uplink,1788935281000000000,70b3d57ed00778cc,11081
device_uplink,1788935297000000000,70b3d57ed00778cc,11082
device_uplink,1788935313000000000,70b3d57ed00778cc,11083
device_uplink,1788935331000000000,70b3d57ed00778cc,11084
device_uplink,1788935347000000000,70b3d57ed00778cc,11085
device_uplink,1788935363000000000,70b3d57ed00778cc,11086
device_uplink,1788935379000000000,70b3d57ed00778cc,11087
device_uplink,1788935395000000000,70b3d57ed00778cc,11088
device_uplink,1788935411000000000,70b3d57ed00778cc,11089
device_uplink,1788935427000000000,70b3d57ed00778cc,11090
device_uplink,1788935443000000000,70b3d57ed00778cc,11091
device_uplink,1788935461000000000,70b3d57ed00778cc,11092
device_uplink,1788935477000000000,70b3d57ed00778cc,11093
device_uplink,1788935493000000000,70b3d57ed00778cc,11094
device_uplink,1788935509000000000,70b3d57ed00778cc,11095
device_uplink,1788935525000000000,70b3d57ed00778cc,11096
device_uplink,1788935541000000000,70b3d57ed00778cc,11097
device_uplink,1788935557000000000,70b3d57ed00778cc,11098
device_uplink,1788935573000000000,70b3d57ed00778cc,11099
device_uplink,1788935591000000000,70b3d57ed00778cc,11100
device_uplink,1788935607000000000,70b3d57ed00778cc,11101
device_uplink,1788935623000000000,70b3d57ed00778cc,11102
device_uplink,1788935639000000000,70b3d57ed00778cc,11103
device_uplink,1788935655000000000,70b3d57ed00778cc,11104
device_uplink,1788935671000000000,70b3d57ed00778cc,11105
device_uplink,1788935687000000000,70b3d57ed00778cc,11106
device_uplink,1788935705000000000,70b3d57ed00778cc,11107
device_uplink,1788935721000000000,70b3d57ed00778cc,11108
device_uplink,1788935737000000000,70b3d57ed00778cc,11109
device_uplink,1788935753000000000,70b3d57ed00778cc,11110
device_uplink,1788935769000000000,70b3d57ed00778cc,11111
device_uplink,1788935785000000000,70b3d57ed00778cc,11112
device_uplink,1788935801000000000,70b3d57ed00778cc,11113
device_uplink,1788935819000000000,70b3d57ed00778cc,11114
device_uplink,1788935835000000000,70b3d57ed00778cc,11115
device_uplink,1788935851000000000,70b3d57ed00778cc,11116
device_uplink,1788935867000000000,70b3d57ed00778cc,11117
device_uplink,1788935883000000000,70b3d57ed00778cc,11118
device_uplink,1788935899000000000,70b3d57ed00778cc,11119
device_uplink,1788935915000000000,70b3d57ed00778cc,11120
device_uplink,1788935931000000000,70b3d57ed00778cc,11121
device_uplink,1788935949000000000,70b3d57ed00778cc,11122
device_uplink,1788935965000000000,70b3d57ed00778cc,11123
device_uplink,1788935981000000000,70b3d57ed00778cc,11124
device_uplink,1788935997000000000,70b3d57ed00778cc,11125
device_uplink,1788936013000000000,70b3d57ed00778cc,11126
device_uplink,1788936029000000000,70b3d57ed00778cc,11127
device_uplink,1788936045000000000,70b3d57ed00778cc,11128
device_uplink,1788936063000000000,70b3d57ed0077801,129
device_uplink,1788936063000000000,70b3d57ed00778cc,11129
device_uplink,1788936079000000000,70b3d57ed00778cc,11130
device_uplink,1788936095000000000,70b3d57ed00778cc,11131
device_uplink,1788936111000000000,70b3d57ed00778cc,11132
device_uplink,1788936127000000000,70b3d57ed00778cc,11133
device_uplink,1788936143000000000,70b3d57ed00778cc,11134
device_uplink,1788936159000000000,70b3d57ed00778cc,11135
device_uplink,1788936177000000000,70b3d57ed00778cc,11136
device_uplink,1788936193000000000,70b3d57ed00778cc,11137
device_uplink,1788936209000000000,70b3d57ed00778cc,11138
device_uplink,1788936225000000000,70b3d57ed00778cc,11139
device_uplink,1788936241000000000,70b3d57ed00778cc,11140
device_uplink,1788936257000000000,70b3d57ed00778cc,11141
device_uplink,1788936273000000000,70b3d57ed00778cc,11142
device_uplink,1788936289000000000,70b3d57ed00778cc,11143
device_uplink,1788936307000000000,70b3d57ed00778cc,11144
device_uplink,1788936323000000000,70b3d57ed00778cc,11145
device_uplink,1788936339000000000,70b3d57ed00778cc,11146
device_uplink,1788936355000000000,70b3d57ed00778cc,11147
device_uplink,1788936371000000000,70b3d57ed00778cc,11148
device_uplink,1788936387000000000,70b3d57ed00778cc,11149
device_uplink,1788936403000000000,70b3d57ed00778cc,11150
device_uplink,1788936421000000000,70b3d57ed00778cc,11151
device_uplink,1788936437000000000,70b3d57ed00778cc,11152
device_uplink,1788936453000000000,70b3d57ed00778cc,11153
device_uplink,1788936469000000000,70b3d57ed00778cc,11154
device_uplink,1788936485000000000,70b3d57ed00778cc,11155
device_uplink,1788936501000000000,70b3d57ed00778cc,11156
device_uplink,1788936517000000000,70b3d57ed00778cc,11157
device_uplink,1788936535000000000,70b3d57ed00778cc,11158
device_uplink,1788936551000000000,70b3d57ed00778cc,11159
device_uplink,1788936567000000000,70b3d57ed00778cc,11160
device_uplink,1788936583000000000,70b3d57ed00778cc,11161
device_uplink,1788936599000000000,70b3d57ed00778cc,11162
device_uplink,1788936615000000000,70b3d57ed00778cc,11163
device_uplink,1788936631000000000,70b3d57ed00778cc,11164
device_uplink,1788936647000000000,70b3d57ed00778cc,11165
device_uplink,1788936665000000000,70b3d57ed00778cc,11166
device_uplink,1788936681000000000,70b3d57ed00778cc,11167
device_uplink,1788936697000000000,70b3d57ed00778cc,11168
device_uplink,1788936713000000000,70b3d57ed00778cc,11169
device_uplink,1788936729000000000,70b3d57ed00778cc,11170
device_uplink,1788936745000000000,70b3d57ed00778cc,11171
device_uplink,1788936761000000000,70b3d57ed00778cc,11172
device_uplink,1788936779000000000,70b3d57ed00778cc,11173
device_uplink,1788936795000000000,70b3d57ed00778cc,11174
device_uplink,1788936811000000000,70b3d57ed00778cc,11175
device_uplink,1788936827000000000,70b3d57ed00778cc,11176
device_uplink,1788936843000000000,70b3d57ed00778cc,11177
device_uplink,1788936859000000000,70b3d57ed00778cc,11178
device_uplink,1788936875000000000,70b3d57ed00778cc,11179
device_uplink,1788936891000000000,70b3d57ed00778cc,11180
device_uplink,1788936909000000000,70b3d57ed00778cc,11181
device_uplink,1788936925000000000,70b3d57ed00778cc,11182
device_uplink,1788936941000000000,70b3d57ed00778cc,11183
device_uplink,1788936957000000000,70b3d57ed00778cc,11184
device_uplink,1788936971000000000,70b3d57ed0077801,130
device_uplink,1788936973000000000,70b3d57ed00778cc,11185
device_uplink,1788936989000000000,70b3d57ed00778cc,11186
device_uplink,1788937005000000000,70b3d57ed00778cc,11187
device_uplink,1788937023000000000,70b3d57ed00778cc,11188
device_uplink,1788937039000000000,70b3d57ed00778cc,11189
device_uplink,1788937055000000000,70b3d57ed00778cc,11190
device_uplink,1788937071000000000,70b3d57ed00778cc,11191
device_uplink,1788937087000000000,70b3d57ed00778cc,11192
device_uplink,1788937103000000000,70b3d57ed00778cc,11193
device_uplink,1788937119000000000,70b3d57ed00778cc,11194
device_uplink,1788937137000000000,70b3d57ed00778cc,11195
device_uplink,1788937153000000000,70b3d57ed00778cc,11196
device_uplink,1788937169000000000,70b3d57ed00778cc,11197
device_uplink,1788937185000000000,70b3d57ed00778cc,11198
device_uplink,1788937201000000000,70b3d57ed00778cc,11199
device_uplink,1788937217000000000,70b3d57ed00778cc,11200
device_uplink,1788937233000000000,70b3d57ed00778cc,11201
device_uplink,1788937249000000000,70b3d57ed00778cc,11202
device_uplink,1788937267000000000,70b3d57ed00778cc,11203
device_uplink,1788937283000000000,70b3d57ed00778cc,11204
device_uplink,1788937299000000000,70b3d57ed00778cc,11205
device_uplink,1788937315000000000,70b3d57ed00778cc,11206
device_uplink,1788937331000000000,70b3d57ed00778cc,11207
device_uplink,1788937347000000000,70b3d57ed00778cc,11208
device_uplink,1788937381000000000,70b3d57ed00778cc,11210
device_uplink,1788937397000000000,70b3d57ed00778cc,11211
device_uplink,1788937413000000000,70b3d57ed00778cc,11212
device_uplink,1788937429000000000,70b3d57ed00778cc,11213
device_uplink,1788937445000000000,70b3d57ed00778cc,11214
device_uplink,1788937461000000000,70b3d57ed00778cc,11215
device_uplink,1788937477000000000,70b3d57ed00778cc,11216
device_uplink,1788937495000000000,70b3d57ed00778cc,11217
device_uplink,1788937511000000000,70b3d57ed00778cc,11218
device_uplink,1788937527000000000,70b3d57ed00778cc,11219
device_uplink,1788937543000000000,70b3d57ed00778cc,11220
device_uplink,1788937559000000000,70b3d57ed00778cc,11221
device_uplink,1788937575000000000,70b3d57ed00778cc,11222
device_uplink,1788937591000000000,70b3d57ed00778cc,11223
device_uplink,1788937607000000000,70b3d57ed00778cc,11224
device_uplink,1788937625000000000,70b3d57ed00778cc,11225
device_uplink,1788937641000000000,70b3d57ed00778cc,11226
device_uplink,1788937657000000000,70b3d57ed00778cc,11227
device_uplink,1788937673000000000,70b3d57ed00778cc,11228
device_uplink,1788937689000000000,70b3d57ed00778cc,11229
device_uplink,1788937705000000000,70b3d57ed00778cc,11230
device_uplink,1788937721000000000,70b3d57ed00778cc,11231
device_uplink,1788937739000000000,70b3d57ed00778cc,11232
device_uplink,1788937755000000000,70b3d57ed00778cc,11233
device_uplink,1788937771000000000,70b3d57ed00778cc,11234
device_uplink,1788937787000000000,70b3d57ed00778cc,11235
device_uplink,1788937803000000000,70b3d57ed00778cc,11236
device_uplink,1788937819000000000,70b3d57ed00778cc,11237
device_uplink,1788937835000000000,70b3d57ed00778cc,11238
device_uplink,1788937851000000000,70b3d57ed00778cc,11239
device_uplink,1788937869000000000,70b3d57ed00778cc,11240
device_uplink,1788937879000000000,70b3d57ed0077801,131
device_uplink,1788937885000000000,70b3d57ed00778cc,11241
device_uplink,1788937901000000000,70b3d57ed00778cc,11242
device_uplink,1788937917000000000,70b3d57ed00778cc,11243
device_uplink,1788937933000000000,70b3d57ed00778cc,11244
device_uplink,1788937949000000000,70b3d57ed00778cc,11245
device_uplink,1788937967000000000,70b3d57ed00778cc,11246
device_uplink,1788937983000000000,70b3d57ed00778cc,11247
device_uplink,1788937999000000000,70b3d57ed00778cc,11248
device_uplink,1788938031000000000,70b3d57ed00778cc,11250
device_uplink,1788938047000000000,70b3d57ed00778cc,11251
device_uplink,1788938063000000000,70b3d57ed00778cc,11252
device_uplink,1788938079000000000,70b3d57ed00778cc,11253
device_uplink,1788938095000000000,70b3d57ed00778cc,11254
device_uplink,1788938113000000000,70b3d57ed00778cc,11255
device_uplink,1788938129000000000,70b3d57ed00778cc,11256
device_uplink,1788938145000000000,70b3d57ed00778cc,11257
device_uplink,1788938161000000000,70b3d57ed00778cc,11258
device_uplink,1788938177000000000,70b3d57ed00778cc,11259
device_uplink,1788938193000000000,70b3d57ed00778cc,11260
device_uplink,1788938211000000000,70b3d57ed00778cc,11261
device_uplink,1788938227000000000,70b3d57ed00778cc,11262
device_uplink,1788938243000000000,70b3d57ed00778cc,11263
device_uplink,1788938259000000000,70b3d57ed00778cc,11264
device_uplink,1788938275000000000,70b3d57ed00778cc,11265
device_uplink,1788938291000000000,70b3d57ed00778cc,11266
device_uplink,1788938307000000000,70b3d57ed00778cc,11267
device_uplink,1788938323000000000,70b3d57ed00778cc,11268
device_uplink,1788938341000000000,70b3d57ed00778cc,11269
device_uplink,1788938357000000000,70b3d57ed00778cc,11270
device_uplink,1788938373000000000,70b3d57ed00778cc,11271
device_uplink,1788938389000000000,70b3d57ed00778cc,11272
device_uplink,1788938405000000000,70b3d57ed00778cc,11273
device_uplink,1788938421000000000,70b3d57ed00778cc,11274
device_uplink,1788938437000000000,70b3d57ed00778cc,11275
device_uplink,1788938455000000000,70b3d57ed00778cc,11276
device_uplink,1788938471000000000,70b3d57ed00778cc,11277
device_uplink,1788938487000000000,70b3d57ed00778cc,11278
device_uplink,1788938503000000000,70b3d57ed00778cc,11279
device_uplink,1788938519000000000,70b3d57ed00778cc,11280
device_uplink,1788938535000000000,70b3d57ed00778cc,11281
device_uplink,1788938551000000000,70b3d57ed00778cc,11282
device_uplink,1788938569000000000,70b3d57ed00778cc,11283
device_uplink,1788938585000000000,70b3d57ed00778cc,11284
device_uplink,1788938601000000000,70b3d57ed00778cc,11285
device_uplink,1788938617000000000,70b3d57ed00778cc,11286
device_uplink,1788938633000000000,70b3d57ed00778cc,11287
device_uplink,1788938649000000000,70b3d57ed00778cc,11288
device_uplink,1788938665000000000,70b3d57ed00778cc,11289
device_uplink,1788938681000000000,70b3d57ed00778cc,11290
device_uplink,1788938699000000000,70b3d57ed00778cc,11291
device_uplink,1788938715000000000,70b3d57ed00778cc,11292
device_uplink,1788938731000000000,70b3d57ed00778cc,11293
device_uplink,1788938747000000000,70b3d57ed00778cc,11294
device_uplink,1788938763000000000,70b3d57ed00778cc,11295
device_uplink,1788938779000000000,70b3d57ed00778cc,11296
device_uplink,1788938788000000000,70b3d57ed0077801,132
device_uplink,1788938795000000000,70b3d57ed00778cc,11297
device_uplink,1788938813000000000,70b3d57ed00778cc,11298
device_uplink,1788938829000000000,70b3d57ed00778cc,11299
device_uplink,1788938845000000000,70b3d57ed00778cc,11300
device_uplink,1788938861000000000,70b3d57ed00778cc,11301
device_uplink,1788938877000000000,70b3d57ed00778cc,11302
device_uplink,1788938893000000000,70b3d57ed00778cc,11303
device_uplink,1788938909000000000,70b3d57ed00778cc,11304
device_uplink,1788938925000000000,70b3d57ed00778cc,11305
device_uplink,1788938943000000000,70b3d57ed00778cc,11306
device_uplink,1788938959000000000,70b3d57ed00778cc,11307
device_uplink,1788938975000000000,70b3d57ed00778cc,11308
device_uplink,1788938991000000000,70b3d57ed00778cc,11309
device_uplink,1788939007000000000,70b3d57ed00778cc,11310
device_uplink,1788939023000000000,70b3d57ed00778cc,11311
device_uplink,1788939039000000000,70b3d57ed00778cc,11312
device_uplink,1788939057000000000,70b3d57ed00778cc,11313
device_uplink,1788939073000000000,70b3d57ed00778cc,11314
device_uplink,1788939089000000000,70b3d57ed00778cc,11315
device_uplink,1788939105000000000,70b3d57ed00778cc,11316
device_uplink,1788939121000000000,70b3d57ed00778cc,11317
device_uplink,1788939137000000000,70b3d57ed00778cc,11318
device_uplink,1788939153000000000,70b3d57ed00778cc,11319
device_uplink,1788939169000000000,70b3d57ed00778cc,11320
device_uplink,1788939187000000000,70b3d57ed00778cc,11321
device_uplink,1788939203000000000,70b3d57ed00778cc,11322
device_uplink,1788939219000000000,70b3d57ed00778cc,11323
device_uplink,1788939235000000000,70b3d57ed00778cc,11324
device_uplink,1788939251000000000,70b3d57ed00778cc,11325
device_uplink,1788939267000000000,70b3d57ed00778cc,11326
device_uplink,1788939283000000000,70b3d57ed00778cc,11327
device_uplink,1788939299000000000,70b3d57ed00778cc,11328
device_uplink,1788939317000000000,70b3d57ed00778cc,11329
device_uplink,1788939333000000000,70b3d57ed00778cc,11330
device_uplink,1788939349000000000,70b3d57ed00778cc,11331
device_uplink,1788939365000000000,70b3d57ed00778cc,11332
device_uplink,1788939381000000000,70b3d57ed00778cc,11333
device_uplink,1788939397000000000,70b3d57ed00778cc,11334
device_uplink,1788939413000000000,70b3d57ed00778cc,11335
device_uplink,1788939429000000000,70b3d57ed00778cc,11336
device_uplink,1788939447000000000,70b3d57ed00778cc,11337
device_uplink,1788939463000000000,70b3d57ed00778cc,11338
device_uplink,1788939479000000000,70b3d57ed00778cc,11339
device_uplink,1788939495000000000,70b3d57ed00778cc,11340
device_uplink,1788939511000000000,70b3d57ed00778cc,11341
device_uplink,1788939527000000000,70b3d57ed00778cc,11342
device_uplink,1788939543000000000,70b3d57ed00778cc,11343
device_uplink,1788939561000000000,70b3d57ed00778cc,11344
device_uplink,1788939577000000000,70b3d57ed00778cc,11345
device_uplink,1788939593000000000,70b3d57ed00778cc,11346
device_uplink,1788939609000000000,70b3d57ed00778cc,11347
device_uplink,1788939625000000000,70b3d57ed00778cc,11348
device_uplink,1788939641000000000,70b3d57ed00778cc,11349
device_uplink,1788939657000000000,70b3d57ed00778cc,11350
device_uplink,1788939675000000000,70b3d57ed00778cc,11351
device_uplink,1788939691000000000,70b3d57ed00778cc,11352
device_uplink,1788939697000000000,70b3d57ed0077801,133
device_uplink,1788939707000000000,70b3d57ed00778cc,11353
device_uplink,1788939723000000000,70b3d57ed00778cc,11354
device_uplink,1788939739000000000,70b3d57ed00778cc,11355
device_uplink,1788939755000000000,70b3d57ed00778cc,11356
device_uplink,1788939771000000000,70b3d57ed00778cc,11357
device_uplink,1788939787000000000,70b3d57ed00778cc,11358
device_uplink,1788939805000000000,70b3d57ed00778cc,11359
device_uplink,1788939821000000000,70b3d57ed00778cc,11360
device_uplink,1788939837000000000,70b3d57ed00778cc,11361
device_uplink,1788939853000000000,70b3d57ed00778cc,11362
device_uplink,1788939869000000000,70b3d57ed00778cc,11363
device_uplink,1788939885000000000,70b3d57ed00778cc,11364
device_uplink,1788939901000000000,70b3d57ed00778cc,11365
device_uplink,1788939917000000000,70b3d57ed00778cc,11366
device_uplink,1788939935000000000,70b3d57ed00778cc,11367
device_uplink,1788939951000000000,70b3d57ed00778cc,11368
device_uplink,1788939967000000000,70b3d57ed00778cc,11369
device_uplink,1788939983000000000,70b3d57ed00778cc,11370
device_uplink,1788939999000000000,70b3d57ed00778cc,11371
device_uplink,1788940015000000000,70b3d57ed00778cc,11372
device_uplink,1788940031000000000,70b3d57ed00778cc,11373
device_uplink,1788940047000000000,70b3d57ed00778cc,11374
device_uplink,1788940065000000000,70b3d57ed00778cc,11375
device_uplink,1788940081000000000,70b3d57ed00778cc,11376
device_uplink,1788940097000000000,70b3d57ed00778cc,11377
device_uplink,1788940113000000000,70b3d57ed00778cc,11378
device_uplink,1788940129000000000,70b3d57ed00778cc,11379
device_uplink,1788940145000000000,70b3d57ed00778cc,11380
device_uplink,1788940161000000000,70b3d57ed00778cc,11381
device_uplink,1788940179000000000,70b3d57ed00778cc,11382
device_uplink,1788940195000000000,70b3d57ed00778cc,11383
device_uplink,1788940211000000000,70b3d57ed00778cc,11384
device_uplink,1788940227000000000,70b3d57ed00778cc,11385
device_uplink,1788940243000000000,70b3d57ed00778cc,11386
device_uplink,1788940259000000000,70b3d57ed00778cc,11387
device_uplink,1788940275000000000,70b3d57ed00778cc,11388
device_uplink,1788940293000000000,70b3d57ed00778cc,11389
device_uplink,1788940309000000000,70b3d57ed00778cc,11390
device_uplink,1788940325000000000,70b3d57ed00778cc,11391
device_uplink,1788940341000000000,70b3d57ed00778cc,11392
device_uplink,1788940357000000000,70b3d57ed00778cc,11393
device_uplink,1788940373000000000,70b3d57ed00778cc,11394
device_uplink,1788940389000000000,70b3d57ed00778cc,11395
device_uplink,1788940405000000000,70b3d57ed00778cc,11396
device_uplink,1788940423000000000,70b3d57ed00778cc,11397
device_uplink,1788940439000000000,70b3d57ed00778cc,11398
device_uplink,1788940455000000000,70b3d57ed00778cc,11399
device_uplink,1788940471000000000,70b3d57ed00778cc,11400
device_uplink,1788940487000000000,70b3d57ed00778cc,11401
device_uplink,1788940503000000000,70b3d57ed00778cc,11402
device_uplink,1788940519000000000,70b3d57ed00778cc,11403
device_uplink,1788940537000000000,70b3d57ed00778cc,11404
device_uplink,1788940553000000000,70b3d57ed00778cc,11405
device_uplink,1788940569000000000,70b3d57ed00778cc,11406
device_uplink,1788940585000000000,70b3d57ed00778cc,11407
device_uplink,1788940601000000000,70b3d57ed00778cc,11408
device_uplink,1788940605000000000,70b3d57ed0077801,134
device_uplink,1788940617000000000,70b3d57ed00778cc,11409
device_uplink,1788940633000000000,70b3d57ed00778cc,11410
device_uplink,1788940651000000000,70b3d57ed00778cc,11411
device_uplink,1788940667000000000,70b3d57ed00778cc,11412
device_uplink,1788940683000000000,70b3d57ed00778cc,11413
device_uplink,1788940699000000000,70b3d57ed00778cc,11414
device_uplink,1788940715000000000,70b3d57ed00778cc,11415
device_uplink,1788940731000000000,70b3d57ed00778cc,11416
device_uplink,1788940747000000000,70b3d57ed00778cc,11417
device_uplink,1788940763000000000,70b3d57ed00778cc,11418
device_uplink,1788940781000000000,70b3d57ed00778cc,11419
device_uplink,1788940797000000000,70b3d57ed00778cc,11420
device_uplink,1788940813000000000,70b3d57ed00778cc,11421
device_uplink,1788940829000000000,70b3d57ed00778cc,11422
device_uplink,1788940845000000000,70b3d57ed00778cc,11423
device_uplink,1788940861000000000,70b3d57ed00778cc,11424
device_uplink,1788940877000000000,70b3d57ed00778cc,11425
device_uplink,1788940893000000000,70b3d57ed00778cc,11426
device_uplink,1788940911000000000,70b3d57ed00778cc,11427
device_uplink,1788940927000000000,70b3d57ed00778cc,11428
device_uplink,1788940943000000000,70b3d57ed00778cc,11429
device_uplink,1788940959000000000,70b3d57ed00778cc,11430
device_uplink,1788940975000000000,70b3d57ed00778cc,11431
device_uplink,1788940991000000000,70b3d57ed00778cc,11432
device_uplink,1788941009000000000,70b3d57ed00778cc,11433
device_uplink,1788941025000000000,70b3d57ed00778cc,11434
device_uplink,1788941041000000000,70b3d57ed00778cc,11435
device_uplink,1788941057000000000,70b3d57ed00778cc,11436
device_uplink,1788941073000000000,70b3d57ed00778cc,11437
device_uplink,1788941089000000000,70b3d57ed00778cc,11438
device_uplink,1788941105000000000,70b3d57ed00778cc,11439
device_uplink,1788941121000000000,70b3d57ed00778cc,11440
device_uplink,1788941139000000000,70b3d57ed00778cc,11441
device_uplink,1788941155000000000,70b3d57ed00778cc,11442
device_uplink,1788941171000000000,70b3d57ed00778cc,11443
device_uplink,1788941187000000000,70b3d57ed00778cc,11444
device_uplink,1788941203000000000,70b3d57ed00778cc,11445
device_uplink,1788941219000000000,70b3d57ed00778cc,11446
device_uplink,1788941235000000000,70b3d57ed00778cc,11447
device_uplink,1788941251000000000,70b3d57ed00778cc,11448
device_uplink,1788941269000000000,70b3d57ed00778cc,11449
device_uplink,1788941285000000000,70b3d57ed00778cc,11450
device_uplink,1788941301000000000,70b3d57ed00778cc,11451
device_uplink,1788941317000000000,70b3d57ed00778cc,11452
device_uplink,1788941333000000000,70b3d57ed00778cc,11453
device_uplink,1788941349000000000,70b3d57ed00778cc,11454
device_uplink,1788941365000000000,70b3d57ed00778cc,11455
device_uplink,1788941381000000000,70b3d57ed00778cc,11456
device_uplink,1788941399000000000,70b3d57ed00778cc,11457
device_uplink,1788941415000000000,70b3d57ed00778cc,11458
device_uplink,1788941431000000000,70b3d57ed00778cc,11459
device_uplink,1788941447000000000,70b3d57ed00778cc,11460
device_uplink,1788941463000000000,70b3d57ed00778cc,11461
device_uplink,1788941479000000000,70b3d57ed00778cc,11462
device_uplink,1788941495000000000,70b3d57ed00778cc,11463
device_uplink,1788941513000000000,70b3d57ed00778cc,11464
device_uplink,1788941514000000000,70b3d57ed0077801,135
device_uplink,1788941529000000000,70b3d57ed00778cc,11465
device_uplink,1788941545000000000,70b3d57ed00778cc,11466
device_uplink,1788941561000000000,70b3d57ed00778cc,11467
device_uplink,1788941577000000000,70b3d57ed00778cc,11468
device_uplink,1788941593000000000,70b3d57ed00778cc,11469
device_uplink,1788941609000000000,70b3d57ed00778cc,11470
device_uplink,1788941627000000000,70b3d57ed00778cc,11471
device_uplink,1788941643000000000,70b3d57ed00778cc,11472
device_uplink,1788941659000000000,70b3d57ed00778cc,11473
device_uplink,1788941675000000000,70b3d57ed00778cc,11474
device_uplink,1788941691000000000,70b3d57ed00778cc,11475
device_uplink,1788941707000000000,70b3d57ed00778cc,11476
device_uplink,1788941723000000000,70b3d57ed00778cc,11477
device_uplink,1788941739000000000,70b3d57ed00778cc,11478
device_uplink,1788941757000000000,70b3d57ed00778cc,11479
device_uplink,1788941773000000000,70b3d57ed00778cc,11480
device_uplink,1788941789000000000,70b3d57ed00778cc,11481
device_uplink,1788941805000000000,70b3d57ed00778cc,11482
device_uplink,1788941821000000000,70b3d57ed00778cc,11483
device_uplink,1788941837000000000,70b3d57ed00778cc,11484
device_uplink,1788941853000000000,70b3d57ed00778cc,11485
device_uplink,1788941871000000000,70b3d57ed00778cc,11486
device_uplink,1788941887000000000,70b3d57ed00778cc,11487
device_uplink,1788941903000000000,70b3d57ed00778cc,11488
device_uplink,1788941919000000000,70b3d57ed00778cc,11489
device_uplink,1788941935000000000,70b3d57ed00778cc,11490
device_uplink,1788941951000000000,70b3d57ed00778cc,11491
device_uplink,1788941969000000000,70b3d57ed00778cc,11492
device_uplink,1788941985000000000,70b3d57ed00778cc,11493
device_uplink,1788942001000000000,70b3d57ed00778cc,11494
device_uplink,1788942017000000000,70b3d57ed00778cc,11495
device_uplink,1788942033000000000,70b3d57ed00778cc,11496
device_uplink,1788942049000000000,70b3d57ed00778cc,11497
device_uplink,1788942065000000000,70b3d57ed00778cc,11498
device_uplink,1788942081000000000,70b3d57ed00778cc,11499
device_uplink,1788942099000000000,70b3d57ed00778cc,11500
device_uplink,1788942115000000000,70b3d57ed00778cc,11501
device_uplink,1788942131000000000,70b3d57ed00778cc,11502
device_uplink,1788942147000000000,70b3d57ed00778cc,11503
device_uplink,1788942163000000000,70b3d57ed00778cc,11504
device_uplink,1788942179000000000,70b3d57ed00778cc,11505
device_uplink,1788942195000000000,70b3d57ed00778cc,11506
device_uplink,1788942211000000000,70b3d57ed00778cc,11507
device_uplink,1788942229000000000,70b3d57ed00778cc,11508
device_uplink,1788942245000000000,70b3d57ed00778cc,11509
device_uplink,1788942261000000000,70b3d57ed00778cc,11510
device_uplink,1788942277000000000,70b3d57ed00778cc,11511
device_uplink,1788942293000000000,70b3d57ed00778cc,11512
device_uplink,1788942309000000000,70b3d57ed00778cc,11513
device_uplink,1788942325000000000,70b3d57ed00778cc,11514
device_uplink,1788942343000000000,70b3d57ed00778cc,11515
device_uplink,1788942359000000000,70b3d57ed00778cc,11516
device_uplink,1788942375000000000,70b3d57ed00778cc,11517
device_uplink,1788942391000000000,70b3d57ed00778cc,11518
device_uplink,1788942407000000000,70b3d57ed00778cc,11519
device_uplink,1788942422000000000,70b3d57ed0077801,136
device_uplink,1788942423000000000,70b3d57ed00778cc,11520
device_uplink,1788942439000000000,70b3d57ed00778cc,11521
device_uplink,1788942457000000000,70b3d57ed00778cc,11522
device_uplink,1788942473000000000,70b3d57ed00778cc,11523
device_uplink,1788942489000000000,70b3d57ed00778cc,11524
device_uplink,1788942505000000000,70b3d57ed00778cc,11525
device_uplink,1788942521000000000,70b3d57ed00778cc,11526
device_uplink,1788942537000000000,70b3d57ed00778cc,11527
device_uplink,1788942553000000000,70b3d57ed00778cc,11528
device_uplink,1788942569000000000,70b3d57ed00778cc,11529
device_uplink,1788942587000000000,70b3d57ed00778cc,11530
device_uplink,1788942603000000000,70b3d57ed00778cc,11531
device_uplink,1788942619000000000,70b3d57ed00778cc,11532
device_uplink,1788942635000000000,70b3d57ed00778cc,11533
device_uplink,1788942651000000000,70b3d57ed00778cc,11534
device_uplink,1788942667000000000,70b3d57ed00778cc,11535
device_uplink,1788942683000000000,70b3d57ed00778cc,11536
device_uplink,1788942701000000000,70b3d57ed00778cc,11537
device_uplink,1788942717000000000,70b3d57ed00778cc,11538
device_uplink,1788942733000000000,70b3d57ed00778cc,11539
device_uplink,1788942749000000000,70b3d57ed00778cc,11540
device_uplink,1788942765000000000,70b3d57ed00778cc,11541
device_uplink,1788942781000000000,70b3d57ed00778cc,11542
device_uplink,1788942797000000000,70b3d57ed00778cc,11543
device_uplink,1788942815000000000,70b3d57ed00778cc,11544
device_uplink,1788942831000000000,70b3d57ed00778cc,11545
device_uplink,1788942847000000000,70b3d57ed00778cc,11546
device_uplink,1788942863000000000,70b3d57ed00778cc,11547
device_uplink,1788942879000000000,70b3d57ed00778cc,11548
device_uplink,1788942895000000000,70b3d57ed00778cc,11549
device_uplink,1788942911000000000,70b3d57ed00778cc,11550
device_uplink,1788942927000000000,70b3d57ed00778cc,11551
device_uplink,1788942945000000000,70b3d57ed00778cc,11552
device_uplink,1788942961000000000,70b3d57ed00778cc,11553
device_uplink,1788942977000000000,70b3d57ed00778cc,11554
device_uplink,1788942993000000000,70b3d57ed00778cc,11555
device_uplink,1788943009000000000,70b3d57ed00778cc,11556
device_uplink,1788943025000000000,70b3d57ed00778cc,11557
device_uplink,1788943041000000000,70b3d57ed00778cc,11558
device_uplink,1788943059000000000,70b3d57ed00778cc,11559
device_uplink,1788943075000000000,70b3d57ed00778cc,11560
device_uplink,1788943091000000000,70b3d57ed00778cc,11561
device_uplink,1788943107000000000,70b3d57ed00778cc,11562
device_uplink,1788943123000000000,70b3d57ed00778cc,11563
device_uplink,1788943139000000000,70b3d57ed00778cc,11564
device_uplink,1788943155000000000,70b3d57ed00778cc,11565
device_uplink,1788943173000000000,70b3d57ed00778cc,11566
device_uplink,1788943189000000000,70b3d57ed00778cc,11567
device_uplink,1788943205000000000,70b3d57ed00778cc,11568
device_uplink,1788943221000000000,70b3d57ed00778cc,11569
device_uplink,1788943237000000000,70b3d57ed00778cc,11570
device_uplink,1788943253000000000,70b3d57ed00778cc,11571
device_uplink,1788943269000000000,70b3d57ed00778cc,11572
device_uplink,1788943285000000000,70b3d57ed00778cc,11573
device_uplink,1788943303000000000,70b3d57ed00778cc,11574
device_uplink,1788943319000000000,70b3d57ed00778cc,11575
device_uplink,1788943331000000000,70b3d57ed0077801,137
device_uplink,1788943335000000000,70b3d57ed00778cc,11576
device_uplink,1788943351000000000,70b3d57ed00778cc,11577
device_uplink,1788943367000000000,70b3d57ed00778cc,11578
device_uplink,1788943383000000000,70b3d57ed00778cc,11579
device_uplink,1788943399000000000,70b3d57ed00778cc,11580
device_uplink,1788943415000000000,70b3d57ed00778cc,11581
device_uplink,1788943433000000000,70b3d57ed00778cc,11582
device_uplink,1788943449000000000,70b3d57ed00778cc,11583
device_uplink,1788943465000000000,70b3d57ed00778cc,11584
device_uplink,1788943481000000000,70b3d57ed00778cc,11585
device_uplink,1788943497000000000,70b3d57ed00778cc,11586
device_uplink,1788943513000000000,70b3d57ed00778cc,11587
device_uplink,1788943529000000000,70b3d57ed00778cc,11588
device_uplink,1788943545000000000,70b3d57ed00778cc,11589
device_uplink,1788943563000000000,70b3d57ed00778cc,11590
device_uplink,1788943579000000000,70b3d57ed00778cc,11591
device_uplink,1788943595000000000,70b3d57ed00778cc,11592
device_uplink,1788943611000000000,70b3d57ed00778cc,11593
device_uplink,1788943627000000000,70b3d57ed00778cc,11594
device_uplink,1788943643000000000,70b3d57ed00778cc,11595
device_uplink,1788943659000000000,70b3d57ed00778cc,11596
device_uplink,1788943675000000000,70b3d57ed00778cc,11597
device_uplink,1788943693000000000,70b3d57ed00778cc,11598
device_uplink,1788943709000000000,70b3d57ed00778cc,11599
device_uplink,1788943725000000000,70b3d57ed00778cc,11600
device_uplink,1788943741000000000,70b3d57ed00778cc,11601
device_uplink,1788943757000000000,70b3d57ed00778cc,11602
device_uplink,1788943773000000000,70b3d57ed00778cc,11603
device_uplink,1788943789000000000,70b3d57ed00778cc,11604
device_uplink,1788943805000000000,70b3d57ed00778cc,11605
device_uplink,1788943823000000000,70b3d57ed00778cc,11606
device_uplink,1788943839000000000,70b3d57ed00778cc,11607
device_uplink,1788943855000000000,70b3d57ed00778cc,11608
device_uplink,1788943871000000000,70b3d57ed00778cc,11609
device_uplink,1788943887000000000,70b3d57ed00778cc,11610
device_uplink,1788943903000000000,70b3d57ed00778cc,11611
device_uplink,1788943919000000000,70b3d57ed00778cc,11612
device_uplink,1788943935000000000,70b3d57ed00778cc,11613
device_uplink,1788943953000000000,70b3d57ed00778cc,11614
device_uplink,1788943969000000000,70b3d57ed00778cc,11615
device_uplink,1788943985000000000,70b3d57ed00778cc,11616
device_uplink,1788944001000000000,70b3d57ed00778cc,11617
device_uplink,1788944017000000000,70b3d57ed00778cc,11618
device_uplink,1788944033000000000,70b3d57ed00778cc,11619
device_uplink,1788944049000000000,70b3d57ed00778cc,11620
device_uplink,1788944065000000000,70b3d57ed00778cc,11621
device_uplink,1788944083000000000,70b3d57ed00778cc,11622
device_uplink,1788944099000000000,70b3d57ed00778cc,11623
device_uplink,1788944115000000000,70b3d57ed00778cc,11624
device_uplink,1788944131000000000,70b3d57ed00778cc,11625
device_uplink,1788944147000000000,70b3d57ed00778cc,11626
device_uplink,1788944163000000000,70b3d57ed00778cc,11627
device_uplink,1788944179000000000,70b3d57ed00778cc,11628
device_uplink,1788944197000000000,70b3d57ed00778cc,11629
device_uplink,1788944213000000000,70b3d57ed00778cc,11630
device_uplink,1788944229000000000,70b3d57ed00778cc,11631
device_uplink,1788944239000000000,70b3d57ed0077801,138
device_uplink,1788944245000000000,70b3d57ed00778cc,11632
device_uplink,1788944261000000000,70b3d57ed00778cc,11633
device_uplink,1788944277000000000,70b3d57ed00778cc,11634
device_uplink,1788944293000000000,70b3d57ed00778cc,11635
device_uplink,1788944309000000000,70b3d57ed00778cc,11636
device_uplink,1788944327000000000,70b3d57ed00778cc,11637
device_uplink,1788944343000000000,70b3d57ed00778cc,11638
device_uplink,1788944359000000000,70b3d57ed00778cc,11639
device_uplink,1788944375000000000,70b3d57ed00778cc,11640
device_uplink,1788944391000000000,70b3d57ed00778cc,11641
device_uplink,1788944407000000000,70b3d57ed00778cc,11642
device_uplink,1788944423000000000,70b3d57ed00778cc,11643
device_uplink,1788944439000000000,70b3d57ed00778cc,11644
device_uplink,1788944457000000000,70b3d57ed00778cc,11645
device_uplink,1788944473000000000,70b3d57ed00778cc,11646
device_uplink,1788944489000000000,70b3d57ed00778cc,11647
device_uplink,1788944505000000000,70b3d57ed00778cc,11648
device_uplink,1788944521000000000,70b3d57ed00778cc,11649
device_uplink,1788944537000000000,70b3d57ed00778cc,11650
device_uplink,1788944553000000000,70b3d57ed00778cc,11651
device_uplink,1788944571000000000,70b3d57ed00778cc,11652
device_uplink,1788944587000000000,70b3d57ed00778cc,11653
device_uplink,1788944603000000000,70b3d57ed00778cc,11654
device_uplink,1788944619000000000,70b3d57ed00778cc,11655
device_uplink,1788944635000000000,70b3d57ed00778cc,11656
device_uplink,1788944651000000000,70b3d57ed00778cc,11657
device_uplink,1788944667000000000,70b3d57ed00778cc,11658
device_uplink,1788944683000000000,70b3d57ed00778cc,11659
device_uplink,1788944701000000000,70b3d57ed00778cc,11660
device_uplink,1788944717000000000,70b3d57ed00778cc,11661
device_uplink,1788944733000000000,70b3d57ed00778cc,11662
device_uplink,1788944749000000000,70b3d57ed00778cc,11663
device_uplink,1788944765000000000,70b3d57ed00778cc,11664
device_uplink,1788944781000000000,70b3d57ed00778cc,11665
device_uplink,1788944797000000000,70b3d57ed00778cc,11666
device_uplink,1788944813000000000,70b3d57ed00778cc,11667
device_uplink,1788944831000000000,70b3d57ed00778cc,11668
device_uplink,1788944847000000000,70b3d57ed00778cc,11669
device_uplink,1788944863000000000,70b3d57ed00778cc,11670
device_uplink,1788944879000000000,70b3d57ed00778cc,11671
device_uplink,1788944895000000000,70b3d57ed00778cc,11672
device_uplink,1788944911000000000,70b3d57ed00778cc,11673
device_uplink,1788944927000000000,70b3d57ed00778cc,11674
device_uplink,1788944943000000000,70b3d57ed00778cc,11675
device_uplink,1788944961000000000,70b3d57ed00778cc,11676
device_uplink,1788944977000000000,70b3d57ed00778cc,11677
device_uplink,1788944993000000000,70b3d57ed00778cc,11678
device_uplink,1788945009000000000,70b3d57ed00778cc,11679
device_uplink,1788945025000000000,70b3d57ed00778cc,11680
device_uplink,1788945041000000000,70b3d57ed00778cc,11681
device_uplink,1788945057000000000,70b3d57ed00778cc,11682
device_uplink,1788945075000000000,70b3d57ed00778cc,11683
device_uplink,1788945091000000000,70b3d57ed00778cc,11684
device_uplink,1788945107000000000,70b3d57ed00778cc,11685
device_uplink,1788945123000000000,70b3d57ed00778cc,11686
device_uplink,1788945139000000000,70b3d57ed00778cc,11687
device_uplink,1788945148000000000,70b3d57ed0077801,139
device_uplink,1788945155000000000,70b3d57ed00778cc,11688
device_uplink,1788945171000000000,70b3d57ed00778cc,11689
device_uplink,1788945189000000000,70b3d57ed00778cc,11690
device_uplink,1788945205000000000,70b3d57ed00778cc,11691
device_uplink,1788945221000000000,70b3d57ed00778cc,11692
device_uplink,1788945237000000000,70b3d57ed00778cc,11693
device_uplink,1788945253000000000,70b3d57ed00778cc,11694
device_uplink,1788945269000000000,70b3d57ed00778cc,11695
device_uplink,1788945285000000000,70b3d57ed00778cc,11696
device_uplink,1788945301000000000,70b3d57ed00778cc,11697
device_uplink,1788945319000000000,70b3d57ed00778cc,11698
device_uplink,1788945335000000000,70b3d57ed00778cc,11699
device_uplink,1788945351000000000,70b3d57ed00778cc,11700
device_uplink,1788945367000000000,70b3d57ed00778cc,11701
device_uplink,1788945383000000000,70b3d57ed00778cc,11702
device_uplink,1788945399000000000,70b3d57ed00778cc,11703
device_uplink,1788945415000000000,70b3d57ed00778cc,11704
device_uplink,1788945431000000000,70b3d57ed00778cc,11705
device_uplink,1788945449000000000,70b3d57ed00778cc,11706
device_uplink,1788945465000000000,70b3d57ed00778cc,11707
device_uplink,1788945481000000000,70b3d57ed00778cc,11708
device_uplink,1788945497000000000,70b3d57ed00778cc,11709
device_uplink,1788945513000000000,70b3d57ed00778cc,11710
device_uplink,1788945529000000000,70b3d57ed00778cc,11711
device_uplink,1788945545000000000,70b3d57ed00778cc,11712
device_uplink,1788945561000000000,70b3d57ed00778cc,11713
device_uplink,1788945579000000000,70b3d57ed00778cc,11714
device_uplink,1788945595000000000,70b3d57ed00778cc,11715
device_uplink,1788945611000000000,70b3d57ed00778cc,11716
device_uplink,1788945627000000000,70b3d57ed00778cc,11717
device_uplink,1788945643000000000,70b3d57ed00778cc,11718
device_uplink,1788945659000000000,70b3d57ed00778cc,11719
device_uplink,1788945675000000000,70b3d57ed00778cc,11720
device_uplink,1788945691000000000,70b3d57ed00778cc,11721
device_uplink,1788945709000000000,70b3d57ed00778cc,11722
device_uplink,1788945725000000000,70b3d57ed00778cc,11723
device_uplink,1788945741000000000,70b3d57ed00778cc,11724
device_uplink,1788945757000000000,70b3d57ed00778cc,11725
device_uplink,1788945773000000000,70b3d57ed00778cc,11726
device_uplink,1788945789000000000,70b3d57ed00778cc,11727
device_uplink,1788945805000000000,70b3d57ed00778cc,11728
device_uplink,1788945823000000000,70b3d57ed00778cc,11729
device_uplink,1788945839000000000,70b3d57ed00778cc,11730
device_uplink,1788945855000000000,70b3d57ed00778cc,11731
device_uplink,1788945871000000000,70b3d57ed00778cc,11732
device_uplink,1788945887000000000,70b3d57ed00778cc,11733
device_uplink,1788945903000000000,70b3d57ed00778cc,11734
device_uplink,1788945919000000000,70b3d57ed00778cc,11735
device_uplink,1788945937000000000,70b3d57ed00778cc,11736
device_uplink,1788945953000000000,70b3d57ed00778cc,11737
device_uplink,1788945969000000000,70b3d57ed00778cc,11738
device_uplink,1788945985000000000,70b3d57ed00778cc,11739
device_uplink,1788946001000000000,70b3d57ed00778cc,11740
device_uplink,1788946017000000000,70b3d57ed00778cc,11741
device_uplink,1788946033000000000,70b3d57ed00778cc,11742
device_uplink,1788946049000000000,70b3d57ed00778cc,11743
device_uplink,1788946056000000000,70b3d57ed0077801,140
device_uplink,1788946067000000000,70b3d57ed00778cc,11744
device_uplink,1788946083000000000,70b3d57ed00778cc,11745
device_uplink,1788946099000000000,70b3d57ed00778cc,11746
device_uplink,1788946115000000000,70b3d57ed00778cc,11747
device_uplink,1788946131000000000,70b3d57ed00778cc,11748
device_uplink,1788946147000000000,70b3d57ed00778cc,11749
device_uplink,1788946163000000000,70b3d57ed00778cc,11750
device_uplink,1788946179000000000,70b3d57ed00778cc,11751
device_uplink,1788946197000000000,70b3d57ed00778cc,11752
device_uplink,1788946213000000000,70b3d57ed00778cc,11753
device_uplink,1788946229000000000,70b3d57ed00778cc,11754
device_uplink,1788946245000000000,70b3d57ed00778cc,11755
device_uplink,1788946261000000000,70b3d57ed00778cc,11756
device_uplink,1788946277000000000,70b3d57ed00778cc,11757
device_uplink,1788946295000000000,70b3d57ed00778cc,11758
device_uplink,1788946311000000000,70b3d57ed00778cc,11759
device_uplink,1788946327000000000,70b3d57ed00778cc,11760
device_uplink,1788946343000000000,70b3d57ed00778cc,11761
device_uplink,1788946359000000000,70b3d57ed00778cc,11762
device_uplink,1788946375000000000,70b3d57ed00778cc,11763
device_uplink,1788946391000000000,70b3d57ed00778cc,11764
device_uplink,1788946407000000000,70b3d57ed00778cc,11765
device_uplink,1788946425000000000,70b3d57ed00778cc,11766
device_uplink,1788946441000000000,70b3d57ed00778cc,11767
device_uplink,1788946457000000000,70b3d57ed00778cc,11768
device_uplink,1788946473000000000,70b3d57ed00778cc,11769
device_uplink,1788946489000000000,70b3d57ed00778cc,11770
device_uplink,1788946505000000000,70b3d57ed00778cc,11771
device_uplink,1788946521000000000,70b3d57ed00778cc,11772
device_uplink,1788946537000000000,70b3d57ed00778cc,11773
device_uplink,1788946555000000000,70b3d57ed00778cc,11774
device_uplink,1788946571000000000,70b3d57ed00778cc,11775
device_uplink,1788946587000000000,70b3d57ed00778cc,11776
device_uplink,1788946603000000000,70b3d57ed00778cc,11777
device_uplink,1788946619000000000,70b3d57ed00778cc,11778
device_uplink,1788946635000000000,70b3d57ed00778cc,11779
device_uplink,1788946651000000000,70b3d57ed00778cc,11780
device_uplink,1788946667000000000,70b3d57ed00778cc,11781
device_uplink,1788946685000000000,70b3d57ed00778cc,11782
device_uplink,1788946701000000000,70b3d57ed00778cc,11783
device_uplink,1788946717000000000,70b3d57ed00778cc,11784
device_uplink,1788946733000000000,70b3d57ed00778cc,11785
device_uplink,1788946749000000000,70b3d57ed00778cc,11786
device_uplink,1788946765000000000,70b3d57ed00778cc,11787
device_uplink,1788946781000000000,70b3d57ed00778cc,11788
device_uplink,1788946799000000000,70b3d57ed00778cc,11789
device_uplink,1788946815000000000,70b3d57ed00778cc,11790
device_uplink,1788946831000000000,70b3d57ed00778cc,11791
device_uplink,1788946847000000000,70b3d57ed00778cc,11792
device_uplink,1788946863000000000,70b3d57ed00778cc,11793
device_uplink,1788946879000000000,70b3d57ed00778cc,11794
device_uplink,1788946895000000000,70b3d57ed00778cc,11795
device_uplink,1788946911000000000,70b3d57ed00778cc,11796
device_uplink,1788946929000000000,70b3d57ed00778cc,11797
device_uplink,1788946945000000000,70b3d57ed00778cc,11798
device_uplink,1788946961000000000,70b3d57ed00778cc,11799
device_uplink,1788946965000000000,70b3d57ed0077801,141
device_uplink,1788946977000000000,70b3d57ed00778cc,11800
device_uplink,1788946993000000000,70b3d57ed00778cc,11801
device_uplink,1788947009000000000,70b3d57ed00778cc,11802
device_uplink,1788947025000000000,70b3d57ed00778cc,11803
device_uplink,1788947043000000000,70b3d57ed00778cc,11804
device_uplink,1788947059000000000,70b3d57ed00778cc,11805
device_uplink,1788947075000000000,70b3d57ed00778cc,11806
device_uplink,1788947091000000000,70b3d57ed00778cc,11807
device_uplink,1788947107000000000,70b3d57ed00778cc,11808
device_uplink,1788947123000000000,70b3d57ed00778cc,11809
device_uplink,1788947139000000000,70b3d57ed00778cc,11810
device_uplink,1788947155000000000,70b3d57ed00778cc,11811
device_uplink,1788947173000000000,70b3d57ed00778cc,11812
device_uplink,1788947189000000000,70b3d57ed00778cc,11813
device_uplink,1788947205000000000,70b3d57ed00778cc,11814
device_uplink,1788947221000000000,70b3d57ed00778cc,11815
device_uplink,1788947237000000000,70b3d57ed00778cc,11816
device_uplink,1788947253000000000,70b3d57ed00778cc,11817
device_uplink,1788947269000000000,70b3d57ed00778cc,11818
device_uplink,1788947285000000000,70b3d57ed00778cc,11819
device_uplink,1788947303000000000,70b3d57ed00778cc,11820
device_uplink,1788947319000000000,70b3d57ed00778cc,11821
device_uplink,1788947335000000000,70b3d57ed00778cc,11822
device_uplink,1788947351000000000,70b3d57ed00778cc,11823
device_uplink,1788947367000000000,70b3d57ed00778cc,11824
device_uplink,1788947383000000000,70b3d57ed00778cc,11825
device_uplink,1788947399000000000,70b3d57ed00778cc,11826
device_uplink,1788947415000000000,70b3d57ed00778cc,11827
device_uplink,1788947433000000000,70b3d57ed00778cc,11828
device_uplink,1788947449000000000,70b3d57ed00778cc,11829
device_uplink,1788947465000000000,70b3d57ed00778cc,11830
device_uplink,1788947481000000000,70b3d57ed00778cc,11831
device_uplink,1788947497000000000,70b3d57ed00778cc,11832
device_uplink,1788947513000000000,70b3d57ed00778cc,11833
device_uplink,1788947529000000000,70b3d57ed00778cc,11834
device_uplink,1788947545000000000,70b3d57ed00778cc,11835
device_uplink,1788947563000000000,70b3d57ed00778cc,11836
device_uplink,1788947579000000000,70b3d57ed00778cc,11837
device_uplink,1788947595000000000,70b3d57ed00778cc,11838
device_uplink,1788947611000000000,70b3d57ed00778cc,11839
device_uplink,1788947627000000000,70b3d57ed00778cc,11840
device_uplink,1788947643000000000,70b3d57ed00778cc,11841
device_uplink,1788947661000000000,70b3d57ed00778cc,11842
device_uplink,1788947677000000000,70b3d57ed00778cc,11843
device_uplink,1788947693000000000,70b3d57ed00778cc,11844
device_uplink,1788947709000000000,70b3d57ed00778cc,11845
device_uplink,1788947725000000000,70b3d57ed00778cc,11846
device_uplink,1788947741000000000,70b3d57ed00778cc,11847
device_uplink,1788947757000000000,70b3d57ed00778cc,11848
device_uplink,1788947773000000000,70b3d57ed00778cc,11849
device_uplink,1788947791000000000,70b3d57ed00778cc,11850
device_uplink,1788947807000000000,70b3d57ed00778cc,11851
device_uplink,1788947823000000000,70b3d57ed00778cc,11852
device_uplink,1788947839000000000,70b3d57ed00778cc,11853
device_uplink,1788947855000000000,70b3d57ed00778cc,11854
device_uplink,1788947871000000000,70b3d57ed00778cc,11855
device_uplink,1788947873000000000,70b3d57ed0077801,142
device_uplink,1788947887000000000,70b3d57ed00778cc,11856
device_uplink,1788947903000000000,70b3d57ed00778cc,11857
device_uplink,1788947921000000000,70b3d57ed00778cc,11858
device_uplink,1788947937000000000,70b3d57ed00778cc,11859
device_uplink,1788947953000000000,70b3d57ed00778cc,11860
device_uplink,1788947969000000000,70b3d57ed00778cc,11861
device_uplink,1788947985000000000,70b3d57ed00778cc,11862
device_uplink,1788948001000000000,70b3d57ed00778cc,11863
device_uplink,1788948017000000000,70b3d57ed00778cc,11864
device_uplink,1788948033000000000,70b3d57ed00778cc,11865
device_uplink,1788948051000000000,70b3d57ed00778cc,11866
device_uplink,1788948067000000000,70b3d57ed00778cc,11867
device_uplink,1788948083000000000,70b3d57ed00778cc,11868
device_uplink,1788948099000000000,70b3d57ed00778cc,11869
device_uplink,1788948115000000000,70b3d57ed00778cc,11870
device_uplink,1788948131000000000,70b3d57ed00778cc,11871
device_uplink,1788948147000000000,70b3d57ed00778cc,11872
device_uplink,1788948163000000000,70b3d57ed00778cc,11873
device_uplink,1788948181000000000,70b3d57ed00778cc,11874
device_uplink,1788948197000000000,70b3d57ed00778cc,11875
device_uplink,1788948213000000000,70b3d57ed00778cc,11876
device_uplink,1788948229000000000,70b3d57ed00778cc,11877
device_uplink,1788948245000000000,70b3d57ed00778cc,11878
device_uplink,1788948261000000000,70b3d57ed00778cc,11879
device_uplink,1788948277000000000,70b3d57ed00778cc,11880
device_uplink,1788948293000000000,70b3d57ed00778cc,11881
device_uplink,1788948311000000000,70b3d57ed00778cc,11882
device_uplink,1788948327000000000,70b3d57ed00778cc,11883
device_uplink,1788948343000000000,70b3d57ed00778cc,11884
device_uplink,1788948359000000000,70b3d57ed00778cc,11885
device_uplink,1788948375000000000,70b3d57ed00778cc,11886
device_uplink,1788948391000000000,70b3d57ed00778cc,11887
device_uplink,1788948407000000000,70b3d57ed00778cc,11888
device_uplink,1788948423000000000,70b3d57ed00778cc,11889
device_uplink,1788948441000000000,70b3d57ed00778cc,11890
device_uplink,1788948457000000000,70b3d57ed00778cc,11891
device_uplink,1788948473000000000,70b3d57ed00778cc,11892
device_uplink,1788948489000000000,70b3d57ed00778cc,11893
device_uplink,1788948505000000000,70b3d57ed00778cc,11894
device_uplink,1788948521000000000,70b3d57ed00778cc,11895
device_uplink,1788948537000000000,70b3d57ed00778cc,11896
device_uplink,1788948553000000000,70b3d57ed00778cc,11897
device_uplink,1788948571000000000,70b3d57ed00778cc,11898
device_uplink,1788948587000000000,70b3d57ed00778cc,11899
device_uplink,1788948603000000000,70b3d57ed00778cc,11900
device_uplink,1788948619000000000,70b3d57ed00778cc,11901
device_uplink,1788948635000000000,70b3d57ed00778cc,11902
device_uplink,1788948651000000000,70b3d57ed00778cc,11903
device_uplink,1788948667000000000,70b3d57ed00778cc,11904
device_uplink,1788948683000000000,70b3d57ed00778cc,11905
device_uplink,1788948701000000000,70b3d57ed00778cc,11906
device_uplink,1788948717000000000,70b3d57ed00778cc,11907
device_uplink,1788948733000000000,70b3d57ed00778cc,11908
device_uplink,1788948749000000000,70b3d57ed00778cc,11909
device_uplink,1788948765000000000,70b3d57ed00778cc,11910
device_uplink,1788948781000000000,70b3d57ed00778cc,11911
device_uplink,1788948782000000000,70b3d57ed0077801,143
device_uplink,1788948797000000000,70b3d57ed00778cc,11912
device_uplink,1788948813000000000,70b3d57ed00778cc,11913
device_uplink,1788948831000000000,70b3d57ed00778cc,11914
device_uplink,1788948847000000000,70b3d57ed00778cc,11915
device_uplink,1788948863000000000,70b3d57ed00778cc,11916
device_uplink,1788948879000000000,70b3d57ed00778cc,11917
device_uplink,1788948895000000000,70b3d57ed00778cc,11918
device_uplink,1788948911000000000,70b3d57ed00778cc,11919
device_uplink,1788948927000000000,70b3d57ed00778cc,11920
device_uplink,1788948943000000000,70b3d57ed00778cc,11921
device_uplink,1788948961000000000,70b3d57ed00778cc,11922
device_uplink,1788948977000000000,70b3d57ed00778cc,11923
device_uplink,1788948993000000000,70b3d57ed00778cc,11924
device_uplink,1788949009000000000,70b3d57ed00778cc,11925
device_uplink,1788949025000000000,70b3d57ed00778cc,11926
device_uplink,1788949041000000000,70b3d57ed00778cc,11927
device_uplink,1788949057000000000,70b3d57ed00778cc,11928
device_uplink,1788949073000000000,70b3d57ed00778cc,11929
device_uplink,1788949091000000000,70b3d57ed00778cc,11930
device_uplink,1788949107000000000,70b3d57ed00778cc,11931
device_uplink,1788949123000000000,70b3d57ed00778cc,11932
device_uplink,1788949139000000000,70b3d57ed00778cc,11933
device_uplink,1788949155000000000,70b3d57ed00778cc,11934
device_uplink,1788949171000000000,70b3d57ed00778cc,11935
device_uplink,1788949187000000000,70b3d57ed00778cc,11936
device_uplink,1788949203000000000,70b3d57ed00778cc,11937
device_uplink,1788949221000000000,70b3d57ed00778cc,11938
device_uplink,1788949237000000000,70b3d57ed00778cc,11939
device_uplink,1788949253000000000,70b3d57ed00778cc,11940
device_uplink,1788949269000000000,70b3d57ed00778cc,11941
device_uplink,1788949285000000000,70b3d57ed00778cc,11942
device_uplink,1788949301000000000,70b3d57ed00778cc,11943
device_uplink,1788949317000000000,70b3d57ed00778cc,11944
device_uplink,1788949335000000000,70b3d57ed00778cc,11945
device_uplink,1788949351000000000,70b3d57ed00778cc,11946
device_uplink,1788949367000000000,70b3d57ed00778cc,11947
device_uplink,1788949383000000000,70b3d57ed00778cc,11948
device_uplink,1788949399000000000,70b3d57ed00778cc,11949
device_uplink,1788949415000000000,70b3d57ed00778cc,11950
device_uplink,1788949431000000000,70b3d57ed00778cc,11951
device_uplink,1788949447000000000,70b3d57ed00778cc,11952
device_uplink,1788949465000000000,70b3d57ed00778cc,11953
device_uplink,1788949481000000000,70b3d57ed00778cc,11954
device_uplink,1788949497000000000,70b3d57ed00778cc,11955
device_uplink,1788949513000000000,70b3d57ed00778cc,11956
device_uplink,1788949529000000000,70b3d57ed00778cc,11957
device_uplink,1788949545000000000,70b3d57ed00778cc,11958
device_uplink,1788949561000000000,70b3d57ed00778cc,11959
device_uplink,1788949577000000000,70b3d57ed00778cc,11960
device_uplink,1788949595000000000,70b3d57ed00778cc,11961
device_uplink,1788949611000000000,70b3d57ed00778cc,11962
device_uplink,1788949627000000000,70b3d57ed00778cc,11963
device_uplink,1788949643000000000,70b3d57ed00778cc,11964
device_uplink,1788949659000000000,70b3d57ed00778cc,11965
device_uplink,1788949675000000000,70b3d57ed00778cc,11966
device_uplink,1788949691000000000,70b3d57ed0077801,144
device_uplink,1788949691000000000,70b3d57ed00778cc,11967
device_uplink,1788949707000000000,70b3d57ed00778cc,11968
device_uplink,1788949725000000000,70b3d57ed00778cc,11969
device_uplink,1788949741000000000,70b3d57ed00778cc,11970
device_uplink,1788949757000000000,70b3d57ed00778cc,11971
device_uplink,1788949773000000000,70b3d57ed00778cc,11972
device_uplink,1788949789000000000,70b3d57ed00778cc,11973
device_uplink,1788949805000000000,70b3d57ed00778cc,11974
device_uplink,1788949821000000000,70b3d57ed00778cc,11975
device_uplink,1788949837000000000,70b3d57ed00778cc,11976
device_uplink,1788949855000000000,70b3d57ed00778cc,11977
device_uplink,1788949871000000000,70b3d57ed00778cc,11978
device_uplink,1788949887000000000,70b3d57ed00778cc,11979
device_uplink,1788949903000000000,70b3d57ed00778cc,11980
device_uplink,1788949919000000000,70b3d57ed00778cc,11981
device_uplink,1788949935000000000,70b3d57ed00778cc,11982
device_uplink,1788949951000000000,70b3d57ed00778cc,11983
device_uplink,1788949967000000000,70b3d57ed00778cc,11984
device_uplink,1788949985000000000,70b3d57ed00778cc,11985
device_uplink,1788950001000000000,70b3d57ed00778cc,11986
device_uplink,1788950017000000000,70b3d57ed00778cc,11987
device_uplink,1788950033000000000,70b3d57ed00778cc,11988
device_uplink,1788950049000000000,70b3d57ed00778cc,11989
device_uplink,1788950065000000000,70b3d57ed00778cc,11990
device_uplink,1788950081000000000,70b3d57ed00778cc,11991
device_uplink,1788950097000000000,70b3d57ed00778cc,11992
device_uplink,1788950115000000000,70b3d57ed00778cc,11993
device_uplink,1788950131000000000,70b3d57ed00778cc,11994
device_uplink,1788950147000000000,70b3d57ed00778cc,11995
device_uplink,1788950163000000000,70b3d57ed00778cc,11996
device_uplink,1788950179000000000,70b3d57ed00778cc,11997
device_uplink,1788950195000000000,70b3d57ed00778cc,11998
device_uplink,1788950211000000000,70b3d57ed00778cc,11999
device_uplink,1788950227000000000,70b3d57ed00778cc,12000
device_uplink,1788950245000000000,70b3d57ed00778cc,12001
device_uplink,1788950261000000000,70b3d57ed00778cc,12002
device_uplink,1788950277000000000,70b3d57ed00778cc,12003
device_uplink,1788950293000000000,70b3d57ed00778cc,12004
device_uplink,1788950309000000000,70b3d57ed00778cc,12005
device_uplink,1788950325000000000,70b3d57ed00778cc,12006
device_uplink,1788950341000000000,70b3d57ed00778cc,12007
device_uplink,1788950357000000000,70b3d57ed00778cc,12008
device_uplink,1788950373000000000,70b3d57ed00778cc,12009
device_uplink,1788950391000000000,70b3d57ed00778cc,12010
device_uplink,1788950407000000000,70b3d57ed00778cc,12011
device_uplink,1788950423000000000,70b3d57ed00778cc,12012
device_uplink,1788950439000000000,70b3d57ed00778cc,12013
device_uplink,1788950455000000000,70b3d57ed00778cc,12014
device_uplink,1788950471000000000,70b3d57ed00778cc,12015
device_uplink,1788950487000000000,70b3d57ed00778cc,12016
device_uplink,1788950503000000000,70b3d57ed00778cc,12017
device_uplink,1788950521000000000,70b3d57ed00778cc,12018
device_uplink,1788950537000000000,70b3d57ed00778cc,12019
device_uplink,1788950553000000000,70b3d57ed00778cc,12020
device_uplink,1788950569000000000,70b3d57ed00778cc,12021
device_uplink,1788950585000000000,70b3d57ed00778cc,12022
device_uplink,1788950599000000000,70b3d57ed0077801,145
device_uplink,1788950601000000000,70b3d57ed00778cc,12023
device_uplink,1788950617000000000,70b3d57ed00778cc,12024
device_uplink,1788950633000000000,70b3d57ed00778cc,12025
device_uplink,1788950651000000000,70b3d57ed00778cc,12026
device_uplink,1788950667000000000,70b3d57ed00778cc,12027
device_uplink,1788950683000000000,70b3d57ed00778cc,12028
device_uplink,1788950699000000000,70b3d57ed00778cc,12029
device_uplink,1788950715000000000,70b3d57ed00778cc,12030
device_uplink,1788950731000000000,70b3d57ed00778cc,12031
device_uplink,1788950749000000000,70b3d57ed00778cc,12032
device_uplink,1788950765000000000,70b3d57ed00778cc,12033
device_uplink,1788950781000000000,70b3d57ed00778cc,12034
device_uplink,1788950797000000000,70b3d57ed00778cc,12035
device_uplink,1788950813000000000,70b3d57ed00778cc,12036
device_uplink,1788950829000000000,70b3d57ed00778cc,12037
device_uplink,1788950845000000000,70b3d57ed00778cc,12038
device_uplink,1788950861000000000,70b3d57ed00778cc,12039
device_uplink,1788950879000000000,70b3d57ed00778cc,12040
device_uplink,1788950895000000000,70b3d57ed00778cc,12041
device_uplink,1788950911000000000,70b3d57ed00778cc,12042
device_uplink,1788950927000000000,70b3d57ed00778cc,12043
device_uplink,1788950943000000000,70b3d57ed00778cc,12044
device_uplink,1788950959000000000,70b3d57ed00778cc,12045
device_uplink,1788950975000000000,70b3d57ed00778cc,12046
device_uplink,1788950991000000000,70b3d57ed00778cc,12047
device_uplink,1788951007000000000,70b3d57ed00778cc,12048
device_uplink,1788951025000000000,70b3d57ed00778cc,12049
device_uplink,1788951041000000000,70b3d57ed00778cc,12050
device_uplink,1788951057000000000,70b3d57ed00778cc,12051
device_uplink,1788951073000000000,70b3d57ed00778cc,12052
device_uplink,1788951089000000000,70b3d57ed00778cc,12053
device_uplink,1788951105000000000,70b3d57ed00778cc,12054
device_uplink,1788951121000000000,70b3d57ed00778cc,12055
device_uplink,1788951137000000000,70b3d57ed00778cc,12056
device_uplink,1788951153000000000,70b3d57ed00778cc,12057
device_uplink,1788951171000000000,70b3d57ed00778cc,12058
device_uplink,1788951187000000000,70b3d57ed00778cc,12059
device_uplink,1788951203000000000,70b3d57ed00778cc,12060
device_uplink,1788951219000000000,70b3d57ed00778cc,12061
device_uplink,1788951235000000000,70b3d57ed00778cc,12062
device_uplink,1788951251000000000,70b3d57ed00778cc,12063
device_uplink,1788951269000000000,70b3d57ed00778cc,12064
device_uplink,1788951285000000000,70b3d57ed00778cc,12065
device_uplink,1788951301000000000,70b3d57ed00778cc,12066
device_uplink,1788951317000000000,70b3d57ed00778cc,12067
device_uplink,1788951333000000000,70b3d57ed00778cc,12068
device_uplink,1788951349000000000,70b3d57ed00778cc,12069
device_uplink,1788951365000000000,70b3d57ed00778cc,12070
device_uplink,1788951381000000000,70b3d57ed00778cc,12071
device_uplink,1788951399000000000,70b3d57ed00778cc,12072
device_uplink,1788951415000000000,70b3d57ed00778cc,12073
device_uplink,1788951431000000000,70b3d57ed00778cc,12074
device_uplink,1788951447000000000,70b3d57ed00778cc,12075
device_uplink,1788951463000000000,70b3d57ed00778cc,12076
device_uplink,1788951481000000000,70b3d57ed00778cc,12077
device_uplink,1788951497000000000,70b3d57ed00778cc,12078
device_uplink,1788951507000000000,70b3d57ed0077801,146
device_uplink,1788951513000000000,70b3d57ed00778cc,12079
device_uplink,1788951529000000000,70b3d57ed00778cc,12080
device_uplink,1788951545000000000,70b3d57ed00778cc,12081
device_uplink,1788951561000000000,70b3d57ed00778cc,12082
device_uplink,1788951577000000000,70b3d57ed00778cc,12083
device_uplink,1788951595000000000,70b3d57ed00778cc,12084
device_uplink,1788951611000000000,70b3d57ed00778cc,12085
device_uplink,1788951627000000000,70b3d57ed00778cc,12086
device_uplink,1788951643000000000,70b3d57ed00778cc,12087
device_uplink,1788951659000000000,70b3d57ed00778cc,12088
device_uplink,1788951675000000000,70b3d57ed00778cc,12089
device_uplink,1788951691000000000,70b3d57ed00778cc,12090
device_uplink,1788951709000000000,70b3d57ed00778cc,12091
device_uplink,1788951725000000000,70b3d57ed00778cc,12092
device_uplink,1788951741000000000,70b3d57ed00778cc,12093
device_uplink,1788951757000000000,70b3d57ed00778cc,12094
device_uplink,1788951773000000000,70b3d57ed00778cc,12095
device_uplink,1788951789000000000,70b3d57ed00778cc,12096
device_uplink,1788951805000000000,70b3d57ed00778cc,12097
device_uplink,1788951821000000000,70b3d57ed00778cc,12098
device_uplink,1788951839000000000,70b3d57ed00778cc,12099
device_uplink,1788951855000000000,70b3d57ed00778cc,12100
device_uplink,1788951871000000000,70b3d57ed00778cc,12101
device_uplink,1788951887000000000,70b3d57ed00778cc,12102
device_uplink,1788951903000000000,70b3d57ed00778cc,12103
device_uplink,1788951919000000000,70b3d57ed00778cc,12104
device_uplink,1788951935000000000,70b3d57ed00778cc,12105
device_uplink,1788951951000000000,70b3d57ed00778cc,12106
device_uplink,1788951969000000000,70b3d57ed00778cc,12107
device_uplink,1788951985000000000,70b3d57ed00778cc,12108
device_uplink,1788952001000000000,70b3d57ed00778cc,12109
device_uplink,1788952017000000000,70b3d57ed00778cc,12110
device_uplink,1788952033000000000,70b3d57ed00778cc,12111
device_uplink,1788952049000000000,70b3d57ed00778cc,12112
device_uplink,1788952065000000000,70b3d57ed00778cc,12113
device_uplink,1788952081000000000,70b3d57ed00778cc,12114
device_uplink,1788952099000000000,70b3d57ed00778cc,12115
device_uplink,1788952115000000000,70b3d57ed00778cc,12116
device_uplink,1788952131000000000,70b3d57ed00778cc,12117
device_uplink,1788952147000000000,70b3d57ed00778cc,12118
device_uplink,1788952163000000000,70b3d57ed00778cc,12119
device_uplink,1788952179000000000,70b3d57ed00778cc,12120
device_uplink,1788952195000000000,70b3d57ed00778cc,12121
device_uplink,1788952211000000000,70b3d57ed00778cc,12122
device_uplink,1788952229000000000,70b3d57ed00778cc,12123
device_uplink,1788952245000000000,70b3d57ed00778cc,12124
device_uplink,1788952261000000000,70b3d57ed00778cc,12125
device_uplink,1788952277000000000,70b3d57ed00778cc,12126
device_uplink,1788952293000000000,70b3d57ed00778cc,12127
device_uplink,1788952309000000000,70b3d57ed00778cc,12128
device_uplink,1788952325000000000,70b3d57ed00778cc,12129
device_uplink,1788952341000000000,70b3d57ed00778cc,12130
device_uplink,1788952359000000000,70b3d57ed00778cc,12131
device_uplink,1788952375000000000,70b3d57ed00778cc,12132
device_uplink,1788952391000000000,70b3d57ed00778cc,12133
device_uplink,1788952407000000000,70b3d57ed00778cc,12134
device_uplink,1788952416000000000,70b3d57ed0077801,147
device_uplink,1788952423000000000,70b3d57ed00778cc,12135
device_uplink,1788952439000000000,70b3d57ed00778cc,12136
device_uplink,1788952455000000000,70b3d57ed00778cc,12137
device_uplink,1788952471000000000,70b3d57ed00778cc,12138
device_uplink,1788952487000000000,70b3d57ed00778cc,12139
device_uplink,1788952505000000000,70b3d57ed00778cc,12140
device_uplink,1788952521000000000,70b3d57ed00778cc,12141
device_uplink,1788952537000000000,70b3d57ed00778cc,12142
device_uplink,1788952553000000000,70b3d57ed00778cc,12143
device_uplink,1788952569000000000,70b3d57ed00778cc,12144
device_uplink,1788952585000000000,70b3d57ed00778cc,12145
device_uplink,1788952603000000000,70b3d57ed00778cc,12146
device_uplink,1788952619000000000,70b3d57ed00778cc,12147
device_uplink,1788952635000000000,70b3d57ed00778cc,12148
device_uplink,1788952651000000000,70b3d57ed00778cc,12149
device_uplink,1788952667000000000,70b3d57ed00778cc,12150
device_uplink,1788952683000000000,70b3d57ed00778cc,12151
device_uplink,1788952699000000000,70b3d57ed00778cc,12152
device_uplink,1788952715000000000,70b3d57ed00778cc,12153
device_uplink,1788952733000000000,70b3d57ed00778cc,12154
device_uplink,1788952749000000000,70b3d57ed00778cc,12155
device_uplink,1788952765000000000,70b3d57ed00778cc,12156
device_uplink,1788952781000000000,70b3d57ed00778cc,12157
device_uplink,1788952797000000000,70b3d57ed00778cc,12158
device_uplink,1788952813000000000,70b3d57ed00778cc,12159
device_uplink,1788952829000000000,70b3d57ed00778cc,12160
device_uplink,1788952845000000000,70b3d57ed00778cc,12161
device_uplink,1788952863000000000,70b3d57ed00778cc,12162
device_uplink,1788952879000000000,70b3d57ed00778cc,12163
device_uplink,1788952895000000000,70b3d57ed00778cc,12164
device_uplink,1788952911000000000,70b3d57ed00778cc,12165
device_uplink,1788952927000000000,70b3d57ed00778cc,12166
device_uplink,1788952943000000000,70b3d57ed00778cc,12167
device_uplink,1788952959000000000,70b3d57ed00778cc,12168
device_uplink,1788952975000000000,70b3d57ed00778cc,12169
device_uplink,1788952993000000000,70b3d57ed00778cc,12170
device_uplink,1788953009000000000,70b3d57ed00778cc,12171
device_uplink,1788953025000000000,70b3d57ed00778cc,12172
device_uplink,1788953041000000000,70b3d57ed00778cc,12173
device_uplink,1788953057000000000,70b3d57ed00778cc,12174
device_uplink,1788953073000000000,70b3d57ed00778cc,12175
device_uplink,1788953089000000000,70b3d57ed00778cc,12176
device_uplink,1788953105000000000,70b3d57ed00778cc,12177
device_uplink,1788953123000000000,70b3d57ed00778cc,12178
device_uplink,1788953139000000000,70b3d57ed00778cc,12179
device_uplink,1788953155000000000,70b3d57ed00778cc,12180
device_uplink,1788953171000000000,70b3d57ed00778cc,12181
device_uplink,1788953187000000000,70b3d57ed00778cc,12182
device_uplink,1788953203000000000,70b3d57ed00778cc,12183
device_uplink,1788953219000000000,70b3d57ed00778cc,12184
device_uplink,1788953235000000000,70b3d57ed00778cc,12185
device_uplink,1788953253000000000,70b3d57ed00778cc,12186
device_uplink,1788953269000000000,70b3d57ed00778cc,12187
device_uplink,1788953285000000000,70b3d57ed00778cc,12188
device_uplink,1788953301000000000,70b3d57ed00778cc,12189
device_uplink,1788953317000000000,70b3d57ed00778cc,12190
device_uplink,1788953324000000000,70b3d57ed0077801,148
device_uplink,1788953333000000000,70b3d57ed00778cc,12191
device_uplink,1788953349000000000,70b3d57ed00778cc,12192
device_uplink,1788953365000000000,70b3d57ed00778cc,12193
device_uplink,1788953383000000000,70b3d57ed00778cc,12194
device_uplink,1788953399000000000,70b3d57ed00778cc,12195
device_uplink,1788953415000000000,70b3d57ed00778cc,12196
device_uplink,1788953431000000000,70b3d57ed00778cc,12197
device_uplink,1788953447000000000,70b3d57ed00778cc,12198
device_uplink,1788953463000000000,70b3d57ed00778cc,12199
device_uplink,1788953479000000000,70b3d57ed00778cc,12200
device_uplink,1788953495000000000,70b3d57ed00778cc,12201
device_uplink,1788953513000000000,70b3d57ed00778cc,12202
device_uplink,1788953529000000000,70b3d57ed00778cc,12203
device_uplink,1788953545000000000,70b3d57ed00778cc,12204
device_uplink,1788953561000000000,70b3d57ed00778cc,12205
device_uplink,1788953577000000000,70b3d57ed00778cc,12206
device_uplink,1788953593000000000,70b3d57ed00778cc,12207
device_uplink,1788953609000000000,70b3d57ed00778cc,12208
device_uplink,1788953625000000000,70b3d57ed00778cc,12209
device_uplink,1788953643000000000,70b3d57ed00778cc,12210
device_uplink,1788953659000000000,70b3d57ed00778cc,12211
device_uplink,1788953675000000000,70b3d57ed00778cc,12212
device_uplink,1788953691000000000,70b3d57ed00778cc,12213
device_uplink,1788953707000000000,70b3d57ed00778cc,12214
device_uplink,1788953723000000000,70b3d57ed00778cc,12215
device_uplink,1788953739000000000,70b3d57ed00778cc,12216
device_uplink,1788953755000000000,70b3d57ed00778cc,12217
device_uplink,1788953773000000000,70b3d57ed00778cc,12218
device_uplink,1788953789000000000,70b3d57ed00778cc,12219
device_uplink,1788953805000000000,70b3d57ed00778cc,12220
device_uplink,1788953821000000000,70b3d57ed00778cc,12221
device_uplink,1788953837000000000,70b3d57ed00778cc,12222
device_uplink,1788953853000000000,70b3d57ed00778cc,12223
device_uplink,1788953869000000000,70b3d57ed00778cc,12224
device_uplink,1788953885000000000,70b3d57ed00778cc,12225
device_uplink,1788953903000000000,70b3d57ed00778cc,12226
device_uplink,1788953919000000000,70b3d57ed00778cc,12227
device_uplink,1788953935000000000,70b3d57ed00778cc,12228
device_uplink,1788953951000000000,70b3d57ed00778cc,12229
device_uplink,1788953967000000000,70b3d57ed00778cc,12230
device_uplink,1788953983000000000,70b3d57ed00778cc,12231
device_uplink,1788953999000000000,70b3d57ed00778cc,12232
device_uplink,1788954015000000000,70b3d57ed00778cc,12233
device_uplink,1788954033000000000,70b3d57ed00778cc,12234
device_uplink,1788954049000000000,70b3d57ed00778cc,12235
device_uplink,1788954065000000000,70b3d57ed00778cc,12236
device_uplink,1788954081000000000,70b3d57ed00778cc,12237
device_uplink,1788954097000000000,70b3d57ed00778cc,12238
device_uplink,1788954113000000000,70b3d57ed00778cc,12239
device_uplink,1788954129000000000,70b3d57ed00778cc,12240
device_uplink,1788954145000000000,70b3d57ed00778cc,12241
device_uplink,1788954163000000000,70b3d57ed00778cc,12242
device_uplink,1788954179000000000,70b3d57ed00778cc,12243
device_uplink,1788954195000000000,70b3d57ed00778cc,12244
device_uplink,1788954211000000000,70b3d57ed00778cc,12245
device_uplink,1788954227000000000,70b3d57ed00778cc,12246
device_uplink,1788954233000000000,70b3d57ed0077801,149
device_uplink,1788954243000000000,70b3d57ed00778cc,12247
device_uplink,1788954259000000000,70b3d57ed00778cc,12248
device_uplink,1788954275000000000,70b3d57ed00778cc,12249
device_uplink,1788954293000000000,70b3d57ed00778cc,12250
device_uplink,1788954309000000000,70b3d57ed00778cc,12251
device_uplink,1788954325000000000,70b3d57ed00778cc,12252
device_uplink,1788954341000000000,70b3d57ed00778cc,12253
device_uplink,1788954357000000000,70b3d57ed00778cc,12254
device_uplink,1788954373000000000,70b3d57ed00778cc,12255
device_uplink,1788954389000000000,70b3d57ed00778cc,12256
device_uplink,1788954405000000000,70b3d57ed00778cc,12257
device_uplink,1788954423000000000,70b3d57ed00778cc,12258
device_uplink,1788954439000000000,70b3d57ed00778cc,12259
device_uplink,1788954455000000000,70b3d57ed00778cc,12260
device_uplink,1788954471000000000,70b3d57ed00778cc,12261
device_uplink,1788954487000000000,70b3d57ed00778cc,12262
device_uplink,1788954503000000000,70b3d57ed00778cc,12263
device_uplink,1788954519000000000,70b3d57ed00778cc,12264
device_uplink,1788954535000000000,70b3d57ed00778cc,12265
device_uplink,1788954553000000000,70b3d57ed00778cc,12266
device_uplink,1788954569000000000,70b3d57ed00778cc,12267
device_uplink,1788954585000000000,70b3d57ed00778cc,12268
device_uplink,1788954601000000000,70b3d57ed00778cc,12269
device_uplink,1788954617000000000,70b3d57ed00778cc,12270
device_uplink,1788954633000000000,70b3d57ed00778cc,12271
device_uplink,1788954649000000000,70b3d57ed00778cc,12272
device_uplink,1788954665000000000,70b3d57ed00778cc,12273
device_uplink,1788954681000000000,70b3d57ed00778cc,12274
device_uplink,1788954699000000000,70b3d57ed00778cc,12275
device_uplink,1788954715000000000,70b3d57ed00778cc,12276
device_uplink,1788954731000000000,70b3d57ed00778cc,12277
device_uplink,1788954747000000000,70b3d57ed00778cc,12278
device_uplink,1788954763000000000,70b3d57ed00778cc,12279
device_uplink,1788954779000000000,70b3d57ed00778cc,12280
device_uplink,1788954795000000000,70b3d57ed00778cc,12281
device_uplink,1788954811000000000,70b3d57ed00778cc,12282
device_uplink,1788954829000000000,70b3d57ed00778cc,12283
device_uplink,1788954845000000000,70b3d57ed00778cc,12284
device_uplink,1788954861000000000,70b3d57ed00778cc,12285
device_uplink,1788954877000000000,70b3d57ed00778cc,12286
device_uplink,1788954893000000000,70b3d57ed00778cc,12287
device_uplink,1788954909000000000,70b3d57ed00778cc,12288
device_uplink,1788954925000000000,70b3d57ed00778cc,12289
device_uplink,1788954941000000000,70b3d57ed00778cc,12290
device_uplink,1788954957000000000,70b3d57ed00778cc,12291
device_uplink,1788954975000000000,70b3d57ed00778cc,12292
device_uplink,1788954991000000000,70b3d57ed00778cc,12293
device_uplink,1788955007000000000,70b3d57ed00778cc,12294
device_uplink,1788955023000000000,70b3d57ed00778cc,12295
device_uplink,1788955039000000000,70b3d57ed00778cc,12296
device_uplink,1788955055000000000,70b3d57ed00778cc,12297
device_uplink,1788955073000000000,70b3d57ed00778cc,12298
device_uplink,1788955089000000000,70b3d57ed00778cc,12299
device_uplink,1788955105000000000,70b3d57ed00778cc,12300
device_uplink,1788955121000000000,70b3d57ed00778cc,12301
device_uplink,1788955137000000000,70b3d57ed00778cc,12302
device_uplink,1788955141000000000,70b3d57ed0077801,150
device_uplink,1788955153000000000,70b3d57ed00778cc,12303
device_uplink,1788955169000000000,70b3d57ed00778cc,12304
device_uplink,1788955185000000000,70b3d57ed00778cc,12305
device_uplink,1788955203000000000,70b3d57ed00778cc,12306
device_uplink,1788955219000000000,70b3d57ed00778cc,12307
device_uplink,1788955235000000000,70b3d57ed00778cc,12308
device_uplink,1788955251000000000,70b3d57ed00778cc,12309
device_uplink,1788955267000000000,70b3d57ed00778cc,12310
device_uplink,1788955283000000000,70b3d57ed00778cc,12311
device_uplink,1788955299000000000,70b3d57ed00778cc,12312
device_uplink,1788955315000000000,70b3d57ed00778cc,12313
device_uplink,1788955333000000000,70b3d57ed00778cc,12314
device_uplink,1788955349000000000,70b3d57ed00778cc,12315
device_uplink,1788955365000000000,70b3d57ed00778cc,12316
device_uplink,1788955381000000000,70b3d57ed00778cc,12317
device_uplink,1788955397000000000,70b3d57ed00778cc,12318
device_uplink,1788955413000000000,70b3d57ed00778cc,12319
device_uplink,1788955429000000000,70b3d57ed00778cc,12320
device_uplink,1788955445000000000,70b3d57ed00778cc,12321
device_uplink,1788955461000000000,70b3d57ed00778cc,12322
device_uplink,1788955479000000000,70b3d57ed00778cc,12323
device_uplink,1788955495000000000,70b3d57ed00778cc,12324
device_uplink,1788955511000000000,70b3d57ed00778cc,12325
device_uplink,1788955527000000000,70b3d57ed00778cc,12326
device_uplink,1788955543000000000,70b3d57ed00778cc,12327
device_uplink,1788955559000000000,70b3d57ed00778cc,12328
device_uplink,1788955575000000000,70b3d57ed00778cc,12329
device_uplink,1788955591000000000,70b3d57ed00778cc,12330
device_uplink,1788955609000000000,70b3d57ed00778cc,12331
device_uplink,1788955625000000000,70b3d57ed00778cc,12332
device_uplink,1788955641000000000,70b3d57ed00778cc,12333
device_uplink,1788955657000000000,70b3d57ed00778cc,12334
device_uplink,1788955673000000000,70b3d57ed00778cc,12335
device_uplink,1788955689000000000,70b3d57ed00778cc,12336
device_uplink,1788955705000000000,70b3d57ed00778cc,12337
device_uplink,1788955721000000000,70b3d57ed00778cc,12338
device_uplink,1788955737000000000,70b3d57ed00778cc,12339
device_uplink,1788955755000000000,70b3d57ed00778cc,12340
device_uplink,1788955771000000000,70b3d57ed00778cc,12341
device_uplink,1788955787000000000,70b3d57ed00778cc,12342
device_uplink,1788955803000000000,70b3d57ed00778cc,12343
device_uplink,1788955819000000000,70b3d57ed00778cc,12344
device_uplink,1788955835000000000,70b3d57ed00778cc,12345
device_uplink,1788955853000000000,70b3d57ed00778cc,12346
device_uplink,1788955869000000000,70b3d57ed00778cc,12347
device_uplink,1788955885000000000,70b3d57ed00778cc,12348
device_uplink,1788955901000000000,70b3d57ed00778cc,12349
device_uplink,1788955917000000000,70b3d57ed00778cc,12350
device_uplink,1788955933000000000,70b3d57ed00778cc,12351
device_uplink,1788955949000000000,70b3d57ed00778cc,12352
device_uplink,1788955965000000000,70b3d57ed00778cc,12353
device_uplink,1788955983000000000,70b3d57ed00778cc,12354
device_uplink,1788955999000000000,70b3d57ed00778cc,12355
device_uplink,1788956015000000000,70b3d57ed00778cc,12356
device_uplink,1788956031000000000,70b3d57ed00778cc,12357
device_uplink,1788956047000000000,70b3d57ed00778cc,12358
device_uplink,1788956050000000000,70b3d57ed0077801,151
device_uplink,1788956063000000000,70b3d57ed00778cc,12359
device_uplink,1788956079000000000,70b3d57ed00778cc,12360
device_uplink,1788956095000000000,70b3d57ed00778cc,12361
device_uplink,1788956113000000000,70b3d57ed00778cc,12362
device_uplink,1788956129000000000,70b3d57ed00778cc,12363
device_uplink,1788956145000000000,70b3d57ed00778cc,12364
device_uplink,1788956161000000000,70b3d57ed00778cc,12365
device_uplink,1788956177000000000,70b3d57ed00778cc,12366
device_uplink,1788956193000000000,70b3d57ed00778cc,12367
device_uplink,1788956209000000000,70b3d57ed00778cc,12368
device_uplink,1788956225000000000,70b3d57ed00778cc,12369
device_uplink,1788956243000000000,70b3d57ed00778cc,12370
device_uplink,1788956259000000000,70b3d57ed00778cc,12371
device_uplink,1788956275000000000,70b3d57ed00778cc,12372
device_uplink,1788956291000000000,70b3d57ed00778cc,12373
device_uplink,1788956307000000000,70b3d57ed00778cc,12374
device_uplink,1788956323000000000,70b3d57ed00778cc,12375
device_uplink,1788956339000000000,70b3d57ed00778cc,12376
device_uplink,1788956355000000000,70b3d57ed00778cc,12377
device_uplink,1788956373000000000,70b3d57ed00778cc,12378
device_uplink,1788956389000000000,70b3d57ed00778cc,12379
device_uplink,1788956405000000000,70b3d57ed00778cc,12380
device_uplink,1788956421000000000,70b3d57ed00778cc,12381
device_uplink,1788956437000000000,70b3d57ed00778cc,12382
device_uplink,1788956453000000000,70b3d57ed00778cc,12383
device_uplink,1788956469000000000,70b3d57ed00778cc,12384
device_uplink,1788956485000000000,70b3d57ed00778cc,12385
device_uplink,1788956503000000000,70b3d57ed00778cc,12386
device_uplink,1788956519000000000,70b3d57ed00778cc,12387
device_uplink,1788956535000000000,70b3d57ed00778cc,12388
device_uplink,1788956551000000000,70b3d57ed00778cc,12389
device_uplink,1788956567000000000,70b3d57ed00778cc,12390
device_uplink,1788956583000000000,70b3d57ed00778cc,12391
device_uplink,1788956601000000000,70b3d57ed00778cc,12392
device_uplink,1788956617000000000,70b3d57ed00778cc,12393
device_uplink,1788956633000000000,70b3d57ed00778cc,12394
device_uplink,1788956649000000000,70b3d57ed00778cc,12395
device_uplink,1788956665000000000,70b3d57ed00778cc,12396
device_uplink,1788956681000000000,70b3d57ed00778cc,12397
device_uplink,1788956697000000000,70b3d57ed00778cc,12398
device_uplink,1788956713000000000,70b3d57ed00778cc,12399
device_uplink,1788956731000000000,70b3d57ed00778cc,12400
device_uplink,1788956747000000000,70b3d57ed00778cc,12401
device_uplink,1788956763000000000,70b3d57ed00778cc,12402
device_uplink,1788956779000000000,70b3d57ed00778cc,12403
device_uplink,1788956795000000000,70b3d57ed00778cc,12404
device_uplink,1788956811000000000,70b3d57ed00778cc,12405
device_uplink,1788956827000000000,70b3d57ed00778cc,12406
device_uplink,1788956843000000000,70b3d57ed00778cc,12407
device_uplink,1788956861000000000,70b3d57ed00778cc,12408
device_uplink,1788956877000000000,70b3d57ed00778cc,12409
device_uplink,1788956893000000000,70b3d57ed00778cc,12410
device_uplink,1788956909000000000,70b3d57ed00778cc,12411
device_uplink,1788956925000000000,70b3d57ed00778cc,12412
device_uplink,1788956941000000000,70b3d57ed00778cc,12413
device_uplink,1788956957000000000,70b3d57ed00778cc,12414
device_uplink,1788956958000000000,70b3d57ed0077801,152
device_uplink,1788956973000000000,70b3d57ed00778cc,12415
device_uplink,1788956991000000000,70b3d57ed00778cc,12416
device_uplink,1788957007000000000,70b3d57ed00778cc,12417
device_uplink,1788957023000000000,70b3d57ed00778cc,12418
device_uplink,1788957039000000000,70b3d57ed00778cc,12419
device_uplink,1788957055000000000,70b3d57ed00778cc,12420
device_uplink,1788957071000000000,70b3d57ed00778cc,12421
device_uplink,1788957089000000000,70b3d57ed00778cc,12422
device_uplink,1788957105000000000,70b3d57ed00778cc,12423
device_uplink,1788957121000000000,70b3d57ed00778cc,12424
device_uplink,1788957137000000000,70b3d57ed00778cc,12425
device_uplink,1788957153000000000,70b3d57ed00778cc,12426
device_uplink,1788957169000000000,70b3d57ed00778cc,12427
device_uplink,1788957185000000000,70b3d57ed00778cc,12428
device_uplink,1788957201000000000,70b3d57ed00778cc,12429
device_uplink,1788957219000000000,70b3d57ed00778cc,12430
device_uplink,1788957235000000000,70b3d57ed00778cc,12431
device_uplink,1788957251000000000,70b3d57ed00778cc,12432
device_uplink,1788957267000000000,70b3d57ed00778cc,12433
device_uplink,1788957283000000000,70b3d57ed00778cc,12434
device_uplink,1788957299000000000,70b3d57ed00778cc,12435
device_uplink,1788957315000000000,70b3d57ed00778cc,12436
device_uplink,1788957331000000000,70b3d57ed00778cc,12437
device_uplink,1788957349000000000,70b3d57ed00778cc,12438
device_uplink,1788957365000000000,70b3d57ed00778cc,12439
device_uplink,1788957381000000000,70b3d57ed00778cc,12440
device_uplink,1788957397000000000,70b3d57ed00778cc,12441
device_uplink,1788957413000000000,70b3d57ed00778cc,12442
device_uplink,1788957429000000000,70b3d57ed00778cc,12443
device_uplink,1788957445000000000,70b3d57ed00778cc,12444
device_uplink,1788957461000000000,70b3d57ed00778cc,12445
device_uplink,1788957479000000000,70b3d57ed00778cc,12446
device_uplink,1788957495000000000,70b3d57ed00778cc,12447
device_uplink,1788957511000000000,70b3d57ed00778cc,12448
device_uplink,1788957527000000000,70b3d57ed00778cc,12449
device_uplink,1788957543000000000,70b3d57ed00778cc,12450
device_uplink,1788957559000000000,70b3d57ed00778cc,12451
device_uplink,1788957575000000000,70b3d57ed00778cc,12452
device_uplink,1788957591000000000,70b3d57ed00778cc,12453
device_uplink,1788957609000000000,70b3d57ed00778cc,12454
device_uplink,1788957625000000000,70b3d57ed00778cc,12455
device_uplink,1788957641000000000,70b3d57ed00778cc,12456
device_uplink,1788957657000000000,70b3d57ed00778cc,12457
device_uplink,1788957673000000000,70b3d57ed00778cc,12458
device_uplink,1788957689000000000,70b3d57ed00778cc,12459
device_uplink,1788957705000000000,70b3d57ed00778cc,12460
device_uplink,1788957721000000000,70b3d57ed00778cc,12461
device_uplink,1788957739000000000,70b3d57ed00778cc,12462
device_uplink,1788957755000000000,70b3d57ed00778cc,12463
device_uplink,1788957771000000000,70b3d57ed00778cc,12464
device_uplink,1788957787000000000,70b3d57ed00778cc,12465
device_uplink,1788957803000000000,70b3d57ed00778cc,12466
device_uplink,1788957819000000000,70b3d57ed00778cc,12467
device_uplink,1788957835000000000,70b3d57ed00778cc,12468
device_uplink,1788957851000000000,70b3d57ed00778cc,12469
device_uplink,1788957866000000000,70b3d57ed0077801,153
device_uplink,1788957869000000000,70b3d57ed00778cc,12470
device_uplink,1788957885000000000,70b3d57ed00778cc,12471
device_uplink,1788957901000000000,70b3d57ed00778cc,12472
device_uplink,1788957917000000000,70b3d57ed00778cc,12473
device_uplink,1788957933000000000,70b3d57ed00778cc,12474
device_uplink,1788957949000000000,70b3d57ed00778cc,12475
device_uplink,1788957965000000000,70b3d57ed00778cc,12476
device_uplink,1788957981000000000,70b3d57ed00778cc,12477
device_uplink,1788957999000000000,70b3d57ed00778cc,12478
device_uplink,1788958015000000000,70b3d57ed00778cc,12479
device_uplink,1788958031000000000,70b3d57ed00778cc,12480
device_uplink,1788958047000000000,70b3d57ed00778cc,12481
device_uplink,1788958063000000000,70b3d57ed00778cc,12482
device_uplink,1788958079000000000,70b3d57ed00778cc,12483
device_uplink,1788958095000000000,70b3d57ed00778cc,12484
device_uplink,1788958111000000000,70b3d57ed00778cc,12485
device_uplink,1788958129000000000,70b3d57ed00778cc,12486
device_uplink,1788958145000000000,70b3d57ed00778cc,12487
device_uplink,1788958161000000000,70b3d57ed00778cc,12488
device_uplink,1788958177000000000,70b3d57ed00778cc,12489
device_uplink,1788958193000000000,70b3d57ed00778cc,12490
device_uplink,1788958209000000000,70b3d57ed00778cc,12491
device_uplink,1788958227000000000,70b3d57ed00778cc,12492
device_uplink,1788958243000000000,70b3d57ed00778cc,12493
device_uplink,1788958259000000000,70b3d57ed00778cc,12494
device_uplink,1788958275000000000,70b3d57ed00778cc,12495
device_uplink,1788958291000000000,70b3d57ed00778cc,12496
device_uplink,1788958307000000000,70b3d57ed00778cc,12497
device_uplink,1788958323000000000,70b3d57ed00778cc,12498
device_uplink,1788958339000000000,70b3d57ed00778cc,12499
device_uplink,1788958357000000000,70b3d57ed00778cc,12500
device_uplink,1788958373000000000,70b3d57ed00778cc,12501
device_uplink,1788958389000000000,70b3d57ed00778cc,12502
device_uplink,1788958405000000000,70b3d57ed00778cc,12503
device_uplink,1788958421000000000,70b3d57ed00778cc,12504
device_uplink,1788958439000000000,70b3d57ed00778cc,12505
device_uplink,1788958455000000000,70b3d57ed00778cc,12506
device_uplink,1788958471000000000,70b3d57ed00778cc,12507
device_uplink,1788958487000000000,70b3d57ed00778cc,12508
device_uplink,1788958503000000000,70b3d57ed00778cc,12509
device_uplink,1788958519000000000,70b3d57ed00778cc,12510
device_uplink,1788958535000000000,70b3d57ed00778cc,12511
device_uplink,1788958551000000000,70b3d57ed00778cc,12512
device_uplink,1788958569000000000,70b3d57ed00778cc,12513
device_uplink,1788958585000000000,70b3d57ed00778cc,12514
device_uplink,1788958601000000000,70b3d57ed00778cc,12515
device_uplink,1788958617000000000,70b3d57ed00778cc,12516
device_uplink,1788958633000000000,70b3d57ed00778cc,12517
device_uplink,1788958649000000000,70b3d57ed00778cc,12518
device_uplink,1788958665000000000,70b3d57ed00778cc,12519
device_uplink,1788958681000000000,70b3d57ed00778cc,12520
device_uplink,1788958697000000000,70b3d57ed00778cc,12521
device_uplink,1788958715000000000,70b3d57ed00778cc,12522
device_uplink,1788958731000000000,70b3d57ed00778cc,12523
device_uplink,1788958747000000000,70b3d57ed00778cc,12524
device_uplink,1788958763000000000,70b3d57ed00778cc,12525
device_uplink,1788958775000000000,70b3d57ed0077801,154
device_uplink,1788958779000000000,70b3d57ed00778cc,12526
device_uplink,1788958795000000000,70b3d57ed00778cc,12527
device_uplink,1788958811000000000,70b3d57ed00778cc,12528
device_uplink,1788958827000000000,70b3d57ed00778cc,12529
device_uplink,1788958845000000000,70b3d57ed00778cc,12530
device_uplink,1788958861000000000,70b3d57ed00778cc,12531
device_uplink,1788958877000000000,70b3d57ed00778cc,12532
device_uplink,1788958893000000000,70b3d57ed00778cc,12533
device_uplink,1788958909000000000,70b3d57ed00778cc,12534
device_uplink,1788958925000000000,70b3d57ed00778cc,12535
device_uplink,1788958941000000000,70b3d57ed00778cc,12536
device_uplink,1788958957000000000,70b3d57ed00778cc,12537
device_uplink,1788958975000000000,70b3d57ed00778cc,12538
device_uplink,1788958991000000000,70b3d57ed00778cc,12539
device_uplink,1788959007000000000,70b3d57ed00778cc,12540
device_uplink,1788959023000000000,70b3d57ed00778cc,12541
device_uplink,1788959039000000000,70b3d57ed00778cc,12542
device_uplink,1788959055000000000,70b3d57ed00778cc,12543
device_uplink,1788959071000000000,70b3d57ed00778cc,12544
device_uplink,1788959089000000000,70b3d57ed00778cc,12545
device_uplink,1788959105000000000,70b3d57ed00778cc,12546
device_uplink,1788959121000000000,70b3d57ed00778cc,12547
device_uplink,1788959137000000000,70b3d57ed00778cc,12548
device_uplink,1788959153000000000,70b3d57ed00778cc,12549
device_uplink,1788959169000000000,70b3d57ed00778cc,12550
device_uplink,1788959185000000000,70b3d57ed00778cc,12551
device_uplink,1788959201000000000,70b3d57ed00778cc,12552
device_uplink,1788959219000000000,70b3d57ed00778cc,12553
device_uplink,1788959235000000000,70b3d57ed00778cc,12554
device_uplink,1788959251000000000,70b3d57ed00778cc,12555
device_uplink,1788959267000000000,70b3d57ed00778cc,12556
device_uplink,1788959283000000000,70b3d57ed00778cc,12557
device_uplink,1788959299000000000,70b3d57ed00778cc,12558
device_uplink,1788959315000000000,70b3d57ed00778cc,12559
device_uplink,1788959331000000000,70b3d57ed00778cc,12560
device_uplink,1788959347000000000,70b3d57ed00778cc,12561
device_uplink,1788959365000000000,70b3d57ed00778cc,12562
device_uplink,1788959381000000000,70b3d57ed00778cc,12563
device_uplink,1788959397000000000,70b3d57ed00778cc,12564
device_uplink,1788959413000000000,70b3d57ed00778cc,12565
device_uplink,1788959429000000000,70b3d57ed00778cc,12566
device_uplink,1788959445000000000,70b3d57ed00778cc,12567
device_uplink,1788959461000000000,70b3d57ed00778cc,12568
device_uplink,1788959477000000000,70b3d57ed00778cc,12569
device_uplink,1788959495000000000,70b3d57ed00778cc,12570
device_uplink,1788959511000000000,70b3d57ed00778cc,12571
device_uplink,1788959527000000000,70b3d57ed00778cc,12572
device_uplink,1788959543000000000,70b3d57ed00778cc,12573
device_uplink,1788959559000000000,70b3d57ed00778cc,12574
device_uplink,1788959575000000000,70b3d57ed00778cc,12575
device_uplink,1788959593000000000,70b3d57ed00778cc,12576
device_uplink,1788959609000000000,70b3d57ed00778cc,12577
device_uplink,1788959625000000000,70b3d57ed00778cc,12578
device_uplink,1788959641000000000,70b3d57ed00778cc,12579
device_uplink,1788959657000000000,70b3d57ed00778cc,12580
device_uplink,1788959673000000000,70b3d57ed00778cc,12581
device_uplink,1788959683000000000,70b3d57ed0077801,155
device_uplink,1788959689000000000,70b3d57ed00778cc,12582
device_uplink,1788959705000000000,70b3d57ed00778cc,12583
device_uplink,1788959723000000000,70b3d57ed00778cc,12584
device_uplink,1788959739000000000,70b3d57ed00778cc,12585
device_uplink,1788959755000000000,70b3d57ed00778cc,12586
device_uplink,1788959771000000000,70b3d57ed00778cc,12587
device_uplink,1788959787000000000,70b3d57ed00778cc,12588
device_uplink,1788959803000000000,70b3d57ed00778cc,12589
device_uplink,1788959819000000000,70b3d57ed00778cc,12590
device_uplink,1788959837000000000,70b3d57ed00778cc,12591
device_uplink,1788959853000000000,70b3d57ed00778cc,12592
device_uplink,1788959869000000000,70b3d57ed00778cc,12593
device_uplink,1788959885000000000,70b3d57ed00778cc,12594
device_uplink,1788959901000000000,70b3d57ed00778cc,12595
device_uplink,1788959917000000000,70b3d57ed00778cc,12596
device_uplink,1788959933000000000,70b3d57ed00778cc,12597
device_uplink,1788959949000000000,70b3d57ed00778cc,12598
device_uplink,1788959965000000000,70b3d57ed00778cc,12599
device_uplink,1788959983000000000,70b3d57ed00778cc,12600
device_uplink,1788959999000000000,70b3d57ed00778cc,12601
device_uplink,1788960015000000000,70b3d57ed00778cc,12602
device_uplink,1788960031000000000,70b3d57ed00778cc,12603
device_uplink,1788960047000000000,70b3d57ed00778cc,12604
device_uplink,1788960063000000000,70b3d57ed00778cc,12605
device_uplink,1788960079000000000,70b3d57ed00778cc,12606
device_uplink,1788960095000000000,70b3d57ed00778cc,12607
device_uplink,1788960113000000000,70b3d57ed00778cc,12608
device_uplink,1788960129000000000,70b3d57ed00778cc,12609
device_uplink,1788960145000000000,70b3d57ed00778cc,12610
device_uplink,1788960161000000000,70b3d57ed00778cc,12611
device_uplink,1788960177000000000,70b3d57ed00778cc,12612
device_uplink,1788960193000000000,70b3d57ed00778cc,12613
device_uplink,1788960209000000000,70b3d57ed00778cc,12614
device_uplink,1788960227000000000,70b3d57ed00778cc,12615
device_uplink,1788960243000000000,70b3d57ed00778cc,12616
device_uplink,1788960259000000000,70b3d57ed00778cc,12617
device_uplink,1788960275000000000,70b3d57ed00778cc,12618
device_uplink,1788960291000000000,70b3d57ed00778cc,12619
device_uplink,1788960307000000000,70b3d57ed00778cc,12620
device_uplink,1788960323000000000,70b3d57ed00778cc,12621
device_uplink,1788960339000000000,70b3d57ed00778cc,12622
device_uplink,1788960357000000000,70b3d57ed00778cc,12623
device_uplink,1788960373000000000,70b3d57ed00778cc,12624
device_uplink,1788960389000000000,70b3d57ed00778cc,12625
device_uplink,1788960405000000000,70b3d57ed00778cc,12626
device_uplink,1788960421000000000,70b3d57ed00778cc,12627
device_uplink,1788960437000000000,70b3d57ed00778cc,12628
device_uplink,1788960453000000000,70b3d57ed00778cc,12629
device_uplink,1788960469000000000,70b3d57ed00778cc,12630
device_uplink,1788960487000000000,70b3d57ed00778cc,12631
device_uplink,1788960503000000000,70b3d57ed00778cc,12632
device_uplink,1788960519000000000,70b3d57ed00778cc,12633
device_uplink,1788960535000000000,70b3d57ed00778cc,12634
device_uplink,1788960551000000000,70b3d57ed00778cc,12635
device_uplink,1788960567000000000,70b3d57ed00778cc,12636
device_uplink,1788960583000000000,70b3d57ed00778cc,12637
device_uplink,1788960592000000000,70b3d57ed0077801,156
device_uplink,1788960599000000000,70b3d57ed00778cc,12638
device_uplink,1788960617000000000,70b3d57ed00778cc,12639
device_uplink,1788960633000000000,70b3d57ed00778cc,12640
device_uplink,1788960649000000000,70b3d57ed00778cc,12641
device_uplink,1788960665000000000,70b3d57ed00778cc,12642
device_uplink,1788960681000000000,70b3d57ed00778cc,12643
device_uplink,1788960697000000000,70b3d57ed00778cc,12644
device_uplink,1788960713000000000,70b3d57ed00778cc,12645
device_uplink,1788960729000000000,70b3d57ed00778cc,12646
device_uplink,1788960747000000000,70b3d57ed00778cc,12647
device_uplink,1788960763000000000,70b3d57ed00778cc,12648
device_uplink,1788960779000000000,70b3d57ed00778cc,12649
device_uplink,1788960795000000000,70b3d57ed00778cc,12650
device_uplink,1788960811000000000,70b3d57ed00778cc,12651
device_uplink,1788960827000000000,70b3d57ed00778cc,12652
device_uplink,1788960843000000000,70b3d57ed00778cc,12653
device_uplink,1788960859000000000,70b3d57ed00778cc,12654
device_uplink,1788960875000000000,70b3d57ed00778cc,12655
device_uplink,1788960893000000000,70b3d57ed00778cc,12656
device_uplink,1788960909000000000,70b3d57ed00778cc,12657
device_uplink,1788960925000000000,70b3d57ed00778cc,12658
device_uplink,1788960941000000000,70b3d57ed00778cc,12659
device_uplink,1788960957000000000,70b3d57ed00778cc,12660
device_uplink,1788960973000000000,70b3d57ed00778cc,12661
device_uplink,1788960989000000000,70b3d57ed00778cc,12662
device_uplink,1788961007000000000,70b3d57ed00778cc,12663
device_uplink,1788961023000000000,70b3d57ed00778cc,12664
device_uplink,1788961039000000000,70b3d57ed00778cc,12665
device_uplink,1788961055000000000,70b3d57ed00778cc,12666
device_uplink,1788961071000000000,70b3d57ed00778cc,12667
device_uplink,1788961087000000000,70b3d57ed00778cc,12668
device_uplink,1788961103000000000,70b3d57ed00778cc,12669
device_uplink,1788961135000000000,70b3d57ed00778cc,12671
device_uplink,1788961153000000000,70b3d57ed00778cc,12672
device_uplink,1788961169000000000,70b3d57ed00778cc,12673
device_uplink,1788961185000000000,70b3d57ed00778cc,12674
device_uplink,1788961201000000000,70b3d57ed00778cc,12675
device_uplink,1788961217000000000,70b3d57ed00778cc,12676
device_uplink,1788961233000000000,70b3d57ed00778cc,12677
device_uplink,1788961249000000000,70b3d57ed00778cc,12678
device_uplink,1788961265000000000,70b3d57ed00778cc,12679
device_uplink,1788961283000000000,70b3d57ed00778cc,12680
device_uplink,1788961299000000000,70b3d57ed00778cc,12681
device_uplink,1788961315000000000,70b3d57ed00778cc,12682
device_uplink,1788961331000000000,70b3d57ed00778cc,12683
device_uplink,1788961347000000000,70b3d57ed00778cc,12684
device_uplink,1788961363000000000,70b3d57ed00778cc,12685
device_uplink,1788961379000000000,70b3d57ed00778cc,12686
device_uplink,1788961395000000000,70b3d57ed00778cc,12687
device_uplink,1788961413000000000,70b3d57ed00778cc,12688
device_uplink,1788961429000000000,70b3d57ed00778cc,12689
device_uplink,1788961445000000000,70b3d57ed00778cc,12690
device_uplink,1788961461000000000,70b3d57ed00778cc,12691
device_uplink,1788961477000000000,70b3d57ed00778cc,12692
device_uplink,1788961493000000000,70b3d57ed00778cc,12693
device_uplink,1788961500000000000,70b3d57ed0077801,157
device_uplink,1788961509000000000,70b3d57ed00778cc,12694
device_uplink,1788961525000000000,70b3d57ed00778cc,12695
device_uplink,1788961543000000000,70b3d57ed00778cc,12696
device_uplink,1788961559000000000,70b3d57ed00778cc,12697
device_uplink,1788961575000000000,70b3d57ed00778cc,12698
device_uplink,1788961591000000000,70b3d57ed00778cc,12699
device_uplink,1788961607000000000,70b3d57ed00778cc,12700
device_uplink,1788961623000000000,70b3d57ed00778cc,12701
device_uplink,1788961641000000000,70b3d57ed00778cc,12702
device_uplink,1788961657000000000,70b3d57ed00778cc,12703
device_uplink,1788961673000000000,70b3d57ed00778cc,12704
device_uplink,1788961689000000000,70b3d57ed00778cc,12705
device_uplink,1788961705000000000,70b3d57ed00778cc,12706
device_uplink,1788961721000000000,70b3d57ed00778cc,12707
device_uplink,1788961737000000000,70b3d57ed00778cc,12708
device_uplink,1788961753000000000,70b3d57ed00778cc,12709
device_uplink,1788961771000000000,70b3d57ed00778cc,12710
device_uplink,1788961787000000000,70b3d57ed00778cc,12711
device_uplink,1788961803000000000,70b3d57ed00778cc,12712
device_uplink,1788961819000000000,70b3d57ed00778cc,12713
device_uplink,1788961835000000000,70b3d57ed00778cc,12714
device_uplink,1788961851000000000,70b3d57ed00778cc,12715
device_uplink,1788961867000000000,70b3d57ed00778cc,12716
device_uplink,1788961883000000000,70b3d57ed00778cc,12717
device_uplink,1788961901000000000,70b3d57ed00778cc,12718
device_uplink,1788961917000000000,70b3d57ed00778cc,12719
device_uplink,1788961933000000000,70b3d57ed00778cc,12720
device_uplink,1788961949000000000,70b3d57ed00778cc,12721
device_uplink,1788961965000000000,70b3d57ed00778cc,12722
device_uplink,1788961981000000000,70b3d57ed00778cc,12723
device_uplink,1788961997000000000,70b3d57ed00778cc,12724
device_uplink,1788962013000000000,70b3d57ed00778cc,12725
device_uplink,1788962031000000000,70b3d57ed00778cc,12726
device_uplink,1788962047000000000,70b3d57ed00778cc,12727
device_uplink,1788962063000000000,70b3d57ed00778cc,12728
device_uplink,1788962079000000000,70b3d57ed00778cc,12729
device_uplink,1788962095000000000,70b3d57ed00778cc,12730
device_uplink,1788962111000000000,70b3d57ed00778cc,12731
device_uplink,1788962127000000000,70b3d57ed00778cc,12732
device_uplink,1788962143000000000,70b3d57ed00778cc,12733
device_uplink,1788962161000000000,70b3d57ed00778cc,12734
device_uplink,1788962177000000000,70b3d57ed00778cc,12735
device_uplink,1788962193000000000,70b3d57ed00778cc,12736
device_uplink,1788962209000000000,70b3d57ed00778cc,12737
device_uplink,1788962225000000000,70b3d57ed00778cc,12738
device_uplink,1788962241000000000,70b3d57ed00778cc,12739
device_uplink,1788962257000000000,70b3d57ed00778cc,12740
device_uplink,1788962273000000000,70b3d57ed00778cc,12741
device_uplink,1788962291000000000,70b3d57ed00778cc,12742
device_uplink,1788962307000000000,70b3d57ed00778cc,12743
device_uplink,1788962323000000000,70b3d57ed00778cc,12744
device_uplink,1788962339000000000,70b3d57ed00778cc,12745
device_uplink,1788962355000000000,70b3d57ed00778cc,12746
device_uplink,1788962371000000000,70b3d57ed00778cc,12747
device_uplink,1788962387000000000,70b3d57ed00778cc,12748
device_uplink,1788962403000000000,70b3d57ed00778cc,12749
device_uplink,1788962408000000000,70b3d57ed0077801,158
device_uplink,1788962421000000000,70b3d57ed00778cc,12750
device_uplink,1788962437000000000,70b3d57ed00778cc,12751
device_uplink,1788962453000000000,70b3d57ed00778cc,12752
device_uplink,1788962469000000000,70b3d57ed00778cc,12753
device_uplink,1788962485000000000,70b3d57ed00778cc,12754
device_uplink,1788962501000000000,70b3d57ed00778cc,12755
device_uplink,1788962517000000000,70b3d57ed00778cc,12756
device_uplink,1788962533000000000,70b3d57ed00778cc,12757
device_uplink,1788962551000000000,70b3d57ed00778cc,12758
device_uplink,1788962567000000000,70b3d57ed00778cc,12759
device_uplink,1788962583000000000,70b3d57ed00778cc,12760
device_uplink,1788962599000000000,70b3d57ed00778cc,12761
device_uplink,1788962615000000000,70b3d57ed00778cc,12762
device_uplink,1788962631000000000,70b3d57ed00778cc,12763
device_uplink,1788962649000000000,70b3d57ed00778cc,12764
device_uplink,1788962666000000000,70b3d57ed00778cc,12765
device_uplink,1788962681000000000,70b3d57ed00778cc,12766
device_uplink,1788962697000000000,70b3d57ed00778cc,12767
device_uplink,1788962713000000000,70b3d57ed00778cc,12768
device_uplink,1788962729000000000,70b3d57ed00778cc,12769
device_uplink,1788962745000000000,70b3d57ed00778cc,12770
device_uplink,1788962761000000000,70b3d57ed00778cc,12771
device_uplink,1788962779000000000,70b3d57ed00778cc,12772
device_uplink,1788962795000000000,70b3d57ed00778cc,12773
device_uplink,1788962811000000000,70b3d57ed00778cc,12774
device_uplink,1788962827000000000,70b3d57ed00778cc,12775
device_uplink,1788962843000000000,70b3d57ed00778cc,12776
device_uplink,1788962859000000000,70b3d57ed00778cc,12777
device_uplink,1788962875000000000,70b3d57ed00778cc,12778
device_uplink,1788962891000000000,70b3d57ed00778cc,12779
device_uplink,1788962909000000000,70b3d57ed00778cc,12780
device_uplink,1788962925000000000,70b3d57ed00778cc,12781
device_uplink,1788962941000000000,70b3d57ed00778cc,12782
device_uplink,1788962957000000000,70b3d57ed00778cc,12783
device_uplink,1788962973000000000,70b3d57ed00778cc,12784
device_uplink,1788962989000000000,70b3d57ed00778cc,12785
device_uplink,1788963005000000000,70b3d57ed00778cc,12786
device_uplink,1788963021000000000,70b3d57ed00778cc,12787
device_uplink,1788963039000000000,70b3d57ed00778cc,12788
device_uplink,1788963055000000000,70b3d57ed00778cc,12789
device_uplink,1788963071000000000,70b3d57ed00778cc,12790
device_uplink,1788963087000000000,70b3d57ed00778cc,12791
device_uplink,1788963103000000000,70b3d57ed00778cc,12792
device_uplink,1788963119000000000,70b3d57ed00778cc,12793
device_uplink,1788963135000000000,70b3d57ed00778cc,12794
device_uplink,1788963151000000000,70b3d57ed00778cc,12795
device_uplink,1788963169000000000,70b3d57ed00778cc,12796
device_uplink,1788963185000000000,70b3d57ed00778cc,12797
device_uplink,1788963201000000000,70b3d57ed00778cc,12798
device_uplink,1788963217000000000,70b3d57ed00778cc,12799
device_uplink,1788963233000000000,70b3d57ed00778cc,12800
device_uplink,1788963249000000000,70b3d57ed00778cc,12801
device_uplink,1788963265000000000,70b3d57ed00778cc,12802
device_uplink,1788963281000000000,70b3d57ed00778cc,12803
device_uplink,1788963299000000000,70b3d57ed00778cc,12804
device_uplink,1788963315000000000,70b3d57ed00778cc,12805
device_uplink,1788963317000000000,70b3d57ed0077801,159
device_uplink,1788963331000000000,70b3d57ed00778cc,12806
device_uplink,1788963347000000000,70b3d57ed00778cc,12807
device_uplink,1788963363000000000,70b3d57ed00778cc,12808
device_uplink,1788963379000000000,70b3d57ed00778cc,12809
device_uplink,1788963395000000000,70b3d57ed00778cc,12810
device_uplink,1788963413000000000,70b3d57ed00778cc,12811
device_uplink,1788963429000000000,70b3d57ed00778cc,12812
device_uplink,1788963445000000000,70b3d57ed00778cc,12813
device_uplink,1788963461000000000,70b3d57ed00778cc,12814
device_uplink,1788963477000000000,70b3d57ed00778cc,12815
device_uplink,1788963493000000000,70b3d57ed00778cc,12816
device_uplink,1788963509000000000,70b3d57ed00778cc,12817
device_uplink,1788963525000000000,70b3d57ed00778cc,12818
device_uplink,1788963541000000000,70b3d57ed00778cc,12819
device_uplink,1788963559000000000,70b3d57ed00778cc,12820
device_uplink,1788963575000000000,70b3d57ed00778cc,12821
device_uplink,1788963591000000000,70b3d57ed00778cc,12822
device_uplink,1788963607000000000,70b3d57ed00778cc,12823
device_uplink,1788963623000000000,70b3d57ed00778cc,12824
device_uplink,1788963639000000000,70b3d57ed00778cc,12825
device_uplink,1788963657000000000,70b3d57ed00778cc,12826
device_uplink,1788963673000000000,70b3d57ed00778cc,12827
device_uplink,1788963689000000000,70b3d57ed00778cc,12828
device_uplink,1788963705000000000,70b3d57ed00778cc,12829
device_uplink,1788963721000000000,70b3d57ed00778cc,12830
device_uplink,1788963737000000000,70b3d57ed00778cc,12831
device_uplink,1788963753000000000,70b3d57ed00778cc,12832
device_uplink,1788963769000000000,70b3d57ed00778cc,12833
device_uplink,1788963787000000000,70b3d57ed00778cc,12834
device_uplink,1788963803000000000,70b3d57ed00778cc,12835
device_uplink,1788963819000000000,70b3d57ed00778cc,12836
device_uplink,1788963835000000000,70b3d57ed00778cc,12837
device_uplink,1788963851000000000,70b3d57ed00778cc,12838
device_uplink,1788963867000000000,70b3d57ed00778cc,12839
device_uplink,1788963883000000000,70b3d57ed00778cc,12840
device_uplink,1788963899000000000,70b3d57ed00778cc,12841
device_uplink,1788963917000000000,70b3d57ed00778cc,12842
device_uplink,1788963933000000000,70b3d57ed00778cc,12843
device_uplink,1788963949000000000,70b3d57ed00778cc,12844
device_uplink,1788963965000000000,70b3d57ed00778cc,12845
device_uplink,1788963981000000000,70b3d57ed00778cc,12846
device_uplink,1788963997000000000,70b3d57ed00778cc,12847
device_uplink,1788964013000000000,70b3d57ed00778cc,12848
device_uplink,1788964031000000000,70b3d57ed00778cc,12849
device_uplink,1788964047000000000,70b3d57ed00778cc,12850
device_uplink,1788964063000000000,70b3d57ed00778cc,12851
device_uplink,1788964079000000000,70b3d57ed00778cc,12852
device_uplink,1788964095000000000,70b3d57ed00778cc,12853
device_uplink,1788964111000000000,70b3d57ed00778cc,12854
device_uplink,1788964127000000000,70b3d57ed00778cc,12855
device_uplink,1788964143000000000,70b3d57ed00778cc,12856
device_uplink,1788964161000000000,70b3d57ed00778cc,12857
device_uplink,1788964177000000000,70b3d57ed00778cc,12858
device_uplink,1788964193000000000,70b3d57ed00778cc,12859
device_uplink,1788964209000000000,70b3d57ed00778cc,12860
device_uplink,1788964225000000000,70b3d57ed0077801,160
device_uplink,1788964225000000000,70b3d57ed00778cc,12861
device_uplink,1788964241000000000,70b3d57ed00778cc,12862
device_uplink,1788964257000000000,70b3d57ed00778cc,12863
device_uplink,1788964273000000000,70b3d57ed00778cc,12864
device_uplink,1788964291000000000,70b3d57ed00778cc,12865
device_uplink,1788964307000000000,70b3d57ed00778cc,12866
device_uplink,1788964323000000000,70b3d57ed00778cc,12867
device_uplink,1788964339000000000,70b3d57ed00778cc,12868
device_uplink,1788964355000000000,70b3d57ed00778cc,12869
device_uplink,1788964371000000000,70b3d57ed00778cc,12870
device_uplink,1788964387000000000,70b3d57ed00778cc,12871
device_uplink,1788964405000000000,70b3d57ed00778cc,12872
device_uplink,1788964421000000000,70b3d57ed00778cc,12873
device_uplink,1788964437000000000,70b3d57ed00778cc,12874
device_uplink,1788964453000000000,70b3d57ed00778cc,12875
device_uplink,1788964469000000000,70b3d57ed00778cc,12876
device_uplink,1788964485000000000,70b3d57ed00778cc,12877
device_uplink,1788964501000000000,70b3d57ed00778cc,12878
device_uplink,1788964517000000000,70b3d57ed00778cc,12879
device_uplink,1788964535000000000,70b3d57ed00778cc,12880
device_uplink,1788964551000000000,70b3d57ed00778cc,12881
device_uplink,1788964567000000000,70b3d57ed00778cc,12882
device_uplink,1788964583000000000,70b3d57ed00778cc,12883
device_uplink,1788964599000000000,70b3d57ed00778cc,12884
device_uplink,1788964615000000000,70b3d57ed00778cc,12885
device_uplink,1788964631000000000,70b3d57ed00778cc,12886
device_uplink,1788964647000000000,70b3d57ed00778cc,12887
device_uplink,1788964665000000000,70b3d57ed00778cc,12888
device_uplink,1788964681000000000,70b3d57ed00778cc,12889
device_uplink,1788964697000000000,70b3d57ed00778cc,12890
device_uplink,1788964713000000000,70b3d57ed00778cc,12891
device_uplink,1788964729000000000,70b3d57ed00778cc,12892
device_uplink,1788964745000000000,70b3d57ed00778cc,12893
device_uplink,1788964761000000000,70b3d57ed00778cc,12894
device_uplink,1788964777000000000,70b3d57ed00778cc,12895
device_uplink,1788964795000000000,70b3d57ed00778cc,12896
device_uplink,1788964811000000000,70b3d57ed00778cc,12897
device_uplink,1788964827000000000,70b3d57ed00778cc,12898
device_uplink,1788964843000000000,70b3d57ed00778cc,12899
device_uplink,1788964859000000000,70b3d57ed00778cc,12900
device_uplink,1788964875000000000,70b3d57ed00778cc,12901
device_uplink,1788964893000000000,70b3d57ed00778cc,12902
device_uplink,1788964909000000000,70b3d57ed00778cc,12903
device_uplink,1788964925000000000,70b3d57ed00778cc,12904
device_uplink,1788964941000000000,70b3d57ed00778cc,12905
device_uplink,1788964957000000000,70b3d57ed00778cc,12906
device_uplink,1788964973000000000,70b3d57ed00778cc,12907
device_uplink,1788964989000000000,70b3d57ed00778cc,12908
device_uplink,1788965005000000000,70b3d57ed00778cc,12909
device_uplink,1788965023000000000,70b3d57ed00778cc,12910
device_uplink,1788965039000000000,70b3d57ed00778cc,12911
device_uplink,1788965055000000000,70b3d57ed00778cc,12912
device_uplink,1788965071000000000,70b3d57ed00778cc,12913
device_uplink,1788965087000000000,70b3d57ed00778cc,12914
device_uplink,1788965103000000000,70b3d57ed00778cc,12915
device_uplink,1788965119000000000,70b3d57ed00778cc,12916
device_uplink,1788965134000000000,70b3d57ed0077801,161
device_uplink,1788965135000000000,70b3d57ed00778cc,12917
device_uplink,1788965153000000000,70b3d57ed00778cc,12918
device_uplink,1788965169000000000,70b3d57ed00778cc,12919
device_uplink,1788965185000000000,70b3d57ed00778cc,12920
device_uplink,1788965201000000000,70b3d57ed00778cc,12921
device_uplink,1788965217000000000,70b3d57ed00778cc,12922
device_uplink,1788965233000000000,70b3d57ed00778cc,12923
device_uplink,1788965249000000000,70b3d57ed00778cc,12924
device_uplink,1788965265000000000,70b3d57ed00778cc,12925
device_uplink,1788965283000000000,70b3d57ed00778cc,12926
device_uplink,1788965299000000000,70b3d57ed00778cc,12927
device_uplink,1788965315000000000,70b3d57ed00778cc,12928
device_uplink,1788965331000000000,70b3d57ed00778cc,12929
device_uplink,1788965347000000000,70b3d57ed00778cc,12930
device_uplink,1788965363000000000,70b3d57ed00778cc,12931
device_uplink,1788965379000000000,70b3d57ed00778cc,12932
device_uplink,1788965395000000000,70b3d57ed00778cc,12933
device_uplink,1788965413000000000,70b3d57ed00778cc,12934
device_uplink,1788965429000000000,70b3d57ed00778cc,12935
device_uplink,1788965445000000000,70b3d57ed00778cc,12936
device_uplink,1788965461000000000,70b3d57ed00778cc,12937
device_uplink,1788965477000000000,70b3d57ed00778cc,12938
device_uplink,1788965493000000000,70b3d57ed00778cc,12939
device_uplink,1788965509000000000,70b3d57ed00778cc,12940
device_uplink,1788965525000000000,70b3d57ed00778cc,12941
device_uplink,1788965543000000000,70b3d57ed00778cc,12942
device_uplink,1788965559000000000,70b3d57ed00778cc,12943
device_uplink,1788965575000000000,70b3d57ed00778cc,12944
device_uplink,1788965591000000000,70b3d57ed00778cc,12945
device_uplink,1788965607000000000,70b3d57ed00778cc,12946
device_uplink,1788965623000000000,70b3d57ed00778cc,12947
device_uplink,1788965639000000000,70b3d57ed00778cc,12948
device_uplink,1788965655000000000,70b3d57ed00778cc,12949
device_uplink,1788965673000000000,70b3d57ed00778cc,12950
device_uplink,1788965689000000000,70b3d57ed00778cc,12951
device_uplink,1788965705000000000,70b3d57ed00778cc,12952
device_uplink,1788965721000000000,70b3d57ed00778cc,12953
device_uplink,1788965737000000000,70b3d57ed00778cc,12954
device_uplink,1788965753000000000,70b3d57ed00778cc,12955
device_uplink,1788965769000000000,70b3d57ed00778cc,12956
device_uplink,1788965785000000000,70b3d57ed00778cc,12957
device_uplink,1788965803000000000,70b3d57ed00778cc,12958
device_uplink,1788965819000000000,70b3d57ed00778cc,12959
device_uplink,1788965835000000000,70b3d57ed00778cc,12960
device_uplink,1788965851000000000,70b3d57ed00778cc,12961
device_uplink,1788965867000000000,70b3d57ed00778cc,12962
device_uplink,1788965883000000000,70b3d57ed00778cc,12963
device_uplink,1788965899000000000,70b3d57ed00778cc,12964
device_uplink,1788965915000000000,70b3d57ed00778cc,12965
device_uplink,1788965933000000000,70b3d57ed00778cc,12966
device_uplink,1788965949000000000,70b3d57ed00778cc,12967
device_uplink,1788965965000000000,70b3d57ed00778cc,12968
device_uplink,1788965981000000000,70b3d57ed00778cc,12969
device_uplink,1788965997000000000,70b3d57ed00778cc,12970
device_uplink,1788966013000000000,70b3d57ed00778cc,12971
device_uplink,1788966029000000000,70b3d57ed00778cc,12972
device_uplink,1788966042000000000,70b3d57ed0077801,162
device_uplink,1788966045000000000,70b3d57ed00778cc,12973
device_uplink,1788966063000000000,70b3d57ed00778cc,12974
device_uplink,1788966079000000000,70b3d57ed00778cc,12975
device_uplink,1788966095000000000,70b3d57ed00778cc,12976
device_uplink,1788966111000000000,70b3d57ed00778cc,12977
device_uplink,1788966127000000000,70b3d57ed00778cc,12978
device_uplink,1788966143000000000,70b3d57ed00778cc,12979
device_uplink,1788966159000000000,70b3d57ed00778cc,12980
device_uplink,1788966175000000000,70b3d57ed00778cc,12981
device_uplink,1788966193000000000,70b3d57ed00778cc,12982
device_uplink,1788966209000000000,70b3d57ed00778cc,12983
device_uplink,1788966225000000000,70b3d57ed00778cc,12984
device_uplink,1788966241000000000,70b3d57ed00778cc,12985
device_uplink,1788966257000000000,70b3d57ed00778cc,12986
device_uplink,1788966273000000000,70b3d57ed00778cc,12987
device_uplink,1788966291000000000,70b3d57ed00778cc,12988
device_uplink,1788966307000000000,70b3d57ed00778cc,12989
device_uplink,1788966323000000000,70b3d57ed00778cc,12990
device_uplink,1788966339000000000,70b3d57ed00778cc,12991
device_uplink,1788966355000000000,70b3d57ed00778cc,12992
device_uplink,1788966371000000000,70b3d57ed00778cc,12993
device_uplink,1788966389000000000,70b3d57ed00778cc,12994
device_uplink,1788966405000000000,70b3d57ed00778cc,12995
device_uplink,1788966421000000000,70b3d57ed00778cc,12996
device_uplink,1788966437000000000,70b3d57ed00778cc,12997
device_uplink,1788966453000000000,70b3d57ed00778cc,12998
device_uplink,1788966469000000000,70b3d57ed00778cc,12999
device_uplink,1788966485000000000,70b3d57ed00778cc,13000
device_uplink,1788966501000000000,70b3d57ed00778cc,13001
device_uplink,1788966519000000000,70b3d57ed00778cc,13002
device_uplink,1788966535000000000,70b3d57ed00778cc,13003
device_uplink,1788966551000000000,70b3d57ed00778cc,13004
device_uplink,1788966567000000000,70b3d57ed00778cc,13005
device_uplink,1788966583000000000,70b3d57ed00778cc,13006
device_uplink,1788966599000000000,70b3d57ed00778cc,13007
device_uplink,1788966615000000000,70b3d57ed00778cc,13008
device_uplink,1788966631000000000,70b3d57ed00778cc,13009
device_uplink,1788966649000000000,70b3d57ed00778cc,13010
device_uplink,1788966665000000000,70b3d57ed00778cc,13011
device_uplink,1788966681000000000,70b3d57ed00778cc,13012
device_uplink,1788966697000000000,70b3d57ed00778cc,13013
device_uplink,1788966713000000000,70b3d57ed00778cc,13014
device_uplink,1788966729000000000,70b3d57ed00778cc,13015
device_uplink,1788966745000000000,70b3d57ed00778cc,13016
device_uplink,1788966761000000000,70b3d57ed00778cc,13017
device_uplink,1788966779000000000,70b3d57ed00778cc,13018
device_uplink,1788966795000000000,70b3d57ed00778cc,13019
device_uplink,1788966811000000000,70b3d57ed00778cc,13020
device_uplink,1788966827000000000,70b3d57ed00778cc,13021
device_uplink,1788966843000000000,70b3d57ed00778cc,13022
device_uplink,1788966859000000000,70b3d57ed00778cc,13023
device_uplink,1788966875000000000,70b3d57ed00778cc,13024
device_uplink,1788966893000000000,70b3d57ed00778cc,13025
device_uplink,1788966909000000000,70b3d57ed00778cc,13026
device_uplink,1788966925000000000,70b3d57ed00778cc,13027
device_uplink,1788966941000000000,70b3d57ed00778cc,13028
device_uplink,1788966950000000000,70b3d57ed0077801,163
device_uplink,1788966957000000000,70b3d57ed00778cc,13029
device_uplink,1788966973000000000,70b3d57ed00778cc,13030
device_uplink,1788966989000000000,70b3d57ed00778cc,13031
device_uplink,1788967005000000000,70b3d57ed00778cc,13032
device_uplink,1788967023000000000,70b3d57ed00778cc,13033
device_uplink,1788967039000000000,70b3d57ed00778cc,13034
device_uplink,1788967055000000000,70b3d57ed00778cc,13035
device_uplink,1788967071000000000,70b3d57ed00778cc,13036
device_uplink,1788967087000000000,70b3d57ed00778cc,13037
device_uplink,1788967103000000000,70b3d57ed00778cc,13038
device_uplink,1788967119000000000,70b3d57ed00778cc,13039
device_uplink,1788967135000000000,70b3d57ed00778cc,13040
device_uplink,1788967151000000000,70b3d57ed00778cc,13041
device_uplink,1788967169000000000,70b3d57ed00778cc,13042
device_uplink,1788967185000000000,70b3d57ed00778cc,13043
device_uplink,1788967201000000000,70b3d57ed00778cc,13044
device_uplink,1788967217000000000,70b3d57ed00778cc,13045
device_uplink,1788967233000000000,70b3d57ed00778cc,13046
device_uplink,1788967249000000000,70b3d57ed00778cc,13047
device_uplink,1788967265000000000,70b3d57ed00778cc,13048
device_uplink,1788967281000000000,70b3d57ed00778cc,13049
device_uplink,1788967299000000000,70b3d57ed00778cc,13050
device_uplink,1788967315000000000,70b3d57ed00778cc,13051
device_uplink,1788967331000000000,70b3d57ed00778cc,13052
device_uplink,1788967347000000000,70b3d57ed00778cc,13053
device_uplink,1788967363000000000,70b3d57ed00778cc,13054
device_uplink,1788967379000000000,70b3d57ed00778cc,13055
device_uplink,1788967395000000000,70b3d57ed00778cc,13056
device_uplink,1788967413000000000,70b3d57ed00778cc,13057
device_uplink,1788967429000000000,70b3d57ed00778cc,13058
device_uplink,1788967445000000000,70b3d57ed00778cc,13059
device_uplink,1788967461000000000,70b3d57ed00778cc,13060
device_uplink,1788967477000000000,70b3d57ed00778cc,13061
device_uplink,1788967493000000000,70b3d57ed00778cc,13062
device_uplink,1788967509000000000,70b3d57ed00778cc,13063
device_uplink,1788967527000000000,70b3d57ed00778cc,13064
device_uplink,1788967543000000000,70b3d57ed00778cc,13065
device_uplink,1788967559000000000,70b3d57ed00778cc,13066
device_uplink,1788967575000000000,70b3d57ed00778cc,13067
device_uplink,1788967591000000000,70b3d57ed00778cc,13068
device_uplink,1788967607000000000,70b3d57ed00778cc,13069
device_uplink,1788967623000000000,70b3d57ed00778cc,13070
device_uplink,1788967639000000000,70b3d57ed00778cc,13071
device_uplink,1788967657000000000,70b3d57ed00778cc,13072
device_uplink,1788967673000000000,70b3d57ed00778cc,13073
device_uplink,1788967689000000000,70b3d57ed00778cc,13074
device_uplink,1788967705000000000,70b3d57ed00778cc,13075
device_uplink,1788967721000000000,70b3d57ed00778cc,13076
device_uplink,1788967737000000000,70b3d57ed00778cc,13077
device_uplink,1788967753000000000,70b3d57ed00778cc,13078
device_uplink,1788967769000000000,70b3d57ed00778cc,13079
device_uplink,1788967787000000000,70b3d57ed00778cc,13080
device_uplink,1788967803000000000,70b3d57ed00778cc,13081
device_uplink,1788967819000000000,70b3d57ed00778cc,13082
device_uplink,1788967835000000000,70b3d57ed00778cc,13083
device_uplink,1788967851000000000,70b3d57ed00778cc,13084
device_uplink,1788967859000000000,70b3d57ed0077801,164
device_uplink,1788967867000000000,70b3d57ed00778cc,13085
device_uplink,1788967883000000000,70b3d57ed00778cc,13086
device_uplink,1788967899000000000,70b3d57ed00778cc,13087
device_uplink,1788967917000000000,70b3d57ed00778cc,13088
device_uplink,1788967933000000000,70b3d57ed00778cc,13089
device_uplink,1788967949000000000,70b3d57ed00778cc,13090
device_uplink,1788967965000000000,70b3d57ed00778cc,13091
device_uplink,1788967981000000000,70b3d57ed00778cc,13092
device_uplink,1788967997000000000,70b3d57ed00778cc,13093
device_uplink,1788968013000000000,70b3d57ed00778cc,13094
device_uplink,1788968029000000000,70b3d57ed00778cc,13095
device_uplink,1788968047000000000,70b3d57ed00778cc,13096
device_uplink,1788968063000000000,70b3d57ed00778cc,13097
device_uplink,1788968079000000000,70b3d57ed00778cc,13098
device_uplink,1788968095000000000,70b3d57ed00778cc,13099
device_uplink,1788968111000000000,70b3d57ed00778cc,13100
device_uplink,1788968127000000000,70b3d57ed00778cc,13101
device_uplink,1788968143000000000,70b3d57ed00778cc,13102
device_uplink,1788968159000000000,70b3d57ed00778cc,13103
device_uplink,1788968177000000000,70b3d57ed00778cc,13104
device_uplink,1788968193000000000,70b3d57ed00778cc,13105
device_uplink,1788968209000000000,70b3d57ed00778cc,13106
device_uplink,1788968225000000000,70b3d57ed00778cc,13107
device_uplink,1788968241000000000,70b3d57ed00778cc,13108
device_uplink,1788968257000000000,70b3d57ed00778cc,13109
device_uplink,1788968273000000000,70b3d57ed00778cc,13110
device_uplink,1788968291000000000,70b3d57ed00778cc,13111
device_uplink,1788968307000000000,70b3d57ed00778cc,13112
device_uplink,1788968323000000000,70b3d57ed00778cc,13113
device_uplink,1788968339000000000,70b3d57ed00778cc,13114
device_uplink,1788968355000000000,70b3d57ed00778cc,13115
device_uplink,1788968371000000000,70b3d57ed00778cc,13116
device_uplink,1788968387000000000,70b3d57ed00778cc,13117
device_uplink,1788968403000000000,70b3d57ed00778cc,13118
device_uplink,1788968419000000000,70b3d57ed00778cc,13119
device_uplink,1788968437000000000,70b3d57ed00778cc,13120
device_uplink,1788968453000000000,70b3d57ed00778cc,13121
device_uplink,1788968469000000000,70b3d57ed00778cc,13122
device_uplink,1788968485000000000,70b3d57ed00778cc,13123
device_uplink,1788968501000000000,70b3d57ed00778cc,13124
device_uplink,1788968517000000000,70b3d57ed00778cc,13125
device_uplink,1788968535000000000,70b3d57ed00778cc,13126
device_uplink,1788968551000000000,70b3d57ed00778cc,13127
device_uplink,1788968567000000000,70b3d57ed00778cc,13128
device_uplink,1788968583000000000,70b3d57ed00778cc,13129
device_uplink,1788968599000000000,70b3d57ed00778cc,13130
device_uplink,1788968615000000000,70b3d57ed00778cc,13131
device_uplink,1788968631000000000,70b3d57ed00778cc,13132
device_uplink,1788968647000000000,70b3d57ed00778cc,13133
device_uplink,1788968665000000000,70b3d57ed00778cc,13134
device_uplink,1788968681000000000,70b3d57ed00778cc,13135
device_uplink,1788968697000000000,70b3d57ed00778cc,13136
device_uplink,1788968713000000000,70b3d57ed00778cc,13137
device_uplink,1788968729000000000,70b3d57ed00778cc,13138
device_uplink,1788968745000000000,70b3d57ed00778cc,13139
device_uplink,1788968761000000000,70b3d57ed00778cc,13140
device_uplink,1788968767000000000,70b3d57ed0077801,165
device_uplink,1788968777000000000,70b3d57ed00778cc,13141
device_uplink,1788968795000000000,70b3d57ed00778cc,13142
device_uplink,1788968811000000000,70b3d57ed00778cc,13143
device_uplink,1788968827000000000,70b3d57ed00778cc,13144
device_uplink,1788968843000000000,70b3d57ed00778cc,13145
device_uplink,1788968859000000000,70b3d57ed00778cc,13146
device_uplink,1788968875000000000,70b3d57ed00778cc,13147
device_uplink,1788968891000000000,70b3d57ed00778cc,13148
device_uplink,1788968907000000000,70b3d57ed00778cc,13149
device_uplink,1788968923000000000,70b3d57ed00778cc,13150
device_uplink,1788968941000000000,70b3d57ed00778cc,13151
device_uplink,1788968957000000000,70b3d57ed00778cc,13152
device_uplink,1788968973000000000,70b3d57ed00778cc,13153
device_uplink,1788968989000000000,70b3d57ed00778cc,13154
device_uplink,1788969005000000000,70b3d57ed00778cc,13155
device_uplink,1788969021000000000,70b3d57ed00778cc,13156
device_uplink,1788969037000000000,70b3d57ed00778cc,13157
device_uplink,1788969053000000000,70b3d57ed00778cc,13158
device_uplink,1788969071000000000,70b3d57ed00778cc,13159
device_uplink,1788969087000000000,70b3d57ed00778cc,13160
device_uplink,1788969103000000000,70b3d57ed00778cc,13161
device_uplink,1788969119000000000,70b3d57ed00778cc,13162
device_uplink,1788969135000000000,70b3d57ed00778cc,13163
device_uplink,1788969151000000000,70b3d57ed00778cc,13164
device_uplink,1788969167000000000,70b3d57ed00778cc,13165
device_uplink,1788969183000000000,70b3d57ed00778cc,13166
device_uplink,1788969201000000000,70b3d57ed00778cc,13167
device_uplink,1788969217000000000,70b3d57ed00778cc,13168
device_uplink,1788969233000000000,70b3d57ed00778cc,13169
device_uplink,1788969249000000000,70b3d57ed00778cc,13170
device_uplink,1788969265000000000,70b3d57ed00778cc,13171
device_uplink,1788969281000000000,70b3d57ed00778cc,13172
device_uplink,1788969297000000000,70b3d57ed00778cc,13173
device_uplink,1788969313000000000,70b3d57ed00778cc,13174
device_uplink,1788969331000000000,70b3d57ed00778cc,13175
device_uplink,1788969347000000000,70b3d57ed00778cc,13176
device_uplink,1788969363000000000,70b3d57ed00778cc,13177
device_uplink,1788969379000000000,70b3d57ed00778cc,13178
device_uplink,1788969395000000000,70b3d57ed00778cc,13179
device_uplink,1788969411000000000,70b3d57ed00778cc,13180
device_uplink,1788969427000000000,70b3d57ed00778cc,13181
device_uplink,1788969443000000000,70b3d57ed00778cc,13182
device_uplink,1788969461000000000,70b3d57ed00778cc,13183
device_uplink,1788969477000000000,70b3d57ed00778cc,13184
device_uplink,1788969493000000000,70b3d57ed00778cc,13185
device_uplink,1788969509000000000,70b3d57ed00778cc,13186
device_uplink,1788969525000000000,70b3d57ed00778cc,13187
device_uplink,1788969541000000000,70b3d57ed00778cc,13188
device_uplink,1788969557000000000,70b3d57ed00778cc,13189
device_uplink,1788969573000000000,70b3d57ed00778cc,13190
device_uplink,1788969591000000000,70b3d57ed00778cc,13191
device_uplink,1788969607000000000,70b3d57ed00778cc,13192
device_uplink,1788969623000000000,70b3d57ed00778cc,13193
device_uplink,1788969639000000000,70b3d57ed00778cc,13194
device_uplink,1788969655000000000,70b3d57ed00778cc,13195
device_uplink,1788969671000000000,70b3d57ed00778cc,13196
device_uplink,1788969676000000000,70b3d57ed0077801,166
device_uplink,1788969687000000000,70b3d57ed00778cc,13197
device_uplink,1788969703000000000,70b3d57ed00778cc,13198
device_uplink,1788969721000000000,70b3d57ed00778cc,13199
device_uplink,1788969737000000000,70b3d57ed00778cc,13200
device_uplink,1788969753000000000,70b3d57ed00778cc,13201
device_uplink,1788969769000000000,70b3d57ed00778cc,13202
device_uplink,1788969785000000000,70b3d57ed00778cc,13203
device_uplink,1788969801000000000,70b3d57ed00778cc,13204
device_uplink,1788969817000000000,70b3d57ed00778cc,13205
device_uplink,1788969833000000000,70b3d57ed00778cc,13206
device_uplink,1788969851000000000,70b3d57ed00778cc,13207
device_uplink,1788969867000000000,70b3d57ed00778cc,13208
device_uplink,1788969883000000000,70b3d57ed00778cc,13209
device_uplink,1788969899000000000,70b3d57ed00778cc,13210
device_uplink,1788969915000000000,70b3d57ed00778cc,13211
device_uplink,1788969931000000000,70b3d57ed00778cc,13212
device_uplink,1788969947000000000,70b3d57ed00778cc,13213
device_uplink,1788969963000000000,70b3d57ed00778cc,13214
device_uplink,1788969979000000000,70b3d57ed00778cc,13215
device_uplink,1788969997000000000,70b3d57ed00778cc,13216
device_uplink,1788970013000000000,70b3d57ed00778cc,13217
device_uplink,1788970029000000000,70b3d57ed00778cc,13218
device_uplink,1788970045000000000,70b3d57ed00778cc,13219
device_uplink,1788970061000000000,70b3d57ed00778cc,13220
device_uplink,1788970077000000000,70b3d57ed00778cc,13221
device_uplink,1788970093000000000,70b3d57ed00778cc,13222
device_uplink,1788970109000000000,70b3d57ed00778cc,13223
device_uplink,1788970127000000000,70b3d57ed00778cc,13224
device_uplink,1788970143000000000,70b3d57ed00778cc,13225
device_uplink,1788970159000000000,70b3d57ed00778cc,13226
device_uplink,1788970175000000000,70b3d57ed00778cc,13227
device_uplink,1788970191000000000,70b3d57ed00778cc,13228
device_uplink,1788970207000000000,70b3d57ed00778cc,13229
device_uplink,1788970223000000000,70b3d57ed00778cc,13230
device_uplink,1788970239000000000,70b3d57ed00778cc,13231
device_uplink,1788970257000000000,70b3d57ed00778cc,13232
device_uplink,1788970273000000000,70b3d57ed00778cc,13233
device_uplink,1788970289000000000,70b3d57ed00778cc,13234
device_uplink,1788970305000000000,70b3d57ed00778cc,13235
device_uplink,1788970321000000000,70b3d57ed00778cc,13236
device_uplink,1788970337000000000,70b3d57ed00778cc,13237
device_uplink,1788970355000000000,70b3d57ed00778cc,13238
device_uplink,1788970371000000000,70b3d57ed00778cc,13239
device_uplink,1788970387000000000,70b3d57ed00778cc,13240
device_uplink,1788970403000000000,70b3d57ed00778cc,13241
device_uplink,1788970419000000000,70b3d57ed00778cc,13242
device_uplink,1788970435000000000,70b3d57ed00778cc,13243
device_uplink,1788970451000000000,70b3d57ed00778cc,13244
device_uplink,1788970467000000000,70b3d57ed00778cc,13245
device_uplink,1788970483000000000,70b3d57ed00778cc,13246
device_uplink,1788970501000000000,70b3d57ed00778cc,13247
device_uplink,1788970517000000000,70b3d57ed00778cc,13248
device_uplink,1788970533000000000,70b3d57ed00778cc,13249
device_uplink,1788970549000000000,70b3d57ed00778cc,13250
device_uplink,1788970565000000000,70b3d57ed00778cc,13251
device_uplink,1788970581000000000,70b3d57ed00778cc,13252
device_uplink,1788970584000000000,70b3d57ed0077801,167
device_uplink,1788970597000000000,70b3d57ed00778cc,13253
device_uplink,1788970613000000000,70b3d57ed00778cc,13254
device_uplink,1788970629000000000,70b3d57ed00778cc,13255
device_uplink,1788970647000000000,70b3d57ed00778cc,13256
device_uplink,1788970663000000000,70b3d57ed00778cc,13257
device_uplink,1788970679000000000,70b3d57ed00778cc,13258
device_uplink,1788970695000000000,70b3d57ed00778cc,13259
device_uplink,1788970711000000000,70b3d57ed00778cc,13260
device_uplink,1788970727000000000,70b3d57ed00778cc,13261
device_uplink,1788970745000000000,70b3d57ed00778cc,13262
device_uplink,1788970761000000000,70b3d57ed00778cc,13263
device_uplink,1788970777000000000,70b3d57ed00778cc,13264
device_uplink,1788970793000000000,70b3d57ed00778cc,13265
device_uplink,1788970809000000000,70b3d57ed00778cc,13266
device_uplink,1788970825000000000,70b3d57ed00778cc,13267
device_uplink,1788970843000000000,70b3d57ed00778cc,13268
device_uplink,1788970859000000000,70b3d57ed00778cc,13269
device_uplink,1788970875000000000,70b3d57ed00778cc,13270
device_uplink,1788970891000000000,70b3d57ed00778cc,13271
device_uplink,1788970907000000000,70b3d57ed00778cc,13272
device_uplink,1788970923000000000,70b3d57ed00778cc,13273
device_uplink,1788970941000000000,70b3d57ed00778cc,13274
device_uplink,1788970957000000000,70b3d57ed00778cc,13275
device_uplink,1788970973000000000,70b3d57ed00778cc,13276
device_uplink,1788970989000000000,70b3d57ed00778cc,13277
device_uplink,1788971005000000000,70b3d57ed00778cc,13278
device_uplink,1788971023000000000,70b3d57ed00778cc,13279
device_uplink,1788971039000000000,70b3d57ed00778cc,13280
device_uplink,1788971055000000000,70b3d57ed00778cc,13281
device_uplink,1788971071000000000,70b3d57ed00778cc,13282
device_uplink,1788971087000000000,70b3d57ed00778cc,13283
device_uplink,1788971103000000000,70b3d57ed00778cc,13284
device_uplink,1788971119000000000,70b3d57ed00778cc,13285
device_uplink,1788971135000000000,70b3d57ed00778cc,13286
device_uplink,1788971151000000000,70b3d57ed00778cc,13287
device_uplink,1788971169000000000,70b3d57ed00778cc,13288
device_uplink,1788971185000000000,70b3d57ed00778cc,13289
device_uplink,1788971201000000000,70b3d57ed00778cc,13290
device_uplink,1788971217000000000,70b3d57ed00778cc,13291
device_uplink,1788971233000000000,70b3d57ed00778cc,13292
device_uplink,1788971251000000000,70b3d57ed00778cc,13293
device_uplink,1788971267000000000,70b3d57ed00778cc,13294
device_uplink,1788971283000000000,70b3d57ed00778cc,13295
device_uplink,1788971299000000000,70b3d57ed00778cc,13296
device_uplink,1788971315000000000,70b3d57ed00778cc,13297
device_uplink,1788971331000000000,70b3d57ed00778cc,13298
device_uplink,1788971347000000000,70b3d57ed00778cc,13299
device_uplink,1788971363000000000,70b3d57ed00778cc,13300
device_uplink,1788971379000000000,70b3d57ed00778cc,13301
device_uplink,1788971397000000000,70b3d57ed00778cc,13302
device_uplink,1788971413000000000,70b3d57ed00778cc,13303
device_uplink,1788971429000000000,70b3d57ed00778cc,13304
device_uplink,1788971445000000000,70b3d57ed00778cc,13305
device_uplink,1788971461000000000,70b3d57ed00778cc,13306
device_uplink,1788971477000000000,70b3d57ed00778cc,13307
device_uplink,1788971492000000000,70b3d57ed0077801,168
device_uplink,1788971495000000000,70b3d57ed00778cc,13308
device_uplink,1788971511000000000,70b3d57ed00778cc,13309
device_uplink,1788971527000000000,70b3d57ed00778cc,13310
device_uplink,1788971543000000000,70b3d57ed00778cc,13311
device_uplink,1788971559000000000,70b3d57ed00778cc,13312
device_uplink,1788971575000000000,70b3d57ed00778cc,13313
device_uplink,1788971591000000000,70b3d57ed00778cc,13314
device_uplink,1788971607000000000,70b3d57ed00778cc,13315
device_uplink,1788971625000000000,70b3d57ed00778cc,13316
device_uplink,1788971641000000000,70b3d57ed00778cc,13317
device_uplink,1788971657000000000,70b3d57ed00778cc,13318
device_uplink,1788971673000000000,70b3d57ed00778cc,13319
device_uplink,1788971689000000000,70b3d57ed00778cc,13320
device_uplink,1788971705000000000,70b3d57ed00778cc,13321
device_uplink,1788971721000000000,70b3d57ed00778cc,13322
device_uplink,1788971737000000000,70b3d57ed00778cc,13323
device_uplink,1788971755000000000,70b3d57ed00778cc,13324
device_uplink,1788971771000000000,70b3d57ed00778cc,13325
device_uplink,1788971787000000000,70b3d57ed00778cc,13326
device_uplink,1788971803000000000,70b3d57ed00778cc,13327
device_uplink,1788971819000000000,70b3d57ed00778cc,13328
device_uplink,1788971835000000000,70b3d57ed00778cc,13329
device_uplink,1788971851000000000,70b3d57ed00778cc,13330
device_uplink,1788971867000000000,70b3d57ed00778cc,13331
device_uplink,1788971885000000000,70b3d57ed00778cc,13332
device_uplink,1788971901000000000,70b3d57ed00778cc,13333
device_uplink,1788971917000000000,70b3d57ed00778cc,13334
device_uplink,1788971933000000000,70b3d57ed00778cc,13335
device_uplink,1788971949000000000,70b3d57ed00778cc,13336
device_uplink,1788971965000000000,70b3d57ed00778cc,13337
device_uplink,1788971981000000000,70b3d57ed00778cc,13338
device_uplink,1788971999000000000,70b3d57ed00778cc,13339
device_uplink,1788972015000000000,70b3d57ed00778cc,13340
device_uplink,1788972031000000000,70b3d57ed00778cc,13341
device_uplink,1788972047000000000,70b3d57ed00778cc,13342
device_uplink,1788972063000000000,70b3d57ed00778cc,13343
device_uplink,1788972079000000000,70b3d57ed00778cc,13344
device_uplink,1788972095000000000,70b3d57ed00778cc,13345
device_uplink,1788972111000000000,70b3d57ed00778cc,13346
device_uplink,1788972129000000000,70b3d57ed00778cc,13347
device_uplink,1788972145000000000,70b3d57ed00778cc,13348
device_uplink,1788972161000000000,70b3d57ed00778cc,13349
device_uplink,1788972193000000000,70b3d57ed00778cc,13351
device_uplink,1788972209000000000,70b3d57ed00778cc,13352
device_uplink,1788972225000000000,70b3d57ed00778cc,13353
device_uplink,1788972241000000000,70b3d57ed00778cc,13354
device_uplink,1788972259000000000,70b3d57ed00778cc,13355
device_uplink,1788972275000000000,70b3d57ed00778cc,13356
device_uplink,1788972291000000000,70b3d57ed00778cc,13357
device_uplink,1788972307000000000,70b3d57ed00778cc,13358
device_uplink,1788972323000000000,70b3d57ed00778cc,13359
device_uplink,1788972339000000000,70b3d57ed00778cc,13360
device_uplink,1788972355000000000,70b3d57ed00778cc,13361
device_uplink,1788972371000000000,70b3d57ed00778cc,13362
device_uplink,1788972389000000000,70b3d57ed00778cc,13363
device_uplink,1788972401000000000,70b3d57ed0077801,169
device_uplink,1788972405000000000,70b3d57ed00778cc,13364
device_uplink,1788972421000000000,70b3d57ed00778cc,13365
device_uplink,1788972437000000000,70b3d57ed00778cc,13366
device_uplink,1788972453000000000,70b3d57ed00778cc,13367
device_uplink,1788972469000000000,70b3d57ed00778cc,13368
device_uplink,1788972485000000000,70b3d57ed00778cc,13369
device_uplink,1788972501000000000,70b3d57ed00778cc,13370
device_uplink,1788972517000000000,70b3d57ed00778cc,13371
device_uplink,1788972535000000000,70b3d57ed00778cc,13372
device_uplink,1788972551000000000,70b3d57ed00778cc,13373
device_uplink,1788972567000000000,70b3d57ed00778cc,13374
device_uplink,1788972583000000000,70b3d57ed00778cc,13375
device_uplink,1788972599000000000,70b3d57ed00778cc,13376
device_uplink,1788972615000000000,70b3d57ed00778cc,13377
device_uplink,1788972633000000000,70b3d57ed00778cc,13378
device_uplink,1788972649000000000,70b3d57ed00778cc,13379
device_uplink,1788972665000000000,70b3d57ed00778cc,13380
device_uplink,1788972681000000000,70b3d57ed00778cc,13381
device_uplink,1788972697000000000,70b3d57ed00778cc,13382
device_uplink,1788972713000000000,70b3d57ed00778cc,13383
device_uplink,1788972729000000000,70b3d57ed00778cc,13384
device_uplink,1788972745000000000,70b3d57ed00778cc,13385
device_uplink,1788972763000000000,70b3d57ed00778cc,13386
device_uplink,1788972779000000000,70b3d57ed00778cc,13387
device_uplink,1788972795000000000,70b3d57ed00778cc,13388
device_uplink,1788972811000000000,70b3d57ed00778cc,13389
device_uplink,1788972827000000000,70b3d57ed00778cc,13390
device_uplink,1788972843000000000,70b3d57ed00778cc,13391
device_uplink,1788972859000000000,70b3d57ed00778cc,13392
device_uplink,1788972877000000000,70b3d57ed00778cc,13393
device_uplink,1788972893000000000,70b3d57ed00778cc,13394
device_uplink,1788972909000000000,70b3d57ed00778cc,13395
device_uplink,1788972925000000000,70b3d57ed00778cc,13396
device_uplink,1788972941000000000,70b3d57ed00778cc,13397
device_uplink,1788972957000000000,70b3d57ed00778cc,13398
device_uplink,1788972973000000000,70b3d57ed00778cc,13399
device_uplink,1788972989000000000,70b3d57ed00778cc,13400
device_uplink,1788973005000000000,70b3d57ed00778cc,13401
device_uplink,1788973023000000000,70b3d57ed00778cc,13402
device_uplink,1788973039000000000,70b3d57ed00778cc,13403
device_uplink,1788973055000000000,70b3d57ed00778cc,13404
device_uplink,1788973071000000000,70b3d57ed00778cc,13405
device_uplink,1788973087000000000,70b3d57ed00778cc,13406
device_uplink,1788973103000000000,70b3d57ed00778cc,13407
device_uplink,1788973121000000000,70b3d57ed00778cc,13408
device_uplink,1788973137000000000,70b3d57ed00778cc,13409
device_uplink,1788973153000000000,70b3d57ed00778cc,13410
device_uplink,1788973169000000000,70b3d57ed00778cc,13411
device_uplink,1788973185000000000,70b3d57ed00778cc,13412
device_uplink,1788973201000000000,70b3d57ed00778cc,13413
device_uplink,1788973217000000000,70b3d57ed00778cc,13414
device_uplink,1788973233000000000,70b3d57ed00778cc,13415
device_uplink,1788973251000000000,70b3d57ed00778cc,13416
device_uplink,1788973267000000000,70b3d57ed00778cc,13417
device_uplink,1788973283000000000,70b3d57ed00778cc,13418
device_uplink,1788973299000000000,70b3d57ed00778cc,13419
device_uplink,1788973309000000000,70b3d57ed0077801,170
device_uplink,1788973315000000000,70b3d57ed00778cc,13420
device_uplink,1788973331000000000,70b3d57ed00778cc,13421
device_uplink,1788973347000000000,70b3d57ed00778cc,13422
device_uplink,1788973365000000000,70b3d57ed00778cc,13423
device_uplink,1788973381000000000,70b3d57ed00778cc,13424
device_uplink,1788973397000000000,70b3d57ed00778cc,13425
device_uplink,1788973413000000000,70b3d57ed00778cc,13426
device_uplink,1788973429000000000,70b3d57ed00778cc,13427
device_uplink,1788973445000000000,70b3d57ed00778cc,13428
device_uplink,1788973461000000000,70b3d57ed00778cc,13429
device_uplink,1788973479000000000,70b3d57ed00778cc,13430
device_uplink,1788973495000000000,70b3d57ed00778cc,13431
device_uplink,1788973511000000000,70b3d57ed00778cc,13432
device_uplink,1788973527000000000,70b3d57ed00778cc,13433
device_uplink,1788973543000000000,70b3d57ed00778cc,13434
device_uplink,1788973559000000000,70b3d57ed00778cc,13435
device_uplink,1788973575000000000,70b3d57ed00778cc,13436
device_uplink,1788973593000000000,70b3d57ed00778cc,13437
device_uplink,1788973609000000000,70b3d57ed00778cc,13438
device_uplink,1788973625000000000,70b3d57ed00778cc,13439
device_uplink,1788973641000000000,70b3d57ed00778cc,13440
device_uplink,1788973657000000000,70b3d57ed00778cc,13441
device_uplink,1788973673000000000,70b3d57ed00778cc,13442
device_uplink,1788973689000000000,70b3d57ed00778cc,13443
device_uplink,1788973707000000000,70b3d57ed00778cc,13444
device_uplink,1788973723000000000,70b3d57ed00778cc,13445
device_uplink,1788973739000000000,70b3d57ed00778cc,13446
device_uplink,1788973755000000000,70b3d57ed00778cc,13447
device_uplink,1788973771000000000,70b3d57ed00778cc,13448
device_uplink,1788973787000000000,70b3d57ed00778cc,13449
device_uplink,1788973803000000000,70b3d57ed00778cc,13450
device_uplink,1788973819000000000,70b3d57ed00778cc,13451
device_uplink,1788973837000000000,70b3d57ed00778cc,13452
device_uplink,1788973853000000000,70b3d57ed00778cc,13453
device_uplink,1788973869000000000,70b3d57ed00778cc,13454
device_uplink,1788973885000000000,70b3d57ed00778cc,13455
device_uplink,1788973901000000000,70b3d57ed00778cc,13456
device_uplink,1788973917000000000,70b3d57ed00778cc,13457
device_uplink,1788973933000000000,70b3d57ed00778cc,13458
device_uplink,1788973951000000000,70b3d57ed00778cc,13459
device_uplink,1788973967000000000,70b3d57ed00778cc,13460
device_uplink,1788973983000000000,70b3d57ed00778cc,13461
device_uplink,1788973999000000000,70b3d57ed00778cc,13462
device_uplink,1788974015000000000,70b3d57ed00778cc,13463
device_uplink,1788974031000000000,70b3d57ed00778cc,13464
device_uplink,1788974047000000000,70b3d57ed00778cc,13465
device_uplink,1788974063000000000,70b3d57ed00778cc,13466
device_uplink,1788974079000000000,70b3d57ed00778cc,13467
device_uplink,1788974097000000000,70b3d57ed00778cc,13468
device_uplink,1788974113000000000,70b3d57ed00778cc,13469
device_uplink,1788974129000000000,70b3d57ed00778cc,13470
device_uplink,1788974145000000000,70b3d57ed00778cc,13471
device_uplink,1788974161000000000,70b3d57ed00778cc,13472
device_uplink,1788974177000000000,70b3d57ed00778cc,13473
device_uplink,1788974193000000000,70b3d57ed00778cc,13474
device_uplink,1788974209000000000,70b3d57ed00778cc,13475
device_uplink,1788974218000000000,70b3d57ed0077801,171
device_uplink,1788974227000000000,70b3d57ed00778cc,13476
device_uplink,1788974243000000000,70b3d57ed00778cc,13477
device_uplink,1788974259000000000,70b3d57ed00778cc,13478
device_uplink,1788974275000000000,70b3d57ed00778cc,13479
device_uplink,1788974291000000000,70b3d57ed00778cc,13480
device_uplink,1788974307000000000,70b3d57ed00778cc,13481
device_uplink,1788974323000000000,70b3d57ed00778cc,13482
device_uplink,1788974339000000000,70b3d57ed00778cc,13483
device_uplink,1788974357000000000,70b3d57ed00778cc,13484
device_uplink,1788974373000000000,70b3d57ed00778cc,13485
device_uplink,1788974389000000000,70b3d57ed00778cc,13486
device_uplink,1788974405000000000,70b3d57ed00778cc,13487
device_uplink,1788974421000000000,70b3d57ed00778cc,13488
device_uplink,1788974437000000000,70b3d57ed00778cc,13489
device_uplink,1788974453000000000,70b3d57ed00778cc,13490
device_uplink,1788974469000000000,70b3d57ed00778cc,13491
device_uplink,1788974487000000000,70b3d57ed00778cc,13492
device_uplink,1788974503000000000,70b3d57ed00778cc,13493
device_uplink,1788974519000000000,70b3d57ed00778cc,13494
device_uplink,1788974535000000000,70b3d57ed00778cc,13495
device_uplink,1788974551000000000,70b3d57ed00778cc,13496
device_uplink,1788974567000000000,70b3d57ed00778cc,13497
device_uplink,1788974583000000000,70b3d57ed00778cc,13498
device_uplink,1788974601000000000,70b3d57ed00778cc,13499
device_uplink,1788974617000000000,70b3d57ed00778cc,13500
device_uplink,1788974633000000000,70b3d57ed00778cc,13501
device_uplink,1788974649000000000,70b3d57ed00778cc,13502
device_uplink,1788974665000000000,70b3d57ed00778cc,13503
device_uplink,1788974681000000000,70b3d57ed00778cc,13504
device_uplink,1788974697000000000,70b3d57ed00778cc,13505
device_uplink,1788974713000000000,70b3d57ed00778cc,13506
device_uplink,1788974731000000000,70b3d57ed00778cc,13507
device_uplink,1788974747000000000,70b3d57ed00778cc,13508
device_uplink,1788974763000000000,70b3d57ed00778cc,13509
device_uplink,1788974779000000000,70b3d57ed00778cc,13510
device_uplink,1788974795000000000,70b3d57ed00778cc,13511
device_uplink,1788974813000000000,70b3d57ed00778cc,13512
device_uplink,1788974829000000000,70b3d57ed00778cc,13513
device_uplink,1788974845000000000,70b3d57ed00778cc,13514
device_uplink,1788974861000000000,70b3d57ed00778cc,13515
device_uplink,1788974877000000000,70b3d57ed00778cc,13516
device_uplink,1788974893000000000,70b3d57ed00778cc,13517
device_uplink,1788974909000000000,70b3d57ed00778cc,13518
device_uplink,1788974925000000000,70b3d57ed00778cc,13519
device_uplink,1788974943000000000,70b3d57ed00778cc,13520
device_uplink,1788974959000000000,70b3d57ed00778cc,13521
device_uplink,1788974975000000000,70b3d57ed00778cc,13522
device_uplink,1788974991000000000,70b3d57ed00778cc,13523
device_uplink,1788975007000000000,70b3d57ed00778cc,13524
device_uplink,1788975023000000000,70b3d57ed00778cc,13525
device_uplink,1788975039000000000,70b3d57ed00778cc,13526
device_uplink,1788975055000000000,70b3d57ed00778cc,13527
device_uplink,1788975073000000000,70b3d57ed00778cc,13528
device_uplink,1788975089000000000,70b3d57ed00778cc,13529
device_uplink,1788975105000000000,70b3d57ed00778cc,13530
device_uplink,1788975121000000000,70b3d57ed00778cc,13531
device_uplink,1788975126000000000,70b3d57ed0077801,172
device_uplink,1788975137000000000,70b3d57ed00778cc,13532
device_uplink,1788975153000000000,70b3d57ed00778cc,13533
device_uplink,1788975169000000000,70b3d57ed00778cc,13534
device_uplink,1788975185000000000,70b3d57ed00778cc,13535
device_uplink,1788975203000000000,70b3d57ed00778cc,13536
device_uplink,1788975219000000000,70b3d57ed00778cc,13537
device_uplink,1788975235000000000,70b3d57ed00778cc,13538
device_uplink,1788975251000000000,70b3d57ed00778cc,13539
device_uplink,1788975267000000000,70b3d57ed00778cc,13540
device_uplink,1788975283000000000,70b3d57ed00778cc,13541
device_uplink,1788975299000000000,70b3d57ed00778cc,13542
device_uplink,1788975317000000000,70b3d57ed00778cc,13543
device_uplink,1788975333000000000,70b3d57ed00778cc,13544
device_uplink,1788975349000000000,70b3d57ed00778cc,13545
device_uplink,1788975365000000000,70b3d57ed00778cc,13546
device_uplink,1788975381000000000,70b3d57ed00778cc,13547
device_uplink,1788975397000000000,70b3d57ed00778cc,13548
device_uplink,1788975413000000000,70b3d57ed00778cc,13549
device_uplink,1788975431000000000,70b3d57ed00778cc,13550
device_uplink,1788975447000000000,70b3d57ed00778cc,13551
device_uplink,1788975463000000000,70b3d57ed00778cc,13552
device_uplink,1788975479000000000,70b3d57ed00778cc,13553
device_uplink,1788975495000000000,70b3d57ed00778cc,13554
device_uplink,1788975511000000000,70b3d57ed00778cc,13555
device_uplink,1788975527000000000,70b3d57ed00778cc,13556
device_uplink,1788975545000000000,70b3d57ed00778cc,13557
device_uplink,1788975561000000000,70b3d57ed00778cc,13558
device_uplink,1788975577000000000,70b3d57ed00778cc,13559
device_uplink,1788975593000000000,70b3d57ed00778cc,13560
device_uplink,1788975609000000000,70b3d57ed00778cc,13561
device_uplink,1788975625000000000,70b3d57ed00778cc,13562
device_uplink,1788975641000000000,70b3d57ed00778cc,13563
device_uplink,1788975659000000000,70b3d57ed00778cc,13564
device_uplink,1788975675000000000,70b3d57ed00778cc,13565
device_uplink,1788975691000000000,70b3d57ed00778cc,13566
device_uplink,1788975707000000000,70b3d57ed00778cc,13567
device_uplink,1788975723000000000,70b3d57ed00778cc,13568
device_uplink,1788975739000000000,70b3d57ed00778cc,13569
device_uplink,1788975755000000000,70b3d57ed00778cc,13570
device_uplink,1788975771000000000,70b3d57ed00778cc,13571
device_uplink,1788975789000000000,70b3d57ed00778cc,13572
device_uplink,1788975805000000000,70b3d57ed00778cc,13573
device_uplink,1788975821000000000,70b3d57ed00778cc,13574
device_uplink,1788975837000000000,70b3d57ed00778cc,13575
device_uplink,1788975853000000000,70b3d57ed00778cc,13576
device_uplink,1788975869000000000,70b3d57ed00778cc,13577
device_uplink,1788975885000000000,70b3d57ed00778cc,13578
device_uplink,1788975903000000000,70b3d57ed00778cc,13579
device_uplink,1788975919000000000,70b3d57ed00778cc,13580
device_uplink,1788975935000000000,70b3d57ed00778cc,13581
device_uplink,1788975951000000000,70b3d57ed00778cc,13582
device_uplink,1788975967000000000,70b3d57ed00778cc,13583
device_uplink,1788975983000000000,70b3d57ed00778cc,13584
device_uplink,1788975999000000000,70b3d57ed00778cc,13585
device_uplink,1788976015000000000,70b3d57ed00778cc,13586
device_uplink,1788976033000000000,70b3d57ed00778cc,13587
device_uplink,1788976034000000000,70b3d57ed0077801,173
device_uplink,1788976049000000000,70b3d57ed00778cc,13588
device_uplink,1788976065000000000,70b3d57ed00778cc,13589
device_uplink,1788976081000000000,70b3d57ed00778cc,13590
device_uplink,1788976097000000000,70b3d57ed00778cc,13591
device_uplink,1788976113000000000,70b3d57ed00778cc,13592
device_uplink,1788976129000000000,70b3d57ed00778cc,13593
device_uplink,1788976147000000000,70b3d57ed00778cc,13594
device_uplink,1788976163000000000,70b3d57ed00778cc,13595
device_uplink,1788976179000000000,70b3d57ed00778cc,13596
device_uplink,1788976195000000000,70b3d57ed00778cc,13597
device_uplink,1788976211000000000,70b3d57ed00778cc,13598
device_uplink,1788976227000000000,70b3d57ed00778cc,13599
device_uplink,1788976243000000000,70b3d57ed00778cc,13600
device_uplink,1788976259000000000,70b3d57ed00778cc,13601
device_uplink,1788976277000000000,70b3d57ed00778cc,13602
device_uplink,1788976293000000000,70b3d57ed00778cc,13603
device_uplink,1788976309000000000,70b3d57ed00778cc,13604
device_uplink,1788976325000000000,70b3d57ed00778cc,13605
device_uplink,1788976341000000000,70b3d57ed00778cc,13606
device_uplink,1788976359000000000,70b3d57ed00778cc,13607
device_uplink,1788976375000000000,70b3d57ed00778cc,13608
device_uplink,1788976391000000000,70b3d57ed00778cc,13609
device_uplink,1788976407000000000,70b3d57ed00778cc,13610
device_uplink,1788976423000000000,70b3d57ed00778cc,13611
device_uplink,1788976439000000000,70b3d57ed00778cc,13612
device_uplink,1788976455000000000,70b3d57ed00778cc,13613
device_uplink,1788976473000000000,70b3d57ed00778cc,13614
device_uplink,1788976489000000000,70b3d57ed00778cc,13615
device_uplink,1788976521000000000,70b3d57ed00778cc,13617
device_uplink,1788976537000000000,70b3d57ed00778cc,13618
device_uplink,1788976553000000000,70b3d57ed00778cc,13619
device_uplink,1788976569000000000,70b3d57ed00778cc,13620
device_uplink,1788976585000000000,70b3d57ed00778cc,13621
device_uplink,1788976603000000000,70b3d57ed00778cc,13622
device_uplink,1788976619000000000,70b3d57ed00778cc,13623
device_uplink,1788976635000000000,70b3d57ed00778cc,13624
device_uplink,1788976651000000000,70b3d57ed00778cc,13625
device_uplink,1788976667000000000,70b3d57ed00778cc,13626
device_uplink,1788976685000000000,70b3d57ed00778cc,13627
device_uplink,1788976701000000000,70b3d57ed00778cc,13628
device_uplink,1788976717000000000,70b3d57ed00778cc,13629
device_uplink,1788976733000000000,70b3d57ed00778cc,13630
device_uplink,1788976749000000000,70b3d57ed00778cc,13631
device_uplink,1788976765000000000,70b3d57ed00778cc,13632
device_uplink,1788976781000000000,70b3d57ed00778cc,13633
device_uplink,1788976797000000000,70b3d57ed00778cc,13634
device_uplink,1788976815000000000,70b3d57ed00778cc,13635
device_uplink,1788976831000000000,70b3d57ed00778cc,13636
device_uplink,1788976847000000000,70b3d57ed00778cc,13637
device_uplink,1788976863000000000,70b3d57ed00778cc,13638
device_uplink,1788976879000000000,70b3d57ed00778cc,13639
device_uplink,1788976895000000000,70b3d57ed00778cc,13640
device_uplink,1788976911000000000,70b3d57ed00778cc,13641
device_uplink,1788976927000000000,70b3d57ed00778cc,13642
device_uplink,1788976943000000000,70b3d57ed0077801,174
device_uplink,1788976943000000000,70b3d57ed00778cc,13643
device_uplink,1788976961000000000,70b3d57ed00778cc,13644
device_uplink,1788976977000000000,70b3d57ed00778cc,13645
device_uplink,1788976993000000000,70b3d57ed00778cc,13646
device_uplink,1788977009000000000,70b3d57ed00778cc,13647
device_uplink,1788977025000000000,70b3d57ed00778cc,13648
device_uplink,1788977041000000000,70b3d57ed00778cc,13649
device_uplink,1788977057000000000,70b3d57ed00778cc,13650
device_uplink,1788977075000000000,70b3d57ed00778cc,13651
device_uplink,1788977091000000000,70b3d57ed00778cc,13652
device_uplink,1788977107000000000,70b3d57ed00778cc,13653
device_uplink,1788977123000000000,70b3d57ed00778cc,13654
device_uplink,1788977139000000000,70b3d57ed00778cc,13655
device_uplink,1788977155000000000,70b3d57ed00778cc,13656
device_uplink,1788977171000000000,70b3d57ed00778cc,13657
device_uplink,1788977187000000000,70b3d57ed00778cc,13658
device_uplink,1788977203000000000,70b3d57ed00778cc,13659
device_uplink,1788977221000000000,70b3d57ed00778cc,13660
device_uplink,1788977237000000000,70b3d57ed00778cc,13661
device_uplink,1788977253000000000,70b3d57ed00778cc,13662
device_uplink,1788977269000000000,70b3d57ed00778cc,13663
device_uplink,1788977285000000000,70b3d57ed00778cc,13664
device_uplink,1788977301000000000,70b3d57ed00778cc,13665
device_uplink,1788977317000000000,70b3d57ed00778cc,13666
device_uplink,1788977335000000000,70b3d57ed00778cc,13667
device_uplink,1788977351000000000,70b3d57ed00778cc,13668
device_uplink,1788977367000000000,70b3d57ed00778cc,13669
device_uplink,1788977383000000000,70b3d57ed00778cc,13670
device_uplink,1788977399000000000,70b3d57ed00778cc,13671
device_uplink,1788977415000000000,70b3d57ed00778cc,13672
device_uplink,1788977431000000000,70b3d57ed00778cc,13673
device_uplink,1788977447000000000,70b3d57ed00778cc,13674
device_uplink,1788977463000000000,70b3d57ed00778cc,13675
device_uplink,1788977481000000000,70b3d57ed00778cc,13676
device_uplink,1788977497000000000,70b3d57ed00778cc,13677
device_uplink,1788977513000000000,70b3d57ed00778cc,13678
device_uplink,1788977529000000000,70b3d57ed00778cc,13679
device_uplink,1788977545000000000,70b3d57ed00778cc,13680
device_uplink,1788977561000000000,70b3d57ed00778cc,13681
device_uplink,1788977577000000000,70b3d57ed00778cc,13682
device_uplink,1788977593000000000,70b3d57ed00778cc,13683
device_uplink,1788977611000000000,70b3d57ed00778cc,13684
device_uplink,1788977627000000000,70b3d57ed00778cc,13685
device_uplink,1788977643000000000,70b3d57ed00778cc,13686
device_uplink,1788977659000000000,70b3d57ed00778cc,13687
device_uplink,1788977675000000000,70b3d57ed00778cc,13688
device_uplink,1788977691000000000,70b3d57ed00778cc,13689
device_uplink,1788977707000000000,70b3d57ed00778cc,13690
device_uplink,1788977723000000000,70b3d57ed00778cc,13691
device_uplink,1788977741000000000,70b3d57ed00778cc,13692
device_uplink,1788977757000000000,70b3d57ed00778cc,13693
device_uplink,1788977773000000000,70b3d57ed00778cc,13694
device_uplink,1788977789000000000,70b3d57ed00778cc,13695
device_uplink,1788977805000000000,70b3d57ed00778cc,13696
device_uplink,1788977821000000000,70b3d57ed00778cc,13697
device_uplink,1788977837000000000,70b3d57ed00778cc,13698
device_uplink,1788977851000000000,70b3d57ed0077801,175
device_uplink,1788977853000000000,70b3d57ed00778cc,13699
device_uplink,1788977871000000000,70b3d57ed00778cc,13700
device_uplink,1788977887000000000,70b3d57ed00778cc,13701
device_uplink,1788977903000000000,70b3d57ed00778cc,13702
device_uplink,1788977919000000000,70b3d57ed00778cc,13703
device_uplink,1788977935000000000,70b3d57ed00778cc,13704
device_uplink,1788977951000000000,70b3d57ed00778cc,13705
device_uplink,1788977967000000000,70b3d57ed00778cc,13706
device_uplink,1788977983000000000,70b3d57ed00778cc,13707
device_uplink,1788978001000000000,70b3d57ed00778cc,13708
device_uplink,1788978017000000000,70b3d57ed00778cc,13709
device_uplink,1788978033000000000,70b3d57ed00778cc,13710
device_uplink,1788978049000000000,70b3d57ed00778cc,13711
device_uplink,1788978065000000000,70b3d57ed00778cc,13712
device_uplink,1788978081000000000,70b3d57ed00778cc,13713
device_uplink,1788978097000000000,70b3d57ed00778cc,13714
device_uplink,1788978113000000000,70b3d57ed00778cc,13715
device_uplink,1788978131000000000,70b3d57ed00778cc,13716
device_uplink,1788978147000000000,70b3d57ed00778cc,13717
device_uplink,1788978163000000000,70b3d57ed00778cc,13718
device_uplink,1788978179000000000,70b3d57ed00778cc,13719
device_uplink,1788978195000000000,70b3d57ed00778cc,13720
device_uplink,1788978211000000000,70b3d57ed00778cc,13721
device_uplink,1788978227000000000,70b3d57ed00778cc,13722
device_uplink,1788978243000000000,70b3d57ed00778cc,13723
device_uplink,1788978261000000000,70b3d57ed00778cc,13724
device_uplink,1788978277000000000,70b3d57ed00778cc,13725
device_uplink,1788978293000000000,70b3d57ed00778cc,13726
device_uplink,1788978309000000000,70b3d57ed00778cc,13727
device_uplink,1788978325000000000,70b3d57ed00778cc,13728
device_uplink,1788978343000000000,70b3d57ed00778cc,13729
device_uplink,1788978359000000000,70b3d57ed00778cc,13730
device_uplink,1788978375000000000,70b3d57ed00778cc,13731
device_uplink,1788978391000000000,70b3d57ed00778cc,13732
device_uplink,1788978407000000000,70b3d57ed00778cc,13733
device_uplink,1788978423000000000,70b3d57ed00778cc,13734
device_uplink,1788978439000000000,70b3d57ed00778cc,13735
device_uplink,1788978455000000000,70b3d57ed00778cc,13736
device_uplink,1788978471000000000,70b3d57ed00778cc,13737
device_uplink,1788978489000000000,70b3d57ed00778cc,13738
device_uplink,1788978505000000000,70b3d57ed00778cc,13739
device_uplink,1788978521000000000,70b3d57ed00778cc,13740
device_uplink,1788978537000000000,70b3d57ed00778cc,13741
device_uplink,1788978553000000000,70b3d57ed00778cc,13742
device_uplink,1788978569000000000,70b3d57ed00778cc,13743
device_uplink,1788978587000000000,70b3d57ed00778cc,13744
device_uplink,1788978603000000000,70b3d57ed00778cc,13745
device_uplink,1788978619000000000,70b3d57ed00778cc,13746
device_uplink,1788978635000000000,70b3d57ed00778cc,13747
device_uplink,1788978651000000000,70b3d57ed00778cc,13748
device_uplink,1788978667000000000,70b3d57ed00778cc,13749
device_uplink,1788978683000000000,70b3d57ed00778cc,13750
device_uplink,1788978699000000000,70b3d57ed00778cc,13751
device_uplink,1788978715000000000,70b3d57ed00778cc,13752
device_uplink,1788978733000000000,70b3d57ed00778cc,13753
device_uplink,1788978749000000000,70b3d57ed00778cc,13754
device_uplink,1788978760000000000,70b3d57ed0077801,176
device_uplink,1788978765000000000,70b3d57ed00778cc,13755
device_uplink,1788978781000000000,70b3d57ed00778cc,13756
device_uplink,1788978797000000000,70b3d57ed00778cc,13757
device_uplink,1788978813000000000,70b3d57ed00778cc,13758
device_uplink,1788978829000000000,70b3d57ed00778cc,13759
device_uplink,1788978845000000000,70b3d57ed00778cc,13760
device_uplink,1788978863000000000,70b3d57ed00778cc,13761
device_uplink,1788978879000000000,70b3d57ed00778cc,13762
device_uplink,1788978895000000000,70b3d57ed00778cc,13763
device_uplink,1788978911000000000,70b3d57ed00778cc,13764
device_uplink,1788978927000000000,70b3d57ed00778cc,13765
device_uplink,1788978943000000000,70b3d57ed00778cc,13766
device_uplink,1788978959000000000,70b3d57ed00778cc,13767
device_uplink,1788978975000000000,70b3d57ed00778cc,13768
device_uplink,1788978991000000000,70b3d57ed00778cc,13769
device_uplink,1788979009000000000,70b3d57ed00778cc,13770
device_uplink,1788979025000000000,70b3d57ed00778cc,13771
device_uplink,1788979041000000000,70b3d57ed00778cc,13772
device_uplink,1788979057000000000,70b3d57ed00778cc,13773
device_uplink,1788979073000000000,70b3d57ed00778cc,13774
device_uplink,1788979089000000000,70b3d57ed00778cc,13775
device_uplink,1788979105000000000,70b3d57ed00778cc,13776
device_uplink,1788979121000000000,70b3d57ed00778cc,13777
device_uplink,1788979139000000000,70b3d57ed00778cc,13778
device_uplink,1788979155000000000,70b3d57ed00778cc,13779
device_uplink,1788979171000000000,70b3d57ed00778cc,13780
device_uplink,1788979187000000000,70b3d57ed00778cc,13781
device_uplink,1788979203000000000,70b3d57ed00778cc,13782
device_uplink,1788979219000000000,70b3d57ed00778cc,13783
device_uplink,1788979235000000000,70b3d57ed00778cc,13784
device_uplink,1788979251000000000,70b3d57ed00778cc,13785
device_uplink,1788979269000000000,70b3d57ed00778cc,13786
device_uplink,1788979285000000000,70b3d57ed00778cc,13787
device_uplink,1788979301000000000,70b3d57ed00778cc,13788
device_uplink,1788979317000000000,70b3d57ed00778cc,13789
device_uplink,1788979333000000000,70b3d57ed00778cc,13790
device_uplink,1788979349000000000,70b3d57ed00778cc,13791
device_uplink,1788979365000000000,70b3d57ed00778cc,13792
device_uplink,1788979383000000000,70b3d57ed00778cc,13793
device_uplink,1788979399000000000,70b3d57ed00778cc,13794
device_uplink,1788979415000000000,70b3d57ed00778cc,13795
device_uplink,1788979431000000000,70b3d57ed00778cc,13796
device_uplink,1788979447000000000,70b3d57ed00778cc,13797
device_uplink,1788979463000000000,70b3d57ed00778cc,13798
device_uplink,1788979479000000000,70b3d57ed00778cc,13799
device_uplink,1788979495000000000,70b3d57ed00778cc,13800
device_uplink,1788979511000000000,70b3d57ed00778cc,13801
device_uplink,1788979529000000000,70b3d57ed00778cc,13802
device_uplink,1788979545000000000,70b3d57ed00778cc,13803
device_uplink,1788979561000000000,70b3d57ed00778cc,13804
device_uplink,1788979577000000000,70b3d57ed00778cc,13805
device_uplink,1788979593000000000,70b3d57ed00778cc,13806
device_uplink,1788979609000000000,70b3d57ed00778cc,13807
device_uplink,1788979625000000000,70b3d57ed00778cc,13808
device_uplink,1788979643000000000,70b3d57ed00778cc,13809
device_uplink,1788979659000000000,70b3d57ed00778cc,13810
device_uplink,1788979668000000000,70b3d57ed0077801,177
device_uplink,1788979675000000000,70b3d57ed00778cc,13811
device_uplink,1788979691000000000,70b3d57ed00778cc,13812
device_uplink,1788979707000000000,70b3d57ed00778cc,13813
device_uplink,1788979723000000000,70b3d57ed00778cc,13814
device_uplink,1788979739000000000,70b3d57ed00778cc,13815
device_uplink,1788979755000000000,70b3d57ed00778cc,13816
device_uplink,1788979771000000000,70b3d57ed00778cc,13817
device_uplink,1788979789000000000,70b3d57ed00778cc,13818
device_uplink,1788979805000000000,70b3d57ed00778cc,13819
device_uplink,1788979821000000000,70b3d57ed00778cc,13820
device_uplink,1788979837000000000,70b3d57ed00778cc,13821
device_uplink,1788979853000000000,70b3d57ed00778cc,13822
device_uplink,1788979869000000000,70b3d57ed00778cc,13823
device_uplink,1788979885000000000,70b3d57ed00778cc,13824
device_uplink,1788979901000000000,70b3d57ed00778cc,13825
device_uplink,1788979919000000000,70b3d57ed00778cc,13826
device_uplink,1788979935000000000,70b3d57ed00778cc,13827
device_uplink,1788979951000000000,70b3d57ed00778cc,13828
device_uplink,1788979967000000000,70b3d57ed00778cc,13829
device_uplink,1788979983000000000,70b3d57ed00778cc,13830
device_uplink,1788979999000000000,70b3d57ed00778cc,13831
device_uplink,1788980015000000000,70b3d57ed00778cc,13832
device_uplink,1788980031000000000,70b3d57ed00778cc,13833
device_uplink,1788980049000000000,70b3d57ed00778cc,13834
device_uplink,1788980065000000000,70b3d57ed00778cc,13835
device_uplink,1788980081000000000,70b3d57ed00778cc,13836
device_uplink,1788980097000000000,70b3d57ed00778cc,13837
device_uplink,1788980113000000000,70b3d57ed00778cc,13838
device_uplink,1788980129000000000,70b3d57ed00778cc,13839
device_uplink,1788980145000000000,70b3d57ed00778cc,13840
device_uplink,1788980161000000000,70b3d57ed00778cc,13841
device_uplink,1788980179000000000,70b3d57ed00778cc,13842
device_uplink,1788980195000000000,70b3d57ed00778cc,13843
device_uplink,1788980211000000000,70b3d57ed00778cc,13844
device_uplink,1788980227000000000,70b3d57ed00778cc,13845
device_uplink,1788980243000000000,70b3d57ed00778cc,13846
device_uplink,1788980259000000000,70b3d57ed00778cc,13847
device_uplink,1788980275000000000,70b3d57ed00778cc,13848
device_uplink,1788980293000000000,70b3d57ed00778cc,13849
device_uplink,1788980309000000000,70b3d57ed00778cc,13850
device_uplink,1788980325000000000,70b3d57ed00778cc,13851
device_uplink,1788980341000000000,70b3d57ed00778cc,13852
device_uplink,1788980357000000000,70b3d57ed00778cc,13853
device_uplink,1788980373000000000,70b3d57ed00778cc,13854
device_uplink,1788980389000000000,70b3d57ed00778cc,13855
device_uplink,1788980407000000000,70b3d57ed00778cc,13856
device_uplink,1788980423000000000,70b3d57ed00778cc,13857
device_uplink,1788980439000000000,70b3d57ed00778cc,13858
device_uplink,1788980455000000000,70b3d57ed00778cc,13859
device_uplink,1788980471000000000,70b3d57ed00778cc,13860
device_uplink,1788980487000000000,70b3d57ed00778cc,13861
device_uplink,1788980503000000000,70b3d57ed00778cc,13862
device_uplink,1788980519000000000,70b3d57ed00778cc,13863
device_uplink,1788980535000000000,70b3d57ed00778cc,13864
device_uplink,1788980553000000000,70b3d57ed00778cc,13865
device_uplink,1788980569000000000,70b3d57ed00778cc,13866
device_uplink,1788980577000000000,70b3d57ed0077801,178
device_uplink,1788980585000000000,70b3d57ed00778cc,13867
device_uplink,1788980601000000000,70b3d57ed00778cc,13868
device_uplink,1788980617000000000,70b3d57ed00778cc,13869
device_uplink,1788980633000000000,70b3d57ed00778cc,13870
device_uplink,1788980649000000000,70b3d57ed00778cc,13871
device_uplink,1788980665000000000,70b3d57ed00778cc,13872
device_uplink,1788980683000000000,70b3d57ed00778cc,13873
device_uplink,1788980699000000000,70b3d57ed00778cc,13874
device_uplink,1788980715000000000,70b3d57ed00778cc,13875
device_uplink,1788980731000000000,70b3d57ed00778cc,13876
device_uplink,1788980747000000000,70b3d57ed00778cc,13877
device_uplink,1788980763000000000,70b3d57ed00778cc,13878
device_uplink,1788980779000000000,70b3d57ed00778cc,13879
device_uplink,1788980795000000000,70b3d57ed00778cc,13880
device_uplink,1788980813000000000,70b3d57ed00778cc,13881
device_uplink,1788980829000000000,70b3d57ed00778cc,13882
device_uplink,1788980845000000000,70b3d57ed00778cc,13883
device_uplink,1788980861000000000,70b3d57ed00778cc,13884
device_uplink,1788980877000000000,70b3d57ed00778cc,13885
device_uplink,1788980893000000000,70b3d57ed00778cc,13886
device_uplink,1788980909000000000,70b3d57ed00778cc,13887
device_uplink,1788980925000000000,70b3d57ed00778cc,13888
device_uplink,1788980941000000000,70b3d57ed00778cc,13889
device_uplink,1788980959000000000,70b3d57ed00778cc,13890
device_uplink,1788980975000000000,70b3d57ed00778cc,13891
device_uplink,1788980991000000000,70b3d57ed00778cc,13892
device_uplink,1788981007000000000,70b3d57ed00778cc,13893
device_uplink,1788981023000000000,70b3d57ed00778cc,13894
device_uplink,1788981039000000000,70b3d57ed00778cc,13895
device_uplink,1788981055000000000,70b3d57ed00778cc,13896
device_uplink,1788981071000000000,70b3d57ed00778cc,13897
device_uplink,1788981089000000000,70b3d57ed00778cc,13898
device_uplink,1788981105000000000,70b3d57ed00778cc,13899
device_uplink,1788981121000000000,70b3d57ed00778cc,13900
device_uplink,1788981137000000000,70b3d57ed00778cc,13901
device_uplink,1788981153000000000,70b3d57ed00778cc,13902
device_uplink,1788981169000000000,70b3d57ed00778cc,13903
device_uplink,1788981185000000000,70b3d57ed00778cc,13904
device_uplink,1788981201000000000,70b3d57ed00778cc,13905
device_uplink,1788981219000000000,70b3d57ed00778cc,13906
device_uplink,1788981235000000000,70b3d57ed00778cc,13907
device_uplink,1788981251000000000,70b3d57ed00778cc,13908
device_uplink,1788981267000000000,70b3d57ed00778cc,13909
device_uplink,1788981283000000000,70b3d57ed00778cc,13910
device_uplink,1788981299000000000,70b3d57ed00778cc,13911
device_uplink,1788981315000000000,70b3d57ed00778cc,13912
device_uplink,1788981331000000000,70b3d57ed00778cc,13913
device_uplink,1788981349000000000,70b3d57ed00778cc,13914
device_uplink,1788981365000000000,70b3d57ed00778cc,13915
device_uplink,1788981381000000000,70b3d57ed00778cc,13916
device_uplink,1788981397000000000,70b3d57ed00778cc,13917
device_uplink,1788981413000000000,70b3d57ed00778cc,13918
device_uplink,1788981429000000000,70b3d57ed00778cc,13919
device_uplink,1788981445000000000,70b3d57ed00778cc,13920
device_uplink,1788981461000000000,70b3d57ed00778cc,13921
device_uplink,1788981479000000000,70b3d57ed00778cc,13922
device_uplink,1788981485000000000,70b3d57ed0077801,179
device_uplink,1788981495000000000,70b3d57ed00778cc,13923
device_uplink,1788981511000000000,70b3d57ed00778cc,13924
device_uplink,1788981527000000000,70b3d57ed00778cc,13925
device_uplink,1788981543000000000,70b3d57ed00778cc,13926
device_uplink,1788981559000000000,70b3d57ed00778cc,13927
device_uplink,1788981575000000000,70b3d57ed00778cc,13928
device_uplink,1788981591000000000,70b3d57ed00778cc,13929
device_uplink,1788981609000000000,70b3d57ed00778cc,13930
device_uplink,1788981625000000000,70b3d57ed00778cc,13931
device_uplink,1788981641000000000,70b3d57ed00778cc,13932
device_uplink,1788981657000000000,70b3d57ed00778cc,13933
device_uplink,1788981673000000000,70b3d57ed00778cc,13934
device_uplink,1788981689000000000,70b3d57ed00778cc,13935
device_uplink,1788981705000000000,70b3d57ed00778cc,13936
device_uplink,1788981721000000000,70b3d57ed00778cc,13937
device_uplink,1788981739000000000,70b3d57ed00778cc,13938
device_uplink,1788981755000000000,70b3d57ed00778cc,13939
device_uplink,1788981771000000000,70b3d57ed00778cc,13940
device_uplink,1788981787000000000,70b3d57ed00778cc,13941
device_uplink,1788981803000000000,70b3d57ed00778cc,13942
device_uplink,1788981821000000000,70b3d57ed00778cc,13943
device_uplink,1788981837000000000,70b3d57ed00778cc,13944
device_uplink,1788981853000000000,70b3d57ed00778cc,13945
device_uplink,1788981869000000000,70b3d57ed00778cc,13946
device_uplink,1788981885000000000,70b3d57ed00778cc,13947
device_uplink,1788981901000000000,70b3d57ed00778cc,13948
device_uplink,1788981917000000000,70b3d57ed00778cc,13949
device_uplink,1788981935000000000,70b3d57ed00778cc,13950
device_uplink,1788981951000000000,70b3d57ed00778cc,13951
device_uplink,1788981967000000000,70b3d57ed00778cc,13952
device_uplink,1788981983000000000,70b3d57ed00778cc,13953
device_uplink,1788981999000000000,70b3d57ed00778cc,13954
device_uplink,1788982015000000000,70b3d57ed00778cc,13955
device_uplink,1788982031000000000,70b3d57ed00778cc,13956
device_uplink,1788982049000000000,70b3d57ed00778cc,13957
device_uplink,1788982065000000000,70b3d57ed00778cc,13958
device_uplink,1788982081000000000,70b3d57ed00778cc,13959
device_uplink,1788982097000000000,70b3d57ed00778cc,13960
device_uplink,1788982113000000000,70b3d57ed00778cc,13961
device_uplink,1788982129000000000,70b3d57ed00778cc,13962
device_uplink,1788982145000000000,70b3d57ed00778cc,13963
device_uplink,1788982161000000000,70b3d57ed00778cc,13964
device_uplink,1788982179000000000,70b3d57ed00778cc,13965
device_uplink,1788982195000000000,70b3d57ed00778cc,13966
device_uplink,1788982211000000000,70b3d57ed00778cc,13967
device_uplink,1788982227000000000,70b3d57ed00778cc,13968
device_uplink,1788982243000000000,70b3d57ed00778cc,13969
device_uplink,1788982259000000000,70b3d57ed00778cc,13970
device_uplink,1788982275000000000,70b3d57ed00778cc,13971
device_uplink,1788982291000000000,70b3d57ed00778cc,13972
device_uplink,1788982307000000000,70b3d57ed00778cc,13973
device_uplink,1788982325000000000,70b3d57ed00778cc,13974
device_uplink,1788982341000000000,70b3d57ed00778cc,13975
device_uplink,1788982357000000000,70b3d57ed00778cc,13976
device_uplink,1788982373000000000,70b3d57ed00778cc,13977
device_uplink,1788982389000000000,70b3d57ed00778cc,13978
device_uplink,1788982393000000000,70b3d57ed0077801,180
device_uplink,1788982405000000000,70b3d57ed00778cc,13979
device_uplink,1788982423000000000,70b3d57ed00778cc,13980
device_uplink,1788982439000000000,70b3d57ed00778cc,13981
device_uplink,1788982455000000000,70b3d57ed00778cc,13982
device_uplink,1788982471000000000,70b3d57ed00778cc,13983
device_uplink,1788982487000000000,70b3d57ed00778cc,13984
device_uplink,1788982503000000000,70b3d57ed00778cc,13985
device_uplink,1788982519000000000,70b3d57ed00778cc,13986
device_uplink,1788982535000000000,70b3d57ed00778cc,13987
device_uplink,1788982553000000000,70b3d57ed00778cc,13988
device_uplink,1788982569000000000,70b3d57ed00778cc,13989
device_uplink,1788982585000000000,70b3d57ed00778cc,13990
device_uplink,1788982601000000000,70b3d57ed00778cc,13991
device_uplink,1788982617000000000,70b3d57ed00778cc,13992
device_uplink,1788982633000000000,70b3d57ed00778cc,13993
device_uplink,1788982649000000000,70b3d57ed00778cc,13994
device_uplink,1788982667000000000,70b3d57ed00778cc,13995
device_uplink,1788982683000000000,70b3d57ed00778cc,13996
device_uplink,1788982699000000000,70b3d57ed00778cc,13997
device_uplink,1788982715000000000,70b3d57ed00778cc,13998
device_uplink,1788982731000000000,70b3d57ed00778cc,13999
device_uplink,1788982747000000000,70b3d57ed00778cc,14000
device_uplink,1788982763000000000,70b3d57ed00778cc,14001
device_uplink,1788982779000000000,70b3d57ed00778cc,14002
device_uplink,1788982795000000000,70b3d57ed00778cc,14003
device_uplink,1788982813000000000,70b3d57ed00778cc,14004
device_uplink,1788982829000000000,70b3d57ed00778cc,14005
device_uplink,1788982845000000000,70b3d57ed00778cc,14006
device_uplink,1788982861000000000,70b3d57ed00778cc,14007
device_uplink,1788982877000000000,70b3d57ed00778cc,14008
device_uplink,1788982893000000000,70b3d57ed00778cc,14009
device_uplink,1788982911000000000,70b3d57ed00778cc,14010
device_uplink,1788982927000000000,70b3d57ed00778cc,14011
device_uplink,1788982943000000000,70b3d57ed00778cc,14012
device_uplink,1788982959000000000,70b3d57ed00778cc,14013
device_uplink,1788982975000000000,70b3d57ed00778cc,14014
device_uplink,1788982991000000000,70b3d57ed00778cc,14015
device_uplink,1788983007000000000,70b3d57ed00778cc,14016
device_uplink,1788983023000000000,70b3d57ed00778cc,14017
device_uplink,1788983041000000000,70b3d57ed00778cc,14018
device_uplink,1788983057000000000,70b3d57ed00778cc,14019
device_uplink,1788983073000000000,70b3d57ed00778cc,14020
device_uplink,1788983089000000000,70b3d57ed00778cc,14021
device_uplink,1788983105000000000,70b3d57ed00778cc,14022
device_uplink,1788983121000000000,70b3d57ed00778cc,14023
device_uplink,1788983137000000000,70b3d57ed00778cc,14024
device_uplink,1788983153000000000,70b3d57ed00778cc,14025
device_uplink,1788983169000000000,70b3d57ed00778cc,14026
device_uplink,1788983187000000000,70b3d57ed00778cc,14027
device_uplink,1788983203000000000,70b3d57ed00778cc,14028
device_uplink,1788983219000000000,70b3d57ed00778cc,14029
device_uplink,1788983235000000000,70b3d57ed00778cc,14030
device_uplink,1788983251000000000,70b3d57ed00778cc,14031
device_uplink,1788983267000000000,70b3d57ed00778cc,14032
device_uplink,1788983283000000000,70b3d57ed00778cc,14033
device_uplink,1788983299000000000,70b3d57ed00778cc,14034
device_uplink,1788983302000000000,70b3d57ed0077801,181
device_uplink,1788983315000000000,70b3d57ed00778cc,14035
device_uplink,1788983333000000000,70b3d57ed00778cc,14036
device_uplink,1788983349000000000,70b3d57ed00778cc,14037
device_uplink,1788983365000000000,70b3d57ed00778cc,14038
device_uplink,1788983381000000000,70b3d57ed00778cc,14039
device_uplink,1788983397000000000,70b3d57ed00778cc,14040
device_uplink,1788983413000000000,70b3d57ed00778cc,14041
device_uplink,1788983429000000000,70b3d57ed00778cc,14042
device_uplink,1788983447000000000,70b3d57ed00778cc,14043
device_uplink,1788983463000000000,70b3d57ed00778cc,14044
device_uplink,1788983479000000000,70b3d57ed00778cc,14045
device_uplink,1788983495000000000,70b3d57ed00778cc,14046
device_uplink,1788983511000000000,70b3d57ed00778cc,14047
device_uplink,1788983527000000000,70b3d57ed00778cc,14048
device_uplink,1788983543000000000,70b3d57ed00778cc,14049
device_uplink,1788983577000000000,70b3d57ed00778cc,14051
device_uplink,1788983593000000000,70b3d57ed00778cc,14052
device_uplink,1788983609000000000,70b3d57ed00778cc,14053
device_uplink,1788983625000000000,70b3d57ed00778cc,14054
device_uplink,1788983641000000000,70b3d57ed00778cc,14055
device_uplink,1788983657000000000,70b3d57ed00778cc,14056
device_uplink,1788983673000000000,70b3d57ed00778cc,14057
device_uplink,1788983689000000000,70b3d57ed00778cc,14058
device_uplink,1788983705000000000,70b3d57ed00778cc,14059
device_uplink,1788983723000000000,70b3d57ed00778cc,14060
device_uplink,1788983739000000000,70b3d57ed00778cc,14061
device_uplink,1788983755000000000,70b3d57ed00778cc,14062
device_uplink,1788983771000000000,70b3d57ed00778cc,14063
device_uplink,1788983787000000000,70b3d57ed00778cc,14064
device_uplink,1788983803000000000,70b3d57ed00778cc,14065
device_uplink,1788983819000000000,70b3d57ed00778cc,14066
device_uplink,1788983837000000000,70b3d57ed00778cc,14067
device_uplink,1788983853000000000,70b3d57ed00778cc,14068
device_uplink,1788983869000000000,70b3d57ed00778cc,14069
device_uplink,1788983885000000000,70b3d57ed00778cc,14070
device_uplink,1788983901000000000,70b3d57ed00778cc,14071
device_uplink,1788983917000000000,70b3d57ed00778cc,14072
device_uplink,1788983933000000000,70b3d57ed00778cc,14073
device_uplink,1788983949000000000,70b3d57ed00778cc,14074
device_uplink,1788983967000000000,70b3d57ed00778cc,14075
device_uplink,1788983983000000000,70b3d57ed00778cc,14076
device_uplink,1788983999000000000,70b3d57ed00778cc,14077
device_uplink,1788984015000000000,70b3d57ed00778cc,14078
device_uplink,1788984031000000000,70b3d57ed00778cc,14079
device_uplink,1788984047000000000,70b3d57ed00778cc,14080
device_uplink,1788984063000000000,70b3d57ed00778cc,14081
device_uplink,1788984079000000000,70b3d57ed00778cc,14082
device_uplink,1788984095000000000,70b3d57ed00778cc,14083
device_uplink,1788984113000000000,70b3d57ed00778cc,14084
device_uplink,1788984129000000000,70b3d57ed00778cc,14085
device_uplink,1788984145000000000,70b3d57ed00778cc,14086
device_uplink,1788984161000000000,70b3d57ed00778cc,14087
device_uplink,1788984177000000000,70b3d57ed00778cc,14088
device_uplink,1788984193000000000,70b3d57ed00778cc,14089
device_uplink,1788984210000000000,70b3d57ed0077801,182
device_uplink,1788984211000000000,70b3d57ed00778cc,14090
device_uplink,1788984227000000000,70b3d57ed00778cc,14091
device_uplink,1788984243000000000,70b3d57ed00778cc,14092
device_uplink,1788984259000000000,70b3d57ed00778cc,14093
device_uplink,1788984275000000000,70b3d57ed00778cc,14094
device_uplink,1788984291000000000,70b3d57ed00778cc,14095
device_uplink,1788984307000000000,70b3d57ed00778cc,14096
device_uplink,1788984323000000000,70b3d57ed00778cc,14097
device_uplink,1788984341000000000,70b3d57ed00778cc,14098
device_uplink,1788984357000000000,70b3d57ed00778cc,14099
device_uplink,1788984373000000000,70b3d57ed00778cc,14100
device_uplink,1788984389000000000,70b3d57ed00778cc,14101
device_uplink,1788984405000000000,70b3d57ed00778cc,14102
device_uplink,1788984421000000000,70b3d57ed00778cc,14103
device_uplink,1788984437000000000,70b3d57ed00778cc,14104
device_uplink,1788984455000000000,70b3d57ed00778cc,14105
device_uplink,1788984471000000000,70b3d57ed00778cc,14106
device_uplink,1788984487000000000,70b3d57ed00778cc,14107
device_uplink,1788984503000000000,70b3d57ed00778cc,14108
device_uplink,1788984519000000000,70b3d57ed00778cc,14109
device_uplink,1788984535000000000,70b3d57ed00778cc,14110
device_uplink,1788984551000000000,70b3d57ed00778cc,14111
device_uplink,1788984569000000000,70b3d57ed00778cc,14112
device_uplink,1788984585000000000,70b3d57ed00778cc,14113
device_uplink,1788984601000000000,70b3d57ed00778cc,14114
device_uplink,1788984617000000000,70b3d57ed00778cc,14115
device_uplink,1788984633000000000,70b3d57ed00778cc,14116
device_uplink,1788984649000000000,70b3d57ed00778cc,14117
device_uplink,1788984665000000000,70b3d57ed00778cc,14118
device_uplink,1788984681000000000,70b3d57ed00778cc,14119
device_uplink,1788984699000000000,70b3d57ed00778cc,14120
device_uplink,1788984715000000000,70b3d57ed00778cc,14121
device_uplink,1788984731000000000,70b3d57ed00778cc,14122
device_uplink,1788984747000000000,70b3d57ed00778cc,14123
device_uplink,1788984763000000000,70b3d57ed00778cc,14124
device_uplink,1788984779000000000,70b3d57ed00778cc,14125
device_uplink,1788984797000000000,70b3d57ed00778cc,14126
device_uplink,1788984813000000000,70b3d57ed00778cc,14127
device_uplink,1788984829000000000,70b3d57ed00778cc,14128
device_uplink,1788984845000000000,70b3d57ed00778cc,14129
device_uplink,1788984861000000000,70b3d57ed00778cc,14130
device_uplink,1788984877000000000,70b3d57ed00778cc,14131
device_uplink,1788984893000000000,70b3d57ed00778cc,14132
device_uplink,1788984909000000000,70b3d57ed00778cc,14133
device_uplink,1788984927000000000,70b3d57ed00778cc,14134
device_uplink,1788984943000000000,70b3d57ed00778cc,14135
device_uplink,1788984959000000000,70b3d57ed00778cc,14136
device_uplink,1788984975000000000,70b3d57ed00778cc,14137
device_uplink,1788984991000000000,70b3d57ed00778cc,14138
device_uplink,1788985007000000000,70b3d57ed00778cc,14139
device_uplink,1788985025000000000,70b3d57ed00778cc,14140
device_uplink,1788985041000000000,70b3d57ed00778cc,14141
device_uplink,1788985057000000000,70b3d57ed00778cc,14142
device_uplink,1788985073000000000,70b3d57ed00778cc,14143
device_uplink,1788985089000000000,70b3d57ed00778cc,14144
device_uplink,1788985105000000000,70b3d57ed00778cc,14145
device_uplink,1788985119000000000,70b3d57ed0077801,183
device_uplink,1788985121000000000,70b3d57ed00778cc,14146
device_uplink,1788985137000000000,70b3d57ed00778cc,14147
device_uplink,1788985155000000000,70b3d57ed00778cc,14148
device_uplink,1788985171000000000,70b3d57ed00778cc,14149
device_uplink,1788985187000000000,70b3d57ed00778cc,14150
device_uplink,1788985203000000000,70b3d57ed00778cc,14151
device_uplink,1788985219000000000,70b3d57ed00778cc,14152
device_uplink,1788985235000000000,70b3d57ed00778cc,14153
device_uplink,1788985251000000000,70b3d57ed00778cc,14154
device_uplink,1788985269000000000,70b3d57ed00778cc,14155
device_uplink,1788985285000000000,70b3d57ed00778cc,14156
device_uplink,1788985301000000000,70b3d57ed00778cc,14157
device_uplink,1788985317000000000,70b3d57ed00778cc,14158
device_uplink,1788985333000000000,70b3d57ed00778cc,14159
device_uplink,1788985349000000000,70b3d57ed00778cc,14160
device_uplink,1788985365000000000,70b3d57ed00778cc,14161
device_uplink,1788985381000000000,70b3d57ed00778cc,14162
device_uplink,1788985397000000000,70b3d57ed00778cc,14163
device_uplink,1788985415000000000,70b3d57ed00778cc,14164
device_uplink,1788985431000000000,70b3d57ed00778cc,14165
device_uplink,1788985447000000000,70b3d57ed00778cc,14166
device_uplink,1788985463000000000,70b3d57ed00778cc,14167
device_uplink,1788985479000000000,70b3d57ed00778cc,14168
device_uplink,1788985495000000000,70b3d57ed00778cc,14169
device_uplink,1788985513000000000,70b3d57ed00778cc,14170
device_uplink,1788985529000000000,70b3d57ed00778cc,14171
device_uplink,1788985545000000000,70b3d57ed00778cc,14172
device_uplink,1788985561000000000,70b3d57ed00778cc,14173
device_uplink,1788985577000000000,70b3d57ed00778cc,14174
device_uplink,1788985593000000000,70b3d57ed00778cc,14175
device_uplink,1788985609000000000,70b3d57ed00778cc,14176
device_uplink,1788985625000000000,70b3d57ed00778cc,14177
device_uplink,1788985643000000000,70b3d57ed00778cc,14178
device_uplink,1788985659000000000,70b3d57ed00778cc,14179
device_uplink,1788985675000000000,70b3d57ed00778cc,14180
device_uplink,1788985691000000000,70b3d57ed00778cc,14181
device_uplink,1788985707000000000,70b3d57ed00778cc,14182
device_uplink,1788985723000000000,70b3d57ed00778cc,14183
device_uplink,1788985741000000000,70b3d57ed00778cc,14184
device_uplink,1788985757000000000,70b3d57ed00778cc,14185
device_uplink,1788985773000000000,70b3d57ed00778cc,14186
device_uplink,1788985789000000000,70b3d57ed00778cc,14187
device_uplink,1788985805000000000,70b3d57ed00778cc,14188
device_uplink,1788985821000000000,70b3d57ed00778cc,14189
device_uplink,1788985837000000000,70b3d57ed00778cc,14190
device_uplink,1788985853000000000,70b3d57ed00778cc,14191
device_uplink,1788985871000000000,70b3d57ed00778cc,14192
device_uplink,1788985887000000000,70b3d57ed00778cc,14193
device_uplink,1788985903000000000,70b3d57ed00778cc,14194
device_uplink,1788985919000000000,70b3d57ed00778cc,14195
device_uplink,1788985935000000000,70b3d57ed00778cc,14196
device_uplink,1788985951000000000,70b3d57ed00778cc,14197
device_uplink,1788985967000000000,70b3d57ed00778cc,14198
device_uplink,1788985985000000000,70b3d57ed00778cc,14199
device_uplink,1788986001000000000,70b3d57ed00778cc,14200
device_uplink,1788986017000000000,70b3d57ed00778cc,14201
device_uplink,1788986027000000000,70b3d57ed0077801,184
device_uplink,1788986033000000000,70b3d57ed00778cc,14202
device_uplink,1788986049000000000,70b3d57ed00778cc,14203
device_uplink,1788986065000000000,70b3d57ed00778cc,14204
device_uplink,1788986081000000000,70b3d57ed00778cc,14205
device_uplink,1788986099000000000,70b3d57ed00778cc,14206
device_uplink,1788986115000000000,70b3d57ed00778cc,14207
device_uplink,1788986131000000000,70b3d57ed00778cc,14208
device_uplink,1788986147000000000,70b3d57ed00778cc,14209
device_uplink,1788986163000000000,70b3d57ed00778cc,14210
device_uplink,1788986179000000000,70b3d57ed00778cc,14211
device_uplink,1788986195000000000,70b3d57ed00778cc,14212
device_uplink,1788986211000000000,70b3d57ed00778cc,14213
device_uplink,1788986229000000000,70b3d57ed00778cc,14214
device_uplink,1788986245000000000,70b3d57ed00778cc,14215
device_uplink,1788986261000000000,70b3d57ed00778cc,14216
device_uplink,1788986277000000000,70b3d57ed00778cc,14217
device_uplink,1788986293000000000,70b3d57ed00778cc,14218
device_uplink,1788986309000000000,70b3d57ed00778cc,14219
device_uplink,1788986327000000000,70b3d57ed00778cc,14220
device_uplink,1788986343000000000,70b3d57ed00778cc,14221
device_uplink,1788986359000000000,70b3d57ed00778cc,14222
device_uplink,1788986375000000000,70b3d57ed00778cc,14223
device_uplink,1788986391000000000,70b3d57ed00778cc,14224
device_uplink,1788986407000000000,70b3d57ed00778cc,14225
device_uplink,1788986423000000000,70b3d57ed00778cc,14226
device_uplink,1788986441000000000,70b3d57ed00778cc,14227
device_uplink,1788986457000000000,70b3d57ed00778cc,14228
device_uplink,1788986473000000000,70b3d57ed00778cc,14229
device_uplink,1788986489000000000,70b3d57ed00778cc,14230
device_uplink,1788986505000000000,70b3d57ed00778cc,14231
device_uplink,1788986521000000000,70b3d57ed00778cc,14232
device_uplink,1788986537000000000,70b3d57ed00778cc,14233
device_uplink,1788986553000000000,70b3d57ed00778cc,14234
device_uplink,1788986569000000000,70b3d57ed00778cc,14235
device_uplink,1788986587000000000,70b3d57ed00778cc,14236
device_uplink,1788986603000000000,70b3d57ed00778cc,14237
device_uplink,1788986619000000000,70b3d57ed00778cc,14238
device_uplink,1788986635000000000,70b3d57ed00778cc,14239
device_uplink,1788986651000000000,70b3d57ed00778cc,14240
device_uplink,1788986667000000000,70b3d57ed00778cc,14241
device_uplink,1788986683000000000,70b3d57ed00778cc,14242
device_uplink,1788986701000000000,70b3d57ed00778cc,14243
device_uplink,1788986717000000000,70b3d57ed00778cc,14244
device_uplink,1788986733000000000,70b3d57ed00778cc,14245
device_uplink,1788986749000000000,70b3d57ed00778cc,14246
device_uplink,1788986765000000000,70b3d57ed00778cc,14247
device_uplink,1788986781000000000,70b3d57ed00778cc,14248
device_uplink,1788986797000000000,70b3d57ed00778cc,14249
device_uplink,1788986815000000000,70b3d57ed00778cc,14250
device_uplink,1788986831000000000,70b3d57ed00778cc,14251
device_uplink,1788986847000000000,70b3d57ed00778cc,14252
device_uplink,1788986863000000000,70b3d57ed00778cc,14253
device_uplink,1788986879000000000,70b3d57ed00778cc,14254
device_uplink,1788986895000000000,70b3d57ed00778cc,14255
device_uplink,1788986911000000000,70b3d57ed00778cc,14256
device_uplink,1788986927000000000,70b3d57ed00778cc,14257
device_uplink,1788986935000000000,70b3d57ed0077801,185
device_uplink,1788986945000000000,70b3d57ed00778cc,14258
device_uplink,1788986961000000000,70b3d57ed00778cc,14259
device_uplink,1788986977000000000,70b3d57ed00778cc,14260
device_uplink,1788986993000000000,70b3d57ed00778cc,14261
device_uplink,1788987009000000000,70b3d57ed00778cc,14262
device_uplink,1788987025000000000,70b3d57ed00778cc,14263
device_uplink,1788987041000000000,70b3d57ed00778cc,14264
device_uplink,1788987057000000000,70b3d57ed00778cc,14265
device_uplink,1788987075000000000,70b3d57ed00778cc,14266
device_uplink,1788987091000000000,70b3d57ed00778cc,14267
device_uplink,1788987107000000000,70b3d57ed00778cc,14268
device_uplink,1788987123000000000,70b3d57ed00778cc,14269
device_uplink,1788987139000000000,70b3d57ed00778cc,14270
device_uplink,1788987155000000000,70b3d57ed00778cc,14271
device_uplink,1788987171000000000,70b3d57ed00778cc,14272
device_uplink,1788987189000000000,70b3d57ed00778cc,14273
device_uplink,1788987221000000000,70b3d57ed00778cc,14275
device_uplink,1788987237000000000,70b3d57ed00778cc,14276
device_uplink,1788987253000000000,70b3d57ed00778cc,14277
device_uplink,1788987269000000000,70b3d57ed00778cc,14278
device_uplink,1788987285000000000,70b3d57ed00778cc,14279
device_uplink,1788987301000000000,70b3d57ed00778cc,14280
device_uplink,1788987317000000000,70b3d57ed00778cc,14281
device_uplink,1788987335000000000,70b3d57ed00778cc,14282
device_uplink,1788987351000000000,70b3d57ed00778cc,14283
device_uplink,1788987367000000000,70b3d57ed00778cc,14284
device_uplink,1788987383000000000,70b3d57ed00778cc,14285
device_uplink,1788987399000000000,70b3d57ed00778cc,14286
device_uplink,1788987415000000000,70b3d57ed00778cc,14287
device_uplink,1788987431000000000,70b3d57ed00778cc,14288
device_uplink,1788987447000000000,70b3d57ed00778cc,14289
device_uplink,1788987465000000000,70b3d57ed00778cc,14290
device_uplink,1788987481000000000,70b3d57ed00778cc,14291
device_uplink,1788987497000000000,70b3d57ed00778cc,14292
device_uplink,1788987513000000000,70b3d57ed00778cc,14293
device_uplink,1788987529000000000,70b3d57ed00778cc,14294
device_uplink,1788987545000000000,70b3d57ed00778cc,14295
device_uplink,1788987563000000000,70b3d57ed00778cc,14296
device_uplink,1788987579000000000,70b3d57ed00778cc,14297
device_uplink,1788987595000000000,70b3d57ed00778cc,14298
device_uplink,1788987611000000000,70b3d57ed00778cc,14299
device_uplink,1788987627000000000,70b3d57ed00778cc,14300
device_uplink,1788987643000000000,70b3d57ed00778cc,14301
device_uplink,1788987661000000000,70b3d57ed00778cc,14302
device_uplink,1788987677000000000,70b3d57ed00778cc,14303
device_uplink,1788987693000000000,70b3d57ed00778cc,14304
device_uplink,1788987709000000000,70b3d57ed00778cc,14305
device_uplink,1788987725000000000,70b3d57ed00778cc,14306
device_uplink,1788987741000000000,70b3d57ed00778cc,14307
device_uplink,1788987757000000000,70b3d57ed00778cc,14308
device_uplink,1788987773000000000,70b3d57ed00778cc,14309
device_uplink,1788987791000000000,70b3d57ed00778cc,14310
device_uplink,1788987807000000000,70b3d57ed00778cc,14311
device_uplink,1788987823000000000,70b3d57ed00778cc,14312
device_uplink,1788987839000000000,70b3d57ed00778cc,14313
device_uplink,1788987844000000000,70b3d57ed0077801,186
device_uplink,1788987855000000000,70b3d57ed00778cc,14314
device_uplink,1788987871000000000,70b3d57ed00778cc,14315
device_uplink,1788987887000000000,70b3d57ed00778cc,14316
device_uplink,1788987903000000000,70b3d57ed00778cc,14317
device_uplink,1788987921000000000,70b3d57ed00778cc,14318
device_uplink,1788987937000000000,70b3d57ed00778cc,14319
device_uplink,1788987953000000000,70b3d57ed00778cc,14320
device_uplink,1788987969000000000,70b3d57ed00778cc,14321
device_uplink,1788987985000000000,70b3d57ed00778cc,14322
device_uplink,1788988001000000000,70b3d57ed00778cc,14323
device_uplink,1788988019000000000,70b3d57ed00778cc,14324
device_uplink,1788988035000000000,70b3d57ed00778cc,14325
device_uplink,1788988051000000000,70b3d57ed00778cc,14326
device_uplink,1788988067000000000,70b3d57ed00778cc,14327
device_uplink,1788988083000000000,70b3d57ed00778cc,14328
device_uplink,1788988099000000000,70b3d57ed00778cc,14329
device_uplink,1788988115000000000,70b3d57ed00778cc,14330
device_uplink,1788988131000000000,70b3d57ed00778cc,14331
device_uplink,1788988149000000000,70b3d57ed00778cc,14332
device_uplink,1788988165000000000,70b3d57ed00778cc,14333
device_uplink,1788988181000000000,70b3d57ed00778cc,14334
device_uplink,1788988197000000000,70b3d57ed00778cc,14335
device_uplink,1788988213000000000,70b3d57ed00778cc,14336
device_uplink,1788988229000000000,70b3d57ed00778cc,14337
device_uplink,1788988245000000000,70b3d57ed00778cc,14338
device_uplink,1788988263000000000,70b3d57ed00778cc,14339
device_uplink,1788988279000000000,70b3d57ed00778cc,14340
device_uplink,1788988295000000000,70b3d57ed00778cc,14341
device_uplink,1788988311000000000,70b3d57ed00778cc,14342
device_uplink,1788988327000000000,70b3d57ed00778cc,14343
device_uplink,1788988343000000000,70b3d57ed00778cc,14344
device_uplink,1788988359000000000,70b3d57ed00778cc,14345
device_uplink,1788988375000000000,70b3d57ed00778cc,14346
device_uplink,1788988393000000000,70b3d57ed00778cc,14347
device_uplink,1788988409000000000,70b3d57ed00778cc,14348
device_uplink,1788988425000000000,70b3d57ed00778cc,14349
device_uplink,1788988441000000000,70b3d57ed00778cc,14350
device_uplink,1788988457000000000,70b3d57ed00778cc,14351
device_uplink,1788988473000000000,70b3d57ed00778cc,14352
device_uplink,1788988489000000000,70b3d57ed00778cc,14353
device_uplink,1788988505000000000,70b3d57ed00778cc,14354
device_uplink,1788988521000000000,70b3d57ed00778cc,14355
device_uplink,1788988539000000000,70b3d57ed00778cc,14356
device_uplink,1788988555000000000,70b3d57ed00778cc,14357
device_uplink,1788988571000000000,70b3d57ed00778cc,14358
device_uplink,1788988587000000000,70b3d57ed00778cc,14359
device_uplink,1788988603000000000,70b3d57ed00778cc,14360
device_uplink,1788988619000000000,70b3d57ed00778cc,14361
device_uplink,1788988635000000000,70b3d57ed00778cc,14362
device_uplink,1788988653000000000,70b3d57ed00778cc,14363
device_uplink,1788988669000000000,70b3d57ed00778cc,14364
device_uplink,1788988685000000000,70b3d57ed00778cc,14365
device_uplink,1788988701000000000,70b3d57ed00778cc,14366
device_uplink,1788988717000000000,70b3d57ed00778cc,14367
device_uplink,1788988733000000000,70b3d57ed00778cc,14368
device_uplink,1788988749000000000,70b3d57ed00778cc,14369
device_uplink,1788988752000000000,70b3d57ed0077801,187
device_uplink,1788988765000000000,70b3d57ed00778cc,14370
device_uplink,1788988781000000000,70b3d57ed00778cc,14371
device_uplink,1788988799000000000,70b3d57ed00778cc,14372
device_uplink,1788988815000000000,70b3d57ed00778cc,14373
device_uplink,1788988831000000000,70b3d57ed00778cc,14374
device_uplink,1788988847000000000,70b3d57ed00778cc,14375
device_uplink,1788988863000000000,70b3d57ed00778cc,14376
device_uplink,1788988879000000000,70b3d57ed00778cc,14377
device_uplink,1788988897000000000,70b3d57ed00778cc,14378
device_uplink,1788988913000000000,70b3d57ed00778cc,14379
device_uplink,1788988929000000000,70b3d57ed00778cc,14380
device_uplink,1788988945000000000,70b3d57ed00778cc,14381
device_uplink,1788988961000000000,70b3d57ed00778cc,14382
device_uplink,1788988977000000000,70b3d57ed00778cc,14383
device_uplink,1788988993000000000,70b3d57ed00778cc,14384
device_uplink,1788989009000000000,70b3d57ed00778cc,14385
device_uplink,1788989027000000000,70b3d57ed00778cc,14386
device_uplink,1788989043000000000,70b3d57ed00778cc,14387
device_uplink,1788989059000000000,70b3d57ed00778cc,14388
device_uplink,1788989075000000000,70b3d57ed00778cc,14389
device_uplink,1788989091000000000,70b3d57ed00778cc,14390
device_uplink,1788989107000000000,70b3d57ed00778cc,14391
device_uplink,1788989123000000000,70b3d57ed00778cc,14392
device_uplink,1788989139000000000,70b3d57ed00778cc,14393
device_uplink,1788989157000000000,70b3d57ed00778cc,14394
device_uplink,1788989173000000000,70b3d57ed00778cc,14395
device_uplink,1788989189000000000,70b3d57ed00778cc,14396
device_uplink,1788989205000000000,70b3d57ed00778cc,14397
device_uplink,1788989221000000000,70b3d57ed00778cc,14398
device_uplink,1788989237000000000,70b3d57ed00778cc,14399
device_uplink,1788989255000000000,70b3d57ed00778cc,14400
device_uplink,1788989271000000000,70b3d57ed00778cc,14401
device_uplink,1788989287000000000,70b3d57ed00778cc,14402
device_uplink,1788989303000000000,70b3d57ed00778cc,14403
device_uplink,1788989319000000000,70b3d57ed00778cc,14404
device_uplink,1788989335000000000,70b3d57ed00778cc,14405
device_uplink,1788989351000000000,70b3d57ed00778cc,14406
device_uplink,1788989367000000000,70b3d57ed00778cc,14407
device_uplink,1788989383000000000,70b3d57ed00778cc,14408
device_uplink,1788989401000000000,70b3d57ed00778cc,14409
device_uplink,1788989417000000000,70b3d57ed00778cc,14410
device_uplink,1788989433000000000,70b3d57ed00778cc,14411
device_uplink,1788989449000000000,70b3d57ed00778cc,14412
device_uplink,1788989465000000000,70b3d57ed00778cc,14413
device_uplink,1788989481000000000,70b3d57ed00778cc,14414
device_uplink,1788989497000000000,70b3d57ed00778cc,14415
device_uplink,1788989513000000000,70b3d57ed00778cc,14416
device_uplink,1788989529000000000,70b3d57ed00778cc,14417
device_uplink,1788989547000000000,70b3d57ed00778cc,14418
device_uplink,1788989563000000000,70b3d57ed00778cc,14419
device_uplink,1788989579000000000,70b3d57ed00778cc,14420
device_uplink,1788989595000000000,70b3d57ed00778cc,14421
device_uplink,1788989611000000000,70b3d57ed00778cc,14422
device_uplink,1788989627000000000,70b3d57ed00778cc,14423
device_uplink,1788989645000000000,70b3d57ed00778cc,14424
device_uplink,1788989661000000000,70b3d57ed0077801,188
device_uplink,1788989661000000000,70b3d57ed00778cc,14425
device_uplink,1788989677000000000,70b3d57ed00778cc,14426
device_uplink,1788989693000000000,70b3d57ed00778cc,14427
device_uplink,1788989709000000000,70b3d57ed00778cc,14428
device_uplink,1788989725000000000,70b3d57ed00778cc,14429
device_uplink,1788989741000000000,70b3d57ed00778cc,14430
device_uplink,1788989757000000000,70b3d57ed00778cc,14431
device_uplink,1788989775000000000,70b3d57ed00778cc,14432
device_uplink,1788989791000000000,70b3d57ed00778cc,14433
device_uplink,1788989823000000000,70b3d57ed00778cc,14435
device_uplink,1788989839000000000,70b3d57ed00778cc,14436
device_uplink,1788989855000000000,70b3d57ed00778cc,14437
device_uplink,1788989873000000000,70b3d57ed00778cc,14438
device_uplink,1788989889000000000,70b3d57ed00778cc,14439
device_uplink,1788989905000000000,70b3d57ed00778cc,14440
device_uplink,1788989921000000000,70b3d57ed00778cc,14441
device_uplink,1788989937000000000,70b3d57ed00778cc,14442
device_uplink,1788989953000000000,70b3d57ed00778cc,14443
device_uplink,1788989969000000000,70b3d57ed00778cc,14444
device_uplink,1788989985000000000,70b3d57ed00778cc,14445
device_uplink,1788990003000000000,70b3d57ed00778cc,14446
device_uplink,1788990019000000000,70b3d57ed00778cc,14447
device_uplink,1788990035000000000,70b3d57ed00778cc,14448
device_uplink,1788990051000000000,70b3d57ed00778cc,14449
device_uplink,1788990067000000000,70b3d57ed00778cc,14450
device_uplink,1788990083000000000,70b3d57ed00778cc,14451
device_uplink,1788990099000000000,70b3d57ed00778cc,14452
device_uplink,1788990115000000000,70b3d57ed00778cc,14453
device_uplink,1788990133000000000,70b3d57ed00778cc,14454
device_uplink,1788990149000000000,70b3d57ed00778cc,14455
device_uplink,1788990165000000000,70b3d57ed00778cc,14456
device_uplink,1788990181000000000,70b3d57ed00778cc,14457
device_uplink,1788990197000000000,70b3d57ed00778cc,14458
device_uplink,1788990213000000000,70b3d57ed00778cc,14459
device_uplink,1788990229000000000,70b3d57ed00778cc,14460
device_uplink,1788990247000000000,70b3d57ed00778cc,14461
device_uplink,1788990263000000000,70b3d57ed00778cc,14462
device_uplink,1788990279000000000,70b3d57ed00778cc,14463
device_uplink,1788990295000000000,70b3d57ed00778cc,14464
device_uplink,1788990311000000000,70b3d57ed00778cc,14465
device_uplink,1788990327000000000,70b3d57ed00778cc,14466
device_uplink,1788990345000000000,70b3d57ed00778cc,14467
device_uplink,1788990361000000000,70b3d57ed00778cc,14468
device_uplink,1788990377000000000,70b3d57ed00778cc,14469
device_uplink,1788990393000000000,70b3d57ed00778cc,14470
device_uplink,1788990409000000000,70b3d57ed00778cc,14471
device_uplink,1788990425000000000,70b3d57ed00778cc,14472
device_uplink,1788990441000000000,70b3d57ed00778cc,14473
device_uplink,1788990459000000000,70b3d57ed00778cc,14474
device_uplink,1788990475000000000,70b3d57ed00778cc,14475
device_uplink,1788990491000000000,70b3d57ed00778cc,14476
device_uplink,1788990507000000000,70b3d57ed00778cc,14477
device_uplink,1788990523000000000,70b3d57ed00778cc,14478
device_uplink,1788990539000000000,70b3d57ed00778cc,14479
device_uplink,1788990555000000000,70b3d57ed00778cc,14480
device_uplink,1788990569000000000,70b3d57ed0077801,189
device_uplink,1788990571000000000,70b3d57ed00778cc,14481
device_uplink,1788990589000000000,70b3d57ed00778cc,14482
device_uplink,1788990605000000000,70b3d57ed00778cc,14483
device_uplink,1788990621000000000,70b3d57ed00778cc,14484
device_uplink,1788990637000000000,70b3d57ed00778cc,14485
device_uplink,1788990653000000000,70b3d57ed00778cc,14486
device_uplink,1788990669000000000,70b3d57ed00778cc,14487
device_uplink,1788990687000000000,70b3d57ed00778cc,14488
device_uplink,1788990703000000000,70b3d57ed00778cc,14489
device_uplink,1788990719000000000,70b3d57ed00778cc,14490
device_uplink,1788990735000000000,70b3d57ed00778cc,14491
device_uplink,1788990751000000000,70b3d57ed00778cc,14492
device_uplink,1788990767000000000,70b3d57ed00778cc,14493
device_uplink,1788990783000000000,70b3d57ed00778cc,14494
device_uplink,1788990799000000000,70b3d57ed00778cc,14495
device_uplink,1788990817000000000,70b3d57ed00778cc,14496
device_uplink,1788990833000000000,70b3d57ed00778cc,14497
device_uplink,1788990849000000000,70b3d57ed00778cc,14498
device_uplink,1788990865000000000,70b3d57ed00778cc,14499
device_uplink,1788990881000000000,70b3d57ed00778cc,14500
device_uplink,1788990897000000000,70b3d57ed00778cc,14501
device_uplink,1788990913000000000,70b3d57ed00778cc,14502
device_uplink,1788990929000000000,70b3d57ed00778cc,14503
device_uplink,1788990947000000000,70b3d57ed00778cc,14504
device_uplink,1788990963000000000,70b3d57ed00778cc,14505
device_uplink,1788990979000000000,70b3d57ed00778cc,14506
device_uplink,1788990995000000000,70b3d57ed00778cc,14507
device_uplink,1788991011000000000,70b3d57ed00778cc,14508
device_uplink,1788991027000000000,70b3d57ed00778cc,14509
device_uplink,1788991043000000000,70b3d57ed00778cc,14510
device_uplink,1788991061000000000,70b3d57ed00778cc,14511
device_uplink,1788991077000000000,70b3d57ed00778cc,14512
device_uplink,1788991093000000000,70b3d57ed00778cc,14513
device_uplink,1788991109000000000,70b3d57ed00778cc,14514
device_uplink,1788991125000000000,70b3d57ed00778cc,14515
device_uplink,1788991141000000000,70b3d57ed00778cc,14516
device_uplink,1788991157000000000,70b3d57ed00778cc,14517
device_uplink,1788991173000000000,70b3d57ed00778cc,14518
device_uplink,1788991191000000000,70b3d57ed00778cc,14519
device_uplink,1788991207000000000,70b3d57ed00778cc,14520
device_uplink,1788991223000000000,70b3d57ed00778cc,14521
device_uplink,1788991239000000000,70b3d57ed00778cc,14522
device_uplink,1788991255000000000,70b3d57ed00778cc,14523
device_uplink,1788991271000000000,70b3d57ed00778cc,14524
device_uplink,1788991287000000000,70b3d57ed00778cc,14525
device_uplink,1788991303000000000,70b3d57ed00778cc,14526
device_uplink,1788991321000000000,70b3d57ed00778cc,14527
device_uplink,1788991337000000000,70b3d57ed00778cc,14528
device_uplink,1788991353000000000,70b3d57ed00778cc,14529
device_uplink,1788991369000000000,70b3d57ed00778cc,14530
device_uplink,1788991385000000000,70b3d57ed00778cc,14531
device_uplink,1788991401000000000,70b3d57ed00778cc,14532
device_uplink,1788991417000000000,70b3d57ed00778cc,14533
device_uplink,1788991433000000000,70b3d57ed00778cc,14534
device_uplink,1788991449000000000,70b3d57ed00778cc,14535
device_uplink,1788991467000000000,70b3d57ed00778cc,14536
device_uplink,1788991477000000000,70b3d57ed0077801,190
device_uplink,1788991483000000000,70b3d57ed00778cc,14537
device_uplink,1788991499000000000,70b3d57ed00778cc,14538
device_uplink,1788991515000000000,70b3d57ed00778cc,14539
device_uplink,1788991531000000000,70b3d57ed00778cc,14540
device_uplink,1788991547000000000,70b3d57ed00778cc,14541
device_uplink,1788991563000000000,70b3d57ed00778cc,14542
device_uplink,1788991579000000000,70b3d57ed00778cc,14543
device_uplink,1788991597000000000,70b3d57ed00778cc,14544
device_uplink,1788991613000000000,70b3d57ed00778cc,14545
device_uplink,1788991629000000000,70b3d57ed00778cc,14546
device_uplink,1788991645000000000,70b3d57ed00778cc,14547
device_uplink,1788991661000000000,70b3d57ed00778cc,14548
device_uplink,1788991677000000000,70b3d57ed00778cc,14549
device_uplink,1788991695000000000,70b3d57ed00778cc,14550
device_uplink,1788991711000000000,70b3d57ed00778cc,14551
device_uplink,1788991727000000000,70b3d57ed00778cc,14552
device_uplink,1788991743000000000,70b3d57ed00778cc,14553
device_uplink,1788991759000000000,70b3d57ed00778cc,14554
device_uplink,1788991775000000000,70b3d57ed00778cc,14555
device_uplink,1788991791000000000,70b3d57ed00778cc,14556
device_uplink,1788991807000000000,70b3d57ed00778cc,14557
device_uplink,1788991823000000000,70b3d57ed00778cc,14558
device_uplink,1788991841000000000,70b3d57ed00778cc,14559
device_uplink,1788991857000000000,70b3d57ed00778cc,14560
device_uplink,1788991873000000000,70b3d57ed00778cc,14561
device_uplink,1788991889000000000,70b3d57ed00778cc,14562
device_uplink,1788991905000000000,70b3d57ed00778cc,14563
device_uplink,1788991921000000000,70b3d57ed00778cc,14564
device_uplink,1788991937000000000,70b3d57ed00778cc,14565
device_uplink,1788991955000000000,70b3d57ed00778cc,14566
device_uplink,1788991971000000000,70b3d57ed00778cc,14567
device_uplink,1788991987000000000,70b3d57ed00778cc,14568
device_uplink,1788992003000000000,70b3d57ed00778cc,14569
device_uplink,1788992019000000000,70b3d57ed00778cc,14570
device_uplink,1788992035000000000,70b3d57ed00778cc,14571
device_uplink,1788992051000000000,70b3d57ed00778cc,14572
device_uplink,1788992069000000000,70b3d57ed00778cc,14573
device_uplink,1788992085000000000,70b3d57ed00778cc,14574
device_uplink,1788992101000000000,70b3d57ed00778cc,14575
device_uplink,1788992117000000000,70b3d57ed00778cc,14576
device_uplink,1788992133000000000,70b3d57ed00778cc,14577
device_uplink,1788992149000000000,70b3d57ed00778cc,14578
device_uplink,1788992165000000000,70b3d57ed00778cc,14579
device_uplink,1788992181000000000,70b3d57ed00778cc,14580
device_uplink,1788992199000000000,70b3d57ed00778cc,14581
device_uplink,1788992215000000000,70b3d57ed00778cc,14582
device_uplink,1788992231000000000,70b3d57ed00778cc,14583
device_uplink,1788992247000000000,70b3d57ed00778cc,14584
device_uplink,1788992263000000000,70b3d57ed00778cc,14585
device_uplink,1788992279000000000,70b3d57ed00778cc,14586
device_uplink,1788992295000000000,70b3d57ed00778cc,14587
device_uplink,1788992311000000000,70b3d57ed00778cc,14588
device_uplink,1788992327000000000,70b3d57ed00778cc,14589
device_uplink,1788992345000000000,70b3d57ed00778cc,14590
device_uplink,1788992361000000000,70b3d57ed00778cc,14591
device_uplink,1788992377000000000,70b3d57ed00778cc,14592
device_uplink,1788992386000000000,70b3d57ed0077801,191
device_uplink,1788992393000000000,70b3d57ed00778cc,14593
device_uplink,1788992409000000000,70b3d57ed00778cc,14594
device_uplink,1788992425000000000,70b3d57ed00778cc,14595
device_uplink,1788992443000000000,70b3d57ed00778cc,14596
device_uplink,1788992459000000000,70b3d57ed00778cc,14597
device_uplink,1788992475000000000,70b3d57ed00778cc,14598
device_uplink,1788992491000000000,70b3d57ed00778cc,14599
device_uplink,1788992507000000000,70b3d57ed00778cc,14600
device_uplink,1788992523000000000,70b3d57ed00778cc,14601
device_uplink,1788992539000000000,70b3d57ed00778cc,14602
device_uplink,1788992555000000000,70b3d57ed00778cc,14603
device_uplink,1788992573000000000,70b3d57ed00778cc,14604
device_uplink,1788992589000000000,70b3d57ed00778cc,14605
device_uplink,1788992605000000000,70b3d57ed00778cc,14606
device_uplink,1788992621000000000,70b3d57ed00778cc,14607
device_uplink,1788992637000000000,70b3d57ed00778cc,14608
device_uplink,1788992653000000000,70b3d57ed00778cc,14609
device_uplink,1788992669000000000,70b3d57ed00778cc,14610
device_uplink,1788992685000000000,70b3d57ed00778cc,14611
device_uplink,1788992703000000000,70b3d57ed00778cc,14612
device_uplink,1788992719000000000,70b3d57ed00778cc,14613
device_uplink,1788992735000000000,70b3d57ed00778cc,14614
device_uplink,1788992751000000000,70b3d57ed00778cc,14615
device_uplink,1788992767000000000,70b3d57ed00778cc,14616
device_uplink,1788992783000000000,70b3d57ed00778cc,14617
device_uplink,1788992799000000000,70b3d57ed00778cc,14618
device_uplink,1788992817000000000,70b3d57ed00778cc,14619
device_uplink,1788992833000000000,70b3d57ed00778cc,14620
device_uplink,1788992849000000000,70b3d57ed00778cc,14621
device_uplink,1788992865000000000,70b3d57ed00778cc,14622
device_uplink,1788992881000000000,70b3d57ed00778cc,14623
device_uplink,1788992897000000000,70b3d57ed00778cc,14624
device_uplink,1788992915000000000,70b3d57ed00778cc,14625
device_uplink,1788992931000000000,70b3d57ed00778cc,14626
device_uplink,1788992947000000000,70b3d57ed00778cc,14627
device_uplink,1788992963000000000,70b3d57ed00778cc,14628
device_uplink,1788992979000000000,70b3d57ed00778cc,14629
device_uplink,1788992995000000000,70b3d57ed00778cc,14630
device_uplink,1788993011000000000,70b3d57ed00778cc,14631
device_uplink,1788993027000000000,70b3d57ed00778cc,14632
device_uplink,1788993045000000000,70b3d57ed00778cc,14633
device_uplink,1788993061000000000,70b3d57ed00778cc,14634
device_uplink,1788993077000000000,70b3d57ed00778cc,14635
device_uplink,1788993093000000000,70b3d57ed00778cc,14636
device_uplink,1788993109000000000,70b3d57ed00778cc,14637
device_uplink,1788993125000000000,70b3d57ed00778cc,14638
device_uplink,1788993141000000000,70b3d57ed00778cc,14639
device_uplink,1788993157000000000,70b3d57ed00778cc,14640
device_uplink,1788993173000000000,70b3d57ed00778cc,14641
device_uplink,1788993191000000000,70b3d57ed00778cc,14642
device_uplink,1788993207000000000,70b3d57ed00778cc,14643
device_uplink,1788993223000000000,70b3d57ed00778cc,14644
device_uplink,1788993239000000000,70b3d57ed00778cc,14645
device_uplink,1788993255000000000,70b3d57ed00778cc,14646
device_uplink,1788993271000000000,70b3d57ed00778cc,14647
device_uplink,1788993287000000000,70b3d57ed00778cc,14648
device_uplink,1788993303000000000,70b3d57ed00778cc,14649
device_uplink,1788993321000000000,70b3d57ed00778cc,14650
device_uplink,1788993337000000000,70b3d57ed00778cc,14651
device_uplink,1788993353000000000,70b3d57ed00778cc,14652
device_uplink,1788993369000000000,70b3d57ed00778cc,14653
device_uplink,1788993385000000000,70b3d57ed00778cc,14654
device_uplink,1788993401000000000,70b3d57ed00778cc,14655
device_uplink,1788993417000000000,70b3d57ed00778cc,14656
device_uplink,1788993433000000000,70b3d57ed00778cc,14657
device_uplink,1788993451000000000,70b3d57ed00778cc,14658
device_uplink,1788993467000000000,70b3d57ed00778cc,14659
device_uplink,1788993483000000000,70b3d57ed00778cc,14660
device_uplink,1788993499000000000,70b3d57ed00778cc,14661
device_uplink,1788993515000000000,70b3d57ed00778cc,14662
device_uplink,1788993531000000000,70b3d57ed00778cc,14663
device_uplink,1788993547000000000,70b3d57ed00778cc,14664
device_uplink,1788993565000000000,70b3d57ed00778cc,14665
device_uplink,1788993581000000000,70b3d57ed00778cc,14666
device_uplink,1788993597000000000,70b3d57ed00778cc,14667
device_uplink,1788993613000000000,70b3d57ed00778cc,14668
device_uplink,1788993629000000000,70b3d57ed00778cc,14669
device_uplink,1788993645000000000,70b3d57ed00778cc,14670
device_uplink,1788993661000000000,70b3d57ed00778cc,14671
device_uplink,1788993677000000000,70b3d57ed00778cc,14672
device_uplink,1788993695000000000,70b3d57ed00778cc,14673
device_uplink,1788993711000000000,70b3d57ed00778cc,14674
device_uplink,1788993727000000000,70b3d57ed00778cc,14675
device_uplink,1788993743000000000,70b3d57ed00778cc,14676
device_uplink,1788993759000000000,70b3d57ed00778cc,14677
device_uplink,1788993775000000000,70b3d57ed00778cc,14678
device_uplink,1788993791000000000,70b3d57ed00778cc,14679
device_uplink,1788993807000000000,70b3d57ed00778cc,14680
device_uplink,1788993823000000000,70b3d57ed00778cc,14681
device_uplink,1788993841000000000,70b3d57ed00778cc,14682
device_uplink,1788993857000000000,70b3d57ed00778cc,14683
device_uplink,1788993873000000000,70b3d57ed00778cc,14684
device_uplink,1788993889000000000,70b3d57ed00778cc,14685
device_uplink,1788993905000000000,70b3d57ed00778cc,14686
device_uplink,1788993921000000000,70b3d57ed00778cc,14687
device_uplink,1788993937000000000,70b3d57ed00778cc,14688
device_uplink,1788993953000000000,70b3d57ed00778cc,14689
device_uplink,1788993971000000000,70b3d57ed00778cc,14690
device_uplink,1788993987000000000,70b3d57ed00778cc,14691
device_uplink,1788994003000000000,70b3d57ed00778cc,14692
device_uplink,1788994019000000000,70b3d57ed00778cc,14693
device_uplink,1788994035000000000,70b3d57ed00778cc,14694
device_uplink,1788994051000000000,70b3d57ed00778cc,14695
device_uplink,1788994069000000000,70b3d57ed00778cc,14696
device_uplink,1788994085000000000,70b3d57ed00778cc,14697
device_uplink,1788994101000000000,70b3d57ed00778cc,14698
device_uplink,1788994117000000000,70b3d57ed00778cc,14699
device_uplink,1788994133000000000,70b3d57ed00778cc,14700
device_uplink,1788994149000000000,70b3d57ed00778cc,14701
device_uplink,1788994181000000000,70b3d57ed00778cc,14703
device_uplink,1788994199000000000,70b3d57ed00778cc,14704
device_uplink,1788994215000000000,70b3d57ed00778cc,14705
device_uplink,1788994231000000000,70b3d57ed00778cc,14706
device_uplink,1788994247000000000,70b3d57ed00778cc,14707
device_uplink,1788994263000000000,70b3d57ed00778cc,14708
device_uplink,1788994279000000000,70b3d57ed00778cc,14709
device_uplink,1788994297000000000,70b3d57ed00778cc,14710
device_uplink,1788994313000000000,70b3d57ed00778cc,14711
device_uplink,1788994329000000000,70b3d57ed00778cc,14712
device_uplink,1788994345000000000,70b3d57ed00778cc,14713
device_uplink,1788994361000000000,70b3d57ed00778cc,14714
device_uplink,1788994377000000000,70b3d57ed00778cc,14715
device_uplink,1788994395000000000,70b3d57ed00778cc,14716
device_uplink,1788994411000000000,70b3d57ed00778cc,14717
device_uplink,1788994427000000000,70b3d57ed00778cc,14718
device_uplink,1788994443000000000,70b3d57ed00778cc,14719
device_uplink,1788994459000000000,70b3d57ed00778cc,14720
device_uplink,1788994475000000000,70b3d57ed00778cc,14721
device_uplink,1788994491000000000,70b3d57ed00778cc,14722
device_uplink,1788994509000000000,70b3d57ed00778cc,14723
device_uplink,1788994525000000000,70b3d57ed00778cc,14724
device_uplink,1788994541000000000,70b3d57ed00778cc,14725
device_uplink,1788994557000000000,70b3d57ed00778cc,14726
device_uplink,1788994573000000000,70b3d57ed00778cc,14727
device_uplink,1788994589000000000,70b3d57ed00778cc,14728
device_uplink,1788994605000000000,70b3d57ed00778cc,14729
device_uplink,1788994621000000000,70b3d57ed00778cc,14730
device_uplink,1788994639000000000,70b3d57ed00778cc,14731
device_uplink,1788994655000000000,70b3d57ed00778cc,14732
device_uplink,1788994671000000000,70b3d57ed00778cc,14733
device_uplink,1788994687000000000,70b3d57ed00778cc,14734
device_uplink,1788994703000000000,70b3d57ed00778cc,14735
device_uplink,1788994719000000000,70b3d57ed00778cc,14736
device_uplink,1788994735000000000,70b3d57ed00778cc,14737
device_uplink,1788994751000000000,70b3d57ed00778cc,14738
device_uplink,1788994769000000000,70b3d57ed00778cc,14739
device_uplink,1788994785000000000,70b3d57ed00778cc,14740
device_uplink,1788994801000000000,70b3d57ed00778cc,14741
device_uplink,1788994817000000000,70b3d57ed00778cc,14742
device_uplink,1788994833000000000,70b3d57ed00778cc,14743
device_uplink,1788994849000000000,70b3d57ed00778cc,14744
device_uplink,1788994865000000000,70b3d57ed00778cc,14745
device_uplink,1788994881000000000,70b3d57ed00778cc,14746
device_uplink,1788994899000000000,70b3d57ed00778cc,14747
device_uplink,1788994915000000000,70b3d57ed00778cc,14748
device_uplink,1788994931000000000,70b3d57ed00778cc,14749
device_uplink,1788994947000000000,70b3d57ed00778cc,14750
device_uplink,1788994963000000000,70b3d57ed00778cc,14751
device_uplink,1788994979000000000,70b3d57ed00778cc,14752
device_uplink,1788994995000000000,70b3d57ed00778cc,14753
device_uplink,1788995011000000000,70b3d57ed00778cc,14754
device_uplink,1788995029000000000,70b3d57ed00778cc,14755
device_uplink,1788995045000000000,70b3d57ed00778cc,14756
device_uplink,1788995061000000000,70b3d57ed00778cc,14757
device_uplink,1788995077000000000,70b3d57ed00778cc,14758
device_uplink,1788995093000000000,70b3d57ed00778cc,14759
device_uplink,1788995109000000000,70b3d57ed00778cc,14760
device_uplink,1788995125000000000,70b3d57ed00778cc,14761
device_uplink,1788995141000000000,70b3d57ed00778cc,14762
device_uplink,1788995159000000000,70b3d57ed00778cc,14763
device_uplink,1788995175000000000,70b3d57ed00778cc,14764
device_uplink,1788995191000000000,70b3d57ed00778cc,14765
device_uplink,1788995207000000000,70b3d57ed00778cc,14766
device_uplink,1788995223000000000,70b3d57ed00778cc,14767
device_uplink,1788995239000000000,70b3d57ed00778cc,14768
device_uplink,1788995255000000000,70b3d57ed00778cc,14769
device_uplink,1788995273000000000,70b3d57ed00778cc,14770
device_uplink,1788995289000000000,70b3d57ed00778cc,14771
device_uplink,1788995305000000000,70b3d57ed00778cc,14772
device_uplink,1788995321000000000,70b3d57ed00778cc,14773
device_uplink,1788995337000000000,70b3d57ed00778cc,14774
device_uplink,1788995353000000000,70b3d57ed00778cc,14775
device_uplink,1788995369000000000,70b3d57ed00778cc,14776
device_uplink,1788995385000000000,70b3d57ed00778cc,14777
device_uplink,1788995403000000000,70b3d57ed00778cc,14778
device_uplink,1788995419000000000,70b3d57ed00778cc,14779
device_uplink,1788995435000000000,70b3d57ed00778cc,14780
device_uplink,1788995451000000000,70b3d57ed00778cc,14781
device_uplink,1788995467000000000,70b3d57ed00778cc,14782
device_uplink,1788995483000000000,70b3d57ed00778cc,14783
device_uplink,1788995499000000000,70b3d57ed00778cc,14784
device_uplink,1788995515000000000,70b3d57ed00778cc,14785
device_uplink,1788995533000000000,70b3d57ed00778cc,14786
device_uplink,1788995549000000000,70b3d57ed00778cc,14787
device_uplink,1788995565000000000,70b3d57ed00778cc,14788
device_uplink,1788995581000000000,70b3d57ed00778cc,14789
device_uplink,1788995597000000000,70b3d57ed00778cc,14790
device_uplink,1788995613000000000,70b3d57ed00778cc,14791
device_uplink,1788995629000000000,70b3d57ed00778cc,14792
device_uplink,1788995645000000000,70b3d57ed00778cc,14793
device_uplink,1788995663000000000,70b3d57ed00778cc,14794
device_uplink,1788995679000000000,70b3d57ed00778cc,14795
device_uplink,1788995695000000000,70b3d57ed00778cc,14796
device_uplink,1788995711000000000,70b3d57ed00778cc,14797
device_uplink,1788995727000000000,70b3d57ed00778cc,14798
device_uplink,1788995743000000000,70b3d57ed00778cc,14799
device_uplink,1788995759000000000,70b3d57ed00778cc,14800
device_uplink,1788995775000000000,70b3d57ed00778cc,14801
device_uplink,1788995793000000000,70b3d57ed00778cc,14802
device_uplink,1788995809000000000,70b3d57ed00778cc,14803
device_uplink,1788995825000000000,70b3d57ed00778cc,14804
device_uplink,1788995841000000000,70b3d57ed00778cc,14805
device_uplink,1788995857000000000,70b3d57ed00778cc,14806
device_uplink,1788995873000000000,70b3d57ed00778cc,14807
device_uplink,1788995889000000000,70b3d57ed00778cc,14808
device_uplink,1788995905000000000,70b3d57ed00778cc,14809
device_uplink,1788995923000000000,70b3d57ed00778cc,14810
device_uplink,1788995939000000000,70b3d57ed00778cc,14811
device_uplink,1788995955000000000,70b3d57ed00778cc,14812
device_uplink,1788995971000000000,70b3d57ed00778cc,14813
device_uplink,1788995987000000000,70b3d57ed00778cc,14814
device_uplink,1788996003000000000,70b3d57ed00778cc,14815
device_uplink,1788996019000000000,70b3d57ed00778cc,14816
device_uplink,1788996035000000000,70b3d57ed00778cc,14817
device_uplink,1788996053000000000,70b3d57ed00778cc,14818
device_uplink,1788996069000000000,70b3d57ed00778cc,14819
device_uplink,1788996085000000000,70b3d57ed00778cc,14820
device_uplink,1788996101000000000,70b3d57ed00778cc,14821
device_uplink,1788996117000000000,70b3d57ed00778cc,14822
device_uplink,1788996133000000000,70b3d57ed00778cc,14823
device_uplink,1788996149000000000,70b3d57ed00778cc,14824
device_uplink,1788996165000000000,70b3d57ed00778cc,14825
device_uplink,1788996183000000000,70b3d57ed00778cc,14826
device_uplink,1788996199000000000,70b3d57ed00778cc,14827
device_uplink,1788996215000000000,70b3d57ed00778cc,14828
device_uplink,1788996231000000000,70b3d57ed00778cc,14829
device_uplink,1788996247000000000,70b3d57ed00778cc,14830
device_uplink,1788996263000000000,70b3d57ed00778cc,14831
device_uplink,1788996279000000000,70b3d57ed00778cc,14832
device_uplink,1788996297000000000,70b3d57ed00778cc,14833
device_uplink,1788996313000000000,70b3d57ed00778cc,14834
device_uplink,1788996329000000000,70b3d57ed00778cc,14835
device_uplink,1788996345000000000,70b3d57ed00778cc,14836
device_uplink,1788996361000000000,70b3d57ed00778cc,14837
device_uplink,1788996377000000000,70b3d57ed00778cc,14838
device_uplink,1788996393000000000,70b3d57ed00778cc,14839
device_uplink,1788996409000000000,70b3d57ed00778cc,14840
device_uplink,1788996427000000000,70b3d57ed00778cc,14841
device_uplink,1788996443000000000,70b3d57ed00778cc,14842
device_uplink,1788996459000000000,70b3d57ed00778cc,14843
device_uplink,1788996475000000000,70b3d57ed00778cc,14844
device_uplink,1788996491000000000,70b3d57ed00778cc,14845
device_uplink,1788996507000000000,70b3d57ed00778cc,14846
device_uplink,1788996523000000000,70b3d57ed00778cc,14847
device_uplink,1788996541000000000,70b3d57ed00778cc,14848
device_uplink,1788996557000000000,70b3d57ed00778cc,14849
device_uplink,1788996573000000000,70b3d57ed00778cc,14850
device_uplink,1788996589000000000,70b3d57ed00778cc,14851
device_uplink,1788996605000000000,70b3d57ed00778cc,14852
device_uplink,1788996621000000000,70b3d57ed00778cc,14853
device_uplink,1788996637000000000,70b3d57ed00778cc,14854
device_uplink,1788996653000000000,70b3d57ed00778cc,14855
device_uplink,1788996671000000000,70b3d57ed00778cc,14856
device_uplink,1788996687000000000,70b3d57ed00778cc,14857
device_uplink,1788996703000000000,70b3d57ed00778cc,14858
device_uplink,1788996719000000000,70b3d57ed00778cc,14859
device_uplink,1788996735000000000,70b3d57ed00778cc,14860
device_uplink,1788996751000000000,70b3d57ed00778cc,14861
device_uplink,1788996767000000000,70b3d57ed00778cc,14862
device_uplink,1788996783000000000,70b3d57ed00778cc,14863
device_uplink,1788996801000000000,70b3d57ed00778cc,14864
device_uplink,1788996817000000000,70b3d57ed00778cc,14865
device_uplink,1788996833000000000,70b3d57ed00778cc,14866
device_uplink,1788996849000000000,70b3d57ed00778cc,14867
device_uplink,1788996865000000000,70b3d57ed00778cc,14868
device_uplink,1788996881000000000,70b3d57ed00778cc,14869
device_uplink,1788996897000000000,70b3d57ed00778cc,14870
device_uplink,1788996913000000000,70b3d57ed00778cc,14871
device_uplink,1788996931000000000,70b3d57ed00778cc,14872
device_uplink,1788996947000000000,70b3d57ed00778cc,14873
device_uplink,1788996963000000000,70b3d57ed00778cc,14874
device_uplink,1788996979000000000,70b3d57ed00778cc,14875
device_uplink,1788996995000000000,70b3d57ed00778cc,14876
device_uplink,1788997011000000000,70b3d57ed00778cc,14877
device_uplink,1788997027000000000,70b3d57ed00778cc,14878
device_uplink,1788997043000000000,70b3d57ed00778cc,14879
device_uplink,1788997061000000000,70b3d57ed00778cc,14880
device_uplink,1788997077000000000,70b3d57ed00778cc,14881
device_uplink,1788997093000000000,70b3d57ed00778cc,14882
device_uplink,1788997109000000000,70b3d57ed00778cc,14883
device_uplink,1788997125000000000,70b3d57ed00778cc,14884
device_uplink,1788997141000000000,70b3d57ed00778cc,14885
device_uplink,1788997157000000000,70b3d57ed00778cc,14886
device_uplink,1788997173000000000,70b3d57ed00778cc,14887
device_uplink,1788997191000000000,70b3d57ed00778cc,14888
device_uplink,1788997207000000000,70b3d57ed00778cc,14889
device_uplink,1788997223000000000,70b3d57ed00778cc,14890
device_uplink,1788997239000000000,70b3d57ed00778cc,14891
device_uplink,1788997255000000000,70b3d57ed00778cc,14892
device_uplink,1788997271000000000,70b3d57ed00778cc,14893
device_uplink,1788997289000000000,70b3d57ed00778cc,14894
device_uplink,1788997305000000000,70b3d57ed00778cc,14895
device_uplink,1788997321000000000,70b3d57ed00778cc,14896
device_uplink,1788997337000000000,70b3d57ed00778cc,14897
device_uplink,1788997353000000000,70b3d57ed00778cc,14898
device_uplink,1788997369000000000,70b3d57ed00778cc,14899
device_uplink,1788997385000000000,70b3d57ed00778cc,14900
device_uplink,1788997401000000000,70b3d57ed00778cc,14901
device_uplink,1788997419000000000,70b3d57ed00778cc,14902
device_uplink,1788997435000000000,70b3d57ed00778cc,14903
device_uplink,1788997451000000000,70b3d57ed00778cc,14904
device_uplink,1788997467000000000,70b3d57ed00778cc,14905
device_uplink,1788997483000000000,70b3d57ed00778cc,14906
device_uplink,1788997499000000000,70b3d57ed00778cc,14907
device_uplink,1788997515000000000,70b3d57ed00778cc,14908
device_uplink,1788997531000000000,70b3d57ed00778cc,14909
device_uplink,1788997549000000000,70b3d57ed00778cc,14910
device_uplink,1788997565000000000,70b3d57ed00778cc,14911
device_uplink,1788997581000000000,70b3d57ed00778cc,14912
device_uplink,1788997597000000000,70b3d57ed00778cc,14913
device_uplink,1788997613000000000,70b3d57ed00778cc,14914
device_uplink,1788997629000000000,70b3d57ed00778cc,14915
device_uplink,1788997645000000000,70b3d57ed00778cc,14916
device_uplink,1788997663000000000,70b3d57ed00778cc,14917
device_uplink,1788997679000000000,70b3d57ed00778cc,14918
device_uplink,1788997695000000000,70b3d57ed00778cc,14919
device_uplink,1788997711000000000,70b3d57ed00778cc,14920
device_uplink,1788997727000000000,70b3d57ed00778cc,14921
device_uplink,1788997743000000000,70b3d57ed00778cc,14922
device_uplink,1788997759000000000,70b3d57ed00778cc,14923
device_uplink,1788997775000000000,70b3d57ed00778cc,14924
device_uplink,1788997793000000000,70b3d57ed00778cc,14925
device_uplink,1788997809000000000,70b3d57ed00778cc,14926
device_uplink,1788997825000000000,70b3d57ed00778cc,14927
device_uplink,1788997841000000000,70b3d57ed00778cc,14928
device_uplink,1788997857000000000,70b3d57ed00778cc,14929
device_uplink,1788997873000000000,70b3d57ed00778cc,14930
device_uplink,1788997889000000000,70b3d57ed00778cc,14931
device_uplink,1788997907000000000,70b3d57ed00778cc,14932
device_uplink,1788997923000000000,70b3d57ed00778cc,14933
device_uplink,1788997939000000000,70b3d57ed00778cc,14934
device_uplink,1788997955000000000,70b3d57ed00778cc,14935
device_uplink,1788997971000000000,70b3d57ed00778cc,14936
device_uplink,1788997987000000000,70b3d57ed00778cc,14937
device_uplink,1788998003000000000,70b3d57ed00778cc,14938
device_uplink,1788998019000000000,70b3d57ed00778cc,14939
device_uplink,1788998035000000000,70b3d57ed00778cc,14940
device_uplink,1788998053000000000,70b3d57ed00778cc,14941
device_uplink,1788998069000000000,70b3d57ed00778cc,14942
device_uplink,1788998085000000000,70b3d57ed00778cc,14943
device_uplink,1788998101000000000,70b3d57ed00778cc,14944
device_uplink,1788998117000000000,70b3d57ed00778cc,14945
device_uplink,1788998133000000000,70b3d57ed00778cc,14946
device_uplink,1788998149000000000,70b3d57ed00778cc,14947
device_uplink,1788998167000000000,70b3d57ed00778cc,14948
device_uplink,1788998183000000000,70b3d57ed00778cc,14949
device_uplink,1788998199000000000,70b3d57ed00778cc,14950
device_uplink,1788998215000000000,70b3d57ed00778cc,14951
device_uplink,1788998231000000000,70b3d57ed00778cc,14952
device_uplink,1788998247000000000,70b3d57ed00778cc,14953
device_uplink,1788998263000000000,70b3d57ed00778cc,14954
device_uplink,1788998279000000000,70b3d57ed00778cc,14955
device_uplink,1788998297000000000,70b3d57ed00778cc,14956
device_uplink,1788998313000000000,70b3d57ed00778cc,14957
device_uplink,1788998329000000000,70b3d57ed00778cc,14958
device_uplink,1788998345000000000,70b3d57ed00778cc,14959
device_uplink,1788998361000000000,70b3d57ed00778cc,14960
device_uplink,1788998377000000000,70b3d57ed00778cc,14961
device_uplink,1788998393000000000,70b3d57ed00778cc,14962
device_uplink,1788998409000000000,70b3d57ed00778cc,14963
device_uplink,1788998427000000000,70b3d57ed00778cc,14964
device_uplink,1788998443000000000,70b3d57ed00778cc,14965
device_uplink,1788998459000000000,70b3d57ed00778cc,14966
device_uplink,1788998475000000000,70b3d57ed00778cc,14967
device_uplink,1788998491000000000,70b3d57ed00778cc,14968
device_uplink,1788998507000000000,70b3d57ed00778cc,14969
device_uplink,1788998523000000000,70b3d57ed00778cc,14970
device_uplink,1788998541000000000,70b3d57ed00778cc,14971
device_uplink,1788998557000000000,70b3d57ed00778cc,14972
device_uplink,1788998573000000000,70b3d57ed00778cc,14973
device_uplink,1788998589000000000,70b3d57ed00778cc,14974
device_uplink,1788998605000000000,70b3d57ed00778cc,14975
device_uplink,1788998621000000000,70b3d57ed00778cc,14976
device_uplink,1788998637000000000,70b3d57ed00778cc,14977
device_uplink,1788998655000000000,70b3d57ed00778cc,14978
device_uplink,1788998671000000000,70b3d57ed00778cc,14979
device_uplink,1788998687000000000,70b3d57ed00778cc,14980
device_uplink,1788998703000000000,70b3d57ed00778cc,14981
device_uplink,1788998719000000000,70b3d57ed00778cc,14982
device_uplink,1788998735000000000,70b3d57ed00778cc,14983
device_uplink,1788998751000000000,70b3d57ed00778cc,14984
device_uplink,1788998767000000000,70b3d57ed00778cc,14985
device_uplink,1788998785000000000,70b3d57ed00778cc,14986
device_uplink,1788998801000000000,70b3d57ed00778cc,14987
device_uplink,1788998817000000000,70b3d57ed00778cc,14988
device_uplink,1788998833000000000,70b3d57ed00778cc,14989
device_uplink,1788998849000000000,70b3d57ed00778cc,14990
device_uplink,1788998865000000000,70b3d57ed00778cc,14991
device_uplink,1788998881000000000,70b3d57ed00778cc,14992
device_uplink,1788998915000000000,70b3d57ed00778cc,14994
device_uplink,1788998931000000000,70b3d57ed00778cc,14995
device_uplink,1788998947000000000,70b3d57ed00778cc,14996
device_uplink,1788998963000000000,70b3d57ed00778cc,14997
device_uplink,1788998979000000000,70b3d57ed00778cc,14998
device_uplink,1788998995000000000,70b3d57ed00778cc,14999
device_uplink,1788999013000000000,70b3d57ed00778cc,15000
device_uplink,1788999029000000000,70b3d57ed00778cc,15001
device_uplink,1788999045000000000,70b3d57ed00778cc,15002
device_uplink,1788999061000000000,70b3d57ed00778cc,15003
device_uplink,1788999077000000000,70b3d57ed00778cc,15004
device_uplink,1788999093000000000,70b3d57ed00778cc,15005
device_uplink,1788999109000000000,70b3d57ed00778cc,15006
device_uplink,1788999125000000000,70b3d57ed00778cc,15007
device_uplink,1788999143000000000,70b3d57ed00778cc,15008
device_uplink,1788999159000000000,70b3d57ed00778cc,15009
device_uplink,1788999175000000000,70b3d57ed00778cc,15010
device_uplink,1788999191000000000,70b3d57ed00778cc,15011
device_uplink,1788999207000000000,70b3d57ed00778cc,15012
device_uplink,1788999223000000000,70b3d57ed00778cc,15013
device_uplink,1788999239000000000,70b3d57ed00778cc,15014
device_uplink,1788999255000000000,70b3d57ed00778cc,15015
device_uplink,1788999273000000000,70b3d57ed00778cc,15016
device_uplink,1788999289000000000,70b3d57ed00778cc,15017
device_uplink,1788999305000000000,70b3d57ed00778cc,15018
device_uplink,1788999321000000000,70b3d57ed00778cc,15019
device_uplink,1788999337000000000,70b3d57ed00778cc,15020
device_uplink,1788999353000000000,70b3d57ed00778cc,15021
device_uplink,1788999369000000000,70b3d57ed00778cc,15022
device_uplink,1788999385000000000,70b3d57ed00778cc,15023
device_uplink,1788999403000000000,70b3d57ed00778cc,15024
device_uplink,1788999419000000000,70b3d57ed00778cc,15025
device_uplink,1788999435000000000,70b3d57ed00778cc,15026
device_uplink,1788999451000000000,70b3d57ed00778cc,15027
device_uplink,1788999467000000000,70b3d57ed00778cc,15028
device_uplink,1788999483000000000,70b3d57ed00778cc,15029
device_uplink,1788999499000000000,70b3d57ed00778cc,15030
device_uplink,1788999517000000000,70b3d57ed00778cc,15031
device_uplink,1788999533000000000,70b3d57ed00778cc,15032
device_uplink,1788999549000000000,70b3d57ed00778cc,15033
device_uplink,1788999565000000000,70b3d57ed00778cc,15034
device_uplink,1788999581000000000,70b3d57ed00778cc,15035
device_uplink,1788999597000000000,70b3d57ed00778cc,15036
device_uplink,1788999613000000000,70b3d57ed00778cc,15037
device_uplink,1788999631000000000,70b3d57ed00778cc,15038
device_uplink,1788999647000000000,70b3d57ed00778cc,15039
device_uplink,1788999663000000000,70b3d57ed00778cc,15040
device_uplink,1788999679000000000,70b3d57ed00778cc,15041
device_uplink,1788999695000000000,70b3d57ed00778cc,15042
device_uplink,1788999711000000000,70b3d57ed00778cc,15043
device_uplink,1788999727000000000,70b3d57ed00778cc,15044
device_uplink,1788999743000000000,70b3d57ed00778cc,15045
device_uplink,1788999761000000000,70b3d57ed00778cc,15046
device_uplink,1788999777000000000,70b3d57ed00778cc,15047
device_uplink,1788999793000000000,70b3d57ed00778cc,15048
device_uplink,1788999809000000000,70b3d57ed00778cc,15049
device_uplink,1788999825000000000,70b3d57ed00778cc,15050
device_uplink,1788999841000000000,70b3d57ed00778cc,15051
device_uplink,1788999857000000000,70b3d57ed00778cc,15052
device_uplink,1788999875000000000,70b3d57ed00778cc,15053
device_uplink,1788999891000000000,70b3d57ed00778cc,15054
device_uplink,1788999907000000000,70b3d57ed00778cc,15055
device_uplink,1788999923000000000,70b3d57ed00778cc,15056
device_uplink,1788999939000000000,70b3d57ed00778cc,15057
device_uplink,1788999955000000000,70b3d57ed00778cc,15058
device_uplink,1788999971000000000,70b3d57ed00778cc,15059
device_uplink,1788999989000000000,70b3d57ed00778cc,15060
device_uplink,1789000005000000000,70b3d57ed00778cc,15061
device_uplink,1789000021000000000,70b3d57ed00778cc,15062
device_uplink,1789000037000000000,70b3d57ed00778cc,15063
device_uplink,1789000053000000000,70b3d57ed00778cc,15064
device_uplink,1789000069000000000,70b3d57ed00778cc,15065
device_uplink,1789000085000000000,70b3d57ed00778cc,15066
device_uplink,1789000101000000000,70b3d57ed00778cc,15067
device_uplink,1789000119000000000,70b3d57ed00778cc,15068
device_uplink,1789000135000000000,70b3d57ed00778cc,15069
device_uplink,1789000151000000000,70b3d57ed00778cc,15070
device_uplink,1789000167000000000,70b3d57ed00778cc,15071
device_uplink,1789000183000000000,70b3d57ed00778cc,15072
device_uplink,1789000199000000000,70b3d57ed00778cc,15073
device_uplink,1789000215000000000,70b3d57ed00778cc,15074
device_uplink,1789000233000000000,70b3d57ed00778cc,15075
device_uplink,1789000249000000000,70b3d57ed00778cc,15076
device_uplink,1789000265000000000,70b3d57ed00778cc,15077
device_uplink,1789000281000000000,70b3d57ed00778cc,15078
device_uplink,1789000297000000000,70b3d57ed00778cc,15079
device_uplink,1789000313000000000,70b3d57ed00778cc,15080
device_uplink,1789000329000000000,70b3d57ed00778cc,15081
device_uplink,1789000345000000000,70b3d57ed00778cc,15082
device_uplink,1789000363000000000,70b3d57ed00778cc,15083
device_uplink,1789000379000000000,70b3d57ed00778cc,15084
device_uplink,1789000395000000000,70b3d57ed00778cc,15085
device_uplink,1789000411000000000,70b3d57ed00778cc,15086
device_uplink,1789000427000000000,70b3d57ed00778cc,15087
device_uplink,1789000443000000000,70b3d57ed00778cc,15088
device_uplink,1789000459000000000,70b3d57ed00778cc,15089
device_uplink,1789000477000000000,70b3d57ed00778cc,15090
device_uplink,1789000493000000000,70b3d57ed00778cc,15091
device_uplink,1789000509000000000,70b3d57ed00778cc,15092
device_uplink,1789000525000000000,70b3d57ed00778cc,15093
device_uplink,1789000541000000000,70b3d57ed00778cc,15094
device_uplink,1789000557000000000,70b3d57ed00778cc,15095
device_uplink,1789000573000000000,70b3d57ed00778cc,15096
device_uplink,1789000589000000000,70b3d57ed00778cc,15097
device_uplink,1789000607000000000,70b3d57ed00778cc,15098
device_uplink,1789000623000000000,70b3d57ed00778cc,15099
device_uplink,1789000639000000000,70b3d57ed00778cc,15100
device_uplink,1789000655000000000,70b3d57ed00778cc,15101
device_uplink,1789000671000000000,70b3d57ed00778cc,15102
device_uplink,1789000687000000000,70b3d57ed00778cc,15103
device_uplink,1789000703000000000,70b3d57ed00778cc,15104
device_uplink,1789000721000000000,70b3d57ed00778cc,15105
device_uplink,1789000737000000000,70b3d57ed00778cc,15106
device_uplink,1789000753000000000,70b3d57ed00778cc,15107
device_uplink,1789000769000000000,70b3d57ed00778cc,15108
device_uplink,1789000785000000000,70b3d57ed00778cc,15109
device_uplink,1789000801000000000,70b3d57ed00778cc,15110
device_uplink,1789000817000000000,70b3d57ed00778cc,15111
device_uplink,1789000835000000000,70b3d57ed00778cc,15112
device_uplink,1789000851000000000,70b3d57ed00778cc,15113
device_uplink,1789000867000000000,70b3d57ed00778cc,15114
device_uplink,1789000883000000000,70b3d57ed00778cc,15115
device_uplink,1789000899000000000,70b3d57ed00778cc,15116
device_uplink,1789000915000000000,70b3d57ed00778cc,15117
device_uplink,1789000931000000000,70b3d57ed00778cc,15118
device_uplink,1789000949000000000,70b3d57ed00778cc,15119
device_uplink,1789000965000000000,70b3d57ed00778cc,15120
device_uplink,1789000981000000000,70b3d57ed00778cc,15121
device_uplink,1789000997000000000,70b3d57ed00778cc,15122
device_uplink,1789001013000000000,70b3d57ed00778cc,15123
device_uplink,1789001029000000000,70b3d57ed00778cc,15124
device_uplink,1789001045000000000,70b3d57ed00778cc,15125
device_uplink,1789001061000000000,70b3d57ed00778cc,15126
device_uplink,1789001079000000000,70b3d57ed00778cc,15127
device_uplink,1789001095000000000,70b3d57ed00778cc,15128
device_uplink,1789001111000000000,70b3d57ed00778cc,15129
device_uplink,1789001127000000000,70b3d57ed00778cc,15130
device_uplink,1789001143000000000,70b3d57ed00778cc,15131
device_uplink,1789001159000000000,70b3d57ed00778cc,15132
device_uplink,1789001175000000000,70b3d57ed00778cc,15133
device_uplink,1789001191000000000,70b3d57ed00778cc,15134
device_uplink,1789001209000000000,70b3d57ed00778cc,15135
device_uplink,1789001225000000000,70b3d57ed00778cc,15136
device_uplink,1789001241000000000,70b3d57ed00778cc,15137
device_uplink,1789001257000000000,70b3d57ed00778cc,15138
device_uplink,1789001273000000000,70b3d57ed00778cc,15139
device_uplink,1789001289000000000,70b3d57ed00778cc,15140
device_uplink,1789001305000000000,70b3d57ed00778cc,15141
device_uplink,1789001323000000000,70b3d57ed00778cc,15142
device_uplink,1789001339000000000,70b3d57ed00778cc,15143
device_uplink,1789001355000000000,70b3d57ed00778cc,15144
device_uplink,1789001371000000000,70b3d57ed00778cc,15145
device_uplink,1789001387000000000,70b3d57ed00778cc,15146
device_uplink,1789001403000000000,70b3d57ed00778cc,15147
device_uplink,1789001419000000000,70b3d57ed00778cc,15148
device_uplink,1789001435000000000,70b3d57ed00778cc,15149
device_uplink,1789001451000000000,70b3d57ed00778cc,15150
device_uplink,1789001469000000000,70b3d57ed00778cc,15151
device_uplink,1789001485000000000,70b3d57ed00778cc,15152
device_uplink,1789001501000000000,70b3d57ed00778cc,15153
device_uplink,1789001517000000000,70b3d57ed00778cc,15154
device_uplink,1789001533000000000,70b3d57ed00778cc,15155
device_uplink,1789001549000000000,70b3d57ed00778cc,15156
device_uplink,1789001565000000000,70b3d57ed00778cc,15157
device_uplink,1789001581000000000,70b3d57ed00778cc,15158
device_uplink,1789001599000000000,70b3d57ed00778cc,15159
device_uplink,1789001615000000000,70b3d57ed00778cc,15160
device_uplink,1789001631000000000,70b3d57ed00778cc,15161
device_uplink,1789001647000000000,70b3d57ed00778cc,15162
device_uplink,1789001663000000000,70b3d57ed00778cc,15163
device_uplink,1789001679000000000,70b3d57ed00778cc,15164
device_uplink,1789001695000000000,70b3d57ed00778cc,15165
device_uplink,1789001711000000000,70b3d57ed00778cc,15166
device_uplink,1789001729000000000,70b3d57ed00778cc,15167
device_uplink,1789001745000000000,70b3d57ed00778cc,15168
device_uplink,1789001761000000000,70b3d57ed00778cc,15169
device_uplink,1789001777000000000,70b3d57ed00778cc,15170
device_uplink,1789001793000000000,70b3d57ed00778cc,15171
device_uplink,1789001809000000000,70b3d57ed00778cc,15172
device_uplink,1789001825000000000,70b3d57ed00778cc,15173
device_uplink,1789001843000000000,70b3d57ed00778cc,15174
device_uplink,1789001859000000000,70b3d57ed00778cc,15175
device_uplink,1789001875000000000,70b3d57ed00778cc,15176
device_uplink,1789001891000000000,70b3d57ed00778cc,15177
device_uplink,1789001907000000000,70b3d57ed00778cc,15178
device_uplink,1789001923000000000,70b3d57ed00778cc,15179
device_uplink,1789001939000000000,70b3d57ed00778cc,15180
device_uplink,1789001957000000000,70b3d57ed00778cc,15181
device_uplink,1789001973000000000,70b3d57ed00778cc,15182
device_uplink,1789001989000000000,70b3d57ed00778cc,15183
device_uplink,1789002005000000000,70b3d57ed00778cc,15184
device_uplink,1789002021000000000,70b3d57ed00778cc,15185
device_uplink,1789002037000000000,70b3d57ed00778cc,15186
device_uplink,1789002053000000000,70b3d57ed00778cc,15187
device_uplink,1789002069000000000,70b3d57ed00778cc,15188
device_uplink,1789002087000000000,70b3d57ed00778cc,15189
device_uplink,1789002103000000000,70b3d57ed00778cc,15190
device_uplink,1789002119000000000,70b3d57ed00778cc,15191
device_uplink,1789002135000000000,70b3d57ed00778cc,15192
device_uplink,1789002151000000000,70b3d57ed00778cc,15193
device_uplink,1789002167000000000,70b3d57ed00778cc,15194
device_uplink,1789002183000000000,70b3d57ed00778cc,15195
device_uplink,1789002199000000000,70b3d57ed00778cc,15196
device_uplink,1789002217000000000,70b3d57ed00778cc,15197
device_uplink,1789002233000000000,70b3d57ed00778cc,15198
device_uplink,1789002265000000000,70b3d57ed00778cc,15200
device_uplink,1789002281000000000,70b3d57ed00778cc,15201
device_uplink,1789002297000000000,70b3d57ed00778cc,15202
device_uplink,1789002313000000000,70b3d57ed00778cc,15203
device_uplink,1789002331000000000,70b3d57ed00778cc,15204
device_uplink,1789002347000000000,70b3d57ed00778cc,15205
device_uplink,1789002363000000000,70b3d57ed00778cc,15206
device_uplink,1789002379000000000,70b3d57ed00778cc,15207
device_uplink,1789002395000000000,70b3d57ed00778cc,15208
device_uplink,1789002411000000000,70b3d57ed00778cc,15209
device_uplink,1789002427000000000,70b3d57ed00778cc,15210
device_uplink,1789002445000000000,70b3d57ed00778cc,15211
device_uplink,1789002461000000000,70b3d57ed00778cc,15212
device_uplink,1789002477000000000,70b3d57ed00778cc,15213
device_uplink,1789002493000000000,70b3d57ed00778cc,15214
device_uplink,1789002509000000000,70b3d57ed00778cc,15215
device_uplink,1789002525000000000,70b3d57ed00778cc,15216
device_uplink,1789002541000000000,70b3d57ed00778cc,15217
device_uplink,1789002557000000000,70b3d57ed00778cc,15218
device_uplink,1789002575000000000,70b3d57ed00778cc,15219
device_uplink,1789002591000000000,70b3d57ed00778cc,15220
device_uplink,1789002607000000000,70b3d57ed00778cc,15221
device_uplink,1789002623000000000,70b3d57ed00778cc,15222
device_uplink,1789002639000000000,70b3d57ed00778cc,15223
device_uplink,1789002655000000000,70b3d57ed00778cc,15224
device_uplink,1789002671000000000,70b3d57ed00778cc,15225
device_uplink,1789002687000000000,70b3d57ed00778cc,15226
device_uplink,1789002705000000000,70b3d57ed00778cc,15227
device_uplink,1789002721000000000,70b3d57ed00778cc,15228
device_uplink,1789002737000000000,70b3d57ed00778cc,15229
device_uplink,1789002753000000000,70b3d57ed00778cc,15230
device_uplink,1789002769000000000,70b3d57ed00778cc,15231
device_uplink,1789002785000000000,70b3d57ed00778cc,15232
device_uplink,1789002803000000000,70b3d57ed00778cc,15233
device_uplink,1789002819000000000,70b3d57ed00778cc,15234
device_uplink,1789002835000000000,70b3d57ed00778cc,15235
device_uplink,1789002851000000000,70b3d57ed00778cc,15236
device_uplink,1789002867000000000,70b3d57ed00778cc,15237
device_uplink,1789002883000000000,70b3d57ed00778cc,15238
device_uplink,1789002899000000000,70b3d57ed00778cc,15239
device_uplink,1789002915000000000,70b3d57ed00778cc,15240
device_uplink,1789002933000000000,70b3d57ed00778cc,15241
device_uplink,1789002949000000000,70b3d57ed00778cc,15242
device_uplink,1789002965000000000,70b3d57ed00778cc,15243
device_uplink,1789002981000000000,70b3d57ed00778cc,15244
device_uplink,1789002997000000000,70b3d57ed00778cc,15245
device_uplink,1789003013000000000,70b3d57ed00778cc,15246
device_uplink,1789003029000000000,70b3d57ed00778cc,15247
device_uplink,1789003047000000000,70b3d57ed00778cc,15248
device_uplink,1789003063000000000,70b3d57ed00778cc,15249
device_uplink,1789003079000000000,70b3d57ed00778cc,15250
device_uplink,1789003095000000000,70b3d57ed00778cc,15251
device_uplink,1789003111000000000,70b3d57ed00778cc,15252
device_uplink,1789003127000000000,70b3d57ed00778cc,15253
device_uplink,1789003143000000000,70b3d57ed00778cc,15254
device_uplink,1789003161000000000,70b3d57ed00778cc,15255
device_uplink,1789003177000000000,70b3d57ed00778cc,15256
device_uplink,1789003193000000000,70b3d57ed00778cc,15257
device_uplink,1789003209000000000,70b3d57ed00778cc,15258
device_uplink,1789003225000000000,70b3d57ed00778cc,15259
device_uplink,1789003241000000000,70b3d57ed00778cc,15260
device_uplink,1789003257000000000,70b3d57ed00778cc,15261
device_uplink,1789003273000000000,70b3d57ed00778cc,15262
device_uplink,1789003291000000000,70b3d57ed00778cc,15263
device_uplink,1789003307000000000,70b3d57ed00778cc,15264
device_uplink,1789003323000000000,70b3d57ed00778cc,15265
device_uplink,1789003339000000000,70b3d57ed00778cc,15266
device_uplink,1789003355000000000,70b3d57ed00778cc,15267
device_uplink,1789003371000000000,70b3d57ed00778cc,15268
device_uplink,1789003387000000000,70b3d57ed00778cc,15269
device_uplink,1789003403000000000,70b3d57ed00778cc,15270
device_uplink,1789003421000000000,70b3d57ed00778cc,15271
device_uplink,1789003437000000000,70b3d57ed00778cc,15272
device_uplink,1789003453000000000,70b3d57ed00778cc,15273
device_uplink,1789003469000000000,70b3d57ed00778cc,15274
device_uplink,1789003485000000000,70b3d57ed00778cc,15275
device_uplink,1789003501000000000,70b3d57ed00778cc,15276
device_uplink,1789003519000000000,70b3d57ed00778cc,15277
device_uplink,1789003535000000000,70b3d57ed00778cc,15278
device_uplink,1789003551000000000,70b3d57ed00778cc,15279
device_uplink,1789003567000000000,70b3d57ed00778cc,15280
device_uplink,1789003583000000000,70b3d57ed00778cc,15281
device_uplink,1789003599000000000,70b3d57ed00778cc,15282
device_uplink,1789003615000000000,70b3d57ed00778cc,15283
device_uplink,1789003631000000000,70b3d57ed00778cc,15284
device_uplink,1789003649000000000,70b3d57ed00778cc,15285
device_uplink,1789003665000000000,70b3d57ed00778cc,15286
device_uplink,1789003681000000000,70b3d57ed00778cc,15287
device_uplink,1789003697000000000,70b3d57ed00778cc,15288
device_uplink,1789003713000000000,70b3d57ed00778cc,15289
device_uplink,1789003729000000000,70b3d57ed00778cc,15290
device_uplink,1789003745000000000,70b3d57ed00778cc,15291
device_uplink,1789003761000000000,70b3d57ed00778cc,15292
device_uplink,1789003779000000000,70b3d57ed00778cc,15293
device_uplink,1789003795000000000,70b3d57ed00778cc,15294
device_uplink,1789003811000000000,70b3d57ed00778cc,15295
device_uplink,1789003827000000000,70b3d57ed00778cc,15296
device_uplink,1789003843000000000,70b3d57ed00778cc,15297
device_uplink,1789003859000000000,70b3d57ed00778cc,15298
device_uplink,1789003877000000000,70b3d57ed00778cc,15299
device_uplink,1789003893000000000,70b3d57ed00778cc,15300
device_uplink,1789003909000000000,70b3d57ed00778cc,15301
device_uplink,1789003925000000000,70b3d57ed00778cc,15302
device_uplink,1789003941000000000,70b3d57ed00778cc,15303
device_uplink,1789003957000000000,70b3d57ed00778cc,15304
device_uplink,1789003973000000000,70b3d57ed00778cc,15305
device_uplink,1789003991000000000,70b3d57ed00778cc,15306
device_uplink,1789004007000000000,70b3d57ed00778cc,15307
device_uplink,1789004023000000000,70b3d57ed00778cc,15308
device_uplink,1789004039000000000,70b3d57ed00778cc,15309
device_uplink,1789004055000000000,70b3d57ed00778cc,15310
device_uplink,1789004071000000000,70b3d57ed00778cc,15311
device_uplink,1789004087000000000,70b3d57ed00778cc,15312
device_uplink,1789004103000000000,70b3d57ed00778cc,15313
device_uplink,1789004121000000000,70b3d57ed00778cc,15314
device_uplink,1789004137000000000,70b3d57ed00778cc,15315
device_uplink,1789004153000000000,70b3d57ed00778cc,15316
device_uplink,1789004169000000000,70b3d57ed00778cc,15317
device_uplink,1789004185000000000,70b3d57ed00778cc,15318
device_uplink,1789004201000000000,70b3d57ed00778cc,15319
device_uplink,1789004217000000000,70b3d57ed00778cc,15320
device_uplink,1789004233000000000,70b3d57ed00778cc,15321
device_uplink,1789004259000000000,70b3d57ed00778cc,15322
device_uplink,1789004267000000000,70b3d57ed00778cc,15323
device_uplink,1789004284000000000,70b3d57ed00778cc,15324
device_uplink,1789004309000000000,70b3d57ed00778cc,15325
device_uplink,1789004315000000000,70b3d57ed00778cc,15326
device_uplink,1789004331000000000,70b3d57ed00778cc,15327
device_uplink,1789004349000000000,70b3d57ed00778cc,15328
device_uplink,1789004365000000000,70b3d57ed00778cc,15329
device_uplink,1789004381000000000,70b3d57ed00778cc,15330
device_uplink,1789004397000000000,70b3d57ed00778cc,15331
device_uplink,1789004413000000000,70b3d57ed00778cc,15332
device_uplink,1789004429000000000,70b3d57ed00778cc,15333
device_uplink,1789004445000000000,70b3d57ed00778cc,15334
device_uplink,1789004463000000000,70b3d57ed00778cc,15335
device_uplink,1789004479000000000,70b3d57ed00778cc,15336
device_uplink,1789004495000000000,70b3d57ed00778cc,15337
device_uplink,1789004511000000000,70b3d57ed00778cc,15338
device_uplink,1789004527000000000,70b3d57ed00778cc,15339
device_uplink,1789004543000000000,70b3d57ed00778cc,15340
device_uplink,1789004559000000000,70b3d57ed00778cc,15341
device_uplink,1789004577000000000,70b3d57ed00778cc,15342
device_uplink,1789004593000000000,70b3d57ed00778cc,15343
device_uplink,1789004609000000000,70b3d57ed00778cc,15344
device_uplink,1789004625000000000,70b3d57ed00778cc,15345
device_uplink,1789004641000000000,70b3d57ed00778cc,15346
device_uplink,1789004657000000000,70b3d57ed00778cc,15347
device_uplink,1789004673000000000,70b3d57ed00778cc,15348
device_uplink,1789004689000000000,70b3d57ed00778cc,15349
device_uplink,1789004707000000000,70b3d57ed00778cc,15350
device_uplink,1789004723000000000,70b3d57ed00778cc,15351
device_uplink,1789004739000000000,70b3d57ed00778cc,15352
device_uplink,1789004755000000000,70b3d57ed00778cc,15353
device_uplink,1789004771000000000,70b3d57ed00778cc,15354
device_uplink,1789004787000000000,70b3d57ed00778cc,15355
device_uplink,1789004803000000000,70b3d57ed00778cc,15356
device_uplink,1789004821000000000,70b3d57ed00778cc,15357
device_uplink,1789004837000000000,70b3d57ed00778cc,15358
device_uplink,1789004853000000000,70b3d57ed00778cc,15359
device_uplink,1789004869000000000,70b3d57ed00778cc,15360
device_uplink,1789004885000000000,70b3d57ed00778cc,15361
device_uplink,1789004901000000000,70b3d57ed00778cc,15362
device_uplink,1789004917000000000,70b3d57ed00778cc,15363
device_uplink,1789004935000000000,70b3d57ed00778cc,15364
device_uplink,1789004951000000000,70b3d57ed00778cc,15365
device_uplink,1789004967000000000,70b3d57ed00778cc,15366
device_uplink,1789004983000000000,70b3d57ed00778cc,15367
device_uplink,1789004999000000000,70b3d57ed00778cc,15368
device_uplink,1789005015000000000,70b3d57ed00778cc,15369
device_uplink,1789005031000000000,70b3d57ed00778cc,15370
device_uplink,1789005047000000000,70b3d57ed00778cc,15371
device_uplink,1789005065000000000,70b3d57ed00778cc,15372
device_uplink,1789005081000000000,70b3d57ed00778cc,15373
device_uplink,1789005097000000000,70b3d57ed00778cc,15374
device_uplink,1789005113000000000,70b3d57ed00778cc,15375
device_uplink,1789005129000000000,70b3d57ed00778cc,15376
device_uplink,1789005145000000000,70b3d57ed00778cc,15377
device_uplink,1789005163000000000,70b3d57ed00778cc,15378
device_uplink,1789005179000000000,70b3d57ed00778cc,15379
device_uplink,1789005195000000000,70b3d57ed00778cc,15380
device_uplink,1789005211000000000,70b3d57ed00778cc,15381
device_uplink,1789005227000000000,70b3d57ed00778cc,15382
device_uplink,1789005243000000000,70b3d57ed00778cc,15383
device_uplink,1789005259000000000,70b3d57ed00778cc,15384
device_uplink,1789005275000000000,70b3d57ed00778cc,15385
device_uplink,1789005293000000000,70b3d57ed00778cc,15386
device_uplink,1789005309000000000,70b3d57ed00778cc,15387
device_uplink,1789005325000000000,70b3d57ed00778cc,15388
device_uplink,1789005341000000000,70b3d57ed00778cc,15389
device_uplink,1789005357000000000,70b3d57ed00778cc,15390
device_uplink,1789005373000000000,70b3d57ed00778cc,15391
device_uplink,1789005389000000000,70b3d57ed00778cc,15392
device_uplink,1789005405000000000,70b3d57ed00778cc,15393
device_uplink,1789005423000000000,70b3d57ed00778cc,15394
device_uplink,1789005439000000000,70b3d57ed00778cc,15395
device_uplink,1789005455000000000,70b3d57ed00778cc,15396
device_uplink,1789005471000000000,70b3d57ed00778cc,15397
device_uplink,1789005487000000000,70b3d57ed00778cc,15398
device_uplink,1789005503000000000,70b3d57ed00778cc,15399
device_uplink,1789005521000000000,70b3d57ed00778cc,15400
device_uplink,1789005537000000000,70b3d57ed00778cc,15401
device_uplink,1789005553000000000,70b3d57ed00778cc,15402
device_uplink,1789005569000000000,70b3d57ed00778cc,15403
device_uplink,1789005585000000000,70b3d57ed00778cc,15404
device_uplink,1789005601000000000,70b3d57ed00778cc,15405
device_uplink,1789005617000000000,70b3d57ed00778cc,15406
device_uplink,1789005633000000000,70b3d57ed00778cc,15407
device_uplink,1789005651000000000,70b3d57ed00778cc,15408
device_uplink,1789005667000000000,70b3d57ed00778cc,15409
device_uplink,1789005683000000000,70b3d57ed00778cc,15410
device_uplink,1789005699000000000,70b3d57ed00778cc,15411
device_uplink,1789005715000000000,70b3d57ed00778cc,15412
device_uplink,1789005731000000000,70b3d57ed00778cc,15413
device_uplink,1789005747000000000,70b3d57ed00778cc,15414
device_uplink,1789005765000000000,70b3d57ed00778cc,15415
device_uplink,1789005781000000000,70b3d57ed00778cc,15416
device_uplink,1789005797000000000,70b3d57ed00778cc,15417
device_uplink,1789005813000000000,70b3d57ed00778cc,15418
device_uplink,1789005829000000000,70b3d57ed00778cc,15419
device_uplink,1789005845000000000,70b3d57ed00778cc,15420
device_uplink,1789005861000000000,70b3d57ed00778cc,15421
device_uplink,1789005879000000000,70b3d57ed00778cc,15422
device_uplink,1789005895000000000,70b3d57ed00778cc,15423
device_uplink,1789005911000000000,70b3d57ed00778cc,15424
device_uplink,1789005927000000000,70b3d57ed00778cc,15425
device_uplink,1789005943000000000,70b3d57ed00778cc,15426
device_uplink,1789005959000000000,70b3d57ed00778cc,15427
device_uplink,1789005975000000000,70b3d57ed00778cc,15428
device_uplink,1789005993000000000,70b3d57ed00778cc,15429
device_uplink,1789006009000000000,70b3d57ed00778cc,15430
device_uplink,1789006025000000000,70b3d57ed00778cc,15431
device_uplink,1789006041000000000,70b3d57ed00778cc,15432
device_uplink,1789006057000000000,70b3d57ed00778cc,15433
device_uplink,1789006073000000000,70b3d57ed00778cc,15434
device_uplink,1789006091000000000,70b3d57ed00778cc,15435
device_uplink,1789006107000000000,70b3d57ed00778cc,15436
device_uplink,1789006123000000000,70b3d57ed00778cc,15437
device_uplink,1789006139000000000,70b3d57ed00778cc,15438
device_uplink,1789006155000000000,70b3d57ed00778cc,15439
device_uplink,1789006171000000000,70b3d57ed00778cc,15440
device_uplink,1789006187000000000,70b3d57ed00778cc,15441
device_uplink,1789006205000000000,70b3d57ed00778cc,15442
device_uplink,1789006221000000000,70b3d57ed00778cc,15443
device_uplink,1789006237000000000,70b3d57ed00778cc,15444
device_uplink,1789006253000000000,70b3d57ed00778cc,15445
device_uplink,1789006269000000000,70b3d57ed00778cc,15446
device_uplink,1789006287000000000,70b3d57ed00778cc,15447
device_uplink,1789006303000000000,70b3d57ed00778cc,15448
device_uplink,1789006319000000000,70b3d57ed00778cc,15449
device_uplink,1789006335000000000,70b3d57ed00778cc,15450
device_uplink,1789006351000000000,70b3d57ed00778cc,15451
device_uplink,1789006367000000000,70b3d57ed00778cc,15452
device_uplink,1789006383000000000,70b3d57ed00778cc,15453
device_uplink,1789006401000000000,70b3d57ed00778cc,15454
device_uplink,1789006417000000000,70b3d57ed00778cc,15455
device_uplink,1789006433000000000,70b3d57ed00778cc,15456
device_uplink,1789006449000000000,70b3d57ed00778cc,15457
device_uplink,1789006465000000000,70b3d57ed00778cc,15458
device_uplink,1789006481000000000,70b3d57ed00778cc,15459
device_uplink,1789006497000000000,70b3d57ed00778cc,15460
device_uplink,1789006513000000000,70b3d57ed00778cc,15461
device_uplink,1789006531000000000,70b3d57ed00778cc,15462
device_uplink,1789006547000000000,70b3d57ed00778cc,15463
device_uplink,1789006563000000000,70b3d57ed00778cc,15464
device_uplink,1789006579000000000,70b3d57ed00778cc,15465
device_uplink,1789006595000000000,70b3d57ed00778cc,15466
device_uplink,1789006611000000000,70b3d57ed00778cc,15467
device_uplink,1789006627000000000,70b3d57ed00778cc,15468
device_uplink,1789006645000000000,70b3d57ed00778cc,15469
device_uplink,1789006661000000000,70b3d57ed00778cc,15470
device_uplink,1789006677000000000,70b3d57ed00778cc,15471
device_uplink,1789006693000000000,70b3d57ed00778cc,15472
device_uplink,1789006709000000000,70b3d57ed00778cc,15473
device_uplink,1789006725000000000,70b3d57ed00778cc,15474
device_uplink,1789006741000000000,70b3d57ed00778cc,15475
device_uplink,1789006757000000000,70b3d57ed00778cc,15476
device_uplink,1789006773000000000,70b3d57ed00778cc,15477
device_uplink,1789006791000000000,70b3d57ed00778cc,15478
device_uplink,1789006807000000000,70b3d57ed00778cc,15479
device_uplink,1789006823000000000,70b3d57ed00778cc,15480
device_uplink,1789006839000000000,70b3d57ed00778cc,15481
device_uplink,1789006855000000000,70b3d57ed00778cc,15482
device_uplink,1789006871000000000,70b3d57ed00778cc,15483
device_uplink,1789006887000000000,70b3d57ed00778cc,15484
device_uplink,1789006903000000000,70b3d57ed00778cc,15485
device_uplink,1789006921000000000,70b3d57ed00778cc,15486
device_uplink,1789006937000000000,70b3d57ed00778cc,15487
device_uplink,1789006953000000000,70b3d57ed00778cc,15488
device_uplink,1789006969000000000,70b3d57ed00778cc,15489
device_uplink,1789006985000000000,70b3d57ed00778cc,15490
device_uplink,1789007001000000000,70b3d57ed00778cc,15491
device_uplink,1789007017000000000,70b3d57ed00778cc,15492
device_uplink,1789007033000000000,70b3d57ed00778cc,15493
device_uplink,1789007049000000000,70b3d57ed00778cc,15494
device_uplink,1789007067000000000,70b3d57ed00778cc,15495
device_uplink,1789007083000000000,70b3d57ed00778cc,15496
device_uplink,1789007099000000000,70b3d57ed00778cc,15497
device_uplink,1789007115000000000,70b3d57ed00778cc,15498
device_uplink,1789007131000000000,70b3d57ed00778cc,15499
device_uplink,1789007149000000000,70b3d57ed00778cc,15500
device_uplink,1789007165000000000,70b3d57ed00778cc,15501
device_uplink,1789007181000000000,70b3d57ed00778cc,15502
device_uplink,1789007197000000000,70b3d57ed00778cc,15503
device_uplink,1789007213000000000,70b3d57ed00778cc,15504
device_uplink,1789007229000000000,70b3d57ed00778cc,15505
device_uplink,1789007245000000000,70b3d57ed00778cc,15506
device_uplink,1789007263000000000,70b3d57ed00778cc,15507
device_uplink,1789007279000000000,70b3d57ed00778cc,15508
device_uplink,1789007295000000000,70b3d57ed00778cc,15509
device_uplink,1789007311000000000,70b3d57ed00778cc,15510
device_uplink,1789007327000000000,70b3d57ed00778cc,15511
device_uplink,1789007343000000000,70b3d57ed00778cc,15512
device_uplink,1789007359000000000,70b3d57ed00778cc,15513
device_uplink,1789007377000000000,70b3d57ed00778cc,15514
device_uplink,1789007393000000000,70b3d57ed00778cc,15515
device_uplink,1789007409000000000,70b3d57ed00778cc,15516
device_uplink,1789007425000000000,70b3d57ed00778cc,15517
device_uplink,1789007441000000000,70b3d57ed00778cc,15518
device_uplink,1789007459000000000,70b3d57ed00778cc,15519
device_uplink,1789007475000000000,70b3d57ed00778cc,15520
device_uplink,1789007491000000000,70b3d57ed00778cc,15521
device_uplink,1789007507000000000,70b3d57ed00778cc,15522
device_uplink,1789007523000000000,70b3d57ed00778cc,15523
device_uplink,1789007539000000000,70b3d57ed00778cc,15524
device_uplink,1789007555000000000,70b3d57ed00778cc,15525
device_uplink,1789007571000000000,70b3d57ed00778cc,15526
device_uplink,1789007589000000000,70b3d57ed00778cc,15527
device_uplink,1789007605000000000,70b3d57ed00778cc,15528
device_uplink,1789007621000000000,70b3d57ed00778cc,15529
device_uplink,1789007637000000000,70b3d57ed00778cc,15530
device_uplink,1789007653000000000,70b3d57ed00778cc,15531
device_uplink,1789007669000000000,70b3d57ed00778cc,15532
device_uplink,1789007685000000000,70b3d57ed00778cc,15533
device_uplink,1789007701000000000,70b3d57ed00778cc,15534
device_uplink,1789007717000000000,70b3d57ed00778cc,15535
device_uplink,1789007733000000000,70b3d57ed00778cc,15536
device_uplink,1789007751000000000,70b3d57ed00778cc,15537
device_uplink,1789007767000000000,70b3d57ed00778cc,15538
device_uplink,1789007783000000000,70b3d57ed00778cc,15539
device_uplink,1789007799000000000,70b3d57ed00778cc,15540
device_uplink,1789007815000000000,70b3d57ed00778cc,15541
device_uplink,1789007831000000000,70b3d57ed00778cc,15542
device_uplink,1789007847000000000,70b3d57ed00778cc,15543
device_uplink,1789007865000000000,70b3d57ed00778cc,15544
device_uplink,1789007881000000000,70b3d57ed00778cc,15545
device_uplink,1789007897000000000,70b3d57ed00778cc,15546
device_uplink,1789007913000000000,70b3d57ed00778cc,15547
device_uplink,1789007929000000000,70b3d57ed00778cc,15548
device_uplink,1789007945000000000,70b3d57ed00778cc,15549
device_uplink,1789007961000000000,70b3d57ed00778cc,15550
device_uplink,1789007977000000000,70b3d57ed00778cc,15551
device_uplink,1789007995000000000,70b3d57ed00778cc,15552
device_uplink,1789008011000000000,70b3d57ed00778cc,15553
device_uplink,1789008027000000000,70b3d57ed00778cc,15554
device_uplink,1789008043000000000,70b3d57ed00778cc,15555
device_uplink,1789008059000000000,70b3d57ed00778cc,15556
device_uplink,1789008075000000000,70b3d57ed00778cc,15557
device_uplink,1789008093000000000,70b3d57ed00778cc,15558
device_uplink,1789008109000000000,70b3d57ed00778cc,15559
device_uplink,1789008125000000000,70b3d57ed00778cc,15560
device_uplink,1789008141000000000,70b3d57ed00778cc,15561
device_uplink,1789008157000000000,70b3d57ed00778cc,15562
device_uplink,1789008173000000000,70b3d57ed00778cc,15563
device_uplink,1789008189000000000,70b3d57ed00778cc,15564
device_uplink,1789008205000000000,70b3d57ed00778cc,15565
device_uplink,1789008223000000000,70b3d57ed00778cc,15566
device_uplink,1789008239000000000,70b3d57ed00778cc,15567
device_uplink,1789008255000000000,70b3d57ed00778cc,15568
device_uplink,1789008271000000000,70b3d57ed00778cc,15569
device_uplink,1789008287000000000,70b3d57ed00778cc,15570
device_uplink,1789008303000000000,70b3d57ed00778cc,15571
device_uplink,1789008319000000000,70b3d57ed00778cc,15572
device_uplink,1789008335000000000,70b3d57ed00778cc,15573
device_uplink,1789008353000000000,70b3d57ed00778cc,15574
device_uplink,1789008369000000000,70b3d57ed00778cc,15575
device_uplink,1789008385000000000,70b3d57ed00778cc,15576
device_uplink,1789008401000000000,70b3d57ed00778cc,15577
device_uplink,1789008417000000000,70b3d57ed00778cc,15578
device_uplink,1789008433000000000,70b3d57ed00778cc,15579
device_uplink,1789008449000000000,70b3d57ed00778cc,15580
device_uplink,1789008465000000000,70b3d57ed00778cc,15581
device_uplink,1789008483000000000,70b3d57ed00778cc,15582
device_uplink,1789008499000000000,70b3d57ed00778cc,15583
device_uplink,1789008515000000000,70b3d57ed00778cc,15584
device_uplink,1789008531000000000,70b3d57ed00778cc,15585
device_uplink,1789008547000000000,70b3d57ed00778cc,15586
device_uplink,1789008563000000000,70b3d57ed00778cc,15587
device_uplink,1789008579000000000,70b3d57ed00778cc,15588
device_uplink,1789008595000000000,70b3d57ed00778cc,15589
device_uplink,1789008611000000000,70b3d57ed00778cc,15590
device_uplink,1789008629000000000,70b3d57ed00778cc,15591
device_uplink,1789008645000000000,70b3d57ed00778cc,15592
device_uplink,1789008661000000000,70b3d57ed00778cc,15593
device_uplink,1789008677000000000,70b3d57ed00778cc,15594
device_uplink,1789008693000000000,70b3d57ed00778cc,15595
device_uplink,1789008709000000000,70b3d57ed00778cc,15596
device_uplink,1789008725000000000,70b3d57ed00778cc,15597
device_uplink,1789008743000000000,70b3d57ed00778cc,15598
device_uplink,1789008759000000000,70b3d57ed00778cc,15599
device_uplink,1789008775000000000,70b3d57ed00778cc,15600
device_uplink,1789008791000000000,70b3d57ed00778cc,15601
device_uplink,1789008807000000000,70b3d57ed00778cc,15602
device_uplink,1789008823000000000,70b3d57ed00778cc,15603
device_uplink,1789008839000000000,70b3d57ed00778cc,15604
device_uplink,1789008855000000000,70b3d57ed00778cc,15605
device_uplink,1789008873000000000,70b3d57ed00778cc,15606
device_uplink,1789008889000000000,70b3d57ed00778cc,15607
device_uplink,1789008905000000000,70b3d57ed00778cc,15608
device_uplink,1789008921000000000,70b3d57ed00778cc,15609
device_uplink,1789008937000000000,70b3d57ed00778cc,15610
device_uplink,1789008953000000000,70b3d57ed00778cc,15611
device_uplink,1789008971000000000,70b3d57ed00778cc,15612
device_uplink,1789008987000000000,70b3d57ed00778cc,15613
device_uplink,1789009003000000000,70b3d57ed00778cc,15614
device_uplink,1789009019000000000,70b3d57ed00778cc,15615
device_uplink,1789009035000000000,70b3d57ed00778cc,15616
device_uplink,1789009051000000000,70b3d57ed00778cc,15617
device_uplink,1789009069000000000,70b3d57ed00778cc,15618
device_uplink,1789009085000000000,70b3d57ed00778cc,15619
device_uplink,1789009101000000000,70b3d57ed00778cc,15620
device_uplink,1789009117000000000,70b3d57ed00778cc,15621
device_uplink,1789009133000000000,70b3d57ed00778cc,15622
device_uplink,1789009149000000000,70b3d57ed00778cc,15623
device_uplink,1789009165000000000,70b3d57ed00778cc,15624
device_uplink,1789009181000000000,70b3d57ed00778cc,15625
device_uplink,1789009197000000000,70b3d57ed00778cc,15626
device_uplink,1789009213000000000,70b3d57ed00778cc,15627
device_uplink,1789009231000000000,70b3d57ed00778cc,15628
device_uplink,1789009247000000000,70b3d57ed00778cc,15629
device_uplink,1789009263000000000,70b3d57ed00778cc,15630
device_uplink,1789009279000000000,70b3d57ed00778cc,15631
device_uplink,1789009295000000000,70b3d57ed00778cc,15632
device_uplink,1789009311000000000,70b3d57ed00778cc,15633
device_uplink,1789009327000000000,70b3d57ed00778cc,15634
device_uplink,1789009343000000000,70b3d57ed00778cc,15635
device_uplink,1789009361000000000,70b3d57ed00778cc,15636
device_uplink,1789009377000000000,70b3d57ed00778cc,15637
device_uplink,1789009393000000000,70b3d57ed00778cc,15638
device_uplink,1789009409000000000,70b3d57ed00778cc,15639
device_uplink,1789009425000000000,70b3d57ed00778cc,15640
device_uplink,1789009441000000000,70b3d57ed00778cc,15641
device_uplink,1789009457000000000,70b3d57ed00778cc,15642
device_uplink,1789009473000000000,70b3d57ed00778cc,15643
device_uplink,1789009491000000000,70b3d57ed00778cc,15644
device_uplink,1789009507000000000,70b3d57ed00778cc,15645
device_uplink,1789009523000000000,70b3d57ed00778cc,15646
device_uplink,1789009539000000000,70b3d57ed00778cc,15647
device_uplink,1789009555000000000,70b3d57ed00778cc,15648
device_uplink,1789009573000000000,70b3d57ed00778cc,15649
device_uplink,1789009589000000000,70b3d57ed00778cc,15650
device_uplink,1789009605000000000,70b3d57ed00778cc,15651
device_uplink,1789009621000000000,70b3d57ed00778cc,15652
device_uplink,1789009637000000000,70b3d57ed00778cc,15653
device_uplink,1789009655000000000,70b3d57ed00778cc,15654
device_uplink,1789009671000000000,70b3d57ed00778cc,15655
device_uplink,1789009687000000000,70b3d57ed00778cc,15656
device_uplink,1789009703000000000,70b3d57ed00778cc,15657
device_uplink,1789009719000000000,70b3d57ed00778cc,15658
device_uplink,1789009735000000000,70b3d57ed00778cc,15659
device_uplink,1789009751000000000,70b3d57ed00778cc,15660
device_uplink,1789009767000000000,70b3d57ed00778cc,15661
device_uplink,1789009785000000000,70b3d57ed00778cc,15662
device_uplink,1789009801000000000,70b3d57ed00778cc,15663
device_uplink,1789009817000000000,70b3d57ed00778cc,15664
device_uplink,1789009833000000000,70b3d57ed00778cc,15665
device_uplink,1789009849000000000,70b3d57ed00778cc,15666
device_uplink,1789009865000000000,70b3d57ed00778cc,15667
device_uplink,1789009881000000000,70b3d57ed00778cc,15668
device_uplink,1789009897000000000,70b3d57ed00778cc,15669
device_uplink,1789009915000000000,70b3d57ed00778cc,15670
device_uplink,1789009931000000000,70b3d57ed00778cc,15671
device_uplink,1789009947000000000,70b3d57ed00778cc,15672
device_uplink,1789009963000000000,70b3d57ed00778cc,15673
device_uplink,1789009979000000000,70b3d57ed00778cc,15674
device_uplink,1789009995000000000,70b3d57ed00778cc,15675
device_uplink,1789010011000000000,70b3d57ed00778cc,15676
device_uplink,1789010029000000000,70b3d57ed00778cc,15677
device_uplink,1789010045000000000,70b3d57ed00778cc,15678
device_uplink,1789010061000000000,70b3d57ed00778cc,15679
device_uplink,1789010077000000000,70b3d57ed00778cc,15680
device_uplink,1789010093000000000,70b3d57ed00778cc,15681
device_uplink,1789010109000000000,70b3d57ed00778cc,15682
device_uplink,1789010125000000000,70b3d57ed00778cc,15683
device_uplink,1789010141000000000,70b3d57ed00778cc,15684
device_uplink,1789010157000000000,70b3d57ed00778cc,15685
device_uplink,1789010175000000000,70b3d57ed00778cc,15686
device_uplink,1789010191000000000,70b3d57ed00778cc,15687
device_uplink,1789010207000000000,70b3d57ed00778cc,15688
device_uplink,1789010223000000000,70b3d57ed00778cc,15689
device_uplink,1789010239000000000,70b3d57ed00778cc,15690
device_uplink,1789010255000000000,70b3d57ed00778cc,15691
device_uplink,1789010271000000000,70b3d57ed00778cc,15692
device_uplink,1789010287000000000,70b3d57ed00778cc,15693
device_uplink,1789010305000000000,70b3d57ed00778cc,15694
device_uplink,1789010321000000000,70b3d57ed00778cc,15695
device_uplink,1789010337000000000,70b3d57ed00778cc,15696
device_uplink,1789010353000000000,70b3d57ed00778cc,15697
device_uplink,1789010369000000000,70b3d57ed00778cc,15698
device_uplink,1789010385000000000,70b3d57ed00778cc,15699
device_uplink,1789010401000000000,70b3d57ed00778cc,15700
device_uplink,1789010417000000000,70b3d57ed00778cc,15701
device_uplink,1789010433000000000,70b3d57ed00778cc,15702
device_uplink,1789010449000000000,70b3d57ed00778cc,15703
device_uplink,1789010467000000000,70b3d57ed00778cc,15704
device_uplink,1789010483000000000,70b3d57ed00778cc,15705
device_uplink,1789010499000000000,70b3d57ed00778cc,15706
device_uplink,1789010515000000000,70b3d57ed00778cc,15707
device_uplink,1789010531000000000,70b3d57ed00778cc,15708
device_uplink,1789010547000000000,70b3d57ed00778cc,15709
device_uplink,1789010563000000000,70b3d57ed00778cc,15710
device_uplink,1789010579000000000,70b3d57ed00778cc,15711
device_uplink,1789010595000000000,70b3d57ed00778cc,15712
device_uplink,1789010611000000000,70b3d57ed00778cc,15713
device_uplink,1789010629000000000,70b3d57ed00778cc,15714
device_uplink,1789010645000000000,70b3d57ed00778cc,15715
device_uplink,1789010661000000000,70b3d57ed00778cc,15716
device_uplink,1789010677000000000,70b3d57ed00778cc,15717
device_uplink,1789010693000000000,70b3d57ed00778cc,15718
device_uplink,1789010709000000000,70b3d57ed00778cc,15719
device_uplink,1789010725000000000,70b3d57ed00778cc,15720
device_uplink,1789010741000000000,70b3d57ed00778cc,15721
device_uplink,1789010759000000000,70b3d57ed00778cc,15722
device_uplink,1789010775000000000,70b3d57ed00778cc,15723
device_uplink,1789010791000000000,70b3d57ed00778cc,15724
device_uplink,1789010807000000000,70b3d57ed00778cc,15725
device_uplink,1789010823000000000,70b3d57ed00778cc,15726
device_uplink,1789010839000000000,70b3d57ed00778cc,15727
device_uplink,1789010855000000000,70b3d57ed00778cc,15728
device_uplink,1789010873000000000,70b3d57ed00778cc,15729
device_uplink,1789010889000000000,70b3d57ed00778cc,15730
device_uplink,1789010905000000000,70b3d57ed00778cc,15731
device_uplink,1789010921000000000,70b3d57ed00778cc,15732
device_uplink,1789010937000000000,70b3d57ed00778cc,15733
device_uplink,1789010953000000000,70b3d57ed00778cc,15734
device_uplink,1789010969000000000,70b3d57ed00778cc,15735
device_uplink,1789010985000000000,70b3d57ed00778cc,15736
device_uplink,1789011001000000000,70b3d57ed00778cc,15737
device_uplink,1789011017000000000,70b3d57ed00778cc,15738
device_uplink,1789011035000000000,70b3d57ed00778cc,15739
device_uplink,1789011051000000000,70b3d57ed00778cc,15740
device_uplink,1789011067000000000,70b3d57ed00778cc,15741
device_uplink,1789011083000000000,70b3d57ed00778cc,15742
device_uplink,1789011099000000000,70b3d57ed00778cc,15743
device_uplink,1789011115000000000,70b3d57ed00778cc,15744
device_uplink,1789011133000000000,70b3d57ed00778cc,15745
device_uplink,1789011149000000000,70b3d57ed00778cc,15746
device_uplink,1789011165000000000,70b3d57ed00778cc,15747
device_uplink,1789011181000000000,70b3d57ed00778cc,15748
device_uplink,1789011197000000000,70b3d57ed00778cc,15749
device_uplink,1789011213000000000,70b3d57ed00778cc,15750
device_uplink,1789011229000000000,70b3d57ed00778cc,15751
device_uplink,1789011247000000000,70b3d57ed00778cc,15752
device_uplink,1789011263000000000,70b3d57ed00778cc,15753
device_uplink,1789011279000000000,70b3d57ed00778cc,15754
device_uplink,1789011295000000000,70b3d57ed00778cc,15755
device_uplink,1789011311000000000,70b3d57ed00778cc,15756
device_uplink,1789011327000000000,70b3d57ed00778cc,15757
device_uplink,1789011343000000000,70b3d57ed00778cc,15758
device_uplink,1789011361000000000,70b3d57ed00778cc,15759
device_uplink,1789011377000000000,70b3d57ed00778cc,15760
device_uplink,1789011393000000000,70b3d57ed00778cc,15761
device_uplink,1789011409000000000,70b3d57ed00778cc,15762
device_uplink,1789011425000000000,70b3d57ed00778cc,15763
device_uplink,1789011441000000000,70b3d57ed00778cc,15764
device_uplink,1789011459000000000,70b3d57ed00778cc,15765
device_uplink,1789011475000000000,70b3d57ed00778cc,15766
device_uplink,1789011491000000000,70b3d57ed00778cc,15767
device_uplink,1789011507000000000,70b3d57ed00778cc,15768
device_uplink,1789011523000000000,70b3d57ed00778cc,15769
device_uplink,1789011539000000000,70b3d57ed00778cc,15770
device_uplink,1789011555000000000,70b3d57ed00778cc,15771
device_uplink,1789011571000000000,70b3d57ed00778cc,15772
device_uplink,1789011589000000000,70b3d57ed00778cc,15773
device_uplink,1789011605000000000,70b3d57ed00778cc,15774
device_uplink,1789011621000000000,70b3d57ed00778cc,15775
device_uplink,1789011637000000000,70b3d57ed00778cc,15776
device_uplink,1789011653000000000,70b3d57ed00778cc,15777
device_uplink,1789011669000000000,70b3d57ed00778cc,15778
device_uplink,1789011685000000000,70b3d57ed00778cc,15779
device_uplink,1789011701000000000,70b3d57ed00778cc,15780
device_uplink,1789011719000000000,70b3d57ed00778cc,15781
device_uplink,1789011735000000000,70b3d57ed00778cc,15782
device_uplink,1789011751000000000,70b3d57ed00778cc,15783
device_uplink,1789011767000000000,70b3d57ed00778cc,15784
device_uplink,1789011783000000000,70b3d57ed00778cc,15785
device_uplink,1789011799000000000,70b3d57ed00778cc,15786
device_uplink,1789011815000000000,70b3d57ed00778cc,15787
device_uplink,1789011831000000000,70b3d57ed00778cc,15788
device_uplink,1789011849000000000,70b3d57ed00778cc,15789
device_uplink,1789011865000000000,70b3d57ed00778cc,15790
device_uplink,1789011881000000000,70b3d57ed00778cc,15791
device_uplink,1789011897000000000,70b3d57ed00778cc,15792
device_uplink,1789011913000000000,70b3d57ed00778cc,15793
device_uplink,1789011929000000000,70b3d57ed00778cc,15794
device_uplink,1789011945000000000,70b3d57ed00778cc,15795
device_uplink,1789011961000000000,70b3d57ed00778cc,15796
device_uplink,1789011977000000000,70b3d57ed00778cc,15797
device_uplink,1789011995000000000,70b3d57ed00778cc,15798
device_uplink,1789012011000000000,70b3d57ed00778cc,15799
device_uplink,1789012027000000000,70b3d57ed00778cc,15800
device_uplink,1789012043000000000,70b3d57ed00778cc,15801
device_uplink,1789012059000000000,70b3d57ed00778cc,15802
device_uplink,1789012075000000000,70b3d57ed00778cc,15803
device_uplink,1789012091000000000,70b3d57ed00778cc,15804
device_uplink,1789012107000000000,70b3d57ed00778cc,15805
device_uplink,1789012123000000000,70b3d57ed00778cc,15806
device_uplink,1789012139000000000,70b3d57ed00778cc,15807
device_uplink,1789012157000000000,70b3d57ed00778cc,15808
device_uplink,1789012173000000000,70b3d57ed00778cc,15809
device_uplink,1789012189000000000,70b3d57ed00778cc,15810
device_uplink,1789012205000000000,70b3d57ed00778cc,15811
device_uplink,1789012221000000000,70b3d57ed00778cc,15812
device_uplink,1789012237000000000,70b3d57ed00778cc,15813
device_uplink,1789012253000000000,70b3d57ed00778cc,15814
device_uplink,1789012269000000000,70b3d57ed00778cc,15815
device_uplink,1789012287000000000,70b3d57ed00778cc,15816
device_uplink,1789012303000000000,70b3d57ed00778cc,15817
device_uplink,1789012319000000000,70b3d57ed00778cc,15818
device_uplink,1789012335000000000,70b3d57ed00778cc,15819
device_uplink,1789012351000000000,70b3d57ed00778cc,15820
device_uplink,1789012367000000000,70b3d57ed00778cc,15821
device_uplink,1789012385000000000,70b3d57ed00778cc,15822
device_uplink,1789012401000000000,70b3d57ed00778cc,15823
device_uplink,1789012417000000000,70b3d57ed00778cc,15824
device_uplink,1789012433000000000,70b3d57ed00778cc,15825
device_uplink,1789012449000000000,70b3d57ed00778cc,15826
device_uplink,1789012465000000000,70b3d57ed00778cc,15827
device_uplink,1789012481000000000,70b3d57ed00778cc,15828
device_uplink,1789012497000000000,70b3d57ed00778cc,15829
device_uplink,1789012515000000000,70b3d57ed00778cc,15830
device_uplink,1789012531000000000,70b3d57ed00778cc,15831
device_uplink,1789012547000000000,70b3d57ed00778cc,15832
device_uplink,1789012563000000000,70b3d57ed00778cc,15833
device_uplink,1789012579000000000,70b3d57ed00778cc,15834
device_uplink,1789012595000000000,70b3d57ed00778cc,15835
device_uplink,1789012613000000000,70b3d57ed00778cc,15836
device_uplink,1789012629000000000,70b3d57ed00778cc,15837
device_uplink,1789012645000000000,70b3d57ed00778cc,15838
device_uplink,1789012661000000000,70b3d57ed00778cc,15839
device_uplink,1789012679000000000,70b3d57ed00778cc,15840
device_uplink,1789012695000000000,70b3d57ed00778cc,15841
device_uplink,1789012711000000000,70b3d57ed00778cc,15842
device_uplink,1789012727000000000,70b3d57ed00778cc,15843
device_uplink,1789012743000000000,70b3d57ed00778cc,15844
device_uplink,1789012759000000000,70b3d57ed00778cc,15845
device_uplink,1789012775000000000,70b3d57ed00778cc,15846
device_uplink,1789012791000000000,70b3d57ed00778cc,15847
device_uplink,1789012809000000000,70b3d57ed00778cc,15848
device_uplink,1789012825000000000,70b3d57ed00778cc,15849
device_uplink,1789012841000000000,70b3d57ed00778cc,15850
device_uplink,1789012857000000000,70b3d57ed00778cc,15851
device_uplink,1789012873000000000,70b3d57ed00778cc,15852
device_uplink,1789012889000000000,70b3d57ed00778cc,15853
device_uplink,1789012907000000000,70b3d57ed00778cc,15854
device_uplink,1789012923000000000,70b3d57ed00778cc,15855
device_uplink,1789012939000000000,70b3d57ed00778cc,15856
device_uplink,1789012955000000000,70b3d57ed00778cc,15857
device_uplink,1789012971000000000,70b3d57ed00778cc,15858
device_uplink,1789012987000000000,70b3d57ed00778cc,15859
device_uplink,1789013003000000000,70b3d57ed00778cc,15860
device_uplink,1789013019000000000,70b3d57ed00778cc,15861
device_uplink,1789013035000000000,70b3d57ed00778cc,15862
device_uplink,1789013053000000000,70b3d57ed00778cc,15863
device_uplink,1789013069000000000,70b3d57ed00778cc,15864
device_uplink,1789013085000000000,70b3d57ed00778cc,15865
device_uplink,1789013101000000000,70b3d57ed00778cc,15866
device_uplink,1789013117000000000,70b3d57ed00778cc,15867
device_uplink,1789013133000000000,70b3d57ed00778cc,15868
device_uplink,1789013151000000000,70b3d57ed00778cc,15869
device_uplink,1789013167000000000,70b3d57ed00778cc,15870
device_uplink,1789013183000000000,70b3d57ed00778cc,15871
device_uplink,1789013199000000000,70b3d57ed00778cc,15872
device_uplink,1789013215000000000,70b3d57ed00778cc,15873
device_uplink,1789013231000000000,70b3d57ed00778cc,15874
device_uplink,1789013247000000000,70b3d57ed00778cc,15875
device_uplink,1789013263000000000,70b3d57ed00778cc,15876
device_uplink,1789013281000000000,70b3d57ed00778cc,15877
device_uplink,1789013297000000000,70b3d57ed00778cc,15878
device_uplink,1789013313000000000,70b3d57ed00778cc,15879
device_uplink,1789013329000000000,70b3d57ed00778cc,15880
device_uplink,1789013345000000000,70b3d57ed00778cc,15881
device_uplink,1789013363000000000,70b3d57ed00778cc,15882
device_uplink,1789013379000000000,70b3d57ed00778cc,15883
device_uplink,1789013395000000000,70b3d57ed00778cc,15884
device_uplink,1789013411000000000,70b3d57ed00778cc,15885
device_uplink,1789013427000000000,70b3d57ed00778cc,15886
device_uplink,1789013443000000000,70b3d57ed00778cc,15887
device_uplink,1789013459000000000,70b3d57ed00778cc,15888
device_uplink,1789013477000000000,70b3d57ed00778cc,15889
device_uplink,1789013493000000000,70b3d57ed00778cc,15890
device_uplink,1789013509000000000,70b3d57ed00778cc,15891
device_uplink,1789013525000000000,70b3d57ed00778cc,15892
device_uplink,1789013541000000000,70b3d57ed00778cc,15893
device_uplink,1789013557000000000,70b3d57ed00778cc,15894
device_uplink,1789013573000000000,70b3d57ed00778cc,15895
device_uplink,1789013589000000000,70b3d57ed00778cc,15896
device_uplink,1789013605000000000,70b3d57ed00778cc,15897
device_uplink,1789013621000000000,70b3d57ed00778cc,15898
device_uplink,1789013637000000000,70b3d57ed00778cc,15899
device_uplink,1789013655000000000,70b3d57ed00778cc,15900
device_uplink,1789013671000000000,70b3d57ed00778cc,15901
device_uplink,1789013687000000000,70b3d57ed00778cc,15902
device_uplink,1789013703000000000,70b3d57ed00778cc,15903
device_uplink,1789013719000000000,70b3d57ed00778cc,15904
device_uplink,1789013735000000000,70b3d57ed00778cc,15905
device_uplink,1789013751000000000,70b3d57ed00778cc,15906
device_uplink,1789013767000000000,70b3d57ed00778cc,15907
device_uplink,1789013785000000000,70b3d57ed00778cc,15908
device_uplink,1789013801000000000,70b3d57ed00778cc,15909
device_uplink,1789013817000000000,70b3d57ed00778cc,15910
device_uplink,1789013833000000000,70b3d57ed00778cc,15911
device_uplink,1789013849000000000,70b3d57ed00778cc,15912
device_uplink,1789013865000000000,70b3d57ed00778cc,15913
device_uplink,1789013883000000000,70b3d57ed00778cc,15914
device_uplink,1789013899000000000,70b3d57ed00778cc,15915
device_uplink,1789013915000000000,70b3d57ed00778cc,15916
device_uplink,1789013931000000000,70b3d57ed00778cc,15917
device_uplink,1789013947000000000,70b3d57ed00778cc,15918
device_uplink,1789013963000000000,70b3d57ed00778cc,15919
device_uplink,1789013981000000000,70b3d57ed00778cc,15920
device_uplink,1789013997000000000,70b3d57ed00778cc,15921
device_uplink,1789014013000000000,70b3d57ed00778cc,15922
device_uplink,1789014029000000000,70b3d57ed00778cc,15923
device_uplink,1789014045000000000,70b3d57ed00778cc,15924
device_uplink,1789014061000000000,70b3d57ed00778cc,15925
device_uplink,1789014077000000000,70b3d57ed00778cc,15926
device_uplink,1789014093000000000,70b3d57ed00778cc,15927
device_uplink,1789014109000000000,70b3d57ed00778cc,15928
device_uplink,1789014125000000000,70b3d57ed00778cc,15929
device_uplink,1789014143000000000,70b3d57ed00778cc,15930
device_uplink,1789014159000000000,70b3d57ed00778cc,15931
device_uplink,1789014175000000000,70b3d57ed00778cc,15932
device_uplink,1789014191000000000,70b3d57ed00778cc,15933
device_uplink,1789014207000000000,70b3d57ed00778cc,15934
device_uplink,1789014223000000000,70b3d57ed00778cc,15935
device_uplink,1789014239000000000,70b3d57ed00778cc,15936
device_uplink,1789014255000000000,70b3d57ed00778cc,15937
device_uplink,1789014273000000000,70b3d57ed00778cc,15938
device_uplink,1789014289000000000,70b3d57ed00778cc,15939
device_uplink,1789014305000000000,70b3d57ed00778cc,15940
device_uplink,1789014321000000000,70b3d57ed00778cc,15941
device_uplink,1789014337000000000,70b3d57ed00778cc,15942
device_uplink,1789014353000000000,70b3d57ed00778cc,15943
device_uplink,1789014369000000000,70b3d57ed00778cc,15944
device_uplink,1789014387000000000,70b3d57ed00778cc,15945
device_uplink,1789014403000000000,70b3d57ed00778cc,15946
device_uplink,1789014419000000000,70b3d57ed00778cc,15947
device_uplink,1789014435000000000,70b3d57ed00778cc,15948
device_uplink,1789014451000000000,70b3d57ed00778cc,15949
device_uplink,1789014467000000000,70b3d57ed00778cc,15950
device_uplink,1789014483000000000,70b3d57ed00778cc,15951
device_uplink,1789014499000000000,70b3d57ed00778cc,15952
device_uplink,1789014517000000000,70b3d57ed00778cc,15953
device_uplink,1789014533000000000,70b3d57ed00778cc,15954
device_uplink,1789014549000000000,70b3d57ed00778cc,15955
device_uplink,1789014565000000000,70b3d57ed00778cc,15956
device_uplink,1789014581000000000,70b3d57ed00778cc,15957
device_uplink,1789014597000000000,70b3d57ed00778cc,15958
device_uplink,1789014615000000000,70b3d57ed00778cc,15959
device_uplink,1789014631000000000,70b3d57ed00778cc,15960
device_uplink,1789014647000000000,70b3d57ed00778cc,15961
device_uplink,1789014663000000000,70b3d57ed00778cc,15962
device_uplink,1789014679000000000,70b3d57ed00778cc,15963
device_uplink,1789014695000000000,70b3d57ed00778cc,15964
device_uplink,1789014711000000000,70b3d57ed00778cc,15965
device_uplink,1789014727000000000,70b3d57ed00778cc,15966
device_uplink,1789014745000000000,70b3d57ed00778cc,15967
device_uplink,1789014761000000000,70b3d57ed00778cc,15968
device_uplink,1789014777000000000,70b3d57ed00778cc,15969
device_uplink,1789014793000000000,70b3d57ed00778cc,15970
device_uplink,1789014809000000000,70b3d57ed00778cc,15971
device_uplink,1789014825000000000,70b3d57ed00778cc,15972
device_uplink,1789014841000000000,70b3d57ed00778cc,15973
device_uplink,1789014859000000000,70b3d57ed00778cc,15974
device_uplink,1789014875000000000,70b3d57ed00778cc,15975
device_uplink,1789014891000000000,70b3d57ed00778cc,15976
device_uplink,1789014907000000000,70b3d57ed00778cc,15977
device_uplink,1789014923000000000,70b3d57ed00778cc,15978
device_uplink,1789014939000000000,70b3d57ed00778cc,15979
device_uplink,1789014955000000000,70b3d57ed00778cc,15980
device_uplink,1789014973000000000,70b3d57ed00778cc,15981
device_uplink,1789014989000000000,70b3d57ed00778cc,15982
device_uplink,1789015005000000000,70b3d57ed00778cc,15983
device_uplink,1789015021000000000,70b3d57ed00778cc,15984
device_uplink,1789015037000000000,70b3d57ed00778cc,15985
device_uplink,1789015053000000000,70b3d57ed00778cc,15986
device_uplink,1789015069000000000,70b3d57ed00778cc,15987
device_uplink,1789015085000000000,70b3d57ed00778cc,15988
device_uplink,1789015103000000000,70b3d57ed00778cc,15989
device_uplink,1789015119000000000,70b3d57ed00778cc,15990
device_uplink,1789015135000000000,70b3d57ed00778cc,15991
device_uplink,1789015151000000000,70b3d57ed00778cc,15992
device_uplink,1789015167000000000,70b3d57ed00778cc,15993
device_uplink,1789015183000000000,70b3d57ed00778cc,15994
device_uplink,1789015201000000000,70b3d57ed00778cc,15995
device_uplink,1789015217000000000,70b3d57ed00778cc,15996
device_uplink,1789015233000000000,70b3d57ed00778cc,15997
device_uplink,1789015249000000000,70b3d57ed00778cc,15998
device_uplink,1789015265000000000,70b3d57ed00778cc,15999
device_uplink,1789015281000000000,70b3d57ed00778cc,16000
device_uplink,1789015297000000000,70b3d57ed00778cc,16001
device_uplink,1789015313000000000,70b3d57ed00778cc,16002
device_uplink,1789015331000000000,70b3d57ed00778cc,16003
device_uplink,1789015347000000000,70b3d57ed00778cc,16004
device_uplink,1789015363000000000,70b3d57ed00778cc,16005
device_uplink,1789015379000000000,70b3d57ed00778cc,16006
device_uplink,1789015395000000000,70b3d57ed00778cc,16007
device_uplink,1789015411000000000,70b3d57ed00778cc,16008
device_uplink,1789015427000000000,70b3d57ed00778cc,16009
device_uplink,1789015445000000000,70b3d57ed00778cc,16010
device_uplink,1789015461000000000,70b3d57ed00778cc,16011
device_uplink,1789015477000000000,70b3d57ed00778cc,16012
device_uplink,1789015493000000000,70b3d57ed00778cc,16013
device_uplink,1789015509000000000,70b3d57ed00778cc,16014
device_uplink,1789015525000000000,70b3d57ed00778cc,16015
device_uplink,1789015541000000000,70b3d57ed00778cc,16016
device_uplink,1789015557000000000,70b3d57ed00778cc,16017
device_uplink,1789015575000000000,70b3d57ed00778cc,16018
device_uplink,1789015591000000000,70b3d57ed00778cc,16019
device_uplink,1789015607000000000,70b3d57ed00778cc,16020
device_uplink,1789015623000000000,70b3d57ed00778cc,16021
device_uplink,1789015639000000000,70b3d57ed00778cc,16022
device_uplink,1789015655000000000,70b3d57ed00778cc,16023
device_uplink,1789015673000000000,70b3d57ed00778cc,16024
device_uplink,1789015689000000000,70b3d57ed00778cc,16025
device_uplink,1789015705000000000,70b3d57ed00778cc,16026
device_uplink,1789015721000000000,70b3d57ed00778cc,16027
device_uplink,1789015737000000000,70b3d57ed00778cc,16028
device_uplink,1789015753000000000,70b3d57ed00778cc,16029
device_uplink,1789015769000000000,70b3d57ed00778cc,16030
device_uplink,1789015787000000000,70b3d57ed00778cc,16031
device_uplink,1789015803000000000,70b3d57ed00778cc,16032
device_uplink,1789015819000000000,70b3d57ed00778cc,16033
device_uplink,1789015835000000000,70b3d57ed00778cc,16034
device_uplink,1789015851000000000,70b3d57ed00778cc,16035
device_uplink,1789015867000000000,70b3d57ed00778cc,16036
device_uplink,1789015883000000000,70b3d57ed00778cc,16037
device_uplink,1789015901000000000,70b3d57ed00778cc,16038
device_uplink,1789015917000000000,70b3d57ed00778cc,16039
device_uplink,1789015933000000000,70b3d57ed00778cc,16040
device_uplink,1789015949000000000,70b3d57ed00778cc,16041
device_uplink,1789015965000000000,70b3d57ed00778cc,16042
device_uplink,1789015981000000000,70b3d57ed00778cc,16043
device_uplink,1789015999000000000,70b3d57ed00778cc,16044
device_uplink,1789016015000000000,70b3d57ed00778cc,16045
device_uplink,1789016031000000000,70b3d57ed00778cc,16046
device_uplink,1789016047000000000,70b3d57ed00778cc,16047
device_uplink,1789016063000000000,70b3d57ed00778cc,16048
device_uplink,1789016079000000000,70b3d57ed00778cc,16049
device_uplink,1789016097000000000,70b3d57ed00778cc,16050
device_uplink,1789016113000000000,70b3d57ed00778cc,16051
device_uplink,1789016129000000000,70b3d57ed00778cc,16052
device_uplink,1789016145000000000,70b3d57ed00778cc,16053
device_uplink,1789016161000000000,70b3d57ed00778cc,16054
device_uplink,1789016177000000000,70b3d57ed00778cc,16055
device_uplink,1789016195000000000,70b3d57ed00778cc,16056
device_uplink,1789016211000000000,70b3d57ed00778cc,16057
device_uplink,1789016227000000000,70b3d57ed00778cc,16058
device_uplink,1789016243000000000,70b3d57ed00778cc,16059
device_uplink,1789016259000000000,70b3d57ed00778cc,16060
device_uplink,1789016277000000000,70b3d57ed00778cc,16061
device_uplink,1789016293000000000,70b3d57ed00778cc,16062
device_uplink,1789016309000000000,70b3d57ed00778cc,16063
device_uplink,1789016325000000000,70b3d57ed00778cc,16064
device_uplink,1789016341000000000,70b3d57ed00778cc,16065
device_uplink,1789016357000000000,70b3d57ed00778cc,16066
device_uplink,1789016373000000000,70b3d57ed00778cc,16067
device_uplink,1789016389000000000,70b3d57ed00778cc,16068
device_uplink,1789016407000000000,70b3d57ed00778cc,16069
device_uplink,1789016423000000000,70b3d57ed00778cc,16070
device_uplink,1789016439000000000,70b3d57ed00778cc,16071
device_uplink,1789016455000000000,70b3d57ed00778cc,16072
device_uplink,1789016471000000000,70b3d57ed00778cc,16073
device_uplink,1789016487000000000,70b3d57ed00778cc,16074
device_uplink,1789016505000000000,70b3d57ed00778cc,16075
device_uplink,1789016521000000000,70b3d57ed00778cc,16076
device_uplink,1789016537000000000,70b3d57ed00778cc,16077
device_uplink,1789016553000000000,70b3d57ed00778cc,16078
device_uplink,1789016569000000000,70b3d57ed00778cc,16079
device_uplink,1789016585000000000,70b3d57ed00778cc,16080
device_uplink,1789016601000000000,70b3d57ed00778cc,16081
device_uplink,1789016619000000000,70b3d57ed00778cc,16082
device_uplink,1789016635000000000,70b3d57ed00778cc,16083
device_uplink,1789016651000000000,70b3d57ed00778cc,16084
device_uplink,1789016667000000000,70b3d57ed00778cc,16085
device_uplink,1789016683000000000,70b3d57ed00778cc,16086
device_uplink,1789016699000000000,70b3d57ed00778cc,16087
device_uplink,1789016717000000000,70b3d57ed00778cc,16088
device_uplink,1789016733000000000,70b3d57ed00778cc,16089
device_uplink,1789016749000000000,70b3d57ed00778cc,16090
device_uplink,1789016765000000000,70b3d57ed00778cc,16091
device_uplink,1789016781000000000,70b3d57ed00778cc,16092
device_uplink,1789016797000000000,70b3d57ed00778cc,16093
device_uplink,1789016815000000000,70b3d57ed00778cc,16094
device_uplink,1789016831000000000,70b3d57ed00778cc,16095
device_uplink,1789016847000000000,70b3d57ed00778cc,16096
device_uplink,1789016863000000000,70b3d57ed00778cc,16097
device_uplink,1789016879000000000,70b3d57ed00778cc,16098
device_uplink,1789016895000000000,70b3d57ed00778cc,16099
device_uplink,1789016913000000000,70b3d57ed00778cc,16100
device_uplink,1789016929000000000,70b3d57ed00778cc,16101
device_uplink,1789016945000000000,70b3d57ed00778cc,16102
device_uplink,1789016961000000000,70b3d57ed00778cc,16103
device_uplink,1789016977000000000,70b3d57ed00778cc,16104
device_uplink,1789016993000000000,70b3d57ed00778cc,16105
device_uplink,1789017009000000000,70b3d57ed00778cc,16106
device_uplink,1789017027000000000,70b3d57ed00778cc,16107
device_uplink,1789017043000000000,70b3d57ed00778cc,16108
device_uplink,1789017059000000000,70b3d57ed00778cc,16109
device_uplink,1789017075000000000,70b3d57ed00778cc,16110
device_uplink,1789017091000000000,70b3d57ed00778cc,16111
device_uplink,1789017107000000000,70b3d57ed00778cc,16112
device_uplink,1789017123000000000,70b3d57ed00778cc,16113
device_uplink,1789017139000000000,70b3d57ed00778cc,16114
device_uplink,1789017157000000000,70b3d57ed00778cc,16115
device_uplink,1789017173000000000,70b3d57ed00778cc,16116
device_uplink,1789017189000000000,70b3d57ed00778cc,16117
device_uplink,1789017205000000000,70b3d57ed00778cc,16118
device_uplink,1789017221000000000,70b3d57ed00778cc,16119
device_uplink,1789017237000000000,70b3d57ed00778cc,16120
device_uplink,1789017253000000000,70b3d57ed00778cc,16121
device_uplink,1789017271000000000,70b3d57ed00778cc,16122
device_uplink,1789017287000000000,70b3d57ed00778cc,16123
device_uplink,1789017303000000000,70b3d57ed00778cc,16124
device_uplink,1789017319000000000,70b3d57ed00778cc,16125
device_uplink,1789017335000000000,70b3d57ed00778cc,16126
device_uplink,1789017351000000000,70b3d57ed00778cc,16127
device_uplink,1789017367000000000,70b3d57ed00778cc,16128
device_uplink,1789017383000000000,70b3d57ed00778cc,16129
device_uplink,1789017401000000000,70b3d57ed00778cc,16130
device_uplink,1789017417000000000,70b3d57ed00778cc,16131
device_uplink,1789017433000000000,70b3d57ed00778cc,16132
device_uplink,1789017449000000000,70b3d57ed00778cc,16133
device_uplink,1789017465000000000,70b3d57ed00778cc,16134
device_uplink,1789017481000000000,70b3d57ed00778cc,16135
device_uplink,1789017499000000000,70b3d57ed00778cc,16136
device_uplink,1789017515000000000,70b3d57ed00778cc,16137
device_uplink,1789017531000000000,70b3d57ed00778cc,16138
device_uplink,1789017547000000000,70b3d57ed00778cc,16139
device_uplink,1789017563000000000,70b3d57ed00778cc,16140
device_uplink,1789017579000000000,70b3d57ed00778cc,16141
device_uplink,1789017595000000000,70b3d57ed00778cc,16142
device_uplink,1789017611000000000,70b3d57ed00778cc,16143
device_uplink,1789017629000000000,70b3d57ed00778cc,16144
device_uplink,1789017645000000000,70b3d57ed00778cc,16145
device_uplink,1789017661000000000,70b3d57ed00778cc,16146
device_uplink,1789017677000000000,70b3d57ed00778cc,16147
device_uplink,1789017695000000000,70b3d57ed00778cc,16148
device_uplink,1789017711000000000,70b3d57ed00778cc,16149
device_uplink,1789017727000000000,70b3d57ed00778cc,16150
device_uplink,1789017743000000000,70b3d57ed00778cc,16151
device_uplink,1789017759000000000,70b3d57ed00778cc,16152
device_uplink,1789017775000000000,70b3d57ed00778cc,16153
device_uplink,1789017791000000000,70b3d57ed00778cc,16154
device_uplink,1789017807000000000,70b3d57ed00778cc,16155
device_uplink,1789017825000000000,70b3d57ed00778cc,16156
device_uplink,1789017841000000000,70b3d57ed00778cc,16157
device_uplink,1789017857000000000,70b3d57ed00778cc,16158
device_uplink,1789017873000000000,70b3d57ed00778cc,16159
device_uplink,1789017889000000000,70b3d57ed00778cc,16160
device_uplink,1789017905000000000,70b3d57ed00778cc,16161
device_uplink,1789017921000000000,70b3d57ed00778cc,16162
device_uplink,1789017939000000000,70b3d57ed00778cc,16163
device_uplink,1789017955000000000,70b3d57ed00778cc,16164
device_uplink,1789017971000000000,70b3d57ed00778cc,16165
device_uplink,1789017987000000000,70b3d57ed00778cc,16166
device_uplink,1789018003000000000,70b3d57ed00778cc,16167
device_uplink,1789018019000000000,70b3d57ed00778cc,16168
device_uplink,1789018035000000000,70b3d57ed00778cc,16169
device_uplink,1789018051000000000,70b3d57ed00778cc,16170
device_uplink,1789018069000000000,70b3d57ed00778cc,16171
device_uplink,1789018085000000000,70b3d57ed00778cc,16172
device_uplink,1789018101000000000,70b3d57ed00778cc,16173
device_uplink,1789018117000000000,70b3d57ed00778cc,16174
device_uplink,1789018133000000000,70b3d57ed00778cc,16175
device_uplink,1789018149000000000,70b3d57ed00778cc,16176
device_uplink,1789018165000000000,70b3d57ed00778cc,16177
device_uplink,1789018181000000000,70b3d57ed00778cc,16178
device_uplink,1789018199000000000,70b3d57ed00778cc,16179
device_uplink,1789018215000000000,70b3d57ed00778cc,16180
device_uplink,1789018231000000000,70b3d57ed00778cc,16181
device_uplink,1789018247000000000,70b3d57ed00778cc,16182
device_uplink,1789018263000000000,70b3d57ed00778cc,16183
device_uplink,1789018279000000000,70b3d57ed00778cc,16184
device_uplink,1789018297000000000,70b3d57ed00778cc,16185
device_uplink,1789018313000000000,70b3d57ed00778cc,16186
device_uplink,1789018329000000000,70b3d57ed00778cc,16187
device_uplink,1789018345000000000,70b3d57ed00778cc,16188
device_uplink,1789018361000000000,70b3d57ed00778cc,16189
device_uplink,1789018377000000000,70b3d57ed00778cc,16190
device_uplink,1789018393000000000,70b3d57ed00778cc,16191
device_uplink,1789018409000000000,70b3d57ed00778cc,16192
device_uplink,1789018427000000000,70b3d57ed00778cc,16193
device_uplink,1789018443000000000,70b3d57ed00778cc,16194
device_uplink,1789018459000000000,70b3d57ed00778cc,16195
device_uplink,1789018475000000000,70b3d57ed00778cc,16196
device_uplink,1789018491000000000,70b3d57ed00778cc,16197
device_uplink,1789018507000000000,70b3d57ed00778cc,16198
device_uplink,1789018523000000000,70b3d57ed00778cc,16199
device_uplink,1789018539000000000,70b3d57ed00778cc,16200
device_uplink,1789018557000000000,70b3d57ed00778cc,16201
device_uplink,1789018573000000000,70b3d57ed00778cc,16202
device_uplink,1789018589000000000,70b3d57ed00778cc,16203
device_uplink,1789018605000000000,70b3d57ed00778cc,16204
device_uplink,1789018621000000000,70b3d57ed00778cc,16205
device_uplink,1789018637000000000,70b3d57ed00778cc,16206
device_uplink,1789018653000000000,70b3d57ed00778cc,16207
device_uplink,1789018671000000000,70b3d57ed00778cc,16208
device_uplink,1789018687000000000,70b3d57ed00778cc,16209
device_uplink,1789018703000000000,70b3d57ed00778cc,16210
device_uplink,1789018719000000000,70b3d57ed00778cc,16211
device_uplink,1789018735000000000,70b3d57ed00778cc,16212
device_uplink,1789018751000000000,70b3d57ed00778cc,16213
device_uplink,1789018767000000000,70b3d57ed00778cc,16214
device_uplink,1789018785000000000,70b3d57ed00778cc,16215
device_uplink,1789018801000000000,70b3d57ed00778cc,16216
device_uplink,1789018817000000000,70b3d57ed00778cc,16217
device_uplink,1789018833000000000,70b3d57ed00778cc,16218
device_uplink,1789018851000000000,70b3d57ed00778cc,16219
device_uplink,1789018867000000000,70b3d57ed00778cc,16220
device_uplink,1789018883000000000,70b3d57ed00778cc,16221
device_uplink,1789018899000000000,70b3d57ed00778cc,16222
device_uplink,1789018915000000000,70b3d57ed00778cc,16223
device_uplink,1789018931000000000,70b3d57ed00778cc,16224
device_uplink,1789018949000000000,70b3d57ed00778cc,16225
device_uplink,1789018965000000000,70b3d57ed00778cc,16226
device_uplink,1789018981000000000,70b3d57ed00778cc,16227
device_uplink,1789018997000000000,70b3d57ed00778cc,16228
device_uplink,1789019013000000000,70b3d57ed00778cc,16229
device_uplink,1789019029000000000,70b3d57ed00778cc,16230
device_uplink,1789019047000000000,70b3d57ed00778cc,16231
device_uplink,1789019063000000000,70b3d57ed00778cc,16232
device_uplink,1789019079000000000,70b3d57ed00778cc,16233
device_uplink,1789019095000000000,70b3d57ed00778cc,16234
device_uplink,1789019111000000000,70b3d57ed00778cc,16235
device_uplink,1789019127000000000,70b3d57ed00778cc,16236
device_uplink,1789019145000000000,70b3d57ed00778cc,16237
device_uplink,1789019161000000000,70b3d57ed00778cc,16238
device_uplink,1789019177000000000,70b3d57ed00778cc,16239
device_uplink,1789019193000000000,70b3d57ed00778cc,16240
device_uplink,1789019209000000000,70b3d57ed00778cc,16241
device_uplink,1789019225000000000,70b3d57ed00778cc,16242
device_uplink,1789019241000000000,70b3d57ed00778cc,16243
device_uplink,1789019259000000000,70b3d57ed00778cc,16244
device_uplink,1789019275000000000,70b3d57ed00778cc,16245
device_uplink,1789019291000000000,70b3d57ed00778cc,16246
device_uplink,1789019307000000000,70b3d57ed00778cc,16247
device_uplink,1789019323000000000,70b3d57ed00778cc,16248
device_uplink,1789019339000000000,70b3d57ed00778cc,16249
device_uplink,1789019357000000000,70b3d57ed00778cc,16250
device_uplink,1789019373000000000,70b3d57ed00778cc,16251
device_uplink,1789019389000000000,70b3d57ed00778cc,16252
device_uplink,1789019405000000000,70b3d57ed00778cc,16253
device_uplink,1789019421000000000,70b3d57ed00778cc,16254
device_uplink,1789019439000000000,70b3d57ed00778cc,16255
device_uplink,1789019455000000000,70b3d57ed00778cc,16256
device_uplink,1789019471000000000,70b3d57ed00778cc,16257
device_uplink,1789019487000000000,70b3d57ed00778cc,16258
device_uplink,1789019503000000000,70b3d57ed00778cc,16259
device_uplink,1789019519000000000,70b3d57ed00778cc,16260
device_uplink,1789019535000000000,70b3d57ed00778cc,16261
device_uplink,1789019551000000000,70b3d57ed00778cc,16262
device_uplink,1789019569000000000,70b3d57ed00778cc,16263
device_uplink,1789019585000000000,70b3d57ed00778cc,16264
device_uplink,1789019601000000000,70b3d57ed00778cc,16265
device_uplink,1789019617000000000,70b3d57ed00778cc,16266
device_uplink,1789019633000000000,70b3d57ed00778cc,16267
device_uplink,1789019649000000000,70b3d57ed00778cc,16268
device_uplink,1789019665000000000,70b3d57ed00778cc,16269
device_uplink,1789019681000000000,70b3d57ed00778cc,16270
device_uplink,1789019697000000000,70b3d57ed00778cc,16271
device_uplink,1789019713000000000,70b3d57ed00778cc,16272
device_uplink,1789019729000000000,70b3d57ed00778cc,16273
device_uplink,1789019745000000000,70b3d57ed00778cc,16274
device_uplink,1789019763000000000,70b3d57ed00778cc,16275
device_uplink,1789019779000000000,70b3d57ed00778cc,16276
device_uplink,1789019795000000000,70b3d57ed00778cc,16277
device_uplink,1789019811000000000,70b3d57ed00778cc,16278
device_uplink,1789019827000000000,70b3d57ed00778cc,16279
device_uplink,1789019843000000000,70b3d57ed00778cc,16280
device_uplink,1789019859000000000,70b3d57ed00778cc,16281
device_uplink,1789019877000000000,70b3d57ed00778cc,16282
device_uplink,1789019893000000000,70b3d57ed00778cc,16283
device_uplink,1789019909000000000,70b3d57ed00778cc,16284
device_uplink,1789019925000000000,70b3d57ed00778cc,16285
device_uplink,1789019941000000000,70b3d57ed00778cc,16286
device_uplink,1789019957000000000,70b3d57ed00778cc,16287
device_uplink,1789019973000000000,70b3d57ed00778cc,16288
device_uplink,1789019989000000000,70b3d57ed00778cc,16289
device_uplink,1789020005000000000,70b3d57ed00778cc,16290
device_uplink,1789020023000000000,70b3d57ed00778cc,16291
device_uplink,1789020039000000000,70b3d57ed00778cc,16292
device_uplink,1789020055000000000,70b3d57ed00778cc,16293
device_uplink,1789020071000000000,70b3d57ed00778cc,16294
device_uplink,1789020087000000000,70b3d57ed00778cc,16295
device_uplink,1789020103000000000,70b3d57ed00778cc,16296
device_uplink,1789020119000000000,70b3d57ed00778cc,16297
device_uplink,1789020135000000000,70b3d57ed00778cc,16298
device_uplink,1789020153000000000,70b3d57ed00778cc,16299
device_uplink,1789020169000000000,70b3d57ed00778cc,16300
device_uplink,1789020185000000000,70b3d57ed00778cc,16301
device_uplink,1789020201000000000,70b3d57ed00778cc,16302
device_uplink,1789020217000000000,70b3d57ed00778cc,16303
device_uplink,1789020233000000000,70b3d57ed00778cc,16304
device_uplink,1789020249000000000,70b3d57ed00778cc,16305
device_uplink,1789020265000000000,70b3d57ed00778cc,16306
device_uplink,1789020283000000000,70b3d57ed00778cc,16307
device_uplink,1789020299000000000,70b3d57ed00778cc,16308
device_uplink,1789020315000000000,70b3d57ed00778cc,16309
device_uplink,1789020331000000000,70b3d57ed00778cc,16310
device_uplink,1789020347000000000,70b3d57ed00778cc,16311
device_uplink,1789020363000000000,70b3d57ed00778cc,16312
device_uplink,1789020379000000000,70b3d57ed00778cc,16313
device_uplink,1789020397000000000,70b3d57ed00778cc,16314
device_uplink,1789020413000000000,70b3d57ed00778cc,16315
device_uplink,1789020429000000000,70b3d57ed00778cc,16316
device_uplink,1789020445000000000,70b3d57ed00778cc,16317
device_uplink,1789020461000000000,70b3d57ed00778cc,16318
device_uplink,1789020477000000000,70b3d57ed00778cc,16319
device_uplink,1789020493000000000,70b3d57ed00778cc,16320
device_uplink,1789020511000000000,70b3d57ed00778cc,16321
device_uplink,1789020527000000000,70b3d57ed00778cc,16322
device_uplink,1789020543000000000,70b3d57ed00778cc,16323
device_uplink,1789020559000000000,70b3d57ed00778cc,16324
device_uplink,1789020575000000000,70b3d57ed00778cc,16325
device_uplink,1789020591000000000,70b3d57ed00778cc,16326
device_uplink,1789020609000000000,70b3d57ed00778cc,16327
device_uplink,1789020625000000000,70b3d57ed00778cc,16328
device_uplink,1789020641000000000,70b3d57ed00778cc,16329
device_uplink,1789020657000000000,70b3d57ed00778cc,16330
device_uplink,1789020675000000000,70b3d57ed00778cc,16331
device_uplink,1789020691000000000,70b3d57ed00778cc,16332
device_uplink,1789020707000000000,70b3d57ed00778cc,16333
device_uplink,1789020723000000000,70b3d57ed00778cc,16334
device_uplink,1789020739000000000,70b3d57ed00778cc,16335
device_uplink,1789020755000000000,70b3d57ed00778cc,16336
device_uplink,1789020771000000000,70b3d57ed00778cc,16337
device_uplink,1789020787000000000,70b3d57ed00778cc,16338
device_uplink,1789020805000000000,70b3d57ed00778cc,16339
device_uplink,1789020821000000000,70b3d57ed00778cc,16340
device_uplink,1789020837000000000,70b3d57ed00778cc,16341
device_uplink,1789020853000000000,70b3d57ed00778cc,16342
device_uplink,1789020869000000000,70b3d57ed00778cc,16343
device_uplink,1789020885000000000,70b3d57ed00778cc,16344
device_uplink,1789020901000000000,70b3d57ed00778cc,16345
device_uplink,1789020919000000000,70b3d57ed00778cc,16346
device_uplink,1789020935000000000,70b3d57ed00778cc,16347
device_uplink,1789020951000000000,70b3d57ed00778cc,16348
device_uplink,1789020967000000000,70b3d57ed00778cc,16349
device_uplink,1789020983000000000,70b3d57ed00778cc,16350
device_uplink,1789020999000000000,70b3d57ed00778cc,16351
device_uplink,1789021017000000000,70b3d57ed00778cc,16352
device_uplink,1789021033000000000,70b3d57ed00778cc,16353
device_uplink,1789021049000000000,70b3d57ed00778cc,16354
device_uplink,1789021065000000000,70b3d57ed00778cc,16355
device_uplink,1789021081000000000,70b3d57ed00778cc,16356
device_uplink,1789021097000000000,70b3d57ed00778cc,16357
device_uplink,1789021115000000000,70b3d57ed00778cc,16358
device_uplink,1789021131000000000,70b3d57ed00778cc,16359
device_uplink,1789021147000000000,70b3d57ed00778cc,16360
device_uplink,1789021163000000000,70b3d57ed00778cc,16361
device_uplink,1789021179000000000,70b3d57ed00778cc,16362
device_uplink,1789021195000000000,70b3d57ed00778cc,16363
device_uplink,1789021211000000000,70b3d57ed00778cc,16364
device_uplink,1789021229000000000,70b3d57ed00778cc,16365
device_uplink,1789021245000000000,70b3d57ed00778cc,16366
device_uplink,1789021261000000000,70b3d57ed00778cc,16367
device_uplink,1789021277000000000,70b3d57ed00778cc,16368
device_uplink,1789021293000000000,70b3d57ed00778cc,16369
device_uplink,1789021309000000000,70b3d57ed00778cc,16370
device_uplink,1789021327000000000,70b3d57ed00778cc,16371
device_uplink,1789021343000000000,70b3d57ed00778cc,16372
device_uplink,1789021359000000000,70b3d57ed00778cc,16373
device_uplink,1789021375000000000,70b3d57ed00778cc,16374
device_uplink,1789021391000000000,70b3d57ed00778cc,16375
device_uplink,1789021407000000000,70b3d57ed00778cc,16376
device_uplink,1789021423000000000,70b3d57ed00778cc,16377
device_uplink,1789021441000000000,70b3d57ed00778cc,16378
device_uplink,1789021457000000000,70b3d57ed00778cc,16379
device_uplink,1789021473000000000,70b3d57ed00778cc,16380
device_uplink,1789021489000000000,70b3d57ed00778cc,16381
device_uplink,1789021505000000000,70b3d57ed00778cc,16382
device_uplink,1789021521000000000,70b3d57ed00778cc,16383
device_uplink,1789021537000000000,70b3d57ed00778cc,16384
device_uplink,1789021555000000000,70b3d57ed00778cc,16385
device_uplink,1789021571000000000,70b3d57ed00778cc,16386
device_uplink,1789021587000000000,70b3d57ed00778cc,16387
device_uplink,1789021603000000000,70b3d57ed00778cc,16388
device_uplink,1789021619000000000,70b3d57ed00778cc,16389
device_uplink,1789021635000000000,70b3d57ed00778cc,16390
device_uplink,1789021653000000000,70b3d57ed00778cc,16391
device_uplink,1789021669000000000,70b3d57ed00778cc,16392
device_uplink,1789021685000000000,70b3d57ed00778cc,16393
device_uplink,1789021701000000000,70b3d57ed00778cc,16394
device_uplink,1789021717000000000,70b3d57ed00778cc,16395
device_uplink,1789021733000000000,70b3d57ed00778cc,16396
device_uplink,1789021749000000000,70b3d57ed00778cc,16397
device_uplink,1789021765000000000,70b3d57ed00778cc,16398
device_uplink,1789021781000000000,70b3d57ed00778cc,16399
device_uplink,1789021797000000000,70b3d57ed00778cc,16400
device_uplink,1789021815000000000,70b3d57ed00778cc,16401
device_uplink,1789021831000000000,70b3d57ed00778cc,16402
device_uplink,1789021847000000000,70b3d57ed00778cc,16403
device_uplink,1789021863000000000,70b3d57ed00778cc,16404
device_uplink,1789021879000000000,70b3d57ed00778cc,16405
device_uplink,1789021895000000000,70b3d57ed00778cc,16406
device_uplink,1789021911000000000,70b3d57ed00778cc,16407
device_uplink,1789021927000000000,70b3d57ed00778cc,16408
device_uplink,1789021945000000000,70b3d57ed00778cc,16409
device_uplink,1789021961000000000,70b3d57ed00778cc,16410
device_uplink,1789021977000000000,70b3d57ed00778cc,16411
device_uplink,1789021993000000000,70b3d57ed00778cc,16412
device_uplink,1789022009000000000,70b3d57ed00778cc,16413
device_uplink,1789022025000000000,70b3d57ed00778cc,16414
device_uplink,1789022043000000000,70b3d57ed00778cc,16415
device_uplink,1789022059000000000,70b3d57ed00778cc,16416
device_uplink,1789022075000000000,70b3d57ed00778cc,16417
device_uplink,1789022091000000000,70b3d57ed00778cc,16418
device_uplink,1789022107000000000,70b3d57ed00778cc,16419
device_uplink,1789022123000000000,70b3d57ed00778cc,16420
device_uplink,1789022139000000000,70b3d57ed00778cc,16421
device_uplink,1789022155000000000,70b3d57ed00778cc,16422
device_uplink,1789022171000000000,70b3d57ed00778cc,16423
device_uplink,1789022187000000000,70b3d57ed00778cc,16424
device_uplink,1789022203000000000,70b3d57ed00778cc,16425
device_uplink,1789022219000000000,70b3d57ed00778cc,16426
device_uplink,1789022237000000000,70b3d57ed00778cc,16427
device_uplink,1789022253000000000,70b3d57ed00778cc,16428
device_uplink,1789022269000000000,70b3d57ed00778cc,16429
device_uplink,1789022285000000000,70b3d57ed00778cc,16430
device_uplink,1789022301000000000,70b3d57ed00778cc,16431
device_uplink,1789022317000000000,70b3d57ed00778cc,16432
device_uplink,1789022333000000000,70b3d57ed00778cc,16433
device_uplink,1789022349000000000,70b3d57ed00778cc,16434
device_uplink,1789022367000000000,70b3d57ed00778cc,16435
device_uplink,1789022383000000000,70b3d57ed00778cc,16436
device_uplink,1789022399000000000,70b3d57ed00778cc,16437
device_uplink,1789022415000000000,70b3d57ed00778cc,16438
device_uplink,1789022431000000000,70b3d57ed00778cc,16439
device_uplink,1789022447000000000,70b3d57ed00778cc,16440
device_uplink,1789022463000000000,70b3d57ed00778cc,16441
device_uplink,1789022479000000000,70b3d57ed00778cc,16442
device_uplink,1789022497000000000,70b3d57ed00778cc,16443
device_uplink,1789022513000000000,70b3d57ed00778cc,16444
device_uplink,1789022529000000000,70b3d57ed00778cc,16445
device_uplink,1789022545000000000,70b3d57ed00778cc,16446
device_uplink,1789022561000000000,70b3d57ed00778cc,16447
device_uplink,1789022577000000000,70b3d57ed00778cc,16448
device_uplink,1789022593000000000,70b3d57ed00778cc,16449
device_uplink,1789022611000000000,70b3d57ed00778cc,16450
device_uplink,1789022627000000000,70b3d57ed00778cc,16451
device_uplink,1789022643000000000,70b3d57ed00778cc,16452
device_uplink,1789022659000000000,70b3d57ed00778cc,16453
device_uplink,1789022675000000000,70b3d57ed00778cc,16454
device_uplink,1789022691000000000,70b3d57ed00778cc,16455
device_uplink,1789022707000000000,70b3d57ed00778cc,16456
device_uplink,1789022725000000000,70b3d57ed00778cc,16457
device_uplink,1789022741000000000,70b3d57ed00778cc,16458
device_uplink,1789022757000000000,70b3d57ed00778cc,16459
device_uplink,1789022773000000000,70b3d57ed00778cc,16460
device_uplink,1789022789000000000,70b3d57ed00778cc,16461
device_uplink,1789022805000000000,70b3d57ed00778cc,16462
device_uplink,1789022821000000000,70b3d57ed00778cc,16463
device_uplink,1789022837000000000,70b3d57ed00778cc,16464
device_uplink,1789022855000000000,70b3d57ed00778cc,16465
device_uplink,1789022871000000000,70b3d57ed00778cc,16466
device_uplink,1789022887000000000,70b3d57ed00778cc,16467
device_uplink,1789022903000000000,70b3d57ed00778cc,16468
device_uplink,1789022919000000000,70b3d57ed00778cc,16469
device_uplink,1789022935000000000,70b3d57ed00778cc,16470
device_uplink,1789022951000000000,70b3d57ed00778cc,16471
device_uplink,1789022967000000000,70b3d57ed00778cc,16472
device_uplink,1789022985000000000,70b3d57ed00778cc,16473
device_uplink,1789023001000000000,70b3d57ed00778cc,16474
device_uplink,1789023017000000000,70b3d57ed00778cc,16475
device_uplink,1789023033000000000,70b3d57ed00778cc,16476
device_uplink,1789023049000000000,70b3d57ed00778cc,16477
device_uplink,1789023065000000000,70b3d57ed00778cc,16478
device_uplink,1789023083000000000,70b3d57ed00778cc,16479
device_uplink,1789023099000000000,70b3d57ed00778cc,16480
device_uplink,1789023115000000000,70b3d57ed00778cc,16481
device_uplink,1789023131000000000,70b3d57ed00778cc,16482
device_uplink,1789023147000000000,70b3d57ed00778cc,16483
device_uplink,1789023163000000000,70b3d57ed00778cc,16484
device_uplink,1789023179000000000,70b3d57ed00778cc,16485
device_uplink,1789023195000000000,70b3d57ed00778cc,16486
device_uplink,1789023213000000000,70b3d57ed00778cc,16487
device_uplink,1789023229000000000,70b3d57ed00778cc,16488
device_uplink,1789023245000000000,70b3d57ed00778cc,16489
device_uplink,1789023261000000000,70b3d57ed00778cc,16490
device_uplink,1789023277000000000,70b3d57ed00778cc,16491
device_uplink,1789023293000000000,70b3d57ed00778cc,16492
device_uplink,1789023309000000000,70b3d57ed00778cc,16493
device_uplink,1789023327000000000,70b3d57ed00778cc,16494
device_uplink,1789023343000000000,70b3d57ed00778cc,16495
device_uplink,1789023359000000000,70b3d57ed00778cc,16496
device_uplink,1789023375000000000,70b3d57ed00778cc,16497
device_uplink,1789023391000000000,70b3d57ed00778cc,16498
device_uplink,1789023407000000000,70b3d57ed00778cc,16499
device_uplink,1789023423000000000,70b3d57ed00778cc,16500
device_uplink,1789023439000000000,70b3d57ed00778cc,16501
device_uplink,1789023455000000000,70b3d57ed00778cc,16502
device_uplink,1789023473000000000,70b3d57ed00778cc,16503
device_uplink,1789023489000000000,70b3d57ed00778cc,16504
device_uplink,1789023505000000000,70b3d57ed00778cc,16505
device_uplink,1789023521000000000,70b3d57ed00778cc,16506
device_uplink,1789023537000000000,70b3d57ed00778cc,16507
device_uplink,1789023553000000000,70b3d57ed00778cc,16508
device_uplink,1789023569000000000,70b3d57ed00778cc,16509
device_uplink,1789023585000000000,70b3d57ed00778cc,16510
device_uplink,1789023601000000000,70b3d57ed00778cc,16511
device_uplink,1789023619000000000,70b3d57ed00778cc,16512
device_uplink,1789023635000000000,70b3d57ed00778cc,16513
device_uplink,1789023651000000000,70b3d57ed00778cc,16514
device_uplink,1789023667000000000,70b3d57ed00778cc,16515
device_uplink,1789023683000000000,70b3d57ed00778cc,16516
device_uplink,1789023699000000000,70b3d57ed00778cc,16517
device_uplink,1789023715000000000,70b3d57ed00778cc,16518
device_uplink,1789023731000000000,70b3d57ed00778cc,16519
device_uplink,1789023749000000000,70b3d57ed00778cc,16520
device_uplink,1789023765000000000,70b3d57ed00778cc,16521
device_uplink,1789023781000000000,70b3d57ed00778cc,16522
device_uplink,1789023797000000000,70b3d57ed00778cc,16523
device_uplink,1789023813000000000,70b3d57ed00778cc,16524
device_uplink,1789023829000000000,70b3d57ed00778cc,16525
device_uplink,1789023845000000000,70b3d57ed00778cc,16526
device_uplink,1789023861000000000,70b3d57ed00778cc,16527
device_uplink,1789023877000000000,70b3d57ed00778cc,16528
device_uplink,1789023895000000000,70b3d57ed00778cc,16529
device_uplink,1789023911000000000,70b3d57ed00778cc,16530
device_uplink,1789023927000000000,70b3d57ed00778cc,16531
device_uplink,1789023943000000000,70b3d57ed00778cc,16532
device_uplink,1789023959000000000,70b3d57ed00778cc,16533
device_uplink,1789023975000000000,70b3d57ed00778cc,16534
device_uplink,1789023991000000000,70b3d57ed00778cc,16535
device_uplink,1789024007000000000,70b3d57ed00778cc,16536
device_uplink,1789024025000000000,70b3d57ed00778cc,16537
device_uplink,1789024041000000000,70b3d57ed00778cc,16538
device_uplink,1789024057000000000,70b3d57ed00778cc,16539
device_uplink,1789024073000000000,70b3d57ed00778cc,16540
device_uplink,1789024089000000000,70b3d57ed00778cc,16541
device_uplink,1789024105000000000,70b3d57ed00778cc,16542
device_uplink,1789024121000000000,70b3d57ed00778cc,16543
device_uplink,1789024137000000000,70b3d57ed00778cc,16544
device_uplink,1789024153000000000,70b3d57ed00778cc,16545
device_uplink,1789024169000000000,70b3d57ed00778cc,16546
device_uplink,1789024185000000000,70b3d57ed00778cc,16547
device_uplink,1789024201000000000,70b3d57ed00778cc,16548
device_uplink,1789024219000000000,70b3d57ed00778cc,16549
device_uplink,1789024235000000000,70b3d57ed00778cc,16550
device_uplink,1789024251000000000,70b3d57ed00778cc,16551
device_uplink,1789024267000000000,70b3d57ed00778cc,16552
device_uplink,1789024283000000000,70b3d57ed00778cc,16553
device_uplink,1789024299000000000,70b3d57ed00778cc,16554
device_uplink,1789024315000000000,70b3d57ed00778cc,16555
device_uplink,1789024331000000000,70b3d57ed00778cc,16556
device_uplink,1789024349000000000,70b3d57ed00778cc,16557
device_uplink,1789024365000000000,70b3d57ed00778cc,16558
device_uplink,1789024381000000000,70b3d57ed00778cc,16559
device_uplink,1789024397000000000,70b3d57ed00778cc,16560
device_uplink,1789024413000000000,70b3d57ed00778cc,16561
device_uplink,1789024429000000000,70b3d57ed00778cc,16562
device_uplink,1789024445000000000,70b3d57ed00778cc,16563
device_uplink,1789024461000000000,70b3d57ed00778cc,16564
device_uplink,1789024477000000000,70b3d57ed00778cc,16565
device_uplink,1789024493000000000,70b3d57ed00778cc,16566
device_uplink,1789024511000000000,70b3d57ed00778cc,16567
device_uplink,1789024527000000000,70b3d57ed00778cc,16568
device_uplink,1789024543000000000,70b3d57ed00778cc,16569
device_uplink,1789024559000000000,70b3d57ed00778cc,16570
device_uplink,1789024575000000000,70b3d57ed00778cc,16571
device_uplink,1789024591000000000,70b3d57ed00778cc,16572
device_uplink,1789024607000000000,70b3d57ed00778cc,16573
device_uplink,1789024623000000000,70b3d57ed00778cc,16574
device_uplink,1789024641000000000,70b3d57ed00778cc,16575
device_uplink,1789024657000000000,70b3d57ed00778cc,16576
device_uplink,1789024673000000000,70b3d57ed00778cc,16577
device_uplink,1789024689000000000,70b3d57ed00778cc,16578
device_uplink,1789024705000000000,70b3d57ed00778cc,16579
device_uplink,1789024721000000000,70b3d57ed00778cc,16580
device_uplink,1789024737000000000,70b3d57ed00778cc,16581
device_uplink,1789024755000000000,70b3d57ed00778cc,16582
device_uplink,1789024771000000000,70b3d57ed00778cc,16583
device_uplink,1789024787000000000,70b3d57ed00778cc,16584
device_uplink,1789024803000000000,70b3d57ed00778cc,16585
device_uplink,1789024819000000000,70b3d57ed00778cc,16586
device_uplink,1789024835000000000,70b3d57ed00778cc,16587
device_uplink,1789024851000000000,70b3d57ed00778cc,16588
device_uplink,1789024867000000000,70b3d57ed00778cc,16589
device_uplink,1789024885000000000,70b3d57ed00778cc,16590
device_uplink,1789024901000000000,70b3d57ed00778cc,16591
device_uplink,1789024917000000000,70b3d57ed00778cc,16592
device_uplink,1789024933000000000,70b3d57ed00778cc,16593
device_uplink,1789024949000000000,70b3d57ed00778cc,16594
device_uplink,1789024965000000000,70b3d57ed00778cc,16595
device_uplink,1789024981000000000,70b3d57ed00778cc,16596
device_uplink,1789024997000000000,70b3d57ed00778cc,16597
device_uplink,1789025015000000000,70b3d57ed00778cc,16598
device_uplink,1789025031000000000,70b3d57ed00778cc,16599
device_uplink,1789025047000000000,70b3d57ed00778cc,16600
device_uplink,1789025063000000000,70b3d57ed00778cc,16601
device_uplink,1789025079000000000,70b3d57ed00778cc,16602
device_uplink,1789025095000000000,70b3d57ed00778cc,16603
device_uplink,1789025111000000000,70b3d57ed00778cc,16604
device_uplink,1789025127000000000,70b3d57ed00778cc,16605
device_uplink,1789025143000000000,70b3d57ed00778cc,16606
device_uplink,1789025159000000000,70b3d57ed00778cc,16607
device_uplink,1789025177000000000,70b3d57ed00778cc,16608
device_uplink,1789025193000000000,70b3d57ed00778cc,16609
device_uplink,1789025209000000000,70b3d57ed00778cc,16610
device_uplink,1789025225000000000,70b3d57ed00778cc,16611
device_uplink,1789025241000000000,70b3d57ed00778cc,16612
device_uplink,1789025257000000000,70b3d57ed00778cc,16613
device_uplink,1789025273000000000,70b3d57ed00778cc,16614
device_uplink,1789025289000000000,70b3d57ed00778cc,16615
device_uplink,1789025305000000000,70b3d57ed00778cc,16616
device_uplink,1789025321000000000,70b3d57ed00778cc,16617
device_uplink,1789025337000000000,70b3d57ed00778cc,16618
device_uplink,1789025353000000000,70b3d57ed00778cc,16619
device_uplink,1789025371000000000,70b3d57ed00778cc,16620
device_uplink,1789025387000000000,70b3d57ed00778cc,16621
device_uplink,1789025403000000000,70b3d57ed00778cc,16622
device_uplink,1789025419000000000,70b3d57ed00778cc,16623
device_uplink,1789025435000000000,70b3d57ed00778cc,16624
device_uplink,1789025451000000000,70b3d57ed00778cc,16625
device_uplink,1789025467000000000,70b3d57ed00778cc,16626
device_uplink,1789025485000000000,70b3d57ed00778cc,16627
device_uplink,1789025501000000000,70b3d57ed00778cc,16628
device_uplink,1789025517000000000,70b3d57ed00778cc,16629
device_uplink,1789025533000000000,70b3d57ed00778cc,16630
device_uplink,1789025549000000000,70b3d57ed00778cc,16631
device_uplink,1789025565000000000,70b3d57ed00778cc,16632
device_uplink,1789025581000000000,70b3d57ed00778cc,16633
device_uplink,1789025597000000000,70b3d57ed00778cc,16634
device_uplink,1789025613000000000,70b3d57ed00778cc,16635
device_uplink,1789025629000000000,70b3d57ed00778cc,16636
device_uplink,1789025645000000000,70b3d57ed00778cc,16637
device_uplink,1789025661000000000,70b3d57ed00778cc,16638
device_uplink,1789025679000000000,70b3d57ed00778cc,16639
device_uplink,1789025695000000000,70b3d57ed00778cc,16640
device_uplink,1789025711000000000,70b3d57ed00778cc,16641
device_uplink,1789025727000000000,70b3d57ed00778cc,16642
device_uplink,1789025743000000000,70b3d57ed00778cc,16643
device_uplink,1789025759000000000,70b3d57ed00778cc,16644
device_uplink,1789025775000000000,70b3d57ed00778cc,16645
device_uplink,1789025791000000000,70b3d57ed00778cc,16646
device_uplink,1789025809000000000,70b3d57ed00778cc,16647
device_uplink,1789025825000000000,70b3d57ed00778cc,16648
device_uplink,1789025841000000000,70b3d57ed00778cc,16649
device_uplink,1789025857000000000,70b3d57ed00778cc,16650
device_uplink,1789025873000000000,70b3d57ed00778cc,16651
device_uplink,1789025889000000000,70b3d57ed00778cc,16652
device_uplink,1789025905000000000,70b3d57ed00778cc,16653
device_uplink,1789025921000000000,70b3d57ed00778cc,16654
device_uplink,1789025937000000000,70b3d57ed00778cc,16655
device_uplink,1789025953000000000,70b3d57ed00778cc,16656
device_uplink,1789025971000000000,70b3d57ed00778cc,16657
device_uplink,1789025987000000000,70b3d57ed00778cc,16658
device_uplink,1789026003000000000,70b3d57ed00778cc,16659
device_uplink,1789026019000000000,70b3d57ed00778cc,16660
device_uplink,1789026035000000000,70b3d57ed00778cc,16661
device_uplink,1789026051000000000,70b3d57ed00778cc,16662
device_uplink,1789026067000000000,70b3d57ed00778cc,16663
device_uplink,1789026085000000000,70b3d57ed00778cc,16664
device_uplink,1789026101000000000,70b3d57ed00778cc,16665
device_uplink,1789026117000000000,70b3d57ed00778cc,16666
device_uplink,1789026133000000000,70b3d57ed00778cc,16667
device_uplink,1789026149000000000,70b3d57ed00778cc,16668
device_uplink,1789026165000000000,70b3d57ed00778cc,16669
device_uplink,1789026181000000000,70b3d57ed00778cc,16670
device_uplink,1789026197000000000,70b3d57ed00778cc,16671
device_uplink,1789026213000000000,70b3d57ed00778cc,16672
device_uplink,1789026229000000000,70b3d57ed00778cc,16673
device_uplink,1789026245000000000,70b3d57ed00778cc,16674
device_uplink,1789026263000000000,70b3d57ed00778cc,16675
device_uplink,1789026279000000000,70b3d57ed00778cc,16676
device_uplink,1789026295000000000,70b3d57ed00778cc,16677
device_uplink,1789026311000000000,70b3d57ed00778cc,16678
device_uplink,1789026327000000000,70b3d57ed00778cc,16679
device_uplink,1789026343000000000,70b3d57ed00778cc,16680
device_uplink,1789026359000000000,70b3d57ed00778cc,16681
device_uplink,1789026375000000000,70b3d57ed00778cc,16682
device_uplink,1789026393000000000,70b3d57ed00778cc,16683
device_uplink,1789026409000000000,70b3d57ed00778cc,16684
device_uplink,1789026425000000000,70b3d57ed00778cc,16685
device_uplink,1789026441000000000,70b3d57ed00778cc,16686
device_uplink,1789026457000000000,70b3d57ed00778cc,16687
device_uplink,1789026473000000000,70b3d57ed00778cc,16688
device_uplink,1789026489000000000,70b3d57ed00778cc,16689
device_uplink,1789026505000000000,70b3d57ed00778cc,16690
device_uplink,1789026523000000000,70b3d57ed00778cc,16691
device_uplink,1789026539000000000,70b3d57ed00778cc,16692
device_uplink,1789026555000000000,70b3d57ed00778cc,16693
device_uplink,1789026571000000000,70b3d57ed00778cc,16694
device_uplink,1789026587000000000,70b3d57ed00778cc,16695
device_uplink,1789026603000000000,70b3d57ed00778cc,16696
device_uplink,1789026619000000000,70b3d57ed00778cc,16697
device_uplink,1789026635000000000,70b3d57ed00778cc,16698
device_uplink,1789026653000000000,70b3d57ed00778cc,16699
device_uplink,1789026669000000000,70b3d57ed00778cc,16700
device_uplink,1789026685000000000,70b3d57ed00778cc,16701
device_uplink,1789026701000000000,70b3d57ed00778cc,16702
device_uplink,1789026717000000000,70b3d57ed00778cc,16703
device_uplink,1789026735000000000,70b3d57ed00778cc,16704
device_uplink,1789026751000000000,70b3d57ed00778cc,16705
device_uplink,1789026767000000000,70b3d57ed00778cc,16706
device_uplink,1789026783000000000,70b3d57ed00778cc,16707
device_uplink,1789026799000000000,70b3d57ed00778cc,16708
device_uplink,1789026815000000000,70b3d57ed00778cc,16709
device_uplink,1789026831000000000,70b3d57ed00778cc,16710
device_uplink,1789026847000000000,70b3d57ed00778cc,16711
device_uplink,1789026865000000000,70b3d57ed00778cc,16712
device_uplink,1789026881000000000,70b3d57ed00778cc,16713
device_uplink,1789026897000000000,70b3d57ed00778cc,16714
device_uplink,1789026913000000000,70b3d57ed00778cc,16715
device_uplink,1789026929000000000,70b3d57ed00778cc,16716
device_uplink,1789026945000000000,70b3d57ed00778cc,16717
device_uplink,1789026961000000000,70b3d57ed00778cc,16718
device_uplink,1789026977000000000,70b3d57ed00778cc,16719
device_uplink,1789026993000000000,70b3d57ed00778cc,16720
device_uplink,1789027009000000000,70b3d57ed00778cc,16721
device_uplink,1789027025000000000,70b3d57ed00778cc,16722
device_uplink,1789027043000000000,70b3d57ed00778cc,16723
device_uplink,1789027059000000000,70b3d57ed00778cc,16724
device_uplink,1789027075000000000,70b3d57ed00778cc,16725
device_uplink,1789027091000000000,70b3d57ed00778cc,16726
device_uplink,1789027107000000000,70b3d57ed00778cc,16727
device_uplink,1789027123000000000,70b3d57ed00778cc,16728
device_uplink,1789027141000000000,70b3d57ed00778cc,16729
device_uplink,1789027157000000000,70b3d57ed00778cc,16730
device_uplink,1789027173000000000,70b3d57ed00778cc,16731
device_uplink,1789027189000000000,70b3d57ed00778cc,16732
device_uplink,1789027205000000000,70b3d57ed00778cc,16733
device_uplink,1789027221000000000,70b3d57ed00778cc,16734
device_uplink,1789027237000000000,70b3d57ed00778cc,16735
device_uplink,1789027255000000000,70b3d57ed00778cc,16736
device_uplink,1789027271000000000,70b3d57ed00778cc,16737
device_uplink,1789027287000000000,70b3d57ed00778cc,16738
device_uplink,1789027303000000000,70b3d57ed00778cc,16739
device_uplink,1789027319000000000,70b3d57ed00778cc,16740
device_uplink,1789027335000000000,70b3d57ed00778cc,16741
device_uplink,1789027351000000000,70b3d57ed00778cc,16742
device_uplink,1789027367000000000,70b3d57ed00778cc,16743
device_uplink,1789027385000000000,70b3d57ed00778cc,16744
device_uplink,1789027401000000000,70b3d57ed00778cc,16745
device_uplink,1789027417000000000,70b3d57ed00778cc,16746
device_uplink,1789027433000000000,70b3d57ed00778cc,16747
device_uplink,1789027449000000000,70b3d57ed00778cc,16748
device_uplink,1789027465000000000,70b3d57ed00778cc,16749
device_uplink,1789027481000000000,70b3d57ed00778cc,16750
device_uplink,1789027497000000000,70b3d57ed00778cc,16751
device_uplink,1789027515000000000,70b3d57ed00778cc,16752
device_uplink,1789027531000000000,70b3d57ed00778cc,16753
device_uplink,1789027547000000000,70b3d57ed00778cc,16754
device_uplink,1789027563000000000,70b3d57ed00778cc,16755
device_uplink,1789027579000000000,70b3d57ed00778cc,16756
device_uplink,1789027595000000000,70b3d57ed00778cc,16757
device_uplink,1789027613000000000,70b3d57ed00778cc,16758
device_uplink,1789027629000000000,70b3d57ed00778cc,16759
device_uplink,1789027645000000000,70b3d57ed00778cc,16760
device_uplink,1789027661000000000,70b3d57ed00778cc,16761
device_uplink,1789027677000000000,70b3d57ed00778cc,16762
device_uplink,1789027693000000000,70b3d57ed00778cc,16763
device_uplink,1789027709000000000,70b3d57ed00778cc,16764
device_uplink,1789027725000000000,70b3d57ed00778cc,16765
device_uplink,1789027743000000000,70b3d57ed00778cc,16766
device_uplink,1789027759000000000,70b3d57ed00778cc,16767
device_uplink,1789027775000000000,70b3d57ed00778cc,16768
device_uplink,1789027791000000000,70b3d57ed00778cc,16769
device_uplink,1789027807000000000,70b3d57ed00778cc,16770
device_uplink,1789027823000000000,70b3d57ed00778cc,16771
device_uplink,1789027839000000000,70b3d57ed00778cc,16772
device_uplink,1789027855000000000,70b3d57ed00778cc,16773
device_uplink,1789027871000000000,70b3d57ed00778cc,16774
device_uplink,1789027889000000000,70b3d57ed00778cc,16775
device_uplink,1789027905000000000,70b3d57ed00778cc,16776
device_uplink,1789027921000000000,70b3d57ed00778cc,16777
device_uplink,1789027937000000000,70b3d57ed00778cc,16778
device_uplink,1789027953000000000,70b3d57ed00778cc,16779
device_uplink,1789027969000000000,70b3d57ed00778cc,16780
device_uplink,1789027985000000000,70b3d57ed00778cc,16781
device_uplink,1789028001000000000,70b3d57ed00778cc,16782
device_uplink,1789028017000000000,70b3d57ed00778cc,16783
device_uplink,1789028033000000000,70b3d57ed00778cc,16784
device_uplink,1789028049000000000,70b3d57ed00778cc,16785
device_uplink,1789028065000000000,70b3d57ed00778cc,16786
device_uplink,1789028083000000000,70b3d57ed00778cc,16787
device_uplink,1789028099000000000,70b3d57ed00778cc,16788
device_uplink,1789028115000000000,70b3d57ed00778cc,16789
device_uplink,1789028131000000000,70b3d57ed00778cc,16790
device_uplink,1789028147000000000,70b3d57ed00778cc,16791
device_uplink,1789028163000000000,70b3d57ed00778cc,16792
device_uplink,1789028179000000000,70b3d57ed00778cc,16793
device_uplink,1789028195000000000,70b3d57ed00778cc,16794
device_uplink,1789028211000000000,70b3d57ed00778cc,16795
device_uplink,1789028227000000000,70b3d57ed00778cc,16796
device_uplink,1789028243000000000,70b3d57ed00778cc,16797
device_uplink,1789028259000000000,70b3d57ed00778cc,16798
device_uplink,1789028277000000000,70b3d57ed00778cc,16799
device_uplink,1789028293000000000,70b3d57ed00778cc,16800
device_uplink,1789028309000000000,70b3d57ed00778cc,16801
device_uplink,1789028325000000000,70b3d57ed00778cc,16802
device_uplink,1789028341000000000,70b3d57ed00778cc,16803
device_uplink,1789028357000000000,70b3d57ed00778cc,16804
device_uplink,1789028373000000000,70b3d57ed00778cc,16805
device_uplink,1789028389000000000,70b3d57ed00778cc,16806
device_uplink,1789028405000000000,70b3d57ed00778cc,16807
device_uplink,1789028421000000000,70b3d57ed00778cc,16808
device_uplink,1789028437000000000,70b3d57ed00778cc,16809
device_uplink,1789028453000000000,70b3d57ed00778cc,16810
device_uplink,1789028469000000000,70b3d57ed00778cc,16811
device_uplink,1789028487000000000,70b3d57ed00778cc,16812
device_uplink,1789028503000000000,70b3d57ed00778cc,16813
device_uplink,1789028519000000000,70b3d57ed00778cc,16814
device_uplink,1789028535000000000,70b3d57ed00778cc,16815
device_uplink,1789028551000000000,70b3d57ed00778cc,16816
device_uplink,1789028567000000000,70b3d57ed00778cc,16817
device_uplink,1789028583000000000,70b3d57ed00778cc,16818
device_uplink,1789028599000000000,70b3d57ed00778cc,16819
device_uplink,1789028615000000000,70b3d57ed00778cc,16820
device_uplink,1789028631000000000,70b3d57ed00778cc,16821
device_uplink,1789028647000000000,70b3d57ed00778cc,16822
device_uplink,1789028665000000000,70b3d57ed00778cc,16823
device_uplink,1789028681000000000,70b3d57ed00778cc,16824
device_uplink,1789028697000000000,70b3d57ed00778cc,16825
device_uplink,1789028713000000000,70b3d57ed00778cc,16826
device_uplink,1789028729000000000,70b3d57ed00778cc,16827
device_uplink,1789028745000000000,70b3d57ed00778cc,16828
device_uplink,1789028761000000000,70b3d57ed00778cc,16829
device_uplink,1789028777000000000,70b3d57ed00778cc,16830
device_uplink,1789028793000000000,70b3d57ed00778cc,16831
device_uplink,1789028809000000000,70b3d57ed00778cc,16832
device_uplink,1789028827000000000,70b3d57ed00778cc,16833
device_uplink,1789028843000000000,70b3d57ed00778cc,16834
device_uplink,1789028859000000000,70b3d57ed00778cc,16835
device_uplink,1789028875000000000,70b3d57ed00778cc,16836
device_uplink,1789028891000000000,70b3d57ed00778cc,16837
device_uplink,1789028907000000000,70b3d57ed00778cc,16838
device_uplink,1789028923000000000,70b3d57ed00778cc,16839
device_uplink,1789028939000000000,70b3d57ed00778cc,16840
device_uplink,1789028955000000000,70b3d57ed00778cc,16841
device_uplink,1789028971000000000,70b3d57ed00778cc,16842
device_uplink,1789028987000000000,70b3d57ed00778cc,16843
device_uplink,1789029003000000000,70b3d57ed00778cc,16844
device_uplink,1789029021000000000,70b3d57ed00778cc,16845
device_uplink,1789029037000000000,70b3d57ed00778cc,16846
device_uplink,1789029053000000000,70b3d57ed00778cc,16847
device_uplink,1789029069000000000,70b3d57ed00778cc,16848
device_uplink,1789029085000000000,70b3d57ed00778cc,16849
device_uplink,1789029101000000000,70b3d57ed00778cc,16850
device_uplink,1789029117000000000,70b3d57ed00778cc,16851
device_uplink,1789029133000000000,70b3d57ed00778cc,16852
device_uplink,1789029151000000000,70b3d57ed00778cc,16853
device_uplink,1789029167000000000,70b3d57ed00778cc,16854
device_uplink,1789029183000000000,70b3d57ed00778cc,16855
device_uplink,1789029199000000000,70b3d57ed00778cc,16856
device_uplink,1789029215000000000,70b3d57ed00778cc,16857
device_uplink,1789029231000000000,70b3d57ed00778cc,16858
device_uplink,1789029247000000000,70b3d57ed00778cc,16859
device_uplink,1789029265000000000,70b3d57ed00778cc,16860
device_uplink,1789029281000000000,70b3d57ed00778cc,16861
device_uplink,1789029297000000000,70b3d57ed00778cc,16862
device_uplink,1789029313000000000,70b3d57ed00778cc,16863
device_uplink,1789029329000000000,70b3d57ed00778cc,16864
device_uplink,1789029345000000000,70b3d57ed00778cc,16865
device_uplink,1789029361000000000,70b3d57ed00778cc,16866
device_uplink,1789029379000000000,70b3d57ed00778cc,16867
device_uplink,1789029395000000000,70b3d57ed00778cc,16868
device_uplink,1789029411000000000,70b3d57ed00778cc,16869
device_uplink,1789029427000000000,70b3d57ed00778cc,16870
device_uplink,1789029443000000000,70b3d57ed00778cc,16871
device_uplink,1789029459000000000,70b3d57ed00778cc,16872
device_uplink,1789029475000000000,70b3d57ed00778cc,16873
device_uplink,1789029491000000000,70b3d57ed00778cc,16874
device_uplink,1789029509000000000,70b3d57ed00778cc,16875
device_uplink,1789029525000000000,70b3d57ed00778cc,16876
device_uplink,1789029541000000000,70b3d57ed00778cc,16877
device_uplink,1789029557000000000,70b3d57ed00778cc,16878
device_uplink,1789029573000000000,70b3d57ed00778cc,16879
device_uplink,1789029591000000000,70b3d57ed00778cc,16880
device_uplink,1789029607000000000,70b3d57ed00778cc,16881
device_uplink,1789029623000000000,70b3d57ed00778cc,16882
device_uplink,1789029639000000000,70b3d57ed00778cc,16883
device_uplink,1789029655000000000,70b3d57ed00778cc,16884
device_uplink,1789029671000000000,70b3d57ed00778cc,16885
device_uplink,1789029687000000000,70b3d57ed00778cc,16886
device_uplink,1789029705000000000,70b3d57ed00778cc,16887
device_uplink,1789029721000000000,70b3d57ed00778cc,16888
device_uplink,1789029737000000000,70b3d57ed00778cc,16889
device_uplink,1789029753000000000,70b3d57ed00778cc,16890
device_uplink,1789029769000000000,70b3d57ed00778cc,16891
device_uplink,1789029785000000000,70b3d57ed00778cc,16892
device_uplink,1789029803000000000,70b3d57ed00778cc,16893
device_uplink,1789029819000000000,70b3d57ed00778cc,16894
device_uplink,1789029835000000000,70b3d57ed00778cc,16895
device_uplink,1789029851000000000,70b3d57ed00778cc,16896
device_uplink,1789029867000000000,70b3d57ed00778cc,16897
device_uplink,1789029883000000000,70b3d57ed00778cc,16898
device_uplink,1789029899000000000,70b3d57ed00778cc,16899
device_uplink,1789029917000000000,70b3d57ed00778cc,16900
device_uplink,1789029933000000000,70b3d57ed00778cc,16901
device_uplink,1789029949000000000,70b3d57ed00778cc,16902
device_uplink,1789029965000000000,70b3d57ed00778cc,16903
device_uplink,1789029981000000000,70b3d57ed00778cc,16904
device_uplink,1789029997000000000,70b3d57ed00778cc,16905
device_uplink,1789030013000000000,70b3d57ed00778cc,16906
device_uplink,1789030031000000000,70b3d57ed00778cc,16907
device_uplink,1789030047000000000,70b3d57ed00778cc,16908
device_uplink,1789030063000000000,70b3d57ed00778cc,16909
device_uplink,1789030079000000000,70b3d57ed00778cc,16910
device_uplink,1789030095000000000,70b3d57ed00778cc,16911
device_uplink,1789030111000000000,70b3d57ed00778cc,16912
device_uplink,1789030127000000000,70b3d57ed00778cc,16913
device_uplink,1789030145000000000,70b3d57ed00778cc,16914
device_uplink,1789030161000000000,70b3d57ed00778cc,16915
device_uplink,1789030177000000000,70b3d57ed00778cc,16916
device_uplink,1789030193000000000,70b3d57ed00778cc,16917
device_uplink,1789030209000000000,70b3d57ed00778cc,16918
device_uplink,1789030225000000000,70b3d57ed00778cc,16919
device_uplink,1789030241000000000,70b3d57ed00778cc,16920
device_uplink,1789030257000000000,70b3d57ed00778cc,16921
device_uplink,1789030275000000000,70b3d57ed00778cc,16922
device_uplink,1789030291000000000,70b3d57ed00778cc,16923
device_uplink,1789030307000000000,70b3d57ed00778cc,16924
device_uplink,1789030323000000000,70b3d57ed00778cc,16925
device_uplink,1789030339000000000,70b3d57ed00778cc,16926
device_uplink,1789030355000000000,70b3d57ed00778cc,16927
device_uplink,1789030373000000000,70b3d57ed00778cc,16928
device_uplink,1789030389000000000,70b3d57ed00778cc,16929
device_uplink,1789030405000000000,70b3d57ed00778cc,16930
device_uplink,1789030421000000000,70b3d57ed00778cc,16931
device_uplink,1789030437000000000,70b3d57ed00778cc,16932
device_uplink,1789030453000000000,70b3d57ed00778cc,16933
device_uplink,1789030469000000000,70b3d57ed00778cc,16934
device_uplink,1789030485000000000,70b3d57ed00778cc,16935
device_uplink,1789030503000000000,70b3d57ed00778cc,16936
device_uplink,1789030519000000000,70b3d57ed00778cc,16937
device_uplink,1789030535000000000,70b3d57ed00778cc,16938
device_uplink,1789030551000000000,70b3d57ed00778cc,16939
device_uplink,1789030567000000000,70b3d57ed00778cc,16940
device_uplink,1789030583000000000,70b3d57ed00778cc,16941
device_uplink,1789030599000000000,70b3d57ed00778cc,16942
device_uplink,1789030615000000000,70b3d57ed00778cc,16943
device_uplink,1789030633000000000,70b3d57ed00778cc,16944
device_uplink,1789030649000000000,70b3d57ed00778cc,16945
device_uplink,1789030665000000000,70b3d57ed00778cc,16946
device_uplink,1789030681000000000,70b3d57ed00778cc,16947
device_uplink,1789030697000000000,70b3d57ed00778cc,16948
device_uplink,1789030713000000000,70b3d57ed00778cc,16949
device_uplink,1789030729000000000,70b3d57ed00778cc,16950
device_uplink,1789030747000000000,70b3d57ed00778cc,16951
device_uplink,1789030763000000000,70b3d57ed00778cc,16952
device_uplink,1789030779000000000,70b3d57ed00778cc,16953
device_uplink,1789030795000000000,70b3d57ed00778cc,16954
device_uplink,1789030811000000000,70b3d57ed00778cc,16955
device_uplink,1789030827000000000,70b3d57ed00778cc,16956
device_uplink,1789030843000000000,70b3d57ed00778cc,16957
device_uplink,1789030861000000000,70b3d57ed00778cc,16958
device_uplink,1789030877000000000,70b3d57ed00778cc,16959
device_uplink,1789030893000000000,70b3d57ed00778cc,16960
device_uplink,1789030909000000000,70b3d57ed00778cc,16961
device_uplink,1789030925000000000,70b3d57ed00778cc,16962
device_uplink,1789030941000000000,70b3d57ed00778cc,16963
device_uplink,1789030957000000000,70b3d57ed00778cc,16964
device_uplink,1789030973000000000,70b3d57ed00778cc,16965
device_uplink,1789030991000000000,70b3d57ed00778cc,16966
device_uplink,1789031007000000000,70b3d57ed00778cc,16967
device_uplink,1789031023000000000,70b3d57ed00778cc,16968
device_uplink,1789031039000000000,70b3d57ed00778cc,16969
device_uplink,1789031055000000000,70b3d57ed00778cc,16970
device_uplink,1789031071000000000,70b3d57ed00778cc,16971
device_uplink,1789031087000000000,70b3d57ed00778cc,16972
device_uplink,1789031105000000000,70b3d57ed00778cc,16973
device_uplink,1789031121000000000,70b3d57ed00778cc,16974
device_uplink,1789031137000000000,70b3d57ed00778cc,16975
device_uplink,1789031153000000000,70b3d57ed00778cc,16976
device_uplink,1789031169000000000,70b3d57ed00778cc,16977
device_uplink,1789031185000000000,70b3d57ed00778cc,16978
device_uplink,1789031201000000000,70b3d57ed00778cc,16979
device_uplink,1789031219000000000,70b3d57ed00778cc,16980
device_uplink,1789031235000000000,70b3d57ed00778cc,16981
device_uplink,1789031251000000000,70b3d57ed00778cc,16982
device_uplink,1789031267000000000,70b3d57ed00778cc,16983
device_uplink,1789031283000000000,70b3d57ed00778cc,16984
device_uplink,1789031299000000000,70b3d57ed00778cc,16985
device_uplink,1789031315000000000,70b3d57ed00778cc,16986
device_uplink,1789031331000000000,70b3d57ed00778cc,16987
device_uplink,1789031349000000000,70b3d57ed00778cc,16988
device_uplink,1789031365000000000,70b3d57ed00778cc,16989
device_uplink,1789031381000000000,70b3d57ed00778cc,16990
device_uplink,1789031397000000000,70b3d57ed00778cc,16991
device_uplink,1789031413000000000,70b3d57ed00778cc,16992
device_uplink,1789031429000000000,70b3d57ed00778cc,16993
device_uplink,1789031447000000000,70b3d57ed00778cc,16994
device_uplink,1789031463000000000,70b3d57ed00778cc,16995
device_uplink,1789031479000000000,70b3d57ed00778cc,16996
device_uplink,1789031495000000000,70b3d57ed00778cc,16997
device_uplink,1789031511000000000,70b3d57ed00778cc,16998
device_uplink,1789031527000000000,70b3d57ed00778cc,16999
device_uplink,1789031543000000000,70b3d57ed00778cc,17000
device_uplink,1789031559000000000,70b3d57ed00778cc,17001
device_uplink,1789031577000000000,70b3d57ed00778cc,17002
device_uplink,1789031593000000000,70b3d57ed00778cc,17003
device_uplink,1789031609000000000,70b3d57ed00778cc,17004
device_uplink,1789031625000000000,70b3d57ed00778cc,17005
device_uplink,1789031641000000000,70b3d57ed00778cc,17006
device_uplink,1789031657000000000,70b3d57ed00778cc,17007
device_uplink,1789031675000000000,70b3d57ed00778cc,17008
device_uplink,1789031691000000000,70b3d57ed00778cc,17009
device_uplink,1789031707000000000,70b3d57ed00778cc,17010
device_uplink,1789031723000000000,70b3d57ed00778cc,17011
device_uplink,1789031739000000000,70b3d57ed00778cc,17012
device_uplink,1789031755000000000,70b3d57ed00778cc,17013
device_uplink,1789031771000000000,70b3d57ed00778cc,17014
device_uplink,1789031787000000000,70b3d57ed00778cc,17015
device_uplink,1789031805000000000,70b3d57ed00778cc,17016
device_uplink,1789031821000000000,70b3d57ed00778cc,17017
device_uplink,1789031837000000000,70b3d57ed00778cc,17018
device_uplink,1789031853000000000,70b3d57ed00778cc,17019
device_uplink,1789031869000000000,70b3d57ed00778cc,17020
device_uplink,1789031885000000000,70b3d57ed00778cc,17021
device_uplink,1789031901000000000,70b3d57ed00778cc,17022
device_uplink,1789031919000000000,70b3d57ed00778cc,17023
device_uplink,1789031935000000000,70b3d57ed00778cc,17024
device_uplink,1789031951000000000,70b3d57ed00778cc,17025
device_uplink,1789031967000000000,70b3d57ed00778cc,17026
device_uplink,1789031983000000000,70b3d57ed00778cc,17027
device_uplink,1789031999000000000,70b3d57ed00778cc,17028
device_uplink,1789032015000000000,70b3d57ed00778cc,17029
device_uplink,1789032033000000000,70b3d57ed00778cc,17030
device_uplink,1789032049000000000,70b3d57ed00778cc,17031
device_uplink,1789032065000000000,70b3d57ed00778cc,17032
device_uplink,1789032081000000000,70b3d57ed00778cc,17033
device_uplink,1789032097000000000,70b3d57ed00778cc,17034
device_uplink,1789032113000000000,70b3d57ed00778cc,17035
device_uplink,1789032129000000000,70b3d57ed00778cc,17036
device_uplink,1789032147000000000,70b3d57ed00778cc,17037
device_uplink,1789032163000000000,70b3d57ed00778cc,17038
device_uplink,1789032179000000000,70b3d57ed00778cc,17039
device_uplink,1789032195000000000,70b3d57ed00778cc,17040
device_uplink,1789032211000000000,70b3d57ed00778cc,17041
device_uplink,1789032227000000000,70b3d57ed00778cc,17042
device_uplink,1789032243000000000,70b3d57ed00778cc,17043
device_uplink,1789032261000000000,70b3d57ed00778cc,17044
device_uplink,1789032277000000000,70b3d57ed00778cc,17045
device_uplink,1789032293000000000,70b3d57ed00778cc,17046
device_uplink,1789032309000000000,70b3d57ed00778cc,17047
device_uplink,1789032325000000000,70b3d57ed00778cc,17048
device_uplink,1789032341000000000,70b3d57ed00778cc,17049
device_uplink,1789032357000000000,70b3d57ed00778cc,17050
device_uplink,1789032373000000000,70b3d57ed00778cc,17051
device_uplink,1789032391000000000,70b3d57ed00778cc,17052
device_uplink,1789032407000000000,70b3d57ed00778cc,17053
device_uplink,1789032423000000000,70b3d57ed00778cc,17054
device_uplink,1789032439000000000,70b3d57ed00778cc,17055
device_uplink,1789032455000000000,70b3d57ed00778cc,17056
device_uplink,1789032471000000000,70b3d57ed00778cc,17057
device_uplink,1789032487000000000,70b3d57ed00778cc,17058
device_uplink,1789032503000000000,70b3d57ed00778cc,17059
device_uplink,1789032521000000000,70b3d57ed00778cc,17060
device_uplink,1789032537000000000,70b3d57ed00778cc,17061
device_uplink,1789032553000000000,70b3d57ed00778cc,17062
device_uplink,1789032569000000000,70b3d57ed00778cc,17063
device_uplink,1789032585000000000,70b3d57ed00778cc,17064
device_uplink,1789032601000000000,70b3d57ed00778cc,17065
device_uplink,1789032617000000000,70b3d57ed00778cc,17066
device_uplink,1789032635000000000,70b3d57ed00778cc,17067
device_uplink,1789032651000000000,70b3d57ed00778cc,17068
device_uplink,1789032667000000000,70b3d57ed00778cc,17069
device_uplink,1789032683000000000,70b3d57ed00778cc,17070
device_uplink,1789032699000000000,70b3d57ed00778cc,17071
device_uplink,1789032715000000000,70b3d57ed00778cc,17072
device_uplink,1789032731000000000,70b3d57ed00778cc,17073
device_uplink,1789032749000000000,70b3d57ed00778cc,17074
device_uplink,1789032765000000000,70b3d57ed00778cc,17075
device_uplink,1789032781000000000,70b3d57ed00778cc,17076
device_uplink,1789032797000000000,70b3d57ed00778cc,17077
device_uplink,1789032813000000000,70b3d57ed00778cc,17078
device_uplink,1789032829000000000,70b3d57ed00778cc,17079
device_uplink,1789032845000000000,70b3d57ed00778cc,17080
device_uplink,1789032861000000000,70b3d57ed00778cc,17081
device_uplink,1789032879000000000,70b3d57ed00778cc,17082
device_uplink,1789032895000000000,70b3d57ed00778cc,17083
device_uplink,1789032911000000000,70b3d57ed00778cc,17084
device_uplink,1789032927000000000,70b3d57ed00778cc,17085
device_uplink,1789032943000000000,70b3d57ed00778cc,17086
device_uplink,1789032959000000000,70b3d57ed00778cc,17087
device_uplink,1789032975000000000,70b3d57ed00778cc,17088
device_uplink,1789032993000000000,70b3d57ed00778cc,17089
device_uplink,1789033009000000000,70b3d57ed00778cc,17090
device_uplink,1789033025000000000,70b3d57ed00778cc,17091
device_uplink,1789033041000000000,70b3d57ed00778cc,17092
device_uplink,1789033057000000000,70b3d57ed00778cc,17093
device_uplink,1789033073000000000,70b3d57ed00778cc,17094
device_uplink,1789033089000000000,70b3d57ed00778cc,17095
device_uplink,1789033107000000000,70b3d57ed00778cc,17096
device_uplink,1789033123000000000,70b3d57ed00778cc,17097
device_uplink,1789033139000000000,70b3d57ed00778cc,17098
device_uplink,1789033155000000000,70b3d57ed00778cc,17099
device_uplink,1789033171000000000,70b3d57ed00778cc,17100
device_uplink,1789033187000000000,70b3d57ed00778cc,17101
device_uplink,1789033203000000000,70b3d57ed00778cc,17102
device_uplink,1789033219000000000,70b3d57ed00778cc,17103
device_uplink,1789033237000000000,70b3d57ed00778cc,17104
device_uplink,1789033253000000000,70b3d57ed00778cc,17105
device_uplink,1789033269000000000,70b3d57ed00778cc,17106
device_uplink,1789033285000000000,70b3d57ed00778cc,17107
device_uplink,1789033301000000000,70b3d57ed00778cc,17108
device_uplink,1789033317000000000,70b3d57ed00778cc,17109
device_uplink,1789033333000000000,70b3d57ed00778cc,17110
device_uplink,1789033351000000000,70b3d57ed00778cc,17111
device_uplink,1789033367000000000,70b3d57ed00778cc,17112
device_uplink,1789033383000000000,70b3d57ed00778cc,17113
device_uplink,1789033399000000000,70b3d57ed00778cc,17114
device_uplink,1789033415000000000,70b3d57ed00778cc,17115
device_uplink,1789033431000000000,70b3d57ed00778cc,17116
device_uplink,1789033447000000000,70b3d57ed00778cc,17117
device_uplink,1789033465000000000,70b3d57ed00778cc,17118
device_uplink,1789033481000000000,70b3d57ed00778cc,17119
device_uplink,1789033497000000000,70b3d57ed00778cc,17120
device_uplink,1789033513000000000,70b3d57ed00778cc,17121
device_uplink,1789033529000000000,70b3d57ed00778cc,17122
device_uplink,1789033545000000000,70b3d57ed00778cc,17123
device_uplink,1789033561000000000,70b3d57ed00778cc,17124
device_uplink,1789033579000000000,70b3d57ed00778cc,17125
device_uplink,1789033595000000000,70b3d57ed00778cc,17126
device_uplink,1789033611000000000,70b3d57ed00778cc,17127
device_uplink,1789033627000000000,70b3d57ed00778cc,17128
device_uplink,1789033643000000000,70b3d57ed00778cc,17129
device_uplink,1789033659000000000,70b3d57ed00778cc,17130
device_uplink,1789033675000000000,70b3d57ed00778cc,17131
device_uplink,1789033691000000000,70b3d57ed00778cc,17132
device_uplink,1789033707000000000,70b3d57ed00778cc,17133
device_uplink,1789033723000000000,70b3d57ed00778cc,17134
device_uplink,1789033741000000000,70b3d57ed00778cc,17135
device_uplink,1789033757000000000,70b3d57ed00778cc,17136
device_uplink,1789033773000000000,70b3d57ed00778cc,17137
device_uplink,1789033789000000000,70b3d57ed00778cc,17138
device_uplink,1789033805000000000,70b3d57ed00778cc,17139
device_uplink,1789033821000000000,70b3d57ed00778cc,17140
device_uplink,1789033839000000000,70b3d57ed00778cc,17141
device_uplink,1789033855000000000,70b3d57ed00778cc,17142
device_uplink,1789033871000000000,70b3d57ed00778cc,17143
device_uplink,1789033887000000000,70b3d57ed00778cc,17144
device_uplink,1789033903000000000,70b3d57ed00778cc,17145
device_uplink,1789033919000000000,70b3d57ed00778cc,17146
device_uplink,1789033935000000000,70b3d57ed00778cc,17147
device_uplink,1789033951000000000,70b3d57ed00778cc,17148
device_uplink,1789033969000000000,70b3d57ed00778cc,17149
device_uplink,1789033985000000000,70b3d57ed00778cc,17150
device_uplink,1789034001000000000,70b3d57ed00778cc,17151
device_uplink,1789034017000000000,70b3d57ed00778cc,17152
device_uplink,1789034033000000000,70b3d57ed00778cc,17153
device_uplink,1789034049000000000,70b3d57ed00778cc,17154
device_uplink,1789034065000000000,70b3d57ed00778cc,17155
device_uplink,1789034081000000000,70b3d57ed00778cc,17156
device_uplink,1789034099000000000,70b3d57ed00778cc,17157
device_uplink,1789034115000000000,70b3d57ed00778cc,17158
device_uplink,1789034131000000000,70b3d57ed00778cc,17159
device_uplink,1789034147000000000,70b3d57ed00778cc,17160
device_uplink,1789034163000000000,70b3d57ed00778cc,17161
device_uplink,1789034179000000000,70b3d57ed00778cc,17162
device_uplink,1789034195000000000,70b3d57ed00778cc,17163
device_uplink,1789034213000000000,70b3d57ed00778cc,17164
device_uplink,1789034229000000000,70b3d57ed00778cc,17165
device_uplink,1789034261000000000,70b3d57ed00778cc,17167
device_uplink,1789034277000000000,70b3d57ed00778cc,17168
device_uplink,1789034293000000000,70b3d57ed00778cc,17169
device_uplink,1789034309000000000,70b3d57ed00778cc,17170
device_uplink,1789034327000000000,70b3d57ed00778cc,17171
device_uplink,1789034343000000000,70b3d57ed00778cc,17172
device_uplink,1789034359000000000,70b3d57ed00778cc,17173
device_uplink,1789034375000000000,70b3d57ed00778cc,17174
device_uplink,1789034391000000000,70b3d57ed00778cc,17175
device_uplink,1789034407000000000,70b3d57ed00778cc,17176
device_uplink,1789034423000000000,70b3d57ed00778cc,17177
device_uplink,1789034439000000000,70b3d57ed00778cc,17178
device_uplink,1789034457000000000,70b3d57ed00778cc,17179
device_uplink,1789034473000000000,70b3d57ed00778cc,17180
device_uplink,1789034489000000000,70b3d57ed00778cc,17181
device_uplink,1789034505000000000,70b3d57ed00778cc,17182
device_uplink,1789034521000000000,70b3d57ed00778cc,17183
device_uplink,1789034537000000000,70b3d57ed00778cc,17184
device_uplink,1789034553000000000,70b3d57ed00778cc,17185
device_uplink,1789034571000000000,70b3d57ed00778cc,17186
device_uplink,1789034587000000000,70b3d57ed00778cc,17187
device_uplink,1789034603000000000,70b3d57ed00778cc,17188
device_uplink,1789034619000000000,70b3d57ed00778cc,17189
device_uplink,1789034635000000000,70b3d57ed00778cc,17190
device_uplink,1789034651000000000,70b3d57ed00778cc,17191
device_uplink,1789034667000000000,70b3d57ed00778cc,17192
device_uplink,1789034683000000000,70b3d57ed00778cc,17193
device_uplink,1789034701000000000,70b3d57ed00778cc,17194
device_uplink,1789034717000000000,70b3d57ed00778cc,17195
device_uplink,1789034733000000000,70b3d57ed00778cc,17196
device_uplink,1789034749000000000,70b3d57ed00778cc,17197
device_uplink,1789034765000000000,70b3d57ed00778cc,17198
device_uplink,1789034781000000000,70b3d57ed00778cc,17199
device_uplink,1789034797000000000,70b3d57ed00778cc,17200
device_uplink,1789034815000000000,70b3d57ed00778cc,17201
device_uplink,1789034831000000000,70b3d57ed00778cc,17202
device_uplink,1789034847000000000,70b3d57ed00778cc,17203
device_uplink,1789034863000000000,70b3d57ed00778cc,17204
device_uplink,1789034879000000000,70b3d57ed00778cc,17205
device_uplink,1789034895000000000,70b3d57ed00778cc,17206
device_uplink,1789034911000000000,70b3d57ed00778cc,17207
device_uplink,1789034927000000000,70b3d57ed00778cc,17208
device_uplink,1789034945000000000,70b3d57ed00778cc,17209
device_uplink,1789034961000000000,70b3d57ed00778cc,17210
device_uplink,1789034977000000000,70b3d57ed00778cc,17211
device_uplink,1789034993000000000,70b3d57ed00778cc,17212
device_uplink,1789035009000000000,70b3d57ed00778cc,17213
device_uplink,1789035025000000000,70b3d57ed00778cc,17214
device_uplink,1789035041000000000,70b3d57ed00778cc,17215
device_uplink,1789035057000000000,70b3d57ed00778cc,17216
device_uplink,1789035075000000000,70b3d57ed00778cc,17217
device_uplink,1789035091000000000,70b3d57ed00778cc,17218
device_uplink,1789035107000000000,70b3d57ed00778cc,17219
device_uplink,1789035123000000000,70b3d57ed00778cc,17220
device_uplink,1789035139000000000,70b3d57ed00778cc,17221
device_uplink,1789035155000000000,70b3d57ed00778cc,17222
device_uplink,1789035171000000000,70b3d57ed00778cc,17223
device_uplink,1789035189000000000,70b3d57ed00778cc,17224
device_uplink,1789035205000000000,70b3d57ed00778cc,17225
device_uplink,1789035221000000000,70b3d57ed00778cc,17226
device_uplink,1789035237000000000,70b3d57ed00778cc,17227
device_uplink,1789035253000000000,70b3d57ed00778cc,17228
device_uplink,1789035269000000000,70b3d57ed00778cc,17229
device_uplink,1789035285000000000,70b3d57ed00778cc,17230
device_uplink,1789035301000000000,70b3d57ed00778cc,17231
device_uplink,1789035319000000000,70b3d57ed00778cc,17232
device_uplink,1789035335000000000,70b3d57ed00778cc,17233
device_uplink,1789035351000000000,70b3d57ed00778cc,17234
device_uplink,1789035367000000000,70b3d57ed00778cc,17235
device_uplink,1789035383000000000,70b3d57ed00778cc,17236
device_uplink,1789035399000000000,70b3d57ed00778cc,17237
device_uplink,1789035415000000000,70b3d57ed00778cc,17238
device_uplink,1789035433000000000,70b3d57ed00778cc,17239
device_uplink,1789035449000000000,70b3d57ed00778cc,17240
device_uplink,1789035465000000000,70b3d57ed00778cc,17241
device_uplink,1789035481000000000,70b3d57ed00778cc,17242
device_uplink,1789035497000000000,70b3d57ed00778cc,17243
device_uplink,1789035513000000000,70b3d57ed00778cc,17244
device_uplink,1789035529000000000,70b3d57ed00778cc,17245
device_uplink,1789035545000000000,70b3d57ed00778cc,17246
device_uplink,1789035563000000000,70b3d57ed00778cc,17247
device_uplink,1789035579000000000,70b3d57ed00778cc,17248
device_uplink,1789035595000000000,70b3d57ed00778cc,17249
device_uplink,1789035611000000000,70b3d57ed00778cc,17250
device_uplink,1789035627000000000,70b3d57ed00778cc,17251
device_uplink,1789035643000000000,70b3d57ed00778cc,17252
device_uplink,1789035659000000000,70b3d57ed00778cc,17253
device_uplink,1789035675000000000,70b3d57ed00778cc,17254
device_uplink,1789035693000000000,70b3d57ed00778cc,17255
device_uplink,1789035709000000000,70b3d57ed00778cc,17256
device_uplink,1789035725000000000,70b3d57ed00778cc,17257
device_uplink,1789035741000000000,70b3d57ed00778cc,17258
device_uplink,1789035757000000000,70b3d57ed00778cc,17259
device_uplink,1789035773000000000,70b3d57ed00778cc,17260
device_uplink,1789035791000000000,70b3d57ed00778cc,17261
device_uplink,1789035807000000000,70b3d57ed00778cc,17262
device_uplink,1789035823000000000,70b3d57ed00778cc,17263
device_uplink,1789035839000000000,70b3d57ed00778cc,17264
device_uplink,1789035855000000000,70b3d57ed00778cc,17265
device_uplink,1789035871000000000,70b3d57ed00778cc,17266
device_uplink,1789035887000000000,70b3d57ed00778cc,17267
device_uplink,1789035903000000000,70b3d57ed00778cc,17268
device_uplink,1789035921000000000,70b3d57ed00778cc,17269
device_uplink,1789035937000000000,70b3d57ed00778cc,17270
device_uplink,1789035953000000000,70b3d57ed00778cc,17271
device_uplink,1789035969000000000,70b3d57ed00778cc,17272
device_uplink,1789035985000000000,70b3d57ed00778cc,17273
device_uplink,1789036001000000000,70b3d57ed00778cc,17274
device_uplink,1789036017000000000,70b3d57ed00778cc,17275
device_uplink,1789036033000000000,70b3d57ed00778cc,17276
device_uplink,1789036051000000000,70b3d57ed00778cc,17277
device_uplink,1789036067000000000,70b3d57ed00778cc,17278
device_uplink,1789036083000000000,70b3d57ed00778cc,17279
device_uplink,1789036099000000000,70b3d57ed00778cc,17280
device_uplink,1789036115000000000,70b3d57ed00778cc,17281
device_uplink,1789036131000000000,70b3d57ed00778cc,17282
device_uplink,1789036149000000000,70b3d57ed00778cc,17283
device_uplink,1789036165000000000,70b3d57ed00778cc,17284
device_uplink,1789036181000000000,70b3d57ed00778cc,17285
device_uplink,1789036197000000000,70b3d57ed00778cc,17286
device_uplink,1789036213000000000,70b3d57ed00778cc,17287
device_uplink,1789036229000000000,70b3d57ed00778cc,17288
device_uplink,1789036247000000000,70b3d57ed00778cc,17289
device_uplink,1789036263000000000,70b3d57ed00778cc,17290
device_uplink,1789036279000000000,70b3d57ed00778cc,17291
device_uplink,1789036295000000000,70b3d57ed00778cc,17292
device_uplink,1789036311000000000,70b3d57ed00778cc,17293
device_uplink,1789036327000000000,70b3d57ed00778cc,17294
device_uplink,1789036343000000000,70b3d57ed00778cc,17295
device_uplink,1789036359000000000,70b3d57ed00778cc,17296
device_uplink,1789036375000000000,70b3d57ed00778cc,17297
device_uplink,1789036393000000000,70b3d57ed00778cc,17298
device_uplink,1789036409000000000,70b3d57ed00778cc,17299
device_uplink,1789036425000000000,70b3d57ed00778cc,17300
device_uplink,1789036441000000000,70b3d57ed00778cc,17301
device_uplink,1789036457000000000,70b3d57ed00778cc,17302
device_uplink,1789036473000000000,70b3d57ed00778cc,17303
device_uplink,1789036489000000000,70b3d57ed00778cc,17304
device_uplink,1789036507000000000,70b3d57ed00778cc,17305
device_uplink,1789036523000000000,70b3d57ed00778cc,17306
device_uplink,1789036539000000000,70b3d57ed00778cc,17307
device_uplink,1789036555000000000,70b3d57ed00778cc,17308
device_uplink,1789036571000000000,70b3d57ed00778cc,17309
device_uplink,1789036587000000000,70b3d57ed00778cc,17310
device_uplink,1789036603000000000,70b3d57ed00778cc,17311
device_uplink,1789036619000000000,70b3d57ed00778cc,17312
device_uplink,1789036637000000000,70b3d57ed00778cc,17313
device_uplink,1789036653000000000,70b3d57ed00778cc,17314
device_uplink,1789036669000000000,70b3d57ed00778cc,17315
device_uplink,1789036685000000000,70b3d57ed00778cc,17316
device_uplink,1789036701000000000,70b3d57ed00778cc,17317
device_uplink,1789036717000000000,70b3d57ed00778cc,17318
device_uplink,1789036733000000000,70b3d57ed00778cc,17319
device_uplink,1789036751000000000,70b3d57ed00778cc,17320
device_uplink,1789036767000000000,70b3d57ed00778cc,17321
device_uplink,1789036783000000000,70b3d57ed00778cc,17322
device_uplink,1789036799000000000,70b3d57ed00778cc,17323
device_uplink,1789036815000000000,70b3d57ed00778cc,17324
device_uplink,1789036831000000000,70b3d57ed00778cc,17325
device_uplink,1789036847000000000,70b3d57ed00778cc,17326
device_uplink,1789036865000000000,70b3d57ed00778cc,17327
device_uplink,1789036881000000000,70b3d57ed00778cc,17328
device_uplink,1789036897000000000,70b3d57ed00778cc,17329
device_uplink,1789036913000000000,70b3d57ed00778cc,17330
device_uplink,1789036929000000000,70b3d57ed00778cc,17331
device_uplink,1789036945000000000,70b3d57ed00778cc,17332
device_uplink,1789036961000000000,70b3d57ed00778cc,17333
device_uplink,1789036977000000000,70b3d57ed00778cc,17334
device_uplink,1789036995000000000,70b3d57ed00778cc,17335
device_uplink,1789037011000000000,70b3d57ed00778cc,17336
device_uplink,1789037027000000000,70b3d57ed00778cc,17337
device_uplink,1789037043000000000,70b3d57ed00778cc,17338
device_uplink,1789037059000000000,70b3d57ed00778cc,17339
device_uplink,1789037075000000000,70b3d57ed00778cc,17340
device_uplink,1789037091000000000,70b3d57ed00778cc,17341
device_uplink,1789037109000000000,70b3d57ed00778cc,17342
device_uplink,1789037125000000000,70b3d57ed00778cc,17343
device_uplink,1789037141000000000,70b3d57ed00778cc,17344
device_uplink,1789037157000000000,70b3d57ed00778cc,17345
device_uplink,1789037173000000000,70b3d57ed00778cc,17346
device_uplink,1789037189000000000,70b3d57ed00778cc,17347
device_uplink,1789037205000000000,70b3d57ed00778cc,17348
device_uplink,1789037223000000000,70b3d57ed00778cc,17349
device_uplink,1789037239000000000,70b3d57ed00778cc,17350
device_uplink,1789037255000000000,70b3d57ed00778cc,17351
device_uplink,1789037271000000000,70b3d57ed00778cc,17352
device_uplink,1789037287000000000,70b3d57ed00778cc,17353
device_uplink,1789037303000000000,70b3d57ed00778cc,17354
device_uplink,1789037319000000000,70b3d57ed00778cc,17355
device_uplink,1789037335000000000,70b3d57ed00778cc,17356
device_uplink,1789037353000000000,70b3d57ed00778cc,17357
device_uplink,1789037369000000000,70b3d57ed00778cc,17358
device_uplink,1789037385000000000,70b3d57ed00778cc,17359
device_uplink,1789037401000000000,70b3d57ed00778cc,17360
device_uplink,1789037417000000000,70b3d57ed00778cc,17361
device_uplink,1789037433000000000,70b3d57ed00778cc,17362
device_uplink,1789037451000000000,70b3d57ed00778cc,17363
device_uplink,1789037467000000000,70b3d57ed00778cc,17364
device_uplink,1789037483000000000,70b3d57ed00778cc,17365
device_uplink,1789037499000000000,70b3d57ed00778cc,17366
device_uplink,1789037515000000000,70b3d57ed00778cc,17367
device_uplink,1789037531000000000,70b3d57ed00778cc,17368
device_uplink,1789037547000000000,70b3d57ed00778cc,17369
device_uplink,1789037563000000000,70b3d57ed00778cc,17370
device_uplink,1789037581000000000,70b3d57ed00778cc,17371
device_uplink,1789037597000000000,70b3d57ed00778cc,17372
device_uplink,1789037613000000000,70b3d57ed00778cc,17373
device_uplink,1789037629000000000,70b3d57ed00778cc,17374
device_uplink,1789037645000000000,70b3d57ed00778cc,17375
device_uplink,1789037661000000000,70b3d57ed00778cc,17376
device_uplink,1789037677000000000,70b3d57ed00778cc,17377
device_uplink,1789037695000000000,70b3d57ed00778cc,17378
device_uplink,1789037711000000000,70b3d57ed00778cc,17379
device_uplink,1789037727000000000,70b3d57ed00778cc,17380
device_uplink,1789037743000000000,70b3d57ed00778cc,17381
device_uplink,1789037759000000000,70b3d57ed00778cc,17382
device_uplink,1789037775000000000,70b3d57ed00778cc,17383
device_uplink,1789037793000000000,70b3d57ed00778cc,17384
device_uplink,1789037809000000000,70b3d57ed00778cc,17385
device_uplink,1789037825000000000,70b3d57ed00778cc,17386
device_uplink,1789037841000000000,70b3d57ed00778cc,17387
device_uplink,1789037857000000000,70b3d57ed00778cc,17388
device_uplink,1789037873000000000,70b3d57ed00778cc,17389
device_uplink,1789037889000000000,70b3d57ed00778cc,17390
device_uplink,1789037907000000000,70b3d57ed00778cc,17391
device_uplink,1789037923000000000,70b3d57ed00778cc,17392
device_uplink,1789037939000000000,70b3d57ed00778cc,17393
device_uplink,1789037955000000000,70b3d57ed00778cc,17394
device_uplink,1789037971000000000,70b3d57ed00778cc,17395
device_uplink,1789037987000000000,70b3d57ed00778cc,17396
device_uplink,1789038003000000000,70b3d57ed00778cc,17397
device_uplink,1789038021000000000,70b3d57ed00778cc,17398
device_uplink,1789038037000000000,70b3d57ed00778cc,17399
device_uplink,1789038053000000000,70b3d57ed00778cc,17400
device_uplink,1789038069000000000,70b3d57ed00778cc,17401
device_uplink,1789038085000000000,70b3d57ed00778cc,17402
device_uplink,1789038101000000000,70b3d57ed00778cc,17403
device_uplink,1789038119000000000,70b3d57ed00778cc,17404
device_uplink,1789038135000000000,70b3d57ed00778cc,17405
device_uplink,1789038151000000000,70b3d57ed00778cc,17406
device_uplink,1789038167000000000,70b3d57ed00778cc,17407
device_uplink,1789038183000000000,70b3d57ed00778cc,17408
device_uplink,1789038199000000000,70b3d57ed00778cc,17409
device_uplink,1789038217000000000,70b3d57ed00778cc,17410
device_uplink,1789038233000000000,70b3d57ed00778cc,17411
device_uplink,1789038249000000000,70b3d57ed00778cc,17412
device_uplink,1789038265000000000,70b3d57ed00778cc,17413
device_uplink,1789038281000000000,70b3d57ed00778cc,17414
device_uplink,1789038297000000000,70b3d57ed00778cc,17415
device_uplink,1789038313000000000,70b3d57ed00778cc,17416
device_uplink,1789038329000000000,70b3d57ed00778cc,17417
device_uplink,1789038347000000000,70b3d57ed00778cc,17418
device_uplink,1789038363000000000,70b3d57ed00778cc,17419
device_uplink,1789038379000000000,70b3d57ed00778cc,17420
device_uplink,1789038395000000000,70b3d57ed00778cc,17421
device_uplink,1789038411000000000,70b3d57ed00778cc,17422
device_uplink,1789038427000000000,70b3d57ed00778cc,17423
device_uplink,1789038443000000000,70b3d57ed00778cc,17424
device_uplink,1789038459000000000,70b3d57ed00778cc,17425
device_uplink,1789038477000000000,70b3d57ed00778cc,17426
device_uplink,1789038493000000000,70b3d57ed00778cc,17427
device_uplink,1789038509000000000,70b3d57ed00778cc,17428
device_uplink,1789038525000000000,70b3d57ed00778cc,17429
device_uplink,1789038541000000000,70b3d57ed00778cc,17430
device_uplink,1789038557000000000,70b3d57ed00778cc,17431
device_uplink,1789038573000000000,70b3d57ed00778cc,17432
device_uplink,1789038589000000000,70b3d57ed00778cc,17433
device_uplink,1789038607000000000,70b3d57ed00778cc,17434
device_uplink,1789038623000000000,70b3d57ed00778cc,17435
device_uplink,1789038639000000000,70b3d57ed00778cc,17436
device_uplink,1789038655000000000,70b3d57ed00778cc,17437
device_uplink,1789038671000000000,70b3d57ed00778cc,17438
device_uplink,1789038687000000000,70b3d57ed00778cc,17439
device_uplink,1789038703000000000,70b3d57ed00778cc,17440
device_uplink,1789038719000000000,70b3d57ed00778cc,17441
device_uplink,1789038735000000000,70b3d57ed00778cc,17442
device_uplink,1789038751000000000,70b3d57ed00778cc,17443
device_uplink,1789038769000000000,70b3d57ed00778cc,17444
device_uplink,1789038785000000000,70b3d57ed00778cc,17445
device_uplink,1789038801000000000,70b3d57ed00778cc,17446
device_uplink,1789038817000000000,70b3d57ed00778cc,17447
device_uplink,1789038833000000000,70b3d57ed00778cc,17448
device_uplink,1789038849000000000,70b3d57ed00778cc,17449
device_uplink,1789038865000000000,70b3d57ed00778cc,17450
device_uplink,1789038883000000000,70b3d57ed00778cc,17451
device_uplink,1789038899000000000,70b3d57ed00778cc,17452
device_uplink,1789038915000000000,70b3d57ed00778cc,17453
device_uplink,1789038931000000000,70b3d57ed00778cc,17454
device_uplink,1789038947000000000,70b3d57ed00778cc,17455
device_uplink,1789038963000000000,70b3d57ed00778cc,17456
device_uplink,1789038979000000000,70b3d57ed00778cc,17457
device_uplink,1789038997000000000,70b3d57ed00778cc,17458
device_uplink,1789039013000000000,70b3d57ed00778cc,17459
device_uplink,1789039029000000000,70b3d57ed00778cc,17460
device_uplink,1789039045000000000,70b3d57ed00778cc,17461
device_uplink,1789039061000000000,70b3d57ed00778cc,17462
device_uplink,1789039077000000000,70b3d57ed00778cc,17463
device_uplink,1789039093000000000,70b3d57ed00778cc,17464
device_uplink,1789039109000000000,70b3d57ed00778cc,17465
device_uplink,1789039127000000000,70b3d57ed00778cc,17466
device_uplink,1789039143000000000,70b3d57ed00778cc,17467
device_uplink,1789039159000000000,70b3d57ed00778cc,17468
device_uplink,1789039175000000000,70b3d57ed00778cc,17469
device_uplink,1789039191000000000,70b3d57ed00778cc,17470
device_uplink,1789039207000000000,70b3d57ed00778cc,17471
device_uplink,1789039223000000000,70b3d57ed00778cc,17472
device_uplink,1789039239000000000,70b3d57ed00778cc,17473
device_uplink,1789039257000000000,70b3d57ed00778cc,17474
device_uplink,1789039273000000000,70b3d57ed00778cc,17475
device_uplink,1789039289000000000,70b3d57ed00778cc,17476
device_uplink,1789039305000000000,70b3d57ed00778cc,17477
device_uplink,1789039321000000000,70b3d57ed00778cc,17478
device_uplink,1789039337000000000,70b3d57ed00778cc,17479
device_uplink,1789039353000000000,70b3d57ed00778cc,17480
device_uplink,1789039369000000000,70b3d57ed00778cc,17481
device_uplink,1789039387000000000,70b3d57ed00778cc,17482
device_uplink,1789039403000000000,70b3d57ed00778cc,17483
device_uplink,1789039419000000000,70b3d57ed00778cc,17484
device_uplink,1789039435000000000,70b3d57ed00778cc,17485
device_uplink,1789039451000000000,70b3d57ed00778cc,17486
device_uplink,1789039467000000000,70b3d57ed00778cc,17487
device_uplink,1789039483000000000,70b3d57ed00778cc,17488
device_uplink,1789039499000000000,70b3d57ed00778cc,17489
device_uplink,1789039517000000000,70b3d57ed00778cc,17490
device_uplink,1789039533000000000,70b3d57ed00778cc,17491
device_uplink,1789039549000000000,70b3d57ed00778cc,17492
device_uplink,1789039565000000000,70b3d57ed00778cc,17493
device_uplink,1789039581000000000,70b3d57ed00778cc,17494
device_uplink,1789039597000000000,70b3d57ed00778cc,17495
device_uplink,1789039613000000000,70b3d57ed00778cc,17496
device_uplink,1789039629000000000,70b3d57ed00778cc,17497
device_uplink,1789039647000000000,70b3d57ed00778cc,17498
device_uplink,1789039663000000000,70b3d57ed00778cc,17499
device_uplink,1789039679000000000,70b3d57ed00778cc,17500
device_uplink,1789039695000000000,70b3d57ed00778cc,17501
device_uplink,1789039711000000000,70b3d57ed00778cc,17502
device_uplink,1789039727000000000,70b3d57ed00778cc,17503
device_uplink,1789039743000000000,70b3d57ed00778cc,17504
device_uplink,1789039759000000000,70b3d57ed00778cc,17505
device_uplink,1789039777000000000,70b3d57ed00778cc,17506
device_uplink,1789039793000000000,70b3d57ed00778cc,17507
device_uplink,1789039809000000000,70b3d57ed00778cc,17508
device_uplink,1789039825000000000,70b3d57ed00778cc,17509
device_uplink,1789039841000000000,70b3d57ed00778cc,17510
device_uplink,1789039857000000000,70b3d57ed00778cc,17511
device_uplink,1789039873000000000,70b3d57ed00778cc,17512
device_uplink,1789039889000000000,70b3d57ed00778cc,17513
device_uplink,1789039907000000000,70b3d57ed00778cc,17514
device_uplink,1789039923000000000,70b3d57ed00778cc,17515
device_uplink,1789039939000000000,70b3d57ed00778cc,17516
device_uplink,1789039955000000000,70b3d57ed00778cc,17517
device_uplink,1789039971000000000,70b3d57ed00778cc,17518
device_uplink,1789039987000000000,70b3d57ed00778cc,17519
device_uplink,1789040003000000000,70b3d57ed00778cc,17520
device_uplink,1789040019000000000,70b3d57ed00778cc,17521
device_uplink,1789040037000000000,70b3d57ed00778cc,17522
device_uplink,1789040053000000000,70b3d57ed00778cc,17523
device_uplink,1789040069000000000,70b3d57ed00778cc,17524
device_uplink,1789040085000000000,70b3d57ed00778cc,17525
device_uplink,1789040101000000000,70b3d57ed00778cc,17526
device_uplink,1789040117000000000,70b3d57ed00778cc,17527
device_uplink,1789040133000000000,70b3d57ed00778cc,17528
device_uplink,1789040149000000000,70b3d57ed00778cc,17529
device_uplink,1789040167000000000,70b3d57ed00778cc,17530
device_uplink,1789040183000000000,70b3d57ed00778cc,17531
device_uplink,1789040199000000000,70b3d57ed00778cc,17532
device_uplink,1789040215000000000,70b3d57ed00778cc,17533
device_uplink,1789040231000000000,70b3d57ed00778cc,17534
device_uplink,1789040247000000000,70b3d57ed00778cc,17535
device_uplink,1789040263000000000,70b3d57ed00778cc,17536
device_uplink,1789040279000000000,70b3d57ed00778cc,17537
device_uplink,1789040297000000000,70b3d57ed00778cc,17538
device_uplink,1789040313000000000,70b3d57ed00778cc,17539
device_uplink,1789040329000000000,70b3d57ed00778cc,17540
device_uplink,1789040345000000000,70b3d57ed00778cc,17541
device_uplink,1789040361000000000,70b3d57ed00778cc,17542
device_uplink,1789040377000000000,70b3d57ed00778cc,17543
device_uplink,1789040393000000000,70b3d57ed00778cc,17544
device_uplink,1789040409000000000,70b3d57ed00778cc,17545
device_uplink,1789040443000000000,70b3d57ed00778cc,17547
device_uplink,1789040459000000000,70b3d57ed00778cc,17548
device_uplink,1789040475000000000,70b3d57ed00778cc,17549
device_uplink,1789040491000000000,70b3d57ed00778cc,17550
device_uplink,1789040507000000000,70b3d57ed00778cc,17551
device_uplink,1789040523000000000,70b3d57ed00778cc,17552
device_uplink,1789040541000000000,70b3d57ed00778cc,17553
device_uplink,1789040557000000000,70b3d57ed00778cc,17554
device_uplink,1789040573000000000,70b3d57ed00778cc,17555
device_uplink,1789040589000000000,70b3d57ed00778cc,17556
device_uplink,1789040605000000000,70b3d57ed00778cc,17557
device_uplink,1789040621000000000,70b3d57ed00778cc,17558
device_uplink,1789040637000000000,70b3d57ed00778cc,17559
device_uplink,1789040653000000000,70b3d57ed00778cc,17560
device_uplink,1789040671000000000,70b3d57ed00778cc,17561
device_uplink,1789040687000000000,70b3d57ed00778cc,17562
device_uplink,1789040703000000000,70b3d57ed00778cc,17563
device_uplink,1789040719000000000,70b3d57ed00778cc,17564
device_uplink,1789040735000000000,70b3d57ed00778cc,17565
device_uplink,1789040751000000000,70b3d57ed00778cc,17566
device_uplink,1789040767000000000,70b3d57ed00778cc,17567
device_uplink,1789040785000000000,70b3d57ed00778cc,17568
device_uplink,1789040801000000000,70b3d57ed00778cc,17569
device_uplink,1789040817000000000,70b3d57ed00778cc,17570
device_uplink,1789040833000000000,70b3d57ed00778cc,17571
device_uplink,1789040849000000000,70b3d57ed00778cc,17572
device_uplink,1789040865000000000,70b3d57ed00778cc,17573
device_uplink,1789040881000000000,70b3d57ed00778cc,17574
device_uplink,1789040897000000000,70b3d57ed00778cc,17575
device_uplink,1789040915000000000,70b3d57ed00778cc,17576
device_uplink,1789040931000000000,70b3d57ed00778cc,17577
device_uplink,1789040947000000000,70b3d57ed00778cc,17578
device_uplink,1789040963000000000,70b3d57ed00778cc,17579
device_uplink,1789040979000000000,70b3d57ed00778cc,17580
device_uplink,1789040995000000000,70b3d57ed00778cc,17581
device_uplink,1789041011000000000,70b3d57ed00778cc,17582
device_uplink,1789041027000000000,70b3d57ed00778cc,17583
device_uplink,1789041045000000000,70b3d57ed00778cc,17584
device_uplink,1789041061000000000,70b3d57ed00778cc,17585
device_uplink,1789041077000000000,70b3d57ed00778cc,17586
device_uplink,1789041093000000000,70b3d57ed00778cc,17587
device_uplink,1789041109000000000,70b3d57ed00778cc,17588
device_uplink,1789041125000000000,70b3d57ed00778cc,17589
device_uplink,1789041141000000000,70b3d57ed00778cc,17590
device_uplink,1789041157000000000,70b3d57ed00778cc,17591
device_uplink,1789041175000000000,70b3d57ed00778cc,17592
device_uplink,1789041191000000000,70b3d57ed00778cc,17593
device_uplink,1789041207000000000,70b3d57ed00778cc,17594
device_uplink,1789041223000000000,70b3d57ed00778cc,17595
device_uplink,1789041239000000000,70b3d57ed00778cc,17596
device_uplink,1789041255000000000,70b3d57ed00778cc,17597
device_uplink,1789041271000000000,70b3d57ed00778cc,17598
device_uplink,1789041287000000000,70b3d57ed00778cc,17599
device_uplink,1789041305000000000,70b3d57ed00778cc,17600
device_uplink,1789041321000000000,70b3d57ed00778cc,17601
device_uplink,1789041337000000000,70b3d57ed00778cc,17602
device_uplink,1789041353000000000,70b3d57ed00778cc,17603
device_uplink,1789041369000000000,70b3d57ed00778cc,17604
device_uplink,1789041385000000000,70b3d57ed00778cc,17605
device_uplink,1789041401000000000,70b3d57ed00778cc,17606
device_uplink,1789041417000000000,70b3d57ed00778cc,17607
device_uplink,1789041435000000000,70b3d57ed00778cc,17608
device_uplink,1789041451000000000,70b3d57ed00778cc,17609
device_uplink,1789041467000000000,70b3d57ed00778cc,17610
device_uplink,1789041483000000000,70b3d57ed00778cc,17611
device_uplink,1789041499000000000,70b3d57ed00778cc,17612
device_uplink,1789041515000000000,70b3d57ed00778cc,17613
device_uplink,1789041531000000000,70b3d57ed00778cc,17614
device_uplink,1789041547000000000,70b3d57ed00778cc,17615
device_uplink,1789041565000000000,70b3d57ed00778cc,17616
device_uplink,1789041581000000000,70b3d57ed00778cc,17617
device_uplink,1789041597000000000,70b3d57ed00778cc,17618
device_uplink,1789041613000000000,70b3d57ed00778cc,17619
device_uplink,1789041629000000000,70b3d57ed00778cc,17620
device_uplink,1789041645000000000,70b3d57ed00778cc,17621
device_uplink,1789041661000000000,70b3d57ed00778cc,17622
device_uplink,1789041677000000000,70b3d57ed00778cc,17623
device_uplink,1789041695000000000,70b3d57ed00778cc,17624
device_uplink,1789041711000000000,70b3d57ed00778cc,17625
device_uplink,1789041727000000000,70b3d57ed00778cc,17626
device_uplink,1789041743000000000,70b3d57ed00778cc,17627
device_uplink,1789041759000000000,70b3d57ed00778cc,17628
device_uplink,1789041775000000000,70b3d57ed00778cc,17629
device_uplink,1789041791000000000,70b3d57ed00778cc,17630
device_uplink,1789041807000000000,70b3d57ed00778cc,17631
device_uplink,1789041825000000000,70b3d57ed00778cc,17632
device_uplink,1789041841000000000,70b3d57ed00778cc,17633
device_uplink,1789041857000000000,70b3d57ed00778cc,17634
device_uplink,1789041873000000000,70b3d57ed00778cc,17635
device_uplink,1789041889000000000,70b3d57ed00778cc,17636
device_uplink,1789041905000000000,70b3d57ed00778cc,17637
device_uplink,1789041921000000000,70b3d57ed00778cc,17638
device_uplink,1789041937000000000,70b3d57ed00778cc,17639
device_uplink,1789041955000000000,70b3d57ed00778cc,17640
device_uplink,1789041971000000000,70b3d57ed00778cc,17641
device_uplink,1789041987000000000,70b3d57ed00778cc,17642
device_uplink,1789042003000000000,70b3d57ed00778cc,17643
device_uplink,1789042019000000000,70b3d57ed00778cc,17644
device_uplink,1789042035000000000,70b3d57ed00778cc,17645
device_uplink,1789042051000000000,70b3d57ed00778cc,17646
device_uplink,1789042067000000000,70b3d57ed00778cc,17647
device_uplink,1789042085000000000,70b3d57ed00778cc,17648
device_uplink,1789042101000000000,70b3d57ed00778cc,17649
device_uplink,1789042117000000000,70b3d57ed00778cc,17650
device_uplink,1789042133000000000,70b3d57ed00778cc,17651
device_uplink,1789042149000000000,70b3d57ed00778cc,17652
device_uplink,1789042165000000000,70b3d57ed00778cc,17653
device_uplink,1789042181000000000,70b3d57ed00778cc,17654
device_uplink,1789042197000000000,70b3d57ed00778cc,17655
device_uplink,1789042213000000000,70b3d57ed00778cc,17656
device_uplink,1789042231000000000,70b3d57ed00778cc,17657
device_uplink,1789042247000000000,70b3d57ed00778cc,17658
device_uplink,1789042263000000000,70b3d57ed00778cc,17659
device_uplink,1789042279000000000,70b3d57ed00778cc,17660
device_uplink,1789042295000000000,70b3d57ed00778cc,17661
device_uplink,1789042311000000000,70b3d57ed00778cc,17662
device_uplink,1789042327000000000,70b3d57ed00778cc,17663
device_uplink,1789042343000000000,70b3d57ed00778cc,17664
device_uplink,1789042361000000000,70b3d57ed00778cc,17665
device_uplink,1789042377000000000,70b3d57ed00778cc,17666
device_uplink,1789042393000000000,70b3d57ed00778cc,17667
device_uplink,1789042409000000000,70b3d57ed00778cc,17668
device_uplink,1789042425000000000,70b3d57ed00778cc,17669
device_uplink,1789042441000000000,70b3d57ed00778cc,17670
device_uplink,1789042457000000000,70b3d57ed00778cc,17671
device_uplink,1789042473000000000,70b3d57ed00778cc,17672
device_uplink,1789042489000000000,70b3d57ed00778cc,17673
device_uplink,1789042507000000000,70b3d57ed00778cc,17674
device_uplink,1789042523000000000,70b3d57ed00778cc,17675
device_uplink,1789042539000000000,70b3d57ed00778cc,17676
device_uplink,1789042555000000000,70b3d57ed00778cc,17677
device_uplink,1789042571000000000,70b3d57ed00778cc,17678
device_uplink,1789042587000000000,70b3d57ed00778cc,17679
device_uplink,1789042603000000000,70b3d57ed00778cc,17680
device_uplink,1789042619000000000,70b3d57ed00778cc,17681
device_uplink,1789042637000000000,70b3d57ed00778cc,17682
device_uplink,1789042653000000000,70b3d57ed00778cc,17683
device_uplink,1789042669000000000,70b3d57ed00778cc,17684
device_uplink,1789042685000000000,70b3d57ed00778cc,17685
device_uplink,1789042701000000000,70b3d57ed00778cc,17686
device_uplink,1789042717000000000,70b3d57ed00778cc,17687
device_uplink,1789042733000000000,70b3d57ed00778cc,17688
device_uplink,1789042749000000000,70b3d57ed00778cc,17689
device_uplink,1789042767000000000,70b3d57ed00778cc,17690
device_uplink,1789042783000000000,70b3d57ed00778cc,17691
device_uplink,1789042799000000000,70b3d57ed00778cc,17692
device_uplink,1789042815000000000,70b3d57ed00778cc,17693
device_uplink,1789042831000000000,70b3d57ed00778cc,17694
device_uplink,1789042847000000000,70b3d57ed00778cc,17695
device_uplink,1789042863000000000,70b3d57ed00778cc,17696
device_uplink,1789042879000000000,70b3d57ed00778cc,17697
device_uplink,1789042897000000000,70b3d57ed00778cc,17698
device_uplink,1789042913000000000,70b3d57ed00778cc,17699
device_uplink,1789042929000000000,70b3d57ed00778cc,17700
device_uplink,1789042945000000000,70b3d57ed00778cc,17701
device_uplink,1789042961000000000,70b3d57ed00778cc,17702
device_uplink,1789042977000000000,70b3d57ed00778cc,17703
device_uplink,1789042993000000000,70b3d57ed00778cc,17704
device_uplink,1789043009000000000,70b3d57ed00778cc,17705
device_uplink,1789043027000000000,70b3d57ed00778cc,17706
device_uplink,1789043043000000000,70b3d57ed00778cc,17707
device_uplink,1789043059000000000,70b3d57ed00778cc,17708
device_uplink,1789043075000000000,70b3d57ed00778cc,17709
device_uplink,1789043091000000000,70b3d57ed00778cc,17710
device_uplink,1789043107000000000,70b3d57ed00778cc,17711
device_uplink,1789043123000000000,70b3d57ed00778cc,17712
device_uplink,1789043139000000000,70b3d57ed00778cc,17713
device_uplink,1789043157000000000,70b3d57ed00778cc,17714
device_uplink,1789043173000000000,70b3d57ed00778cc,17715
device_uplink,1789043189000000000,70b3d57ed00778cc,17716
device_uplink,1789043205000000000,70b3d57ed00778cc,17717
device_uplink,1789043221000000000,70b3d57ed00778cc,17718
device_uplink,1789043237000000000,70b3d57ed00778cc,17719
device_uplink,1789043253000000000,70b3d57ed00778cc,17720
device_uplink,1789043269000000000,70b3d57ed00778cc,17721
device_uplink,1789043287000000000,70b3d57ed00778cc,17722
device_uplink,1789043303000000000,70b3d57ed00778cc,17723
device_uplink,1789043319000000000,70b3d57ed00778cc,17724
device_uplink,1789043335000000000,70b3d57ed00778cc,17725
device_uplink,1789043351000000000,70b3d57ed00778cc,17726
device_uplink,1789043367000000000,70b3d57ed00778cc,17727
device_uplink,1789043383000000000,70b3d57ed00778cc,17728
device_uplink,1789043399000000000,70b3d57ed00778cc,17729
device_uplink,1789043417000000000,70b3d57ed00778cc,17730
device_uplink,1789043433000000000,70b3d57ed00778cc,17731
device_uplink,1789043449000000000,70b3d57ed00778cc,17732
device_uplink,1789043465000000000,70b3d57ed00778cc,17733
device_uplink,1789043481000000000,70b3d57ed00778cc,17734
device_uplink,1789043497000000000,70b3d57ed00778cc,17735
device_uplink,1789043513000000000,70b3d57ed00778cc,17736
device_uplink,1789043529000000000,70b3d57ed00778cc,17737
device_uplink,1789043545000000000,70b3d57ed00778cc,17738
device_uplink,1789043563000000000,70b3d57ed00778cc,17739
device_uplink,1789043579000000000,70b3d57ed00778cc,17740
device_uplink,1789043595000000000,70b3d57ed00778cc,17741
device_uplink,1789043611000000000,70b3d57ed00778cc,17742
device_uplink,1789043627000000000,70b3d57ed00778cc,17743
device_uplink,1789043643000000000,70b3d57ed00778cc,17744
device_uplink,1789043659000000000,70b3d57ed00778cc,17745
device_uplink,1789043675000000000,70b3d57ed00778cc,17746
device_uplink,1789043691000000000,70b3d57ed00778cc,17747
device_uplink,1789043709000000000,70b3d57ed00778cc,17748
device_uplink,1789043725000000000,70b3d57ed00778cc,17749
device_uplink,1789043741000000000,70b3d57ed00778cc,17750
device_uplink,1789043757000000000,70b3d57ed00778cc,17751
device_uplink,1789043773000000000,70b3d57ed00778cc,17752
device_uplink,1789043789000000000,70b3d57ed00778cc,17753
device_uplink,1789043805000000000,70b3d57ed00778cc,17754
device_uplink,1789043821000000000,70b3d57ed00778cc,17755
device_uplink,1789043839000000000,70b3d57ed00778cc,17756
device_uplink,1789043855000000000,70b3d57ed00778cc,17757
device_uplink,1789043871000000000,70b3d57ed00778cc,17758
device_uplink,1789043887000000000,70b3d57ed00778cc,17759
device_uplink,1789043903000000000,70b3d57ed00778cc,17760
device_uplink,1789043919000000000,70b3d57ed00778cc,17761
device_uplink,1789043935000000000,70b3d57ed00778cc,17762
device_uplink,1789043951000000000,70b3d57ed00778cc,17763
device_uplink,1789043969000000000,70b3d57ed00778cc,17764
device_uplink,1789043985000000000,70b3d57ed00778cc,17765
device_uplink,1789044001000000000,70b3d57ed00778cc,17766
device_uplink,1789044017000000000,70b3d57ed00778cc,17767
device_uplink,1789044033000000000,70b3d57ed00778cc,17768
device_uplink,1789044049000000000,70b3d57ed00778cc,17769
device_uplink,1789044065000000000,70b3d57ed00778cc,17770
device_uplink,1789044081000000000,70b3d57ed00778cc,17771
device_uplink,1789044097000000000,70b3d57ed00778cc,17772
device_uplink,1789044115000000000,70b3d57ed00778cc,17773
device_uplink,1789044131000000000,70b3d57ed00778cc,17774
device_uplink,1789044147000000000,70b3d57ed00778cc,17775
device_uplink,1789044163000000000,70b3d57ed00778cc,17776
device_uplink,1789044179000000000,70b3d57ed00778cc,17777
device_uplink,1789044195000000000,70b3d57ed00778cc,17778
device_uplink,1789044211000000000,70b3d57ed00778cc,17779
device_uplink,1789044227000000000,70b3d57ed00778cc,17780
device_uplink,1789044243000000000,70b3d57ed00778cc,17781
device_uplink,1789044261000000000,70b3d57ed00778cc,17782
device_uplink,1789044277000000000,70b3d57ed00778cc,17783
device_uplink,1789044293000000000,70b3d57ed00778cc,17784
device_uplink,1789044309000000000,70b3d57ed00778cc,17785
device_uplink,1789044325000000000,70b3d57ed00778cc,17786
device_uplink,1789044341000000000,70b3d57ed00778cc,17787
device_uplink,1789044359000000000,70b3d57ed00778cc,17788
device_uplink,1789044375000000000,70b3d57ed00778cc,17789
device_uplink,1789044391000000000,70b3d57ed00778cc,17790
device_uplink,1789044407000000000,70b3d57ed00778cc,17791
device_uplink,1789044423000000000,70b3d57ed00778cc,17792
device_uplink,1789044439000000000,70b3d57ed00778cc,17793
device_uplink,1789044455000000000,70b3d57ed00778cc,17794
device_uplink,1789044471000000000,70b3d57ed00778cc,17795
device_uplink,1789044489000000000,70b3d57ed00778cc,17796
device_uplink,1789044505000000000,70b3d57ed00778cc,17797
device_uplink,1789044521000000000,70b3d57ed00778cc,17798
device_uplink,1789044537000000000,70b3d57ed00778cc,17799
device_uplink,1789044553000000000,70b3d57ed00778cc,17800
device_uplink,1789044569000000000,70b3d57ed00778cc,17801
device_uplink,1789044585000000000,70b3d57ed00778cc,17802
device_uplink,1789044601000000000,70b3d57ed00778cc,17803
device_uplink,1789044619000000000,70b3d57ed00778cc,17804
device_uplink,1789044635000000000,70b3d57ed00778cc,17805
device_uplink,1789044651000000000,70b3d57ed00778cc,17806
device_uplink,1789044667000000000,70b3d57ed00778cc,17807
device_uplink,1789044683000000000,70b3d57ed00778cc,17808
device_uplink,1789044699000000000,70b3d57ed00778cc,17809
device_uplink,1789044715000000000,70b3d57ed00778cc,17810
device_uplink,1789044731000000000,70b3d57ed00778cc,17811
device_uplink,1789044749000000000,70b3d57ed00778cc,17812
device_uplink,1789044765000000000,70b3d57ed00778cc,17813
device_uplink,1789044781000000000,70b3d57ed00778cc,17814
device_uplink,1789044797000000000,70b3d57ed00778cc,17815
device_uplink,1789044813000000000,70b3d57ed00778cc,17816
device_uplink,1789044829000000000,70b3d57ed00778cc,17817
device_uplink,1789044845000000000,70b3d57ed00778cc,17818
device_uplink,1789044861000000000,70b3d57ed00778cc,17819
device_uplink,1789044879000000000,70b3d57ed00778cc,17820
device_uplink,1789044895000000000,70b3d57ed00778cc,17821
device_uplink,1789044911000000000,70b3d57ed00778cc,17822
device_uplink,1789044927000000000,70b3d57ed00778cc,17823
device_uplink,1789044943000000000,70b3d57ed00778cc,17824
device_uplink,1789044959000000000,70b3d57ed00778cc,17825
device_uplink,1789044975000000000,70b3d57ed00778cc,17826
device_uplink,1789044991000000000,70b3d57ed00778cc,17827
device_uplink,1789045009000000000,70b3d57ed00778cc,17828
device_uplink,1789045025000000000,70b3d57ed00778cc,17829
device_uplink,1789045041000000000,70b3d57ed00778cc,17830
device_uplink,1789045057000000000,70b3d57ed00778cc,17831
device_uplink,1789045073000000000,70b3d57ed00778cc,17832
device_uplink,1789045089000000000,70b3d57ed00778cc,17833
device_uplink,1789045105000000000,70b3d57ed00778cc,17834
device_uplink,1789045121000000000,70b3d57ed00778cc,17835
device_uplink,1789045139000000000,70b3d57ed00778cc,17836
device_uplink,1789045155000000000,70b3d57ed00778cc,17837
device_uplink,1789045171000000000,70b3d57ed00778cc,17838
device_uplink,1789045187000000000,70b3d57ed00778cc,17839
device_uplink,1789045203000000000,70b3d57ed00778cc,17840
device_uplink,1789045219000000000,70b3d57ed00778cc,17841
device_uplink,1789045235000000000,70b3d57ed00778cc,17842
device_uplink,1789045251000000000,70b3d57ed00778cc,17843
device_uplink,1789045269000000000,70b3d57ed00778cc,17844
device_uplink,1789045285000000000,70b3d57ed00778cc,17845
device_uplink,1789045301000000000,70b3d57ed00778cc,17846
device_uplink,1789045317000000000,70b3d57ed00778cc,17847
device_uplink,1789045333000000000,70b3d57ed00778cc,17848
device_uplink,1789045349000000000,70b3d57ed00778cc,17849
device_uplink,1789045365000000000,70b3d57ed00778cc,17850
device_uplink,1789045383000000000,70b3d57ed00778cc,17851
device_uplink,1789045399000000000,70b3d57ed00778cc,17852
device_uplink,1789045415000000000,70b3d57ed00778cc,17853
device_uplink,1789045431000000000,70b3d57ed00778cc,17854
device_uplink,1789045447000000000,70b3d57ed00778cc,17855
device_uplink,1789045463000000000,70b3d57ed00778cc,17856
device_uplink,1789045479000000000,70b3d57ed00778cc,17857
device_uplink,1789045495000000000,70b3d57ed00778cc,17858
device_uplink,1789045513000000000,70b3d57ed00778cc,17859
device_uplink,1789045529000000000,70b3d57ed00778cc,17860
device_uplink,1789045545000000000,70b3d57ed00778cc,17861
device_uplink,1789045561000000000,70b3d57ed00778cc,17862
device_uplink,1789045577000000000,70b3d57ed00778cc,17863
device_uplink,1789045593000000000,70b3d57ed00778cc,17864
device_uplink,1789045609000000000,70b3d57ed00778cc,17865
device_uplink,1789045625000000000,70b3d57ed00778cc,17866
device_uplink,1789045643000000000,70b3d57ed00778cc,17867
device_uplink,1789045659000000000,70b3d57ed00778cc,17868
device_uplink,1789045675000000000,70b3d57ed00778cc,17869
device_uplink,1789045691000000000,70b3d57ed00778cc,17870
device_uplink,1789045707000000000,70b3d57ed00778cc,17871
device_uplink,1789045723000000000,70b3d57ed00778cc,17872
device_uplink,1789045739000000000,70b3d57ed00778cc,17873
device_uplink,1789045757000000000,70b3d57ed00778cc,17874
device_uplink,1789045773000000000,70b3d57ed00778cc,17875
device_uplink,1789045789000000000,70b3d57ed00778cc,17876
device_uplink,1789045805000000000,70b3d57ed00778cc,17877
device_uplink,1789045821000000000,70b3d57ed00778cc,17878
device_uplink,1789045837000000000,70b3d57ed00778cc,17879
device_uplink,1789045853000000000,70b3d57ed00778cc,17880
device_uplink,1789045869000000000,70b3d57ed00778cc,17881
device_uplink,1789045887000000000,70b3d57ed00778cc,17882
device_uplink,1789045903000000000,70b3d57ed00778cc,17883
device_uplink,1789045919000000000,70b3d57ed00778cc,17884
device_uplink,1789045935000000000,70b3d57ed00778cc,17885
device_uplink,1789045951000000000,70b3d57ed00778cc,17886
device_uplink,1789045967000000000,70b3d57ed00778cc,17887
device_uplink,1789045983000000000,70b3d57ed00778cc,17888
device_uplink,1789045999000000000,70b3d57ed00778cc,17889
device_uplink,1789046017000000000,70b3d57ed00778cc,17890
device_uplink,1789046033000000000,70b3d57ed00778cc,17891
device_uplink,1789046049000000000,70b3d57ed00778cc,17892
device_uplink,1789046065000000000,70b3d57ed00778cc,17893
device_uplink,1789046081000000000,70b3d57ed00778cc,17894
device_uplink,1789046097000000000,70b3d57ed00778cc,17895
device_uplink,1789046113000000000,70b3d57ed00778cc,17896
device_uplink,1789046129000000000,70b3d57ed00778cc,17897
device_uplink,1789046147000000000,70b3d57ed00778cc,17898
device_uplink,1789046163000000000,70b3d57ed00778cc,17899
device_uplink,1789046179000000000,70b3d57ed00778cc,17900
device_uplink,1789046195000000000,70b3d57ed00778cc,17901
device_uplink,1789046211000000000,70b3d57ed00778cc,17902
device_uplink,1789046227000000000,70b3d57ed00778cc,17903
device_uplink,1789046243000000000,70b3d57ed00778cc,17904
device_uplink,1789046259000000000,70b3d57ed00778cc,17905
device_uplink,1789046277000000000,70b3d57ed00778cc,17906
device_uplink,1789046293000000000,70b3d57ed00778cc,17907
device_uplink,1789046309000000000,70b3d57ed00778cc,17908
device_uplink,1789046325000000000,70b3d57ed00778cc,17909
device_uplink,1789046341000000000,70b3d57ed00778cc,17910
device_uplink,1789046357000000000,70b3d57ed00778cc,17911
device_uplink,1789046373000000000,70b3d57ed00778cc,17912
device_uplink,1789046389000000000,70b3d57ed00778cc,17913
device_uplink,1789046407000000000,70b3d57ed00778cc,17914
device_uplink,1789046423000000000,70b3d57ed00778cc,17915
device_uplink,1789046439000000000,70b3d57ed00778cc,17916
device_uplink,1789046455000000000,70b3d57ed00778cc,17917
device_uplink,1789046471000000000,70b3d57ed00778cc,17918
device_uplink,1789046487000000000,70b3d57ed00778cc,17919
device_uplink,1789046503000000000,70b3d57ed00778cc,17920
device_uplink,1789046521000000000,70b3d57ed00778cc,17921
device_uplink,1789046537000000000,70b3d57ed00778cc,17922
device_uplink,1789046553000000000,70b3d57ed00778cc,17923
device_uplink,1789046569000000000,70b3d57ed00778cc,17924
device_uplink,1789046585000000000,70b3d57ed00778cc,17925
device_uplink,1789046601000000000,70b3d57ed00778cc,17926
device_uplink,1789046617000000000,70b3d57ed00778cc,17927
device_uplink,1789046635000000000,70b3d57ed00778cc,17928
device_uplink,1789046651000000000,70b3d57ed00778cc,17929
device_uplink,1789046667000000000,70b3d57ed00778cc,17930
device_uplink,1789046683000000000,70b3d57ed00778cc,17931
device_uplink,1789046699000000000,70b3d57ed00778cc,17932
device_uplink,1789046715000000000,70b3d57ed00778cc,17933
device_uplink,1789046731000000000,70b3d57ed00778cc,17934
device_uplink,1789046747000000000,70b3d57ed00778cc,17935
device_uplink,1789046765000000000,70b3d57ed00778cc,17936
device_uplink,1789046781000000000,70b3d57ed00778cc,17937
device_uplink,1789046797000000000,70b3d57ed00778cc,17938
device_uplink,1789046813000000000,70b3d57ed00778cc,17939
device_uplink,1789046829000000000,70b3d57ed00778cc,17940
device_uplink,1789046845000000000,70b3d57ed00778cc,17941
device_uplink,1789046861000000000,70b3d57ed00778cc,17942
device_uplink,1789046877000000000,70b3d57ed00778cc,17943
device_uplink,1789046895000000000,70b3d57ed00778cc,17944
device_uplink,1789046911000000000,70b3d57ed00778cc,17945
device_uplink,1789046927000000000,70b3d57ed00778cc,17946
device_uplink,1789046943000000000,70b3d57ed00778cc,17947
device_uplink,1789046959000000000,70b3d57ed00778cc,17948
device_uplink,1789046975000000000,70b3d57ed00778cc,17949
device_uplink,1789046991000000000,70b3d57ed00778cc,17950
device_uplink,1789047007000000000,70b3d57ed00778cc,17951
device_uplink,1789047025000000000,70b3d57ed00778cc,17952
device_uplink,1789047041000000000,70b3d57ed00778cc,17953
device_uplink,1789047057000000000,70b3d57ed00778cc,17954
device_uplink,1789047073000000000,70b3d57ed00778cc,17955
device_uplink,1789047089000000000,70b3d57ed00778cc,17956
device_uplink,1789047105000000000,70b3d57ed00778cc,17957
device_uplink,1789047121000000000,70b3d57ed00778cc,17958
device_uplink,1789047139000000000,70b3d57ed00778cc,17959
device_uplink,1789047155000000000,70b3d57ed00778cc,17960
device_uplink,1789047171000000000,70b3d57ed00778cc,17961
device_uplink,1789047187000000000,70b3d57ed00778cc,17962
device_uplink,1789047203000000000,70b3d57ed00778cc,17963
device_uplink,1789047219000000000,70b3d57ed00778cc,17964
device_uplink,1789047235000000000,70b3d57ed00778cc,17965
device_uplink,1789047251000000000,70b3d57ed00778cc,17966
device_uplink,1789047269000000000,70b3d57ed00778cc,17967
device_uplink,1789047285000000000,70b3d57ed00778cc,17968
device_uplink,1789047301000000000,70b3d57ed00778cc,17969
device_uplink,1789047317000000000,70b3d57ed00778cc,17970
device_uplink,1789047333000000000,70b3d57ed00778cc,17971
device_uplink,1789047349000000000,70b3d57ed00778cc,17972
device_uplink,1789047365000000000,70b3d57ed00778cc,17973
device_uplink,1789047383000000000,70b3d57ed00778cc,17974
device_uplink,1789047399000000000,70b3d57ed00778cc,17975
device_uplink,1789047415000000000,70b3d57ed00778cc,17976
device_uplink,1789047431000000000,70b3d57ed00778cc,17977
device_uplink,1789047447000000000,70b3d57ed00778cc,17978
device_uplink,1789047463000000000,70b3d57ed00778cc,17979
device_uplink,1789047479000000000,70b3d57ed00778cc,17980
device_uplink,1789047495000000000,70b3d57ed00778cc,17981
device_uplink,1789047513000000000,70b3d57ed00778cc,17982
device_uplink,1789047529000000000,70b3d57ed00778cc,17983
device_uplink,1789047545000000000,70b3d57ed00778cc,17984
device_uplink,1789047561000000000,70b3d57ed00778cc,17985
device_uplink,1789047577000000000,70b3d57ed00778cc,17986
device_uplink,1789047593000000000,70b3d57ed00778cc,17987
device_uplink,1789047609000000000,70b3d57ed00778cc,17988
device_uplink,1789047625000000000,70b3d57ed00778cc,17989
device_uplink,1789047643000000000,70b3d57ed00778cc,17990
device_uplink,1789047659000000000,70b3d57ed00778cc,17991
device_uplink,1789047675000000000,70b3d57ed00778cc,17992
device_uplink,1789047691000000000,70b3d57ed00778cc,17993
device_uplink,1789047707000000000,70b3d57ed00778cc,17994
device_uplink,1789047723000000000,70b3d57ed00778cc,17995
device_uplink,1789047739000000000,70b3d57ed00778cc,17996
device_uplink,1789047755000000000,70b3d57ed00778cc,17997
device_uplink,1789047773000000000,70b3d57ed00778cc,17998
device_uplink,1789047789000000000,70b3d57ed00778cc,17999
device_uplink,1789047805000000000,70b3d57ed00778cc,18000
device_uplink,1789047821000000000,70b3d57ed00778cc,18001
device_uplink,1789047837000000000,70b3d57ed00778cc,18002
device_uplink,1789047853000000000,70b3d57ed00778cc,18003
device_uplink,1789047869000000000,70b3d57ed00778cc,18004
device_uplink,1789047885000000000,70b3d57ed00778cc,18005
device_uplink,1789047903000000000,70b3d57ed00778cc,18006
device_uplink,1789047919000000000,70b3d57ed00778cc,18007
device_uplink,1789047935000000000,70b3d57ed00778cc,18008
device_uplink,1789047951000000000,70b3d57ed00778cc,18009
device_uplink,1789047967000000000,70b3d57ed00778cc,18010
device_uplink,1789047983000000000,70b3d57ed00778cc,18011
device_uplink,1789047999000000000,70b3d57ed00778cc,18012
device_uplink,1789048015000000000,70b3d57ed00778cc,18013
device_uplink,1789048033000000000,70b3d57ed00778cc,18014
device_uplink,1789048049000000000,70b3d57ed00778cc,18015
device_uplink,1789048065000000000,70b3d57ed00778cc,18016
device_uplink,1789048081000000000,70b3d57ed00778cc,18017
device_uplink,1789048097000000000,70b3d57ed00778cc,18018
device_uplink,1789048113000000000,70b3d57ed00778cc,18019
device_uplink,1789048129000000000,70b3d57ed00778cc,18020
device_uplink,1789048145000000000,70b3d57ed00778cc,18021
device_uplink,1789048163000000000,70b3d57ed00778cc,18022
device_uplink,1789048179000000000,70b3d57ed00778cc,18023
device_uplink,1789048195000000000,70b3d57ed00778cc,18024
device_uplink,1789048211000000000,70b3d57ed00778cc,18025
device_uplink,1789048227000000000,70b3d57ed00778cc,18026
device_uplink,1789048243000000000,70b3d57ed00778cc,18027
device_uplink,1789048259000000000,70b3d57ed00778cc,18028
device_uplink,1789048275000000000,70b3d57ed00778cc,18029
device_uplink,1789048293000000000,70b3d57ed00778cc,18030
device_uplink,1789048309000000000,70b3d57ed00778cc,18031
device_uplink,1789048325000000000,70b3d57ed00778cc,18032
device_uplink,1789048341000000000,70b3d57ed00778cc,18033
device_uplink,1789048357000000000,70b3d57ed00778cc,18034
device_uplink,1789048373000000000,70b3d57ed00778cc,18035
device_uplink,1789048389000000000,70b3d57ed00778cc,18036
device_uplink,1789048405000000000,70b3d57ed00778cc,18037
device_uplink,1789048423000000000,70b3d57ed00778cc,18038
device_uplink,1789048439000000000,70b3d57ed00778cc,18039
device_uplink,1789048455000000000,70b3d57ed00778cc,18040
device_uplink,1789048471000000000,70b3d57ed00778cc,18041
device_uplink,1789048487000000000,70b3d57ed00778cc,18042
device_uplink,1789048503000000000,70b3d57ed00778cc,18043
device_uplink,1789048519000000000,70b3d57ed00778cc,18044
device_uplink,1789048535000000000,70b3d57ed00778cc,18045
device_uplink,1789048553000000000,70b3d57ed00778cc,18046
device_uplink,1789048569000000000,70b3d57ed00778cc,18047
device_uplink,1789048585000000000,70b3d57ed00778cc,18048
device_uplink,1789048601000000000,70b3d57ed00778cc,18049
device_uplink,1789048617000000000,70b3d57ed00778cc,18050
device_uplink,1789048633000000000,70b3d57ed00778cc,18051
device_uplink,1789048649000000000,70b3d57ed00778cc,18052
device_uplink,1789048667000000000,70b3d57ed00778cc,18053
device_uplink,1789048683000000000,70b3d57ed00778cc,18054
device_uplink,1789048699000000000,70b3d57ed00778cc,18055
device_uplink,1789048715000000000,70b3d57ed00778cc,18056
device_uplink,1789048731000000000,70b3d57ed00778cc,18057
device_uplink,1789048747000000000,70b3d57ed00778cc,18058
device_uplink,1789048763000000000,70b3d57ed00778cc,18059
device_uplink,1789048781000000000,70b3d57ed00778cc,18060
device_uplink,1789048797000000000,70b3d57ed00778cc,18061
device_uplink,1789048813000000000,70b3d57ed00778cc,18062
device_uplink,1789048829000000000,70b3d57ed00778cc,18063
device_uplink,1789048845000000000,70b3d57ed00778cc,18064
device_uplink,1789048861000000000,70b3d57ed00778cc,18065
device_uplink,1789048877000000000,70b3d57ed00778cc,18066
device_uplink,1789048893000000000,70b3d57ed00778cc,18067
device_uplink,1789048911000000000,70b3d57ed00778cc,18068
device_uplink,1789048927000000000,70b3d57ed00778cc,18069
device_uplink,1789048943000000000,70b3d57ed00778cc,18070
device_uplink,1789048959000000000,70b3d57ed00778cc,18071
device_uplink,1789048975000000000,70b3d57ed00778cc,18072
device_uplink,1789048991000000000,70b3d57ed00778cc,18073
device_uplink,1789049007000000000,70b3d57ed00778cc,18074
device_uplink,1789049023000000000,70b3d57ed00778cc,18075
device_uplink,1789049041000000000,70b3d57ed00778cc,18076
device_uplink,1789049057000000000,70b3d57ed00778cc,18077
device_uplink,1789049073000000000,70b3d57ed00778cc,18078
device_uplink,1789049089000000000,70b3d57ed00778cc,18079
device_uplink,1789049105000000000,70b3d57ed00778cc,18080
device_uplink,1789049121000000000,70b3d57ed00778cc,18081
device_uplink,1789049137000000000,70b3d57ed00778cc,18082
device_uplink,1789049153000000000,70b3d57ed00778cc,18083
device_uplink,1789049171000000000,70b3d57ed00778cc,18084
device_uplink,1789049187000000000,70b3d57ed00778cc,18085
device_uplink,1789049203000000000,70b3d57ed00778cc,18086
device_uplink,1789049219000000000,70b3d57ed00778cc,18087
device_uplink,1789049235000000000,70b3d57ed00778cc,18088
device_uplink,1789049251000000000,70b3d57ed00778cc,18089
device_uplink,1789049267000000000,70b3d57ed00778cc,18090
device_uplink,1789049283000000000,70b3d57ed00778cc,18091
device_uplink,1789049301000000000,70b3d57ed00778cc,18092
device_uplink,1789049317000000000,70b3d57ed00778cc,18093
device_uplink,1789049333000000000,70b3d57ed00778cc,18094
device_uplink,1789049349000000000,70b3d57ed00778cc,18095
device_uplink,1789049365000000000,70b3d57ed00778cc,18096
device_uplink,1789049381000000000,70b3d57ed00778cc,18097
device_uplink,1789049397000000000,70b3d57ed00778cc,18098
device_uplink,1789049415000000000,70b3d57ed00778cc,18099
device_uplink,1789049431000000000,70b3d57ed00778cc,18100
device_uplink,1789049447000000000,70b3d57ed00778cc,18101
device_uplink,1789049463000000000,70b3d57ed00778cc,18102
device_uplink,1789049479000000000,70b3d57ed00778cc,18103
device_uplink,1789049495000000000,70b3d57ed00778cc,18104
device_uplink,1789049511000000000,70b3d57ed00778cc,18105
device_uplink,1789049529000000000,70b3d57ed00778cc,18106
device_uplink,1789049545000000000,70b3d57ed00778cc,18107
device_uplink,1789049561000000000,70b3d57ed00778cc,18108
device_uplink,1789049577000000000,70b3d57ed00778cc,18109
device_uplink,1789049593000000000,70b3d57ed00778cc,18110
device_uplink,1789049609000000000,70b3d57ed00778cc,18111
device_uplink,1789049625000000000,70b3d57ed00778cc,18112
device_uplink,1789049641000000000,70b3d57ed00778cc,18113
device_uplink,1789049657000000000,70b3d57ed00778cc,18114
device_uplink,1789049675000000000,70b3d57ed00778cc,18115
device_uplink,1789049691000000000,70b3d57ed00778cc,18116
device_uplink,1789049707000000000,70b3d57ed00778cc,18117
device_uplink,1789049723000000000,70b3d57ed00778cc,18118
device_uplink,1789049739000000000,70b3d57ed00778cc,18119
device_uplink,1789049755000000000,70b3d57ed00778cc,18120
device_uplink,1789049771000000000,70b3d57ed00778cc,18121
device_uplink,1789049789000000000,70b3d57ed00778cc,18122
device_uplink,1789049805000000000,70b3d57ed00778cc,18123
device_uplink,1789049821000000000,70b3d57ed00778cc,18124
device_uplink,1789049837000000000,70b3d57ed00778cc,18125
device_uplink,1789049853000000000,70b3d57ed00778cc,18126
device_uplink,1789049869000000000,70b3d57ed00778cc,18127
device_uplink,1789049885000000000,70b3d57ed00778cc,18128
device_uplink,1789049901000000000,70b3d57ed00778cc,18129
device_uplink,1789049919000000000,70b3d57ed00778cc,18130
device_uplink,1789049935000000000,70b3d57ed00778cc,18131
device_uplink,1789049951000000000,70b3d57ed00778cc,18132
device_uplink,1789049967000000000,70b3d57ed00778cc,18133
device_uplink,1789049983000000000,70b3d57ed00778cc,18134
device_uplink,1789049999000000000,70b3d57ed00778cc,18135
device_uplink,1789050015000000000,70b3d57ed00778cc,18136
device_uplink,1789050049000000000,70b3d57ed00778cc,18138
device_uplink,1789050065000000000,70b3d57ed00778cc,18139
device_uplink,1789050081000000000,70b3d57ed00778cc,18140
device_uplink,1789050097000000000,70b3d57ed00778cc,18141
device_uplink,1789050113000000000,70b3d57ed00778cc,18142
device_uplink,1789050129000000000,70b3d57ed00778cc,18143
device_uplink,1789050145000000000,70b3d57ed00778cc,18144
device_uplink,1789050161000000000,70b3d57ed00778cc,18145
device_uplink,1789050179000000000,70b3d57ed00778cc,18146
device_uplink,1789050195000000000,70b3d57ed00778cc,18147
device_uplink,1789050211000000000,70b3d57ed00778cc,18148
device_uplink,1789050227000000000,70b3d57ed00778cc,18149
device_uplink,1789050243000000000,70b3d57ed00778cc,18150
device_uplink,1789050259000000000,70b3d57ed00778cc,18151
device_uplink,1789050275000000000,70b3d57ed00778cc,18152
device_uplink,1789050293000000000,70b3d57ed00778cc,18153
device_uplink,1789050309000000000,70b3d57ed00778cc,18154
device_uplink,1789050325000000000,70b3d57ed00778cc,18155
device_uplink,1789050341000000000,70b3d57ed00778cc,18156
device_uplink,1789050357000000000,70b3d57ed00778cc,18157
device_uplink,1789050373000000000,70b3d57ed00778cc,18158
device_uplink,1789050389000000000,70b3d57ed00778cc,18159
device_uplink,1789050405000000000,70b3d57ed00778cc,18160
device_uplink,1789050423000000000,70b3d57ed00778cc,18161
device_uplink,1789050439000000000,70b3d57ed00778cc,18162
device_uplink,1789050455000000000,70b3d57ed00778cc,18163
device_uplink,1789050471000000000,70b3d57ed00778cc,18164
device_uplink,1789050487000000000,70b3d57ed00778cc,18165
device_uplink,1789050503000000000,70b3d57ed00778cc,18166
device_uplink,1789050519000000000,70b3d57ed00778cc,18167
device_uplink,1789050535000000000,70b3d57ed00778cc,18168
device_uplink,1789050553000000000,70b3d57ed00778cc,18169
device_uplink,1789050569000000000,70b3d57ed00778cc,18170
device_uplink,1789050585000000000,70b3d57ed00778cc,18171
device_uplink,1789050601000000000,70b3d57ed00778cc,18172
device_uplink,1789050617000000000,70b3d57ed00778cc,18173
device_uplink,1789050633000000000,70b3d57ed00778cc,18174
device_uplink,1789050649000000000,70b3d57ed00778cc,18175
device_uplink,1789050667000000000,70b3d57ed00778cc,18176
device_uplink,1789050683000000000,70b3d57ed00778cc,18177
device_uplink,1789050699000000000,70b3d57ed00778cc,18178
device_uplink,1789050715000000000,70b3d57ed00778cc,18179
device_uplink,1789050731000000000,70b3d57ed00778cc,18180
device_uplink,1789050747000000000,70b3d57ed00778cc,18181
device_uplink,1789050763000000000,70b3d57ed00778cc,18182
device_uplink,1789050779000000000,70b3d57ed00778cc,18183
device_uplink,1789050797000000000,70b3d57ed00778cc,18184
device_uplink,1789050813000000000,70b3d57ed00778cc,18185
device_uplink,1789050829000000000,70b3d57ed00778cc,18186
device_uplink,1789050845000000000,70b3d57ed00778cc,18187
device_uplink,1789050861000000000,70b3d57ed00778cc,18188
device_uplink,1789050877000000000,70b3d57ed00778cc,18189
device_uplink,1789050893000000000,70b3d57ed00778cc,18190
device_uplink,1789050909000000000,70b3d57ed00778cc,18191
device_uplink,1789050927000000000,70b3d57ed00778cc,18192
device_uplink,1789050943000000000,70b3d57ed00778cc,18193
device_uplink,1789050959000000000,70b3d57ed00778cc,18194
device_uplink,1789050975000000000,70b3d57ed00778cc,18195
device_uplink,1789050991000000000,70b3d57ed00778cc,18196
device_uplink,1789051007000000000,70b3d57ed00778cc,18197
device_uplink,1789051023000000000,70b3d57ed00778cc,18198
device_uplink,1789051039000000000,70b3d57ed00778cc,18199
device_uplink,1789051057000000000,70b3d57ed00778cc,18200
device_uplink,1789051073000000000,70b3d57ed00778cc,18201
device_uplink,1789051089000000000,70b3d57ed00778cc,18202
device_uplink,1789051105000000000,70b3d57ed00778cc,18203
device_uplink,1789051121000000000,70b3d57ed00778cc,18204
device_uplink,1789051137000000000,70b3d57ed00778cc,18205
device_uplink,1789051153000000000,70b3d57ed00778cc,18206
device_uplink,1789051169000000000,70b3d57ed00778cc,18207
device_uplink,1789051187000000000,70b3d57ed00778cc,18208
device_uplink,1789051203000000000,70b3d57ed00778cc,18209
device_uplink,1789051219000000000,70b3d57ed00778cc,18210
device_uplink,1789051235000000000,70b3d57ed00778cc,18211
device_uplink,1789051251000000000,70b3d57ed00778cc,18212
device_uplink,1789051267000000000,70b3d57ed00778cc,18213
device_uplink,1789051283000000000,70b3d57ed00778cc,18214
device_uplink,1789051301000000000,70b3d57ed00778cc,18215
device_uplink,1789051317000000000,70b3d57ed00778cc,18216
device_uplink,1789051333000000000,70b3d57ed00778cc,18217
device_uplink,1789051349000000000,70b3d57ed00778cc,18218
device_uplink,1789051365000000000,70b3d57ed00778cc,18219
device_uplink,1789051381000000000,70b3d57ed00778cc,18220
device_uplink,1789051397000000000,70b3d57ed00778cc,18221
device_uplink,1789051413000000000,70b3d57ed00778cc,18222
device_uplink,1789051431000000000,70b3d57ed00778cc,18223
device_uplink,1789051447000000000,70b3d57ed00778cc,18224
device_uplink,1789051463000000000,70b3d57ed00778cc,18225
device_uplink,1789051479000000000,70b3d57ed00778cc,18226
device_uplink,1789051495000000000,70b3d57ed00778cc,18227
device_uplink,1789051511000000000,70b3d57ed00778cc,18228
device_uplink,1789051527000000000,70b3d57ed00778cc,18229
device_uplink,1789051545000000000,70b3d57ed00778cc,18230
device_uplink,1789051561000000000,70b3d57ed00778cc,18231
device_uplink,1789051577000000000,70b3d57ed00778cc,18232
device_uplink,1789051593000000000,70b3d57ed00778cc,18233
device_uplink,1789051609000000000,70b3d57ed00778cc,18234
device_uplink,1789051625000000000,70b3d57ed00778cc,18235
device_uplink,1789051641000000000,70b3d57ed00778cc,18236
device_uplink,1789051657000000000,70b3d57ed00778cc,18237
device_uplink,1789051675000000000,70b3d57ed00778cc,18238
device_uplink,1789051691000000000,70b3d57ed00778cc,18239
device_uplink,1789051707000000000,70b3d57ed00778cc,18240
device_uplink,1789051723000000000,70b3d57ed00778cc,18241
device_uplink,1789051739000000000,70b3d57ed00778cc,18242
device_uplink,1789051755000000000,70b3d57ed00778cc,18243
device_uplink,1789051771000000000,70b3d57ed00778cc,18244
device_uplink,1789051787000000000,70b3d57ed00778cc,18245
device_uplink,1789051805000000000,70b3d57ed00778cc,18246
device_uplink,1789051821000000000,70b3d57ed00778cc,18247
device_uplink,1789051837000000000,70b3d57ed00778cc,18248
device_uplink,1789051853000000000,70b3d57ed00778cc,18249
device_uplink,1789051869000000000,70b3d57ed00778cc,18250
device_uplink,1789051885000000000,70b3d57ed00778cc,18251
device_uplink,1789051901000000000,70b3d57ed00778cc,18252
device_uplink,1789051917000000000,70b3d57ed00778cc,18253
device_uplink,1789051935000000000,70b3d57ed00778cc,18254
device_uplink,1789051951000000000,70b3d57ed00778cc,18255
device_uplink,1789051967000000000,70b3d57ed00778cc,18256
device_uplink,1789051983000000000,70b3d57ed00778cc,18257
device_uplink,1789051999000000000,70b3d57ed00778cc,18258
device_uplink,1789052015000000000,70b3d57ed00778cc,18259
device_uplink,1789052031000000000,70b3d57ed00778cc,18260
device_uplink,1789052047000000000,70b3d57ed00778cc,18261
device_uplink,1789052065000000000,70b3d57ed00778cc,18262
device_uplink,1789052081000000000,70b3d57ed00778cc,18263
device_uplink,1789052097000000000,70b3d57ed00778cc,18264
device_uplink,1789052113000000000,70b3d57ed00778cc,18265
device_uplink,1789052129000000000,70b3d57ed00778cc,18266
device_uplink,1789052145000000000,70b3d57ed00778cc,18267
device_uplink,1789052161000000000,70b3d57ed00778cc,18268
device_uplink,1789052179000000000,70b3d57ed00778cc,18269
device_uplink,1789052195000000000,70b3d57ed00778cc,18270
device_uplink,1789052211000000000,70b3d57ed00778cc,18271
device_uplink,1789052227000000000,70b3d57ed00778cc,18272
device_uplink,1789052243000000000,70b3d57ed00778cc,18273
device_uplink,1789052259000000000,70b3d57ed00778cc,18274
device_uplink,1789052275000000000,70b3d57ed00778cc,18275
device_uplink,1789052291000000000,70b3d57ed00778cc,18276
device_uplink,1789052309000000000,70b3d57ed00778cc,18277
device_uplink,1789052325000000000,70b3d57ed00778cc,18278
device_uplink,1789052341000000000,70b3d57ed00778cc,18279
device_uplink,1789052357000000000,70b3d57ed00778cc,18280
device_uplink,1789052373000000000,70b3d57ed00778cc,18281
device_uplink,1789052389000000000,70b3d57ed00778cc,18282
device_uplink,1789052405000000000,70b3d57ed00778cc,18283
device_uplink,1789052421000000000,70b3d57ed00778cc,18284
device_uplink,1789052439000000000,70b3d57ed00778cc,18285
device_uplink,1789052455000000000,70b3d57ed00778cc,18286
device_uplink,1789052471000000000,70b3d57ed00778cc,18287
device_uplink,1789052487000000000,70b3d57ed00778cc,18288
device_uplink,1789052503000000000,70b3d57ed00778cc,18289
device_uplink,1789052519000000000,70b3d57ed00778cc,18290
device_uplink,1789052535000000000,70b3d57ed00778cc,18291
device_uplink,1789052551000000000,70b3d57ed00778cc,18292
device_uplink,1789052569000000000,70b3d57ed00778cc,18293
device_uplink,1789052585000000000,70b3d57ed00778cc,18294
device_uplink,1789052601000000000,70b3d57ed00778cc,18295
device_uplink,1789052617000000000,70b3d57ed00778cc,18296
device_uplink,1789052633000000000,70b3d57ed00778cc,18297
device_uplink,1789052649000000000,70b3d57ed00778cc,18298
device_uplink,1789052665000000000,70b3d57ed00778cc,18299
device_uplink,1789052681000000000,70b3d57ed00778cc,18300
device_uplink,1789052699000000000,70b3d57ed00778cc,18301
device_uplink,1789052715000000000,70b3d57ed00778cc,18302
device_uplink,1789052731000000000,70b3d57ed00778cc,18303
device_uplink,1789052747000000000,70b3d57ed00778cc,18304
device_uplink,1789052763000000000,70b3d57ed00778cc,18305
device_uplink,1789052779000000000,70b3d57ed00778cc,18306
device_uplink,1789052795000000000,70b3d57ed00778cc,18307
device_uplink,1789052811000000000,70b3d57ed00778cc,18308
device_uplink,1789052829000000000,70b3d57ed00778cc,18309
device_uplink,1789052845000000000,70b3d57ed00778cc,18310
device_uplink,1789052861000000000,70b3d57ed00778cc,18311
device_uplink,1789052877000000000,70b3d57ed00778cc,18312
device_uplink,1789052893000000000,70b3d57ed00778cc,18313
device_uplink,1789052909000000000,70b3d57ed00778cc,18314
device_uplink,1789052925000000000,70b3d57ed00778cc,18315
device_uplink,1789052943000000000,70b3d57ed00778cc,18316
device_uplink,1789052959000000000,70b3d57ed00778cc,18317
device_uplink,1789052975000000000,70b3d57ed00778cc,18318
device_uplink,1789052991000000000,70b3d57ed00778cc,18319
device_uplink,1789053007000000000,70b3d57ed00778cc,18320
device_uplink,1789053023000000000,70b3d57ed00778cc,18321
device_uplink,1789053039000000000,70b3d57ed00778cc,18322
device_uplink,1789053055000000000,70b3d57ed00778cc,18323
device_uplink,1789053073000000000,70b3d57ed00778cc,18324
device_uplink,1789053089000000000,70b3d57ed00778cc,18325
device_uplink,1789053105000000000,70b3d57ed00778cc,18326
device_uplink,1789053121000000000,70b3d57ed00778cc,18327
device_uplink,1789053137000000000,70b3d57ed00778cc,18328
device_uplink,1789053153000000000,70b3d57ed00778cc,18329
device_uplink,1789053169000000000,70b3d57ed00778cc,18330
device_uplink,1789053185000000000,70b3d57ed00778cc,18331
device_uplink,1789053203000000000,70b3d57ed00778cc,18332
device_uplink,1789053219000000000,70b3d57ed00778cc,18333
device_uplink,1789053235000000000,70b3d57ed00778cc,18334
device_uplink,1789053251000000000,70b3d57ed00778cc,18335
device_uplink,1789053267000000000,70b3d57ed00778cc,18336
device_uplink,1789053283000000000,70b3d57ed00778cc,18337
device_uplink,1789053299000000000,70b3d57ed00778cc,18338
device_uplink,1789053315000000000,70b3d57ed00778cc,18339
device_uplink,1789053333000000000,70b3d57ed00778cc,18340
device_uplink,1789053349000000000,70b3d57ed00778cc,18341
device_uplink,1789053365000000000,70b3d57ed00778cc,18342
device_uplink,1789053381000000000,70b3d57ed00778cc,18343
device_uplink,1789053397000000000,70b3d57ed00778cc,18344
device_uplink,1789053413000000000,70b3d57ed00778cc,18345
device_uplink,1789053429000000000,70b3d57ed00778cc,18346
device_uplink,1789053445000000000,70b3d57ed00778cc,18347
device_uplink,1789053463000000000,70b3d57ed00778cc,18348
device_uplink,1789053479000000000,70b3d57ed00778cc,18349
device_uplink,1789053495000000000,70b3d57ed00778cc,18350
device_uplink,1789053511000000000,70b3d57ed00778cc,18351
device_uplink,1789053527000000000,70b3d57ed00778cc,18352
device_uplink,1789053543000000000,70b3d57ed00778cc,18353
device_uplink,1789053559000000000,70b3d57ed00778cc,18354
device_uplink,1789053575000000000,70b3d57ed00778cc,18355
device_uplink,1789053593000000000,70b3d57ed00778cc,18356
device_uplink,1789053609000000000,70b3d57ed00778cc,18357
device_uplink,1789053625000000000,70b3d57ed00778cc,18358
device_uplink,1789053641000000000,70b3d57ed00778cc,18359
device_uplink,1789053657000000000,70b3d57ed00778cc,18360
device_uplink,1789053673000000000,70b3d57ed00778cc,18361
device_uplink,1789053689000000000,70b3d57ed00778cc,18362
device_uplink,1789053705000000000,70b3d57ed00778cc,18363
device_uplink,1789053723000000000,70b3d57ed00778cc,18364
device_uplink,1789053739000000000,70b3d57ed00778cc,18365
device_uplink,1789053755000000000,70b3d57ed00778cc,18366
device_uplink,1789053771000000000,70b3d57ed00778cc,18367
device_uplink,1789053787000000000,70b3d57ed00778cc,18368
device_uplink,1789053803000000000,70b3d57ed00778cc,18369
device_uplink,1789053819000000000,70b3d57ed00778cc,18370
device_uplink,1789053835000000000,70b3d57ed00778cc,18371
device_uplink,1789053853000000000,70b3d57ed00778cc,18372
device_uplink,1789053869000000000,70b3d57ed00778cc,18373
device_uplink,1789053885000000000,70b3d57ed00778cc,18374
device_uplink,1789053901000000000,70b3d57ed00778cc,18375
device_uplink,1789053917000000000,70b3d57ed00778cc,18376
device_uplink,1789053933000000000,70b3d57ed00778cc,18377
device_uplink,1789053949000000000,70b3d57ed00778cc,18378
device_uplink,1789053965000000000,70b3d57ed00778cc,18379
device_uplink,1789053983000000000,70b3d57ed00778cc,18380
device_uplink,1789053999000000000,70b3d57ed00778cc,18381
device_uplink,1789054015000000000,70b3d57ed00778cc,18382
device_uplink,1789054031000000000,70b3d57ed00778cc,18383
device_uplink,1789054047000000000,70b3d57ed00778cc,18384
device_uplink,1789054063000000000,70b3d57ed00778cc,18385
device_uplink,1789054079000000000,70b3d57ed00778cc,18386
device_uplink,1789054095000000000,70b3d57ed00778cc,18387
device_uplink,1789054113000000000,70b3d57ed00778cc,18388
device_uplink,1789054129000000000,70b3d57ed00778cc,18389
device_uplink,1789054145000000000,70b3d57ed00778cc,18390
device_uplink,1789054161000000000,70b3d57ed00778cc,18391
device_uplink,1789054177000000000,70b3d57ed00778cc,18392
device_uplink,1789054193000000000,70b3d57ed00778cc,18393
device_uplink,1789054209000000000,70b3d57ed00778cc,18394
device_uplink,1789054227000000000,70b3d57ed00778cc,18395
device_uplink,1789054243000000000,70b3d57ed00778cc,18396
device_uplink,1789054259000000000,70b3d57ed00778cc,18397
device_uplink,1789054275000000000,70b3d57ed00778cc,18398
device_uplink,1789054291000000000,70b3d57ed00778cc,18399
device_uplink,1789054307000000000,70b3d57ed00778cc,18400
device_uplink,1789054323000000000,70b3d57ed00778cc,18401
device_uplink,1789054339000000000,70b3d57ed00778cc,18402
device_uplink,1789054357000000000,70b3d57ed00778cc,18403
device_uplink,1789054373000000000,70b3d57ed00778cc,18404
device_uplink,1789054389000000000,70b3d57ed00778cc,18405
device_uplink,1789054405000000000,70b3d57ed00778cc,18406
device_uplink,1789054421000000000,70b3d57ed00778cc,18407
device_uplink,1789054437000000000,70b3d57ed00778cc,18408
device_uplink,1789054453000000000,70b3d57ed00778cc,18409
device_uplink,1789054469000000000,70b3d57ed00778cc,18410
device_uplink,1789054487000000000,70b3d57ed00778cc,18411
device_uplink,1789054503000000000,70b3d57ed00778cc,18412
device_uplink,1789054519000000000,70b3d57ed00778cc,18413
device_uplink,1789054535000000000,70b3d57ed00778cc,18414
device_uplink,1789054551000000000,70b3d57ed00778cc,18415
device_uplink,1789054567000000000,70b3d57ed00778cc,18416
device_uplink,1789054583000000000,70b3d57ed00778cc,18417
device_uplink,1789054601000000000,70b3d57ed00778cc,18418
device_uplink,1789054617000000000,70b3d57ed00778cc,18419
device_uplink,1789054633000000000,70b3d57ed00778cc,18420
device_uplink,1789054649000000000,70b3d57ed00778cc,18421
device_uplink,1789054665000000000,70b3d57ed00778cc,18422
device_uplink,1789054681000000000,70b3d57ed00778cc,18423
device_uplink,1789054697000000000,70b3d57ed00778cc,18424
device_uplink,1789054713000000000,70b3d57ed00778cc,18425
device_uplink,1789054731000000000,70b3d57ed00778cc,18426
device_uplink,1789054747000000000,70b3d57ed00778cc,18427
device_uplink,1789054763000000000,70b3d57ed00778cc,18428
device_uplink,1789054779000000000,70b3d57ed00778cc,18429
device_uplink,1789054795000000000,70b3d57ed00778cc,18430
device_uplink,1789054811000000000,70b3d57ed00778cc,18431
device_uplink,1789054827000000000,70b3d57ed00778cc,18432
device_uplink,1789054845000000000,70b3d57ed00778cc,18433
device_uplink,1789054861000000000,70b3d57ed00778cc,18434
device_uplink,1789054877000000000,70b3d57ed00778cc,18435
device_uplink,1789054893000000000,70b3d57ed00778cc,18436
device_uplink,1789054909000000000,70b3d57ed00778cc,18437
device_uplink,1789054925000000000,70b3d57ed00778cc,18438
device_uplink,1789054941000000000,70b3d57ed00778cc,18439
device_uplink,1789054957000000000,70b3d57ed00778cc,18440
device_uplink,1789054975000000000,70b3d57ed00778cc,18441
device_uplink,1789054991000000000,70b3d57ed00778cc,18442
device_uplink,1789055007000000000,70b3d57ed00778cc,18443
device_uplink,1789055023000000000,70b3d57ed00778cc,18444
device_uplink,1789055039000000000,70b3d57ed00778cc,18445
device_uplink,1789055055000000000,70b3d57ed00778cc,18446
device_uplink,1789055071000000000,70b3d57ed00778cc,18447
device_uplink,1789055089000000000,70b3d57ed00778cc,18448
device_uplink,1789055105000000000,70b3d57ed00778cc,18449
device_uplink,1789055121000000000,70b3d57ed00778cc,18450
device_uplink,1789055137000000000,70b3d57ed00778cc,18451
device_uplink,1789055153000000000,70b3d57ed00778cc,18452
device_uplink,1789055169000000000,70b3d57ed00778cc,18453
device_uplink,1789055185000000000,70b3d57ed00778cc,18454
device_uplink,1789055201000000000,70b3d57ed00778cc,18455
device_uplink,1789055219000000000,70b3d57ed00778cc,18456
device_uplink,1789055235000000000,70b3d57ed00778cc,18457
device_uplink,1789055251000000000,70b3d57ed00778cc,18458
device_uplink,1789055267000000000,70b3d57ed00778cc,18459
device_uplink,1789055283000000000,70b3d57ed00778cc,18460
device_uplink,1789055299000000000,70b3d57ed00778cc,18461
device_uplink,1789055315000000000,70b3d57ed00778cc,18462
device_uplink,1789055331000000000,70b3d57ed00778cc,18463
device_uplink,1789055349000000000,70b3d57ed00778cc,18464
device_uplink,1789055365000000000,70b3d57ed00778cc,18465
device_uplink,1789055381000000000,70b3d57ed00778cc,18466
device_uplink,1789055397000000000,70b3d57ed00778cc,18467
device_uplink,1789055413000000000,70b3d57ed00778cc,18468
device_uplink,1789055429000000000,70b3d57ed00778cc,18469
device_uplink,1789055445000000000,70b3d57ed00778cc,18470
device_uplink,1789055461000000000,70b3d57ed00778cc,18471
device_uplink,1789055479000000000,70b3d57ed00778cc,18472
device_uplink,1789055495000000000,70b3d57ed00778cc,18473
device_uplink,1789055511000000000,70b3d57ed00778cc,18474
device_uplink,1789055527000000000,70b3d57ed00778cc,18475
device_uplink,1789055543000000000,70b3d57ed00778cc,18476
device_uplink,1789055559000000000,70b3d57ed00778cc,18477
device_uplink,1789055575000000000,70b3d57ed00778cc,18478
device_uplink,1789055591000000000,70b3d57ed00778cc,18479
device_uplink,1789055609000000000,70b3d57ed00778cc,18480
device_uplink,1789055625000000000,70b3d57ed00778cc,18481
device_uplink,1789055641000000000,70b3d57ed00778cc,18482
device_uplink,1789055657000000000,70b3d57ed00778cc,18483
device_uplink,1789055673000000000,70b3d57ed00778cc,18484
device_uplink,1789055689000000000,70b3d57ed00778cc,18485
device_uplink,1789055707000000000,70b3d57ed00778cc,18486
device_uplink,1789055723000000000,70b3d57ed00778cc,18487
device_uplink,1789055739000000000,70b3d57ed00778cc,18488
device_uplink,1789055755000000000,70b3d57ed00778cc,18489
device_uplink,1789055771000000000,70b3d57ed00778cc,18490
device_uplink,1789055787000000000,70b3d57ed00778cc,18491
device_uplink,1789055803000000000,70b3d57ed00778cc,18492
device_uplink,1789055819000000000,70b3d57ed00778cc,18493
device_uplink,1789055837000000000,70b3d57ed00778cc,18494
device_uplink,1789055853000000000,70b3d57ed00778cc,18495
device_uplink,1789055869000000000,70b3d57ed00778cc,18496
device_uplink,1789055885000000000,70b3d57ed00778cc,18497
device_uplink,1789055901000000000,70b3d57ed00778cc,18498
device_uplink,1789055917000000000,70b3d57ed00778cc,18499
device_uplink,1789055933000000000,70b3d57ed00778cc,18500
device_uplink,1789055949000000000,70b3d57ed00778cc,18501
device_uplink,1789055967000000000,70b3d57ed00778cc,18502
device_uplink,1789055983000000000,70b3d57ed00778cc,18503
device_uplink,1789055999000000000,70b3d57ed00778cc,18504
